Timestamp,X,Y,V_cmd_scaled,V_real,Steering,CTE
0.0,0.0,0.0,,,0.0,0.05528357119005916
0.03334546089172363,0.0,0.0,,0.0,0.0,0.05528357119005916
0.06643319129943848,0.0,0.0,,0.0,0.0,0.05528357119005916
0.1000068187713623,0.0,0.0,,0.0,0.0,0.05528357119005916
0.13335108757019043,0.0,0.0,,0.0,0.0,0.05528357119005916
0.16686415672302246,0.0,0.0,,0.0,0.0,0.05528357119005916
0.2000424861907959,0.0,0.0,,0.0,0.0,0.05528357119005916
0.23336100578308105,0.0,0.0,,0.0,0.0,0.05528357119005916
0.26667094230651855,0.0,0.0,,0.0,0.0,0.05528357119005916
0.300037145614624,0.0,0.0,,0.0,0.0,0.05528357119005916
0.333301305770874,0.0,0.0,,0.0,0.0,0.05528357119005916
0.3666074275970459,0.0,0.0,,0.0,0.0,0.05528357119005916
0.3999617099761963,0.0,0.0,,0.0,0.0,0.05528357119005916
0.433305025100708,0.0,0.0,,0.0,0.0,0.05528357119005916
0.46643948554992676,0.0,0.0,,0.0,0.0,0.05528357119005916
0.499981164932251,0.0,0.0,,0.0,0.0,0.05528357119005916
0.5333492755889893,0.0,0.0,,0.0,0.0,0.05528357119005916
0.5664801597595215,0.0,0.0,,0.0,0.0,0.05528357119005916
0.5999348163604736,0.0,0.0,,0.0,0.0,0.05528357119005916
0.6330835819244385,0.0,0.0,,0.0,0.0,0.05528357119005916
0.6665482521057129,0.0,0.0,,0.0,0.0,0.05528357119005916
0.6997818946838379,0.0,0.0,,0.0,0.0,0.05528357119005916
0.7331156730651855,0.0,0.0,,0.0,0.0,0.05528357119005916
0.7666919231414795,0.0,0.0,,0.0,0.0,0.05528357119005916
0.8000643253326416,0.0,0.0,,0.0,0.0,0.05528357119005916
0.8333966732025146,0.0,0.0,,0.0,0.0,0.05528357119005916
0.8666543960571289,0.0,0.0,,0.0,0.0,0.05528357119005916
0.8999485969543457,0.0,0.0,,0.0,0.0,0.05528357119005916
0.9334011077880859,0.0,0.0,,0.0,0.0,0.05528357119005916
0.9664113521575928,0.0,0.0,,0.0,0.0,0.05528357119005916
1.0000693798065186,0.0,0.0,,0.0,0.0,0.05528357119005916
1.0333685874938965,0.0,0.0,,0.0,0.0,0.05528357119005916
1.066723108291626,0.0,0.0,,0.0,0.0,0.05528357119005916
1.099843978881836,0.0,0.0,,0.0,0.0,0.05528357119005916
1.1333272457122803,0.0,0.0,,0.0,0.0,0.05528357119005916
1.1666340827941895,0.0,0.0,,0.0,0.0,0.05528357119005916
1.2001566886901855,0.0,0.0,,0.0,0.0,0.05528357119005916
1.2333087921142578,0.0,0.0,,0.0,0.0,0.05528357119005916
1.2666285037994385,0.0,0.0,,0.0,0.0,0.05528357119005916
1.3000123500823975,0.0,0.0,,0.0,0.0,0.05528357119005916
1.3333280086517334,0.0,0.0,,0.0,0.0,0.05528357119005916
1.366642713546753,0.0,0.0,,0.0,0.0,0.05528357119005916
1.3999991416931152,0.0,0.0,,0.0,0.0,0.05528357119005916
1.4333453178405762,0.0,0.0,,0.0,0.0,0.05528357119005916
1.466568946838379,0.0,0.0,,0.0,0.0,0.05528357119005916
1.5000298023223877,0.0,0.0,,0.0,0.0,0.05528357119005916
1.5333445072174072,0.0,0.0,,0.0,0.0,0.05528357119005916
1.5665888786315918,0.0,0.0,,0.0,0.0,0.05528357119005916
1.5999424457550049,0.0,0.0,,0.0,0.0,0.05528357119005916
1.6330933570861816,0.0,0.0,,0.0,0.0,0.05528357119005916
1.6666200160980225,0.0,0.0,,0.0,0.0,0.05528357119005916
1.7000360488891602,0.0,0.0,,0.0,0.0,0.05528357119005916
1.7333076000213623,0.0,0.0,,0.0,0.0,0.05528357119005916
1.7666492462158203,0.0,0.0,,0.0,0.0,0.05528357119005916
1.8000197410583496,0.0,0.0,,0.0,0.0,0.05528357119005916
1.8332815170288086,0.0,0.0,0.0,0.0,0.0,0.05528357119005916
1.866576910018921,0.0,0.0,0.0,0.0,0.0,0.05528357119005916
1.9000065326690674,0.0,0.0,0.0,0.0,0.0,0.05528357119005916
1.9335548877716064,0.0,0.0,0.0,0.0,0.0,0.05528357119005916
1.9666426181793213,0.0,0.0,0.0,0.0,0.0,0.05528357119005916
1.9999878406524658,0.0,0.0,0.0,0.0,0.0,0.05528357119005916
2.033280372619629,0.0,0.0,0.0,0.0,0.0,0.05528357119005916
2.0664381980895996,0.0,0.0,0.0,0.0,0.0,0.05528357119005916
2.0999491214752197,0.0,0.0,0.0,0.0,0.0,0.05528357119005916
2.1331045627593994,0.0,0.0,0.0,0.0,0.0,0.05528357119005916
2.1665260791778564,0.0,0.0,0.0,0.0,0.0,0.05528357119005916
2.199739694595337,0.0,0.0,0.0,0.0,0.0,0.05528357119005916
2.2330853939056396,0.0,0.0,0.0,0.0,0.0,0.05528357119005916
2.2666211128234863,0.0,0.0,0.0,0.0,0.0,0.05528357119005916
2.2999255657196045,0.0,0.0,0.0,0.0,0.0,0.05528357119005916
2.3333518505096436,0.0,0.0,0.0,0.0,0.0,0.05528357119005916
2.3664186000823975,0.0,0.0,0.0,0.0,0.0,0.05528357119005916
2.400010824203491,0.0,0.0,0.0,0.0,0.0,0.05528357119005916
2.433126211166382,0.0,0.0,0.0,0.0,0.0,0.05528357119005916
2.466477394104004,0.0,0.0,0.0,0.0,0.0,0.05528357119005916
2.499770402908325,0.0,0.0,0.0,0.0,0.0,0.05528357119005916
2.5331854820251465,0.0,0.0,0.0,0.0,0.0,0.05528357119005916
2.566455841064453,0.0,0.0,0.0,0.0,0.0,0.05528357119005916
2.599780559539795,0.0,0.0,0.0,0.0,0.0,0.05528357119005916
2.633098840713501,0.0,0.0,0.0,0.0,0.0,0.05528357119005916
2.666659116744995,0.0,0.0,0.0,0.0,0.0,0.05528357119005916
2.6999881267547607,0.0,0.0,0.0,0.0,0.0,0.05528357119005916
2.7333409786224365,0.0,0.0,0.0,0.0,0.0,0.05528357119005916
2.7666027545928955,0.0,0.0,0.0,0.0,0.0,0.05528357119005916
2.799912214279175,0.0,0.0,0.0,0.0,0.0,0.05528357119005916
2.833357095718384,0.0,0.0,0.0,0.0,0.0,0.05528357119005916
2.8665835857391357,0.0,0.0,0.0,0.0,0.0,0.05528357119005916
2.899899482727051,0.0,0.0,0.0,0.0,0.0,0.05528357119005916
2.9333372116088867,0.0,0.0,0.0,0.0,0.0,0.05528357119005916
2.9664671421051025,0.0,0.0,0.0,0.0,0.0,0.05528357119005916
2.9998154640197754,0.0,0.0,0.0,0.0,0.0,0.05528357119005916
3.3613317012786865,0.0,0.0,0.0,0.0,0.0,0.05528357119005916
3.36287260055542,0.0,0.0,0.0,0.0,0.0,0.05528357119005916
3.3629915714263916,0.0,0.0,0.0,0.0,0.0,0.05528357119005916
3.363166093826294,0.0,0.0,0.0,0.0,0.0,0.05528357119005916
3.363565444946289,0.0,0.0,0.0,0.0,0.0,0.05528357119005916
3.36381459236145,0.0,0.0,0.0,0.0,0.0,0.05528357119005916
3.3639144897460938,0.0,0.0,0.0,0.0,0.0,0.05528357119005916
3.3641462326049805,0.0,0.0,0.0,0.0,0.0,0.05528357119005916
3.364429473876953,0.0,0.0,0.0,0.0,0.0,0.05528357119005916
3.3647077083587646,0.0,0.0,0.0,0.0,0.0,0.05528357119005916
3.366443634033203,0.0,0.0,0.0,0.0,0.0,0.05528357119005916
3.399925947189331,0.0,0.0,0.0,0.0,0.0,0.05528357119005916
3.4332916736602783,0.0,0.0,0.0,0.0,0.0,0.05528357119005916
3.4664697647094727,0.0,0.0,0.0,0.0,0.0,0.05528357119005916
3.4999520778656006,0.0,0.0,0.0,0.0,0.0,0.05528357119005916
3.533315420150757,0.0,0.0,0.0,0.0,0.0,0.05528357119005916
3.56670880317688,0.0,0.0,0.0,0.0,0.0,0.05528357119005916
3.5999467372894287,0.0,0.0,0.0,0.0,0.0,0.05528357119005916
3.633352279663086,0.0,0.0,0.0,0.0,0.0,0.05528357119005916
3.666675329208374,0.0,0.0,0.0,0.0,0.0,0.05528357119005916
3.7000060081481934,0.0,0.0,0.0,0.0,0.0,0.05528357119005916
3.7334840297698975,0.0,0.0,0.0,0.0,0.0,0.05528357119005916
3.7664217948913574,0.0,0.0,0.0,0.0,0.0,0.05528357119005916
3.8001232147216797,0.0,0.0,0.0,0.0,0.0,0.05528357119005916
3.8334696292877197,0.0,0.0,0.0,0.0,0.0,0.05528357119005916
3.8663740158081055,0.0,0.0,0.0,0.0,0.0,0.05528357119005916
3.900028705596924,0.0,0.0,0.0,0.0,0.0,0.05528357119005916
3.933377742767334,0.0,0.0,0.0,0.0,0.0,0.05528357119005916
3.9665040969848633,0.0,0.0,0.0,0.0,0.0,0.05528357119005916
4.000046968460083,0.0,0.0,0.0,0.0,0.0,0.05528357119005916
4.033375263214111,0.0,0.0,0.0,0.0,0.0,0.05528357119005916
4.066643238067627,0.0,0.0,0.0,0.0,0.0,0.05528357119005916
4.099760055541992,0.0,0.0,0.8,0.0,0.07382369786500931,0.05528357119005916
4.133397817611694,0.0,0.0,0.8,0.0,0.07382369786500931,0.05528357119005916
4.166643381118774,0.0,0.0,0.8,0.0,0.07382369786500931,0.05528357119005916
4.200008153915405,0.0,0.0,0.8,0.0,0.07418917864561081,0.05528357119005916
4.233280897140503,0.0,0.0,0.8,0.0,0.07396447658538818,0.05528357119005916
4.2666473388671875,0.0,0.0,0.8,0.0,0.07396447658538818,0.05528357119005916
4.300013303756714,0.0,0.0,0.8,0.0,0.0737493559718132,0.05528357119005916
4.333373308181763,0.0,0.0,0.8,0.0,0.0737178698182106,0.05528357119005916
4.366610050201416,0.0,0.0,0.8,0.0,0.07329145818948746,0.05528357119005916
4.399747848510742,0.0,0.0,0.8,0.0,0.07334548234939575,0.05528357119005916
4.433369874954224,0.0,0.0,0.8,0.0,0.07334548234939575,0.05528357119005916
4.466609477996826,0.0,0.0,0.8,0.0,0.07334548234939575,0.05528357119005916
4.500005483627319,0.0,0.0,0.8,0.0,0.07339087873697281,0.05528357119005916
4.533364772796631,0.0,0.0,0.8,0.0,0.07339087873697281,0.05528357119005916
4.566443204879761,0.0,0.0,0.8,0.0,0.07339087873697281,0.05528357119005916
4.59998631477356,0.0,0.0,0.8,0.0,0.07343954592943192,0.05528357119005916
4.633315086364746,0.0,0.0,0.8,0.0,0.07332484424114227,0.05528357119005916
4.666596412658691,0.0,0.0,0.8,0.0,0.07326803356409073,0.05528357119005916
4.700032472610474,0.0,0.0,0.8,0.0,0.07326803356409073,0.05528357119005916
4.733372926712036,0.0,0.0,0.8,0.0,0.0732915848493576,0.05528357119005916
4.766584873199463,0.0,0.0,0.8,0.0,0.07332660257816315,0.05528357119005916
4.800151824951172,0.0,0.0,0.8,0.0,0.07347598671913147,0.05528357119005916
4.833363771438599,0.0,0.0,0.8,0.0,0.07357844710350037,0.05528357119005916
4.866688251495361,0.0,0.0,0.8,0.0,0.07357844710350037,0.05528357119005916
4.900034427642822,0.0,0.0,0.8,0.0,0.07362012565135956,0.05528357119005916
4.933383941650391,0.0,0.0,0.8,0.0,0.07362012565135956,0.05528357119005916
4.966433048248291,0.005227452759915377,3.920065582826533e-06,0.8,0.0,0.07355108112096786,0.05326108227671066
5.0000457763671875,0.005227452759915377,3.920065582826533e-06,0.8,0.07978336343179078,0.0733785629272461,0.05326108227671066
5.033285617828369,0.005227452759915377,3.920065582826533e-06,0.8,0.07978336343179078,0.0733785629272461,0.05326108227671066
5.066703796386719,0.013441073260831458,2.5887347689600548e-05,0.8,0.07978336343179078,0.07285478711128235,0.05102731395755169
5.100031852722168,0.013441073260831458,2.5887347689600548e-05,0.8,0.08316548427292104,0.07285478711128235,0.05102731395755169
5.13337254524231,0.013441073260831458,2.5887347689600548e-05,0.8,0.08316548427292104,0.07285478711128235,0.05102731395755169
5.166445732116699,0.013441073260831458,2.5887347689600548e-05,0.8,0.08316548427292104,0.07285478711128235,0.05102731395755169
5.199990272521973,0.026235365030589937,9.82961772466717e-05,0.8,0.08316548427292104,0.07259533554315567,0.05013500734840423
5.233411073684692,0.026235365030589937,9.82961772466717e-05,0.8,0.08959584992342898,0.07215811312198639,0.05013500734840423
5.266561985015869,0.03143995562222036,0.00014098296842763043,0.8,0.08959584992342898,0.07213644683361053,0.05071296333909738
5.2999279499053955,0.03143995562222036,0.00014098296842763043,0.8,0.09853050261469941,0.07213644683361053,0.05071296333909738
5.333388566970825,0.03143995562222036,0.00014098296842763043,0.8,0.09853050261469941,0.07213644683361053,0.05071296333909738
5.366699695587158,0.03143995562222036,0.00014098296842763043,0.8,0.09853050261469941,0.07213644683361053,0.05071296333909738
5.399689674377441,0.0480185527279093,0.00032747022182141584,0.8,0.09853050261469941,0.0716366320848465,0.04008022712394461
5.433324813842773,0.0480185527279093,0.00032747022182141584,0.8,0.10950707824340955,0.0716942623257637,0.04008022712394461
5.466578722000122,0.05433409608478643,0.0004187071121008418,0.8,0.10950707824340955,0.07180848717689514,0.036638138715634976
5.50002384185791,0.05433409608478643,0.0004187071121008418,0.8,0.12239273046336038,0.07180848717689514,0.036638138715634976
5.533385753631592,0.05433409608478643,0.0004187071121008418,0.8,0.12239273046336038,0.07118072360754013,0.036638138715634976
5.566701412200928,0.05433409608478643,0.0004187071121008418,0.8,0.12239273046336038,0.07118072360754013,0.036638138715634976
5.60001802444458,0.05433409608478643,0.0004187071121008418,0.8,0.12239273046336038,0.07118072360754013,0.036638138715634976
5.633333921432495,0.07520787989698066,0.0007991525337302076,0.8,0.12239273046336038,0.07118072360754013,0.03228454973891207
5.666419267654419,0.07520787989698066,0.0007991525337302076,0.8,0.1368143767386573,0.07118072360754013,0.03228454973891207
5.700074911117554,0.07520787989698066,0.0007991525337302076,0.8,0.1368143767386573,0.07118072360754013,0.03228454973891207
5.7331085205078125,0.09083173368269848,0.0011630656561947975,0.8,0.1368143767386573,0.06885581463575363,0.03358029581766063
5.766699314117432,0.09785203225389769,0.001348431279657903,0.8,0.15245489691378997,0.06754118204116821,0.0274653738961953
5.800013780593872,0.09785203225389769,0.001348431279657903,0.8,0.16921818095099145,0.06754118204116821,0.0274653738961953
5.833282709121704,0.09785203225389769,0.001348431279657903,0.8,0.16921818095099145,0.06731964647769928,0.0274653738961953
5.866610527038574,0.11653316585734642,0.0019051417957925124,0.8,0.16921818095099145,0.06671624630689621,0.015600143717123765
5.900020122528076,0.11653316585734642,0.0019051417957925124,0.8,0.1869358142709515,0.06671624630689621,0.015600143717123765
5.933303594589233,0.11653316585734642,0.0019051417957925124,0.8,0.1869358142709515,0.06589601933956146,0.015600143717123765
5.966594219207764,0.13720533425559805,0.0026268738352466484,0.8,0.1869358142709515,0.06568998843431473,0.022258553442470318
5.999763011932373,0.13720533425559805,0.0026268738352466484,0.8,0.20555136552846465,0.06568998843431473,0.022258553442470318
6.03333044052124,0.13720533425559805,0.0026268738352466484,0.8,0.20555136552846465,0.064779132604599,0.022258553442470318
6.0666186809539795,0.13720533425559805,0.0026268738352466484,0.8,0.20555136552846465,0.064779132604599,0.022258553442470318
6.099760055541992,0.13720533425559805,0.0026268738352466484,0.8,0.20555136552846465,0.064779132604599,0.022258553442470318
6.13335657119751,0.17556489388799582,0.004254306576963035,0.8,0.20555136552846465,0.06446021795272827,0.0057064127808202966
6.166629314422607,0.17556489388799582,0.004254306576963035,0.8,0.22484342598568957,0.06446021795272827,0.0057064127808202966
6.199920415878296,0.17556489388799582,0.004254306576963035,0.8,0.22484342598568957,0.06446021795272827,0.0057064127808202966
6.233407497406006,0.19979748543435413,0.005474063762574052,0.8,0.22484342598568957,0.06191389262676239,0.02587989634079524
6.266632080078125,0.2091805849763121,0.005985699089158674,0.8,0.24462379821546107,0.06191389262676239,0.019711055963212196
6.299770355224609,0.2091805849763121,0.005985699089158674,0.8,0.26490595649910553,0.06043405458331108,0.019711055963212196
6.333409309387207,0.2091805849763121,0.005985699089158674,0.8,0.26490595649910553,0.06043405458331108,0.019711055963212196
6.366727352142334,0.2091805849763121,0.005985699089158674,0.8,0.26490595649910553,0.06043405458331108,0.019711055963212196
6.400030136108398,0.2091805849763121,0.005985699089158674,0.8,0.26490595649910553,0.06043405458331108,0.019711055963212196
6.433045864105225,0.25789729126281213,0.008976310797281555,0.8,0.26490595649910553,0.05936642736196518,0.03347085105691629
6.466678142547607,0.26532162850827645,0.009481013941201936,0.8,0.2857013539757505,0.057063620537519455,0.03174789710783211
6.500072479248047,0.26532162850827645,0.009481013941201936,0.8,0.30684628371923756,0.057063620537519455,0.03174789710783211
6.53334379196167,0.26532162850827645,0.009481013941201936,0.8,0.30684628371923756,0.056159988045692444,0.03174789710783211
6.566614627838135,0.29797084434425747,0.011846188212992303,0.8,0.30684628371923756,0.05472410470247269,0.042657033925851885
6.600090980529785,0.29797084434425747,0.011846188212992303,0.8,0.3282883158895402,0.05472410470247269,0.042657033925851885
6.633312463760376,0.29797084434425747,0.011846188212992303,0.8,0.3282883158895402,0.05392013117671013,0.042657033925851885
6.666457414627075,0.3326943469610529,0.01461314202503895,0.8,0.3282883158895402,0.053291238844394684,0.04743205723878227
6.700111389160156,0.3326943469610529,0.01461314202503895,0.8,0.3499828851226362,0.053291238844394684,0.04743205723878227
6.733367681503296,0.3326943469610529,0.01461314202503895,0.8,0.3499828851226362,0.051433783024549484,0.04743205723878227
6.766428470611572,0.36998990052595926,0.017859920633946747,0.8,0.3499828851226362,0.04984864220023155,0.05863202058412995
6.799999952316284,0.36998990052595926,0.017859920633946747,0.8,0.37180538981189803,0.04975372925400734,0.05863202058412995
6.833356618881226,0.36998990052595926,0.017859920633946747,0.8,0.37180538981189803,0.04975372925400734,0.05863202058412995
6.866733074188232,0.40906213229373045,0.02155683040872715,0.8,0.37180538981189803,0.04796933755278587,0.07089883657167444
6.900083303451538,0.40906213229373045,0.02155683040872715,0.8,0.3938233606861093,0.04716477170586586,0.07089883657167444
6.93342661857605,0.40906213229373045,0.02155683040872715,0.8,0.3938233606861093,0.04716477170586586,0.07089883657167444
6.966663837432861,0.4509402716669092,0.025843350532823342,0.8,0.3938233606861093,0.045481398701667786,0.07775610734795596
7.000148057937622,0.4509402716669092,0.025843350532823342,0.8,0.4160074778175276,0.04531502723693848,0.07775610734795596
7.033095121383667,0.4509402716669092,0.025843350532823342,0.8,0.4160074778175276,0.04531502723693848,0.07775610734795596
7.06653094291687,0.494059319511286,0.03059182043410107,0.8,0.4160074778175276,0.04510730504989624,0.08627698251799126
7.099997520446777,0.494059319511286,0.03059182043410107,0.8,0.4383328192675719,0.04510730504989624,0.08627698251799126
7.133391857147217,0.494059319511286,0.03059182043410107,0.8,0.4383328192675719,0.04510730504989624,0.08627698251799126
7.166423559188843,0.5399647735353315,0.03600037239999306,0.8,0.4383328192675719,0.04073541238903999,0.09581710920384963
7.19998574256897,0.5399647735353315,0.03600037239999306,0.8,0.4608649224356568,0.04073541238903999,0.09581710920384963
7.2333433628082275,0.5399647735353315,0.03600037239999306,0.8,0.4608649224356568,0.04073541238903999,0.09581710920384963
7.266437768936157,0.5892869178286493,0.042192001880467234,0.8,0.4608649224356568,0.03952251747250557,0.10565640967718312
7.300054311752319,0.5892869178286493,0.042192001880467234,0.8,0.48339933096965915,0.03952251747250557,0.10565640967718312
7.333324432373047,0.5892869178286493,0.042192001880467234,0.8,0.48339933096965915,0.03952251747250557,0.10565640967718312
7.36670446395874,0.6389758547434136,0.048799072880677995,0.8,0.48339933096965915,0.03522701561450958,0.11493015576550487
7.400041818618774,0.6389758547434136,0.048799072880677995,0.8,0.5060224201118999,0.032058700919151306,0.11493015576550487
7.433347225189209,0.6389758547434136,0.048799072880677995,0.8,0.5060224201118999,0.032058700919151306,0.11493015576550487
7.466480016708374,0.691013634046173,0.05607345421156619,0.8,0.5060224201118999,0.030696995556354523,0.12391295271200406
7.500011682510376,0.691013634046173,0.05607345421156619,0.8,0.5288076088183518,0.030696995556354523,0.12391295271200406
7.533407688140869,0.691013634046173,0.05607345421156619,0.8,0.5288076088183518,0.030696995556354523,0.12391295271200406
7.56666374206543,0.7493392886552906,0.06460049509414628,0.8,0.5288076088183518,0.025366701185703278,0.1333768876838967
7.600038290023804,0.7493392886552906,0.06460049509414628,0.8,0.551557140059966,0.02462221495807171,0.1333768876838967
7.6331257820129395,0.7493392886552906,0.06460049509414628,0.8,0.551557140059966,0.02462221495807171,0.1333768876838967
7.666689157485962,0.8041653993466215,0.07293682773159932,0.8,0.551557140059966,0.02462221495807171,0.14165824897146337
7.7000744342803955,0.8041653993466215,0.07293682773159932,0.8,0.5744498045508856,0.018759427592158318,0.14165824897146337
7.733303070068359,0.8041653993466215,0.07293682773159932,0.8,0.5744498045508856,0.018759427592158318,0.14165824897146337
7.766616106033325,0.8641383810537806,0.08234741987409444,0.8,0.5744498045508856,0.01771952025592327,0.15068959279442348
7.800072431564331,0.8641383810537806,0.08234741987409444,0.8,0.5972906902092973,0.013085132464766502,0.15068959279442348
7.8334290981292725,0.8641383810537806,0.08234741987409444,0.8,0.5972906902092973,0.013085132464766502,0.15068959279442348
7.866501331329346,0.9268386409317634,0.09241497098224775,0.8,0.5972906902092973,0.008940699510276318,0.15721323161369846
7.9001076221466064,0.9268386409317634,0.09241497098224775,0.8,0.6202610059544945,0.008498532697558403,0.15721323161369846
7.93341326713562,0.9268386409317634,0.09241497098224775,0.8,0.6202610059544945,0.008498532697558403,0.15721323161369846
7.966585874557495,0.9918282895976562,0.10300353855079913,0.8,0.6202610059544945,0.003666553646326065,0.16325113293552726
8.000221252441406,0.9918282895976562,0.10300353855079913,0.8,0.6432546162262509,0.002633869182318449,0.16325113293552726
8.03341269493103,0.9918282895976562,0.10300353855079913,0.8,0.6432546162262509,0.002633869182318449,0.16325113293552726
8.066565990447998,1.0598348413021221,0.11416458474681335,0.8,0.6432546162262509,0.0024497450795024633,0.1705461682178039
8.100017547607422,1.0598348413021221,0.11416458474681335,0.8,0.666181305798374,0.0024497450795024633,0.1705461682178039
8.13337230682373,1.0598348413021221,0.11416458474681335,0.8,0.666181305798374,0.0024497450795024633,0.1705461682178039
8.166576147079468,1.1295931099539431,0.1255891090712144,0.8,0.666181305798374,-0.004825439769774675,0.17513942642166788
8.200092077255249,1.1295931099539431,0.1255891090712144,0.8,0.6892245548702257,-0.005394959356635809,0.17513942642166788
8.233372449874878,1.1295931099539431,0.1255891090712144,0.8,0.6892245548702257,-0.005394959356635809,0.17513942642166788
8.266499280929565,1.200910576750577,0.1371041693648535,0.8,0.6892245548702257,-0.011297477409243584,0.17988767477565912
8.300088882446289,1.200910576750577,0.1371041693648535,0.8,0.7121934374224301,-0.015936249867081642,0.17988767477565912
8.33339262008667,1.200910576750577,0.1371041693648535,0.8,0.7121934374224301,-0.015936249867081642,0.17988767477565912
8.366711616516113,1.200910576750577,0.1371041693648535,0.8,0.7121934374224301,-0.015936249867081642,0.17988767477565912
8.400062561035156,1.2754381377864465,0.1488374090309623,0.8,0.7121934374224301,-0.015936249867081642,0.18400460690092418
8.433367729187012,1.2754381377864465,0.1488374090309623,0.8,0.7351858294801424,-0.015936249867081642,0.18400460690092418
8.46665334701538,1.2754381377864465,0.1488374090309623,0.8,0.7351858294801424,-0.015936249867081642,0.18400460690092418
8.499998331069946,1.3525445858906504,0.16060098047233737,0.8,0.7351858294801424,-0.024406341835856438,0.18725894842305588
8.533381938934326,1.3525445858906504,0.16060098047233737,0.8,0.7581982046175368,-0.024406341835856438,0.18725894842305588
8.566702604293823,1.3525445858906504,0.16060098047233737,0.8,0.7581982046175368,-0.024406341835856438,0.18725894842305588
8.60000729560852,1.4309329947732037,0.17200564686637673,0.8,0.7581982046175368,-0.029227280989289284,0.18936307371926647
8.633362054824829,1.4309329947732037,0.17200564686637673,0.8,0.7813142864198692,-0.029227280989289284,0.18936307371926647
8.666686534881592,1.4309329947732037,0.17200564686637673,0.8,0.7813142864198692,-0.029227280989289284,0.18936307371926647
8.700050592422485,1.512287680416823,0.18304149773765704,0.8,0.7813142864198692,-0.035144221037626266,0.1923546377420754
8.733361721038818,1.512287680416823,0.18304149773765704,0.8,0.8027840979432295,-0.035144221037626266,0.1923546377420754
8.766700506210327,1.512287680416823,0.18304149773765704,0.8,0.8027840979432295,-0.035144221037626266,0.1923546377420754
8.799925565719604,1.5964074374307555,0.19351629001550924,0.8,0.8027840979432295,-0.03513750061392784,0.19222508408113298
8.83336329460144,1.5964074374307555,0.19351629001550924,0.8,0.8210334377380857,-0.03513750061392784,0.19222508408113298
8.866585731506348,1.5964074374307555,0.19351629001550924,0.8,0.8210334377380857,-0.03513750061392784,0.19222508408113298
8.900030136108398,1.6908752234063338,0.2040339624718491,0.8,0.8210334377380857,-0.03893360123038292,0.19286286453964308
8.933359146118164,1.6908752234063338,0.2040339624718491,0.8,0.9302041075488592,-0.03893360123038292,0.19286286453964308
8.966620683670044,1.6908752234063338,0.2040339624718491,0.8,0.9302041075488592,-0.03893360123038292,0.19286286453964308
8.999992847442627,1.792459909058816,0.21369755356534884,0.8,0.9302041075488592,-0.04449789598584175,0.21634953906219914
9.033368587493896,1.792459909058816,0.21369755356534884,0.8,0.9705329433268933,-0.049352772533893585,0.21634953906219914
9.066670417785645,1.792459909058816,0.21369755356534884,0.8,0.9705329433268933,-0.049352772533893585,0.21634953906219914
9.099790334701538,1.892358991479107,0.22134337096380008,0.8,0.9705329433268933,-0.051946431398391724,0.27787694098206855
9.133365154266357,1.892358991479107,0.22134337096380008,0.8,1.0191214265276196,-0.05183013901114464,0.27787694098206855
9.166717767715454,1.9608674399269883,0.2254472420243144,0.8,1.0191214265276196,-0.053415581583976746,0.3317561331075036
9.19999623298645,1.9608674399269883,0.2254472420243144,0.8,1.0666655526472468,-0.05530889704823494,0.3317561331075036
9.23338508605957,1.9608674399269883,0.2254472420243144,0.8,1.0666655526472468,-0.05530889704823494,0.3317561331075036
9.266708612442017,1.9608674399269883,0.2254472420243144,0.8,1.0666655526472468,-0.05530889704823494,0.3317561331075036
9.300011396408081,2.116707306741791,0.2310765731850845,0.8,1.0666655526472468,-0.05530889704823494,0.4701905429213381
9.333310604095459,2.116707306741791,0.2310765731850845,0.8,1.093376134389992,-0.058423131704330444,0.4701905429213381
9.36668086051941,2.116707306741791,0.2310765731850845,0.8,1.093376134389992,-0.058423131704330444,0.4701905429213381
9.40003228187561,2.22816906657497,0.23181497860125963,0.8,1.093376134389992,-0.06204851716756821,0.5756614782495512
9.433368444442749,2.22816906657497,0.23181497860125963,0.8,1.1022914823651788,-0.06204851716756821,0.5756614782495512
9.466484069824219,2.290934245836685,0.23095837525484558,0.8,1.1022914823651788,-0.060925986617803574,0.6362831314320292
9.50002932548523,2.290934245836685,0.23095837525484558,0.8,1.1245253851223185,-0.060925986617803574,0.6362831314320292
9.533308029174805,2.290934245836685,0.23095837525484558,0.8,1.1245253851223185,-0.060925986617803574,0.6362831314320292
9.566548347473145,2.290934245836685,0.23095837525484558,0.8,1.1245253851223185,-0.060925986617803574,0.6362831314320292
9.59974980354309,2.4638863764028867,0.22382936833070652,0.8,1.1245253851223185,-0.05920187756419182,0.8060423849966579
9.633399486541748,2.4638863764028867,0.22382936833070652,0.8,1.1543510544141546,-0.05687051638960838,0.8060423849966579
9.666433334350586,2.5250335243328452,0.21966821458349112,0.8,1.1543510544141546,-0.05785374343395233,0.8667099850052502
9.699950695037842,2.5250335243328452,0.21966821458349112,0.8,1.1960931512346156,-0.05785374343395233,0.8667099850052502
9.733371257781982,2.5250335243328452,0.21966821458349112,0.8,1.1960931512346156,-0.05785374343395233,0.8667099850052502
9.766407489776611,2.5250335243328452,0.21966821458349112,0.8,1.1960931512346156,-0.05785374343395233,0.8667099850052502
9.799926519393921,2.5250335243328452,0.21966821458349112,0.8,1.1960931512346156,-0.05785374343395233,0.8667099850052502
9.833513498306274,2.706674189945621,0.2023057107944492,0.8,1.1960931512346156,-0.0556999146938324,1.0482670055723684
9.866763591766357,2.706674189945621,0.2023057107944492,0.8,1.2030427090004214,-0.0556999146938324,1.0482670055723684
9.899931192398071,2.706674189945621,0.2023057107944492,0.8,1.2030427090004214,-0.0556999146938324,1.0482670055723684
9.933416843414307,2.8335650324560233,0.185749660859044,0.8,1.2030427090004214,-0.05336252972483635,1.1760516679321729
9.96667742729187,2.8335650324560233,0.185749660859044,0.8,1.2490149569116686,-0.05336252972483635,1.1760516679321729
10.000096797943115,2.8335650324560233,0.185749660859044,0.8,1.2490149569116686,-0.05336252972483635,1.1760516679321729
10.033360242843628,2.964866424166465,0.16490512274749086,0.8,1.2490149569116686,-0.053061701357364655,1.3089667878932836
10.066740989685059,3.028497603070217,0.153461835184317,0.8,1.2885249728722714,-0.05008252337574959,1.3736187455932587
10.100065231323242,3.028497603070217,0.153461835184317,0.8,1.3312141963956727,-0.05008252337574959,1.3736187455932587
10.133422613143921,3.028497603070217,0.153461835184317,0.8,1.3312141963956727,-0.04946945980191231,1.3736187455932587
10.166603088378906,3.1610565166104823,0.1269165461350984,0.8,1.3312141963956727,-0.04767724871635437,1.5087851189931853
10.200079679489136,3.1610565166104823,0.1269165461350984,0.8,1.4020150131795341,-0.04767724871635437,1.5087851189931853
10.233113527297974,3.1610565166104823,0.1269165461350984,0.8,1.4020150131795341,-0.045176874846220016,1.5087851189931853
10.266546964645386,3.3002684726347797,0.09531550325868547,0.8,1.4020150131795341,-0.04195989668369293,1.6514143997289277
10.299887895584106,3.3002684726347797,0.09531550325868547,0.8,1.4758976329047546,-0.04195989668369293,1.6514143997289277
10.333154916763306,3.3002684726347797,0.09531550325868547,0.8,1.4758976329047546,-0.03919234499335289,1.6514143997289277
10.366625308990479,3.454145210949613,0.05637127172825242,0.8,1.4758976329047546,-0.04243452847003937,1.809841085620199
10.40000319480896,3.454145210949613,0.05637127172825242,0.8,1.5667954789667353,-0.04243452847003937,1.809841085620199
10.4333336353302,3.454145210949613,0.05637127172825242,0.8,1.5667954789667353,-0.04243452847003937,1.809841085620199
10.466583728790283,3.454145210949613,0.05637127172825242,0.8,1.5667954789667353,-0.04243452847003937,1.809841085620199
10.499924421310425,3.454145210949613,0.05637127172825242,0.8,1.5667954789667353,-0.04243452847003937,1.809841085620199
10.533109664916992,3.7234831126653334,-0.021285995091846824,0.8,1.5667954789667353,-0.034753985702991486,2.0891300666475128
10.566602230072021,3.7234831126653334,-0.021285995091846824,0.8,1.6473540479133408,-0.034753985702991486,2.0891300666475128
10.5999436378479,3.7234831126653334,-0.021285995091846824,0.8,1.6473540479133408,-0.034753985702991486,2.0891300666475128
10.633303165435791,3.894422552923128,-0.07631286883408589,0.8,1.6473540479133408,-0.025660691782832146,2.2677054318947665
10.666599988937378,3.936244474125409,-0.0903300631907083,0.8,1.7188640681702523,-0.022895146161317825,2.31153586349316
10.699937105178833,3.936244474125409,-0.0903300631907083,0.8,1.7896205058176002,-0.022895146161317825,2.31153586349316
10.733222484588623,3.936244474125409,-0.0903300631907083,0.8,1.7896205058176002,-0.010266640223562717,2.31153586349316
10.766611576080322,4.114562267836347,-0.15123426469527873,0.8,1.7896205058176002,-0.006477163638919592,2.4987764863564705
10.799928426742554,4.114562267836347,-0.15123426469527873,0.8,1.8627716348991168,-0.006477163638919592,2.4987764863564705
10.833294153213501,4.114562267836347,-0.15123426469527873,0.8,1.8627716348991168,-0.006477163638919592,2.4987764863564705
10.866620063781738,4.305511862771845,-0.21719399796088715,0.8,1.8627716348991168,0.004380424972623587,2.6996331545290713
10.89994764328003,4.305511862771845,-0.21719399796088715,0.8,1.9405598831159299,0.007073055487126112,2.6996331545290713
10.933297395706177,4.305511862771845,-0.21719399796088715,0.8,1.9405598831159299,0.007073055487126112,2.6996331545290713
10.966611385345459,4.484329101312605,-0.27838440650977436,0.8,1.9405598831159299,0.013457131572067738,2.8877400547491976
10.99994444847107,4.484329101312605,-0.27838440650977436,0.8,2.009801851799726,0.015862902626395226,2.8877400547491976
11.033371448516846,4.484329101312605,-0.27838440650977436,0.8,2.009801851799726,0.01711437851190567,2.8877400547491976
11.066633224487305,4.692495706671235,-0.34732286763412995,0.8,2.009801851799726,0.017133556306362152,3.106306849260779
11.099928617477417,4.692495706671235,-0.34732286763412995,0.8,2.059898699412897,0.017133556306362152,3.106306849260779
11.133346319198608,4.692495706671235,-0.34732286763412995,0.8,2.059898699412897,0.017133556306362152,3.106306849260779
11.166637897491455,4.881206564547955,-0.40666697924999357,0.8,2.059898699412897,0.020709047093987465,3.303760731187811
11.19996428489685,4.881206564547955,-0.40666697924999357,0.8,2.1056029775835974,0.020709047093987465,3.303760731187811
11.233407258987427,4.881206564547955,-0.40666697924999357,0.8,2.1056029775835974,0.020709047093987465,3.303760731187811
11.266572713851929,5.091282013640817,-0.46890584337226954,0.8,2.1056029775835974,0.02222900651395321,3.522676412936841
11.299946069717407,5.091282013640817,-0.46890584337226954,0.8,2.149394713719576,0.02222900651395321,3.522676412936841
11.333374500274658,5.091282013640817,-0.46890584337226954,0.8,2.149394713719576,0.02222900651395321,3.522676412936841
11.3666672706604,5.29820222618723,-0.5268376151349728,0.8,2.149394713719576,0.015842804685235023,3.7374909203759796
11.399940967559814,5.29820222618723,-0.5268376151349728,0.8,2.1816745897442744,0.015842804685235023,3.7374909203759796
11.43330693244934,5.29820222618723,-0.5268376151349728,0.8,2.1816745897442744,0.015842804685235023,3.7374909203759796
11.466602325439453,5.509807026774758,-0.583074464743103,0.8,2.1816745897442744,0.017810458317399025,3.956430399931793
11.500220537185669,5.509807026774758,-0.583074464743103,0.8,2.2051233161936783,0.017810458317399025,3.956430399931793
11.533276081085205,5.509807026774758,-0.583074464743103,0.8,2.2051233161936783,0.017810458317399025,3.956430399931793
11.566602230072021,5.733945457100561,-0.6387313997050057,0.8,2.2051233161936783,0.021574202924966812,4.187370704971519
11.599911212921143,5.733945457100561,-0.6387313997050057,0.8,2.2182037709462037,0.02178053744137287,4.187370704971519
11.633270025253296,5.733945457100561,-0.6387313997050057,0.8,2.2182037709462037,0.02178053744137287,4.187370704971519
11.66658329963684,5.958964172362851,-0.690054514902116,0.8,2.2182037709462037,0.02178053744137287,4.418096886555504
11.699934482574463,5.958964172362851,-0.690054514902116,0.8,2.24345768818083,0.02178053744137287,4.418096886555504
11.733299732208252,5.958964172362851,-0.690054514902116,0.8,2.24345768818083,0.02178053744137287,4.418096886555504
11.766785144805908,6.175272089900778,-0.735023498463935,0.8,2.24345768818083,0.022297199815511703,4.638830909429213
11.799939393997192,6.175272089900778,-0.735023498463935,0.8,2.259806976044962,0.022297199815511703,4.638830909429213
11.833275318145752,6.175272089900778,-0.735023498463935,0.8,2.259806976044962,0.022297199815511703,4.638830909429213
11.866587400436401,6.394102026748921,-0.7761611772775333,0.8,2.259806976044962,0.020872624590992928,4.861104501135739
11.899941682815552,6.394102026748921,-0.7761611772775333,0.8,2.2606089926009965,0.011743338778614998,4.861104501135739
11.933287858963013,6.394102026748921,-0.7761611772775333,0.8,2.2606089926009965,0.011743338778614998,4.861104501135739
11.96658182144165,6.623912575501678,-0.8158064560269941,0.8,2.2606089926009965,0.008702880702912807,5.093720567703751
11.999950885772705,6.623912575501678,-0.8158064560269941,0.8,2.267101016836593,0.00707829836755991,5.093720567703751
12.03333854675293,6.623912575501678,-0.8158064560269941,0.8,2.267101016836593,0.00707829836755991,5.093720567703751
12.06648325920105,6.8512115703861625,-0.8530317392378358,0.8,2.267101016836593,0.00707829836755991,5.323378487503129
12.100109338760376,6.8512115703861625,-0.8530317392378358,0.8,2.2844132998572015,0.003747103037312627,5.323378487503129
12.133342504501343,6.8512115703861625,-0.8530317392378358,0.8,2.2844132998572015,0.003747103037312627,5.323378487503129
12.166473150253296,7.083966665521064,-0.8900706294605351,0.8,2.2844132998572015,0.0029443763196468353,5.558356469449969
12.200111627578735,7.083966665521064,-0.8900706294605351,0.8,2.2931449881673345,0.0029443763196468353,5.558356469449969
12.233563899993896,7.083966665521064,-0.8900706294605351,0.8,2.2931449881673345,0.0029443763196468353,5.558356469449969
12.266453504562378,7.317774707713342,-0.9272197696046317,0.8,2.2931449881673345,-0.002412190195173025,5.794442077617013
12.302151441574097,7.317774707713342,-0.9272197696046317,0.8,2.3000465969476966,-0.008545215241611004,5.794442077617013
12.333403587341309,7.317774707713342,-0.9272197696046317,0.8,2.3000465969476966,-0.008545215241611004,5.794442077617013
12.366774082183838,7.548804221299798,-0.9654634780327849,0.8,2.3000465969476966,-0.011780107393860817,6.028119406214644
12.400029420852661,7.548804221299798,-0.9654634780327849,0.8,2.3191812846339004,-0.013904860243201256,6.028119406214644
12.433446645736694,7.548804221299798,-0.9654634780327849,0.8,2.3191812846339004,-0.013904860243201256,6.028119406214644
12.466424226760864,7.786183244962026,-1.0078864006624757,0.8,2.3191812846339004,-0.015838680788874626,6.268957551963691
12.500051498413086,7.786183244962026,-1.0078864006624757,0.8,2.328768248532121,-0.018053364008665085,6.268957551963691
12.53335428237915,7.786183244962026,-1.0078864006624757,0.8,2.328768248532121,-0.018053364008665085,6.268957551963691
12.5664222240448,7.786183244962026,-1.0078864006624757,0.8,2.328768248532121,-0.018053364008665085,6.268957551963691
12.599860429763794,8.019084396619183,-1.0533094505139846,0.8,2.328768248532121,-0.025309225544333458,6.506120044019524
12.633572101593018,8.019084396619183,-1.0533094505139846,0.8,2.3287653894080127,-0.025309225544333458,6.506120044019524
12.666666746139526,8.019084396619183,-1.0533094505139846,0.8,2.3287653894080127,-0.025309225544333458,6.506120044019524
12.69993805885315,8.248916685247515,-1.1029044598780975,0.8,2.3287653894080127,-0.024651486426591873,6.741225635439354
12.733383178710938,8.248916685247515,-1.1029044598780975,0.8,2.329283285435772,-0.024651486426591873,6.741225635439354
12.766482591629028,8.248916685247515,-1.1029044598780975,0.8,2.329283285435772,-0.024651486426591873,6.741225635439354
12.800045728683472,8.480486423090934,-1.1584783030674317,0.8,2.329283285435772,-0.03055092878639698,6.979355971301515
12.83341383934021,8.480486423090934,-1.1584783030674317,0.8,2.326774981454279,-0.03055092878639698,6.979355971301515
12.866643905639648,8.480486423090934,-1.1584783030674317,0.8,2.326774981454279,-0.03055092878639698,6.979355971301515
12.900052070617676,8.714189516432915,-1.221183167686704,0.8,2.326774981454279,-0.0322309173643589,7.221160865707471
12.933388710021973,8.714189516432915,-1.221183167686704,0.8,2.3231686652674663,-0.0322309173643589,7.221160865707471
12.96643853187561,8.899988155414887,-1.276797584140073,0.8,2.3231686652674663,-0.03651004284620285,7.414706516681732
13.000189065933228,8.899988155414887,-1.276797584140073,0.8,2.3163742914787107,-0.03651004284620285,7.414706516681732
13.033365964889526,8.899988155414887,-1.276797584140073,0.8,2.3163742914787107,-0.03868677467107773,7.414706516681732
13.066648006439209,9.105457573152133,-1.3450400745637796,0.8,2.3163742914787107,-0.04012896865606308,7.630302081763296
13.10013484954834,9.105457573152133,-1.3450400745637796,0.8,2.333319988126888,-0.04012896865606308,7.630302081763296
13.133466243743896,9.105457573152133,-1.3450400745637796,0.8,2.333319988126888,-0.04012896865606308,7.630302081763296
13.166675090789795,9.105457573152133,-1.3450400745637796,0.8,2.333319988126888,-0.04012896865606308,7.630302081763296
13.20136308670044,9.38945240563851,-1.4524920397320853,0.8,2.333319988126888,-0.04185215383768082,7.931424811636702
13.233384609222412,9.38945240563851,-1.4524920397320853,0.8,2.337317304612822,-0.049629922956228256,7.931424811636702
13.26659083366394,9.536064377347921,-1.5147981992646085,0.8,2.337317304612822,-0.04682052135467529,8.088564857679401
13.30003309249878,9.536064377347921,-1.5147981992646085,0.8,2.3391540447761137,-0.04682052135467529,8.088564857679401
13.333381175994873,9.536064377347921,-1.5147981992646085,0.8,2.3391540447761137,-0.04682052135467529,8.088564857679401
13.36659288406372,9.536064377347921,-1.5147981992646085,0.8,2.3391540447761137,-0.04682052135467529,8.088564857679401
13.400078773498535,9.82281913030709,-1.6519834973558747,0.8,2.3391540447761137,-0.04682052135467529,8.399869992558282
13.433322668075562,9.82281913030709,-1.6519834973558747,0.8,2.3240648328508855,-0.04982965067028999,8.399869992558282
13.466517686843872,9.956748594736556,-1.7234082851146333,0.8,2.3240648328508855,-0.04586774483323097,8.547252028025763
13.500022649765015,9.956748594736556,-1.7234082851146333,0.8,2.32945042262822,-0.04377961531281471,8.547252028025763
13.53314208984375,9.956748594736556,-1.7234082851146333,0.8,2.32945042262822,-0.04377961531281471,8.547252028025763
13.56662893295288,9.956748594736556,-1.7234082851146333,0.8,2.32945042262822,-0.04377961531281471,8.547252028025763
13.600030660629272,10.23900174134664,-1.8897676685542135,0.8,2.32945042262822,-0.04377961531281471,8.86241416616419
13.633398056030273,10.23900174134664,-1.8897676685542135,0.8,2.33767045792171,-0.03561597317457199,8.86241416616419
13.666654348373413,10.23900174134664,-1.8897676685542135,0.8,2.33767045792171,-0.03561597317457199,8.86241416616419
13.699790477752686,10.436757062220028,-2.018448030454669,0.8,2.33767045792171,-0.03364025801420212,9.086966549790812
13.733256101608276,10.436757062220028,-2.018448030454669,0.8,2.3385870146165835,-0.023343095555901527,9.086966549790812
13.766685009002686,10.547081798561203,-2.0938112109552733,0.8,2.3385870146165835,-0.015731442719697952,9.213453653091157
13.799797058105469,10.547081798561203,-2.0938112109552733,0.8,2.328179072717334,-0.011621270328760147,9.213453653091157
13.8334219455719,10.547081798561203,-2.0938112109552733,0.8,2.328179072717334,-0.011621270328760147,9.213453653091157
13.866697549819946,10.73777617214508,-2.2272692245042065,0.8,2.328179072717334,0.006901848595589399,9.433435273840962
13.90011715888977,10.73777617214508,-2.2272692245042065,0.8,2.3348553895532875,0.017786327749490738,9.433435273840962
13.933196067810059,10.73777617214508,-2.2272692245042065,0.8,2.3348553895532875,0.017786327749490738,9.433435273840962
13.966740131378174,10.73777617214508,-2.2272692245042065,0.8,2.3348553895532875,0.017786327749490738,9.433435273840962
14.000296354293823,10.73777617214508,-2.2272692245042065,0.8,2.3348553895532875,0.017786327749490738,9.433435273840962
14.033370018005371,11.03173732842095,-2.4283290852515083,0.8,2.3348553895532875,0.05049680173397064,9.77235204807141
14.066424131393433,11.03173732842095,-2.4283290852515083,0.8,2.3445194270354377,0.05049680173397064,9.77235204807141
14.100096464157104,11.03173732842095,-2.4283290852515083,0.8,2.3445194270354377,0.05049680173397064,9.77235204807141
14.13345217704773,11.231153415680712,-2.553554086763743,0.8,2.3445194270354377,0.04989920184016228,9.999645791505323
14.166675567626953,11.326540122679587,-2.6090394587494226,0.8,2.342934380560708,0.06921955943107605,10.107186381683654
14.199991464614868,11.326540122679587,-2.6090394587494226,0.8,2.3490451011171163,0.06921955943107605,10.107186381683654
14.23341178894043,11.326540122679587,-2.6090394587494226,0.8,2.3490451011171163,0.07000735402107239,10.107186381683654
14.266434907913208,11.326540122679587,-2.6090394587494226,0.8,2.3490451011171163,0.07000735402107239,10.107186381683654
14.300020933151245,11.326540122679587,-2.6090394587494226,0.8,2.3490451011171163,0.07000735402107239,10.107186381683654
14.333354234695435,11.658308411033351,-2.775673214453362,0.8,2.3490451011171163,0.07011278718709946,10.473671457672912
14.366644144058228,11.658308411033351,-2.775673214453362,0.8,2.351984466362643,0.07011278718709946,10.473671457672912
14.400072574615479,11.658308411033351,-2.775673214453362,0.8,2.351984466362643,0.07011278718709946,10.473671457672912
14.433375597000122,11.885863553615339,-2.8668995303612843,0.8,2.351984466362643,0.05462337285280228,10.718183407338527
14.466724395751953,11.975143682476656,-2.8982514863127244,0.8,2.3524883427355463,0.0424434170126915,10.812770722905574
14.500023126602173,11.975143682476656,-2.8982514863127244,0.8,2.348320422150465,0.0424434170126915,10.812770722905574
14.533305883407593,11.975143682476656,-2.8982514863127244,0.8,2.348320422150465,0.0432768389582634,10.812770722905574
14.566611051559448,11.975143682476656,-2.8982514863127244,0.8,2.348320422150465,0.0432768389582634,10.812770722905574
14.59995985031128,11.975143682476656,-2.8982514863127244,0.8,2.348320422150465,0.0432768389582634,10.812770722905574
14.633228063583374,12.339462989401957,-3.0091767515010153,0.8,2.348320422150465,0.037924230098724365,11.193566284584135
14.666694641113281,12.420542959453863,-3.030509453223438,0.8,2.3374064006404263,0.037924230098724365,11.27729378752648
14.700023174285889,12.420542959453863,-3.030509453223438,0.8,2.3417446867686227,0.037924230098724365,11.27729378752648
14.733097076416016,12.420542959453863,-3.030509453223438,0.8,2.3417446867686227,0.05715981870889664,11.27729378752648
14.76669192314148,12.650484456088002,-3.0830949404840444,0.8,2.3417446867686227,0.062324583530426025,11.512358217105303
14.800600528717041,12.650484456088002,-3.0830949404840444,0.8,2.3469064877801338,0.062324583530426025,11.512358217105303
14.83339786529541,12.650484456088002,-3.0830949404840444,0.8,2.3469064877801338,0.062324583530426025,11.512358217105303
14.866543292999268,12.650484456088002,-3.0830949404840444,0.8,2.3469064877801338,0.062324583530426025,11.512358217105303
14.899942636489868,12.650484456088002,-3.0830949404840444,0.8,2.3469064877801338,0.062324583530426025,11.512358217105303
14.933309078216553,13.005527727171136,-3.1318636521981835,0.8,2.3469064877801338,0.11299314349889755,11.865692710455727
14.966715097427368,13.112961794472945,-3.1373150486000214,0.8,2.3444430559104497,0.13472750782966614,11.969918309208897
14.999773979187012,13.112961794472945,-3.1373150486000214,0.8,2.340094391593797,0.13472750782966614,11.969918309208897
15.033416271209717,13.112961794472945,-3.1373150486000214,0.8,2.340094391593797,0.14656220376491547,11.969918309208897
15.066702604293823,13.350542137919232,-3.127474183002627,0.8,2.340094391593797,0.14656220376491547,12.194264287000474
15.100025177001953,13.350542137919232,-3.127474183002627,0.8,2.3449834105982816,0.14656220376491547,12.194264287000474
15.133376359939575,13.350542137919232,-3.127474183002627,0.8,2.3449834105982816,0.14817284047603607,12.194264287000474
15.166439771652222,13.576398880642385,-3.0872318573479554,0.8,2.3449834105982816,0.15432672202587128,12.39929062844909
15.20012378692627,13.576398880642385,-3.0872318573479554,0.8,2.340987298314497,0.15432672202587128,12.39929062844909
15.233359098434448,13.576398880642385,-3.0872318573479554,0.8,2.340987298314497,0.15823547542095184,12.39929062844909
15.26665735244751,13.80623800846383,-3.011549449250308,0.8,2.340987298314497,0.16474850475788116,12.599356383142739
15.299941062927246,13.80623800846383,-3.011549449250308,0.8,2.347997128538296,0.16474850475788116,12.599356383142739
15.333112239837646,13.80623800846383,-3.011549449250308,0.8,2.347997128538296,0.1719186007976532,12.599356383142739
15.366692781448364,14.010949795717298,-2.907311825672763,0.8,2.347997128538296,0.16309736669063568,12.769192557557085
15.400142908096313,14.010949795717298,-2.907311825672763,0.8,2.3529148316620234,0.16309736669063568,12.769192557557085
15.433212041854858,14.010949795717298,-2.907311825672763,0.8,2.3529148316620234,0.16309736669063568,12.769192557557085
15.466449737548828,14.204914691844428,-2.769151651326654,0.8,2.3529148316620234,0.15041346848011017,12.922113115066018
15.500027179718018,14.204914691844428,-2.769151651326654,0.8,2.3537994795232704,0.1547827124595642,12.922113115066018
15.533356189727783,14.204914691844428,-2.769151651326654,0.8,2.3537994795232704,0.1547827124595642,12.922113115066018
15.566683292388916,14.375737768428275,-2.606980518620937,0.8,2.3537994795232704,0.15371763706207275,13.04952310556056
15.600013494491577,14.375737768428275,-2.606980518620937,0.8,2.3481340727119036,0.15371763706207275,13.04952310556056
15.633404731750488,14.375737768428275,-2.606980518620937,0.8,2.3481340727119036,0.15371763706207275,13.04952310556056
15.66667914390564,14.52084690347251,-2.4241612988041505,0.8,2.3481340727119036,0.1478807032108307,13.150358876382866
15.699859857559204,14.52084690347251,-2.4241612988041505,0.8,2.350082718604502,0.1478807032108307,13.150358876382866
15.733146667480469,14.52084690347251,-2.4241612988041505,0.8,2.350082718604502,0.1478807032108307,13.150358876382866
15.766672372817993,14.64083918814416,-2.225637951028628,0.8,2.350082718604502,0.1183665320277214,13.226802620392357
15.800137042999268,14.64083918814416,-2.225637951028628,0.8,2.3586767513898885,0.1183665320277214,13.226802620392357
15.833532810211182,14.64083918814416,-2.225637951028628,0.8,2.3586767513898885,0.1183665320277214,13.226802620392357
15.866656303405762,14.740229341206641,-2.0116454851316488,0.8,2.3586767513898885,0.10596548765897751,13.283781552749838
15.900030136108398,14.740229341206641,-2.0116454851316488,0.8,2.354881385214783,0.10596548765897751,13.283781552749838
15.933433532714844,14.740229341206641,-2.0116454851316488,0.8,2.354881385214783,0.10596548765897751,13.283781552749838
15.966791868209839,14.820006962820548,-1.7889970493827774,0.8,2.354881385214783,0.07413174211978912,13.323921840699567
16.000187397003174,14.820006962820548,-1.7889970493827774,0.8,2.3421160087730124,0.06984677165746689,13.323921840699567
16.033522844314575,14.820006962820548,-1.7889970493827774,0.8,2.3421160087730124,0.06984677165746689,13.323921840699567
16.066360235214233,14.887739986935323,-1.5509823712690018,0.8,2.3421160087730124,0.05794471874833107,13.353963165819478
16.099857091903687,14.887739986935323,-1.5509823712690018,0.8,2.3447939221620278,0.040099017322063446,13.353963165819478
16.133415937423706,14.887739986935323,-1.5509823712690018,0.8,2.3447939221620278,0.03520838916301727,13.353963165819478
16.166603088378906,14.93885906768491,-1.336734966023311,0.8,2.3447939221620278,0.02167370915412903,13.375092916499874
16.200031995773315,14.93885906768491,-1.336734966023311,0.8,2.3520132482335736,0.02167370915412903,13.375092916499874
16.233351707458496,14.93885906768491,-1.336734966023311,0.8,2.3520132482335736,0.02167370915412903,13.375092916499874
16.266444444656372,14.990377533492737,-1.0987196292439274,0.8,2.3520132482335736,-0.0074077448807656765,13.397534051552894
16.30006170272827,14.990377533492737,-1.0987196292439274,0.8,2.3480033128709965,-0.0074077448807656765,13.397534051552894
16.333508253097534,14.990377533492737,-1.0987196292439274,0.8,2.3480033128709965,-0.0074077448807656765,13.397534051552894
16.36662745475769,15.040724016054222,-0.8632816056316317,0.8,2.3480033128709965,-0.0074077448807656765,13.423430912038432
16.39975118637085,15.040724016054222,-0.8632816056316317,0.8,2.3419065153493435,-0.0407867431640625,13.423430912038432
16.433412313461304,15.040724016054222,-0.8632816056316317,0.8,2.3419065153493435,-0.0407867431640625,13.423430912038432
16.46664333343506,15.040724016054222,-0.8632816056316317,0.8,2.3419065153493435,-0.0407867431640625,13.423430912038432
16.5000159740448,15.040724016054222,-0.8632816056316317,0.8,2.3419065153493435,-0.0407867431640625,13.423430912038432
16.533369541168213,15.040724016054222,-0.8632816056316317,0.8,2.3419065153493435,-0.0407867431640625,13.423430912038432
16.56759548187256,15.161492108142378,-0.39524878697769894,0.8,2.3419065153493435,-0.0407867431640625,13.508181417340058
16.600168466567993,15.161492108142378,-0.39524878697769894,0.8,2.354935657369717,-0.0407867431640625,13.508181417340058
16.633487462997437,15.161492108142378,-0.39524878697769894,0.8,2.354935657369717,-0.0407867431640625,13.508181417340058
16.66669201850891,15.161492108142378,-0.39524878697769894,0.8,2.354935657369717,-0.0407867431640625,13.508181417340058
16.700148820877075,15.237811761676035,-0.15759164566825776,0.8,2.354935657369717,-0.07322882860898972,13.57259528190243
16.733339071273804,15.237811761676035,-0.15759164566825776,0.8,2.3464981924651296,-0.07322882860898972,13.57259528190243
16.767786502838135,15.314656437563457,0.04560164720565854,0.8,2.3464981924651296,-0.06287462264299393,13.642640547848984
16.800132274627686,15.314656437563457,0.04560164720565854,0.8,2.3416678155708586,-0.07880795001983643,13.642640547848984
16.833415508270264,15.314656437563457,0.04560164720565854,0.8,2.3416678155708586,-0.07880795001983643,13.642640547848984
16.866606950759888,15.314656437563457,0.04560164720565854,0.8,2.3416678155708586,-0.07880795001983643,13.642640547848984
16.90010952949524,15.438394400177645,0.31017841870583707,0.8,2.3416678155708586,-0.0353037528693676,13.762138491109663
16.93343424797058,15.438394400177645,0.31017841870583707,0.8,2.357941441304718,-0.022580815479159355,13.762138491109663
16.96665096282959,15.438394400177645,0.31017841870583707,0.8,2.357941441304718,-0.022580815479159355,13.762138491109663
17.000024557113647,15.438394400177645,0.31017841870583707,0.8,2.357941441304718,-0.022580815479159355,13.762138491109663
17.033202171325684,15.438394400177645,0.31017841870583707,0.8,2.357941441304718,-0.022580815479159355,13.762138491109663
17.0666401386261,15.438394400177645,0.31017841870583707,0.8,2.357941441304718,-0.022580815479159355,13.762138491109663
17.100066423416138,15.651069685259301,0.6988856746770966,0.8,2.357941441304718,-0.02121155895292759,13.977818071794722
17.13339638710022,15.651069685259301,0.6988856746770966,0.8,2.346451477393626,-0.02121155895292759,13.977818071794722
17.166643857955933,15.651069685259301,0.6988856746770966,0.8,2.346451477393626,-0.02121155895292759,13.977818071794722
17.200056314468384,15.772605492017174,0.906851679017008,0.8,2.346451477393626,0.015614340081810951,14.105320377951406
17.233391046524048,15.772605492017174,0.906851679017008,0.8,2.342408597184957,0.015614340081810951,14.105320377951406
17.266716480255127,15.772605492017174,0.906851679017008,0.8,2.342408597184957,0.015614340081810951,14.105320377951406
17.300055503845215,15.890351992347131,1.1151585117587377,0.8,2.342408597184957,0.05221841111779213,14.231989457376823
17.333390712738037,15.890351992347131,1.1151585117587377,0.8,2.3472973695396004,0.05221841111779213,14.231989457376823
17.36662721633911,15.890351992347131,1.1151585117587377,0.8,2.3472973695396004,0.05221841111779213,14.231989457376823
17.399718284606934,15.998978548578656,1.3313888585086229,0.8,2.3472973695396004,0.08405876159667969,14.352941451655273
17.433090925216675,15.998978548578656,1.3313888585086229,0.8,2.3452956316892473,0.08967804163694382,14.352941451655273
17.466660976409912,16.065128710924196,1.4827466217327299,0.8,2.3452956316892473,0.090826615691185,14.429557358082636
17.500031232833862,16.065128710924196,1.4827466217327299,0.8,2.3451551333661986,0.090826615691185,14.429557358082636
17.53339147567749,16.065128710924196,1.4827466217327299,0.8,2.3451551333661986,0.090826615691185,14.429557358082636
17.566749572753906,16.065128710924196,1.4827466217327299,0.8,2.3451551333661986,0.090826615691185,14.429557358082636
17.599733591079712,16.16507365366168,1.7787439316024145,0.8,2.3451551333661986,0.09425731003284454,14.554346389813352
17.633447408676147,16.16507365366168,1.7787439316024145,0.8,2.342173915233728,0.07259596139192581,14.554346389813352
17.6666841506958,16.16507365366168,1.7787439316024145,0.8,2.342173915233728,0.07259596139192581,14.554346389813352
17.699880599975586,16.221045183924247,2.013578463795444,0.8,2.342173915233728,0.07259596139192581,14.63415297169171
17.733284950256348,16.221045183924247,2.013578463795444,0.8,2.3417211849541317,0.07259596139192581,14.63415297169171
17.766642093658447,16.221045183924247,2.013578463795444,0.8,2.3417211849541317,0.07259596139192581,14.63415297169171
17.79995036125183,16.261500399908403,2.246429726905296,0.8,2.3417211849541317,0.06036759540438652,14.701844596843989
17.833139657974243,16.261500399908403,2.246429726905296,0.8,2.344458321915979,0.04465679079294205,14.701844596843989
17.86674451828003,16.261500399908403,2.246429726905296,0.8,2.344458321915979,0.04465679079294205,14.701844596843989
17.900017499923706,16.290869369852413,2.4830293748594285,0.8,2.344458321915979,0.03840361535549164,14.762561378732103
17.933491230010986,16.290869369852413,2.4830293748594285,0.8,2.3487794724193445,0.032276082783937454,14.762561378732103
17.966611862182617,16.290869369852413,2.4830293748594285,0.8,2.3487794724193445,0.032276082783937454,14.762561378732103
18.000070810317993,16.31318751633758,2.7257111426457756,0.8,2.3487794724193445,0.023326080292463303,14.820854673303817
18.033398389816284,16.31318751633758,2.7257111426457756,0.8,2.351411797780703,-0.0008123131701722741,14.820854673303817
18.066570281982422,16.324006270908825,2.8592214591580896,0.8,2.351411797780703,-0.004032408352941275,14.853092621075053
18.09992504119873,16.324006270908825,2.8592214591580896,0.8,2.349399943024643,-0.004032408352941275,14.853092621075053
18.13338303565979,16.324006270908825,2.8592214591580896,0.8,2.349399943024643,-0.022715017199516296,14.853092621075053
18.166621685028076,16.345579265984934,3.0943243358682007,0.8,2.349399943024643,-0.02996690198779106,14.91509737739734
18.200029373168945,16.345579265984934,3.0943243358682007,0.8,2.3430936509799434,-0.02996690198779106,14.91509737739734
18.23329186439514,16.345579265984934,3.0943243358682007,0.8,2.3430936509799434,-0.03380678594112396,14.91509737739734
18.266690492630005,16.345579265984934,3.0943243358682007,0.8,2.3430936509799434,-0.03380678594112396,14.91509737739734
18.30002188682556,16.345579265984934,3.0943243358682007,0.8,2.3430936509799434,-0.03380678594112396,14.91509737739734
18.333369970321655,16.389020416021566,3.440356007953039,0.8,2.3430936509799434,-0.055656690150499344,15.024093869066524
18.366740465164185,16.407238374563587,3.553091020179274,0.8,2.3490070388790496,-0.061451103538274765,15.065152844932086
18.399807691574097,16.407238374563587,3.553091020179274,0.8,2.3403314931343515,-0.061451103538274765,15.065152844932086
18.433504343032837,16.407238374563587,3.553091020179274,0.8,2.3403314931343515,-0.06985116004943848,15.065152844932086
18.46646237373352,16.455815542270432,3.7866419316966837,0.8,2.3403314931343515,-0.07126712054014206,15.163159379171569
18.500202655792236,16.455815542270432,3.7866419316966837,0.8,2.3383339841782833,-0.07126712054014206,15.163159379171569
18.533305168151855,16.455815542270432,3.7866419316966837,0.8,2.3383339841782833,-0.07768649607896805,15.163159379171569
18.56664729118347,16.519508617920113,4.013868179468643,0.8,2.3383339841782833,-0.07768649607896805,15.277450337991263
18.60007357597351,16.519508617920113,4.013868179468643,0.8,2.331172675591492,-0.07768649607896805,15.277450337991263
18.633198022842407,16.519508617920113,4.013868179468643,0.8,2.331172675591492,-0.0817381739616394,15.277450337991263
18.66672110557556,16.596164745262904,4.227068608523543,0.8,2.331172675591492,-0.0823555514216423,15.40356900868962
18.70021367073059,16.596164745262904,4.227068608523543,0.8,2.3410422359790775,-0.0823555514216423,15.40356900868962
18.73351001739502,16.596164745262904,4.227068608523543,0.8,2.3410422359790775,-0.06169408559799194,15.40356900868962
18.766438722610474,16.695033330175402,4.453913986755683,0.8,2.3410422359790775,-0.06169408559799194,15.556969347229987
18.80002498626709,16.695033330175402,4.453913986755683,0.8,2.3404990944460526,-0.06169408559799194,15.556969347229987
18.83334183692932,16.695033330175402,4.453913986755683,0.8,2.3404990944460526,-0.05019198730587959,15.556969347229987
18.866621255874634,16.695033330175402,4.453913986755683,0.8,2.3404990944460526,-0.05019198730587959,15.556969347229987
18.90001368522644,16.695033330175402,4.453913986755683,0.8,2.3404990944460526,-0.05019198730587959,15.556969347229987
18.933077812194824,16.86563788487318,4.783964277664409,0.8,2.3404990944460526,-0.04423731192946434,15.810128975361813
18.966440200805664,16.920563671884917,4.879258570555058,0.8,2.3338802297911805,-0.027813725173473358,15.889526449754173
18.99999451637268,16.920563671884917,4.879258570555058,0.8,2.325218958182243,-0.020548423752188683,15.889526449754173
19.033422470092773,16.920563671884917,4.879258570555058,0.8,2.325218958182243,-0.020548423752188683,15.889526449754173
19.066716194152832,16.920563671884917,4.879258570555058,0.8,2.325218958182243,-0.020548423752188683,15.889526449754173
19.09992527961731,16.920563671884917,4.879258570555058,0.8,2.325218958182243,-0.020548423752188683,15.889526449754173
19.13322377204895,17.109215019217203,5.1990451824398995,0.8,2.325218958182243,-0.0008824883843772113,16.16272441831527
19.166683435440063,17.1430569806982,5.2563129505990975,0.8,2.333640107906587,0.028241196647286415,16.21211609603944
19.20008897781372,17.1430569806982,5.2563129505990975,0.8,2.3496436319875436,0.028241196647286415,16.21211609603944
19.233373165130615,17.1430569806982,5.2563129505990975,0.8,2.3496436319875436,0.047468725591897964,16.21211609603944
19.266647338867188,17.258182371248633,5.461103272008515,0.8,2.3496436319875436,0.055098507553339005,16.384127192466778
19.300077199935913,17.258182371248633,5.461103272008515,0.8,2.3456422548730376,0.055098507553339005,16.384127192466778
19.33330512046814,17.258182371248633,5.461103272008515,0.8,2.3456422548730376,0.05433132126927376,16.384127192466778
19.366559505462646,17.36339988038832,5.670504638596978,0.8,2.3456422548730376,0.06450016051530838,16.549761239420906
19.399995803833008,17.36339988038832,5.670504638596978,0.8,2.3389456845317858,0.0675140842795372,16.549761239420906
19.433258295059204,17.36339988038832,5.670504638596978,0.8,2.3389456845317858,0.06740092486143112,16.549761239420906
19.466566562652588,17.45649459253174,5.8846055587399375,0.8,2.3389456845317858,0.07228882610797882,16.707131125333444
19.49994945526123,17.45649459253174,5.8846055587399375,0.8,2.344700777973239,0.07228882610797882,16.707131125333444
19.533305883407593,17.45649459253174,5.8846055587399375,0.8,2.344700777973239,0.07406584173440933,16.707131125333444
19.56659436225891,17.536177712672618,6.1061204366391415,0.8,2.344700777973239,0.06072797253727913,16.856153121843022
19.599956512451172,17.536177712672618,6.1061204366391415,0.8,2.3514137493898524,0.06072797253727913,16.856153121843022
19.633320808410645,17.536177712672618,6.1061204366391415,0.8,2.3514137493898524,0.06072797253727913,16.856153121843022
19.666581869125366,17.60153653323376,6.330472584847677,0.8,2.3514137493898524,0.05976777523756027,16.99469426147106
19.70001459121704,17.60153653323376,6.330472584847677,0.8,2.344285060107121,0.05976777523756027,16.99469426147106
19.73336434364319,17.60153653323376,6.330472584847677,0.8,2.344285060107121,0.05976777523756027,16.99469426147106
19.766502380371094,17.654450688738702,6.557160513437093,0.8,2.344285060107121,0.05797228217124939,17.124529766050966
19.799954414367676,17.654450688738702,6.557160513437093,0.8,2.33813895316959,0.05797228217124939,17.124529766050966
19.833373308181763,17.654450688738702,6.557160513437093,0.8,2.33813895316959,0.05797228217124939,17.124529766050966
19.86666989326477,17.69821603365382,6.797014715602348,0.8,2.33813895316959,0.047019924968481064,17.252910207766014
19.900036334991455,17.69821603365382,6.797014715602348,0.8,2.350605855903216,0.04687824472784996,17.252910207766014
19.93336248397827,17.69821603365382,6.797014715602348,0.8,2.350605855903216,0.04687824472784996,17.252910207766014
19.966449737548828,17.729829882594466,7.025678447892063,0.8,2.350605855903216,0.047336433082818985,17.36825857481061
20.00103783607483,17.729829882594466,7.025678447892063,0.8,2.3530509447892025,0.047336433082818985,17.36825857481061
20.03332209587097,17.729829882594466,7.025678447892063,0.8,2.3530509447892025,0.047336433082818985,17.36825857481061
20.066418886184692,17.75181239712987,7.257228462802165,0.8,2.3530509447892025,0.050742413848638535,17.47816709680095
20.10013484954834,17.75181239712987,7.257228462802165,0.8,2.3427281605914803,0.050742413848638535,17.47816709680095
20.133361101150513,17.75181239712987,7.257228462802165,0.8,2.3427281605914803,0.050742413848638535,17.47816709680095
20.166475772857666,17.761184360731693,7.489612933520631,0.8,2.3427281605914803,0.07144676893949509,17.57926184343123
20.200207948684692,17.761184360731693,7.489612933520631,0.8,2.3471353931991032,0.07144676893949509,17.57926184343123
20.23339557647705,17.761184360731693,7.489612933520631,0.8,2.3471353931991032,0.07144676893949509,17.57926184343123
20.266610383987427,17.754308132564212,7.731804788214692,0.8,2.3471353931991032,0.07738334685564041,17.672119359041496
20.300016164779663,17.754308132564212,7.731804788214692,0.8,2.3601606929668892,0.07738334685564041,17.672119359041496
20.333393096923828,17.754308132564212,7.731804788214692,0.8,2.3601606929668892,0.07738334685564041,17.672119359041496
20.36645817756653,17.73084484353422,7.969755341283365,0.8,2.3601606929668892,0.07281603664159775,17.75098429753733
20.400096654891968,17.73084484353422,7.969755341283365,0.8,2.3585709248770703,0.07190367579460144,17.75098429753733
20.433352947235107,17.73084484353422,7.969755341283365,0.8,2.3585709248770703,0.0767262876033783,17.75098429753733
20.466623306274414,17.692257200806957,8.19911165902926,0.8,2.3585709248770703,0.08198469877243042,17.815345949387307
20.500015258789062,17.692257200806957,8.19911165902926,0.8,2.3499350540352135,0.08198469877243042,17.815345949387307
20.533332347869873,17.692257200806957,8.19911165902926,0.8,2.3499350540352135,0.08198469877243042,17.815345949387307
20.566324472427368,17.634604040739575,8.43246375901427,0.8,2.3499350540352135,0.08524099737405777,17.867265858032614
20.599995851516724,17.634604040739575,8.43246375901427,0.8,2.3517869948237324,0.08524099737405777,17.867265858032614
20.633359909057617,17.634604040739575,8.43246375901427,0.8,2.3517869948237324,0.08524099737405777,17.867265858032614
20.666335344314575,17.55662153994689,8.659095099113252,0.8,2.3517869948237324,0.11405922472476959,17.901122743365324
20.699738025665283,17.55662153994689,8.659095099113252,0.8,2.355962775910228,0.10421919077634811,17.901122743365324
20.733361959457397,17.55662153994689,8.659095099113252,0.8,2.355962775910228,0.10421919077634811,17.901122743365324
20.76633906364441,17.453721027802597,8.878343124217212,0.8,2.355962775910228,0.14648151397705078,17.912673988530685
20.79998278617859,17.453721027802597,8.878343124217212,0.8,2.3622005422972117,0.15206877887248993,17.912673988530685
20.83327627182007,17.453721027802597,8.878343124217212,0.8,2.3622005422972117,0.15206877887248993,17.912673988530685
20.86660933494568,17.322801017626865,9.082525877885692,0.8,2.3622005422972117,0.1797337383031845,17.89568013105131
20.899945735931396,17.322801017626865,9.082525877885692,0.8,2.3573562812027573,0.18522830307483673,17.89568013105131
20.93335771560669,17.322801017626865,9.082525877885692,0.8,2.3573562812027573,0.18522830307483673,17.89568013105131
20.966581106185913,17.160086229440306,9.26321549454465,0.8,2.3573562812027573,0.18890108168125153,17.84269404020561
21.00004768371582,17.160086229440306,9.26321549454465,0.8,2.346561138637418,0.18890108168125153,17.84269404020561
21.033302307128906,17.160086229440306,9.26321549454465,0.8,2.346561138637418,0.2141680270433426,17.84269404020561
21.066351175308228,16.99183135529961,9.393014679035876,0.8,2.346561138637418,0.2141680270433426,17.76227293298597
21.099969148635864,16.99183135529961,9.393014679035876,0.8,2.34701130369702,0.21581465005874634,17.76227293298597
21.133329153060913,16.99183135529961,9.393014679035876,0.8,2.34701130369702,0.21581465005874634,17.76227293298597
21.166582107543945,16.99183135529961,9.393014679035876,0.8,2.34701130369702,0.21581465005874634,17.76227293298597
21.200008392333984,16.753244001650806,9.508911289215904,0.8,2.34701130369702,0.202086940407753,17.61663935800769
21.233391761779785,16.753244001650806,9.508911289215904,0.8,2.3498221333195195,0.202086940407753,17.61663935800769
21.266417026519775,16.753244001650806,9.508911289215904,0.8,2.3498221333195195,0.202086940407753,17.61663935800769
21.30003809928894,16.519771851472413,9.566381342318751,0.8,2.3498221333195195,0.202086940407753,17.447383873458513
21.333332538604736,16.519771851472413,9.566381342318751,0.8,2.34900265975193,0.202086940407753,17.447383873458513
21.366645336151123,16.519771851472413,9.566381342318751,0.8,2.34900265975193,0.202086940407753,17.447383873458513
21.39999556541443,16.280293320883864,9.580596667074012,0.8,2.34900265975193,0.18215501308441162,17.251672039158304
21.43336510658264,16.280293320883864,9.580596667074012,0.8,2.3451841495199743,0.18215501308441162,17.251672039158304
21.466639280319214,16.280293320883864,9.580596667074012,0.8,2.3451841495199743,0.18215501308441162,17.251672039158304
21.500004768371582,16.044024602571085,9.556922794852445,0.8,2.3451841495199743,0.11760631203651428,17.039392355347044
21.53336477279663,16.044024602571085,9.556922794852445,0.8,2.3415915316339784,0.11760631203651428,17.039392355347044
21.566643238067627,16.044024602571085,9.556922794852445,0.8,2.3415915316339784,0.11760631203651428,17.039392355347044
21.599731922149658,15.80924168571764,9.504643912931295,0.8,2.3415915316339784,0.07021044939756393,16.81351996600854
21.633315324783325,15.80924168571764,9.504643912931295,0.8,2.34200664831922,0.07021044939756393,16.81351996600854
21.666724920272827,15.80924168571764,9.504643912931295,0.8,2.34200664831922,0.07021044939756393,16.81351996600854
21.702549695968628,15.578582002109947,9.434205302558677,0.8,2.34200664831922,0.06625724583864212,16.581609516808577
21.733312368392944,15.578582002109947,9.434205302558677,0.8,2.350944881175314,0.012752009555697441,16.581609516808577
21.76644730567932,15.4202002422037,9.379658194436708,0.8,2.350944881175314,-0.010420077480375767,16.419141075886987
21.7999906539917,15.4202002422037,9.379658194436708,0.8,2.3478756902963522,-0.010420077480375767,16.419141075886987
21.833182334899902,15.4202002422037,9.379658194436708,0.8,2.3478756902963522,-0.010420077480375767,16.419141075886987
21.866640329360962,15.4202002422037,9.379658194436708,0.8,2.3478756902963522,-0.010420077480375767,16.419141075886987
21.899963855743408,15.125947009640827,9.279023299852218,0.8,2.3478756902963522,-0.010420077480375767,16.117958886238803
21.933319330215454,15.125947009640827,9.279023299852218,0.8,2.348215393654323,-0.010420077480375767,16.117958886238803
21.966506481170654,15.125947009640827,9.279023299852218,0.8,2.348215393654323,-0.010420077480375767,16.117958886238803
22.001140594482422,14.893870760284948,9.208299031587964,0.8,2.348215393654323,-0.05802207440137863,15.885478843532972
22.033135414123535,14.893870760284948,9.208299031587964,0.8,2.344861857525842,-0.08945456147193909,15.885478843532972
22.066721439361572,14.716231269853859,9.165487508201192,0.8,2.344861857525842,-0.08945456147193909,15.714053486356123
22.100001096725464,14.716231269853859,9.165487508201192,0.8,2.3495560829237703,-0.04572613537311554,15.714053486356123
22.133113861083984,14.716231269853859,9.165487508201192,0.8,2.3495560829237703,-0.04572613537311554,15.714053486356123
22.166449546813965,14.716231269853859,9.165487508201192,0.8,2.3495560829237703,-0.04572613537311554,15.714053486356123
22.199918031692505,14.424480570399886,9.112924416436842,0.8,2.3495560829237703,-0.04564843326807022,15.443082828619868
22.23333477973938,14.424480570399886,9.112924416436842,0.8,2.3479093064434586,-0.044916678220033646,15.443082828619868
22.266640424728394,14.424480570399886,9.112924416436842,0.8,2.3479093064434586,-0.044916678220033646,15.443082828619868
22.300071239471436,14.187088356581416,9.077432545175839,0.8,2.3479093064434586,-0.007484388072043657,15.227447499866614
22.33335304260254,14.187088356581416,9.077432545175839,0.8,2.342260215121979,0.005949205718934536,15.227447499866614
22.366714477539062,14.054134782808937,9.05781858598006,0.8,2.342260215121979,0.005949205718934536,15.10715163071726
22.40002179145813,14.054134782808937,9.05781858598006,0.8,2.3348568560824674,0.03724510222673416,15.10715163071726
22.43342137336731,14.054134782808937,9.05781858598006,0.8,2.3348568560824674,0.03724510222673416,15.10715163071726
22.466526985168457,14.054134782808937,9.05781858598006,0.8,2.3348568560824674,0.03724510222673416,15.10715163071726
22.499992847442627,14.054134782808937,9.05781858598006,0.8,2.3348568560824674,0.03724510222673416,15.10715163071726
22.53328514099121,13.711106303406336,8.99523011838589,0.8,2.3348568560824674,0.07495208084583282,14.79093157630457
22.566544771194458,13.711106303406336,8.99523011838589,0.8,2.3424393684522378,0.07495208084583282,14.79093157630457
22.600208282470703,13.711106303406336,8.99523011838589,0.8,2.3424393684522378,0.07495208084583282,14.79093157630457
22.633306980133057,13.483917228812714,8.93790583921315,0.8,2.3424393684522378,0.09058964252471924,14.573004481309534
22.666685104370117,13.483917228812714,8.93790583921315,0.8,2.3434210779924083,0.09058964252471924,14.573004481309534
22.69993281364441,13.483917228812714,8.93790583921315,0.8,2.3434210779924083,0.09058964252471924,14.573004481309534
22.73314356803894,13.257339644519533,8.861902289630907,0.8,2.3434210779924083,0.10849322378635406,14.345055518402823
22.766420364379883,13.152968443001305,8.819023424469709,0.8,2.3413070154964655,0.10849322378635406,14.23551746005385
22.799993753433228,13.152968443001305,8.819023424469709,0.8,2.3310113997484843,0.10512197017669678,14.23551746005385
22.83334732055664,13.152968443001305,8.819023424469709,0.8,2.3310113997484843,0.10512197017669678,14.23551746005385
22.86667513847351,13.152968443001305,8.819023424469709,0.8,2.3310113997484843,0.10512197017669678,14.23551746005385
22.900041580200195,13.152968443001305,8.819023424469709,0.8,2.3310113997484843,0.10512197017669678,14.23551746005385
22.933425903320312,12.82431326003781,8.645082006326787,0.8,2.3310113997484843,0.09769196063280106,13.86775191648608
22.966506242752075,12.744761572080241,8.593196390546701,0.8,2.342292688267856,0.0850822851061821,13.77294207407654
23.000097274780273,12.744761572080241,8.593196390546701,0.8,2.3494535941874855,0.08130847662687302,13.77294207407654
23.033398151397705,12.744761572080241,8.593196390546701,0.8,2.3494535941874855,0.08130847662687302,13.77294207407654
23.0665864944458,12.744761572080241,8.593196390546701,0.8,2.3494535941874855,0.08130847662687302,13.77294207407654
23.100064754486084,12.744761572080241,8.593196390546701,0.8,2.3494535941874855,0.08130847662687302,13.77294207407654
23.133200883865356,12.444165377657987,8.361711228580825,0.8,2.3494535941874855,0.012354595586657524,13.393612162440217
23.16667914390564,12.372074649783807,8.298645747886555,0.8,2.3375891074470174,0.012354595586657524,13.298152127651981
23.200210094451904,12.372074649783807,8.298645747886555,0.8,2.329585598850623,0.012354595586657524,13.298152127651981
23.23324155807495,12.372074649783807,8.298645747886555,0.8,2.329585598850623,-0.027635585516691208,13.298152127651981
23.266604900360107,12.201346611553639,8.152218419204987,0.8,2.329585598850623,-0.03584877401590347,13.073834875785652
23.299763202667236,12.201346611553639,8.152218419204987,0.8,2.3398666628437557,-0.03584877401590347,13.073834875785652
23.333242416381836,12.201346611553639,8.152218419204987,0.8,2.3398666628437557,-0.03584877401590347,13.073834875785652
23.366497039794922,12.201346611553639,8.152218419204987,0.8,2.3398666628437557,-0.03584877401590347,13.073834875785652
23.400351762771606,12.201346611553639,8.152218419204987,0.8,2.3398666628437557,-0.03584877401590347,13.073834875785652
23.433427333831787,11.8788593601451,7.9093620743485,0.8,2.3398666628437557,-0.06527755409479141,12.670152988418165
23.466801166534424,11.826285556240572,7.87469521544667,0.8,2.336551341675941,-0.10528705269098282,12.607263278225549
23.500263452529907,11.826285556240572,7.87469521544667,0.8,2.338156092090931,-0.10528705269098282,12.607263278225549
23.53360104560852,11.826285556240572,7.87469521544667,0.8,2.338156092090931,-0.1170448362827301,12.607263278225549
23.56870746612549,11.621339228418067,7.757943468521633,0.8,2.338156092090931,-0.1170448362827301,12.373042975365497
23.600059270858765,11.621339228418067,7.757943468521633,0.8,2.3476719083812685,-0.1170448362827301,12.373042975365497
23.633324146270752,11.621339228418067,7.757943468521633,0.8,2.3476719083812685,-0.12471356987953186,12.373042975365497
23.666443824768066,11.406445312192263,7.665551064985697,0.8,2.3476719083812685,-0.09123674780130386,12.145469939022965
23.699992895126343,11.406445312192263,7.665551064985697,0.8,2.345787431799081,-0.09123674780130386,12.145469939022965
23.733194828033447,11.406445312192263,7.665551064985697,0.8,2.345787431799081,-0.09123674780130386,12.145469939022965
23.76645851135254,11.183149581213517,7.594868319368781,0.8,2.345787431799081,-0.08222349733114243,11.924528738517507
23.80001473426819,11.183149581213517,7.594868319368781,0.8,2.346353652884434,-0.08222349733114243,11.924528738517507
23.833087921142578,11.183149581213517,7.594868319368781,0.8,2.346353652884434,-0.07369813323020935,11.924528738517507
23.867204189300537,10.95222577862944,7.540783075028276,0.8,2.346353652884434,-0.0637245774269104,11.708174891689698
23.900055408477783,10.95222577862944,7.540783075028276,0.8,2.342845772635394,-0.0637245774269104,11.708174891689698
23.93320059776306,10.95222577862944,7.540783075028276,0.8,2.342845772635394,-0.055420272052288055,11.708174891689698
23.966440200805664,10.723341984926142,7.500756484693554,0.8,2.342845772635394,-0.014854887500405312,11.502925749104127
24.000053882598877,10.723341984926142,7.500756484693554,0.8,2.338823421857209,-0.014854887500405312,11.502925749104127
24.03353190422058,10.723341984926142,7.500756484693554,0.8,2.338823421857209,-0.014854887500405312,11.502925749104127
24.06669569015503,10.493254832743917,7.46505750101518,0.8,2.338823421857209,0.01464261393994093,11.30049395556636
24.100041389465332,10.493254832743917,7.46505750101518,0.8,2.3395670339617576,0.01464261393994093,11.30049395556636
24.133330583572388,10.493254832743917,7.46505750101518,0.8,2.3395670339617576,0.01464261393994093,11.30049395556636
24.166699171066284,10.262375430858281,7.426659717109826,0.8,2.3395670339617576,0.03636547923088074,11.096931855187707
24.199933767318726,10.262375430858281,7.426659717109826,0.8,2.3367302623622854,0.03636547923088074,11.096931855187707
24.23330855369568,10.262375430858281,7.426659717109826,0.8,2.3367302623622854,0.03636547923088074,11.096931855187707
24.266639232635498,10.027504346007493,7.380314369546431,0.8,2.3367302623622854,0.04737548157572746,10.886433305296453
24.300233840942383,10.027504346007493,7.380314369546431,0.8,2.332584585558564,0.04737548157572746,10.886433305296453
24.333353996276855,10.027504346007493,7.380314369546431,0.8,2.332584585558564,0.04737548157572746,10.886433305296453
24.366624116897583,9.806508569886656,7.325606477370558,0.8,2.332584585558564,0.06041739881038666,10.682277173748439
24.400091886520386,9.806508569886656,7.325606477370558,0.8,2.3330499284469917,0.06041739881038666,10.682277173748439
24.433497190475464,9.806508569886656,7.325606477370558,0.8,2.3330499284469917,0.06041739881038666,10.682277173748439
24.46642565727234,9.57941798011563,7.256152215500297,0.8,2.3330499284469917,0.061296071857213974,10.4648183637376
24.500081777572632,9.57941798011563,7.256152215500297,0.8,2.3391690590179137,0.061296071857213974,10.4648183637376
24.533401250839233,9.57941798011563,7.256152215500297,0.8,2.3391690590179137,0.061296071857213974,10.4648183637376
24.566728830337524,9.356532944518209,7.176544920728204,0.8,2.3391690590179137,0.03878667950630188,10.244676031128293
24.60003900527954,9.356532944518209,7.176544920728204,0.8,2.3406413149732326,0.03878667950630188,10.244676031128293
24.633179426193237,9.356532944518209,7.176544920728204,0.8,2.3406413149732326,0.03878667950630188,10.244676031128293
24.666441679000854,9.136817231952124,7.08910090286728,0.8,2.3406413149732326,0.0370342954993248,10.022409845440942
24.700052738189697,9.136817231952124,7.08910090286728,0.8,2.345014690234759,0.036456700414419174,10.022409845440942
24.733520984649658,9.136817231952124,7.08910090286728,0.8,2.345014690234759,0.036456700414419174,10.022409845440942
24.76663827896118,8.917448992219631,6.9928114864313695,0.8,2.345014690234759,0.03814995288848877,9.795106501709169
24.800076723098755,8.917448992219631,6.9928114864313695,0.8,2.352981390520271,0.03814995288848877,9.795106501709169
24.833431482315063,8.917448992219631,6.9928114864313695,0.8,2.352981390520271,0.03814995288848877,9.795106501709169
24.86661410331726,8.70649269241868,6.892551218164406,0.8,2.352981390520271,0.02871651016175747,9.571880995148405
24.90002417564392,8.70649269241868,6.892551218164406,0.8,2.354029496647198,0.0353226475417614,9.571880995148405
24.933406591415405,8.70649269241868,6.892551218164406,0.8,2.354029496647198,0.0353226475417614,9.571880995148405
24.967585563659668,8.490648849792144,6.781987337541092,0.8,2.354029496647198,0.0353226475417614,9.338548112765027
25.000113487243652,8.490648849792144,6.781987337541092,0.8,2.3439068138596104,0.043311405926942825,9.338548112765027
25.033413410186768,8.490648849792144,6.781987337541092,0.8,2.3439068138596104,0.043311405926942825,9.338548112765027
25.06643533706665,8.286168797136389,6.667596873283232,0.8,2.3439068138596104,0.0438053160905838,9.11129872192652
25.100233554840088,8.286168797136389,6.667596873283232,0.8,2.3469231538160953,0.05662092566490173,9.11129872192652
25.133458852767944,8.286168797136389,6.667596873283232,0.8,2.3469231538160953,0.05662092566490173,9.11129872192652
25.16643214225769,8.077507492923004,6.537251655659695,0.8,2.3469231538160953,0.05912001058459282,8.870348892157908
25.199769735336304,8.077507492923004,6.537251655659695,0.8,2.3474924586933126,0.05755358934402466,8.870348892157908
25.233360290527344,8.077507492923004,6.537251655659695,0.8,2.3474924586933126,0.05436389520764351,8.870348892157908
25.266387462615967,7.884690736884606,6.402018359438603,0.8,2.3474924586933126,0.05156007781624794,8.637662723507857
25.299901247024536,7.884690736884606,6.402018359438603,0.8,2.3395644262597264,0.04837460070848465,8.637662723507857
25.333380222320557,7.884690736884606,6.402018359438603,0.8,2.3395644262597264,0.0440361425280571,8.637662723507857
25.366451263427734,7.7258463049665025,6.280327178718133,0.8,2.3395644262597264,0.040049538016319275,8.438917109802768
25.400036811828613,7.7258463049665025,6.280327178718133,0.8,2.333345924974428,0.03402954339981079,8.438917109802768
25.433146953582764,7.7258463049665025,6.280327178718133,0.8,2.333345924974428,0.030167462304234505,8.438917109802768
25.46658420562744,7.538791003786352,6.127489372807449,0.8,2.333345924974428,0.0265944991260767,8.198290769667427
25.499775886535645,7.538791003786352,6.127489372807449,0.8,2.340461308632736,0.0265944991260767,8.198290769667427
25.53336787223816,7.538791003786352,6.127489372807449,0.8,2.340461308632736,0.0265944991260767,8.198290769667427
25.566444396972656,7.538791003786352,6.127489372807449,0.8,2.340461308632736,0.0265944991260767,8.198290769667427
25.60012125968933,7.327766059418352,5.94829202061954,0.8,2.340461308632736,-0.0031901642214506865,7.922148746940528
25.633384704589844,7.327766059418352,5.94829202061954,0.8,2.3500649476778452,-0.0031901642214506865,7.922148746940528
25.66648292541504,7.327766059418352,5.94829202061954,0.8,2.3500649476778452,-0.0031901642214506865,7.922148746940528
25.7000732421875,7.140264635247924,5.788022548861906,0.8,2.3500649476778452,-0.023428242653608322,7.676095554007587
25.733373165130615,7.140264635247924,5.788022548861906,0.8,2.3390626894331166,-0.023428242653608322,7.676095554007587
25.76659870147705,7.140264635247924,5.788022548861906,0.8,2.3390626894331166,-0.023428242653608322,7.676095554007587
25.799761533737183,6.960983491455433,5.639447815666795,0.8,2.3390626894331166,-0.030254654586315155,7.44415471715235
25.83330512046814,6.960983491455433,5.639447815666795,0.8,2.3252012754702567,-0.030254654586315155,7.44415471715235
25.86641812324524,6.960983491455433,5.639447815666795,0.8,2.3252012754702567,-0.030254654586315155,7.44415471715235
25.900033473968506,6.7726466902009035,5.494656990434953,0.8,2.3252012754702567,-0.04795138165354729,7.208540593871606
25.933385610580444,6.7726466902009035,5.494656990434953,0.8,2.3391752246227404,-0.04795138165354729,7.208540593871606
25.96670889854431,6.7726466902009035,5.494656990434953,0.8,2.3391752246227404,-0.04795138165354729,7.208540593871606
25.999857902526855,6.57522695345103,5.3574390726370655,0.8,2.3391752246227404,-0.05885285139083862,6.972055387766631
26.03314232826233,6.57522695345103,5.3574390726370655,0.8,2.350792918260727,-0.05885285139083862,6.972055387766631
26.06668210029602,6.57522695345103,5.3574390726370655,0.8,2.350792918260727,-0.05885285139083862,6.972055387766631
26.09972882270813,6.370843174803998,5.230803311745483,0.8,2.350792918260727,-0.05885285139083862,6.738578194749524
26.13327193260193,6.370843174803998,5.230803311745483,0.8,2.3366462277762694,-0.060066405683755875,6.738578194749524
26.166465997695923,6.370843174803998,5.230803311745483,0.8,2.3366462277762694,-0.060066405683755875,6.738578194749524
26.199881553649902,6.161919263946661,5.1168593813659,0.8,2.3366462277762694,-0.061345890164375305,6.511670121979213
26.233367204666138,6.161919263946661,5.1168593813659,0.8,2.3264426828558578,-0.06484261155128479,6.511670121979213
26.266465425491333,6.161919263946661,5.1168593813659,0.8,2.3264426828558578,-0.06484261155128479,6.511670121979213
26.302170753479004,5.9474246551628145,5.015493820944822,0.8,2.3264426828558578,-0.06468846648931503,6.291021663901958
26.33342146873474,5.9474246551628145,5.015493820944822,0.8,2.3390163262395833,-0.06556684523820877,6.291021663901958
26.36669421195984,5.810802321872455,4.958918121947715,0.8,2.3390163262395833,-0.0667976588010788,6.157041376581694
26.399965524673462,5.810802321872455,4.958918121947715,0.8,2.3418990288669876,-0.06611265987157822,6.157041376581694
26.43341040611267,5.810802321872455,4.958918121947715,0.8,2.3418990288669876,-0.06611265987157822,6.157041376581694
26.466411590576172,5.810802321872455,4.958918121947715,0.8,2.3418990288669876,-0.06611265987157822,6.157041376581694
26.49997067451477,5.49472207154213,4.850421939932737,0.8,2.3418990288669876,-0.06611265987157822,5.866623436340066
26.53338074684143,5.49472207154213,4.850421939932737,0.8,2.3419211367784443,-0.05864187330007553,5.866623436340066
26.566439628601074,5.49472207154213,4.850421939932737,0.8,2.3419211367784443,-0.05864187330007553,5.866623436340066
26.60022521018982,5.266662028412759,4.789599004369309,0.8,2.3419211367784443,-0.05877363681793213,5.673588578804741
26.633763313293457,5.266662028412759,4.789599004369309,0.8,2.3323138922630426,-0.05545397102832794,5.673588578804741
26.666628122329712,5.131562214050829,4.75956947424973,0.8,2.3323138922630426,-0.053003065288066864,5.565505721881024
26.699989795684814,5.131562214050829,4.75956947424973,0.8,2.350077327540283,-0.048252612352371216,5.565505721881024
26.733407497406006,5.131562214050829,4.75956947424973,0.8,2.350077327540283,-0.048252612352371216,5.565505721881024
26.766616106033325,5.131562214050829,4.75956947424973,0.8,2.350077327540283,-0.048252612352371216,5.565505721881024
26.800287008285522,4.793366712735809,4.700986027420278,0.8,2.350077327540283,-0.048252612352371216,5.314553900245207
26.833317756652832,4.793366712735809,4.700986027420278,0.8,2.348005480178661,-0.04190605878829956,5.314553900245207
26.866615056991577,4.793366712735809,4.700986027420278,0.8,2.348005480178661,-0.04190605878829956,5.314553900245207
26.900015354156494,4.793366712735809,4.700986027420278,0.8,2.348005480178661,-0.04190605878829956,5.314553900245207
26.933130741119385,4.553562119408802,4.672176387435774,0.8,2.348005480178661,-0.04190605878829956,5.153632168290744
26.966595888137817,4.434870204059761,4.661448631114318,0.8,2.3456373625908227,-0.02969999611377716,5.079313505586915
27.000102519989014,4.434870204059761,4.661448631114318,0.8,2.3450119993964953,-0.019814254716038704,5.079313505586915
27.033379077911377,4.434870204059761,4.661448631114318,0.8,2.3450119993964953,-0.019814254716038704,5.079313505586915
27.066436767578125,4.434870204059761,4.661448631114318,0.8,2.3450119993964953,-0.019814254716038704,5.079313505586915
27.100076913833618,4.434870204059761,4.661448631114318,0.8,2.3450119993964953,-0.019814254716038704,5.079313505586915
27.13311195373535,4.075101948325025,4.637483517640159,0.8,2.3450119993964953,-0.003659340087324381,4.872399524239403
27.16660475730896,3.970248493749093,4.632040398743827,0.8,2.354713524251917,0.004289701581001282,4.816859261714729
27.20008611679077,3.970248493749093,4.632040398743827,0.8,2.340238906010406,0.004289701581001282,4.816859261714729
27.23338270187378,3.970248493749093,4.632040398743827,0.8,2.340238906010406,0.011913572438061237,4.816859261714729
27.266663789749146,3.7288669169225868,4.6183341194103935,0.8,2.340238906010406,0.010970409959554672,4.694374344254236
27.29999327659607,3.7288669169225868,4.6183341194103935,0.8,2.343718711097063,0.010970409959554672,4.694374344254236
27.33340811729431,3.7288669169225868,4.6183341194103935,0.8,2.343718711097063,0.021118102595210075,4.694374344254236
27.366450548171997,3.7288669169225868,4.6183341194103935,0.8,2.343718711097063,0.021118102595210075,4.694374344254236
27.40007185935974,3.7288669169225868,4.6183341194103935,0.8,2.343718711097063,0.021118102595210075,4.694374344254236
27.433141231536865,3.355548847136448,4.5892638318016195,0.8,2.343718711097063,0.025640912353992462,4.5165852149571055
27.466562509536743,3.265107869166326,4.580405474777016,0.8,2.352400134536481,0.03362191841006279,4.4754676435755
27.50022530555725,3.265107869166326,4.580405474777016,0.8,2.3511072397391386,0.03362191841006279,4.4754676435755
27.533452033996582,3.265107869166326,4.580405474777016,0.8,2.3511072397391386,0.033623091876506805,4.4754676435755
27.566627264022827,3.0360735809454353,4.5534248765710705,0.8,2.3511072397391386,0.03669583797454834,4.373732932937863
27.600035429000854,3.0360735809454353,4.5534248765710705,0.8,2.3483605792644373,0.03669583797454834,4.373732932937863
27.633288621902466,3.0360735809454353,4.5534248765710705,0.8,2.3483605792644373,0.04385007917881012,4.373732932937863
27.666869640350342,3.0360735809454353,4.5534248765710705,0.8,2.3483605792644373,0.04385007917881012,4.373732932937863
27.700138568878174,3.0360735809454353,4.5534248765710705,0.8,2.3483605792644373,0.04385007917881012,4.373732932937863
27.734862327575684,2.641723568896773,4.487153671813747,0.8,2.3483605792644373,0.04394468665122986,4.2031156405234436
27.768043041229248,2.5734383192956547,4.472841183127802,0.8,2.350448691268573,0.04394468665122986,4.17398280467481
27.800085306167603,2.5734383192956547,4.472841183127802,0.8,2.3562994756908857,0.04394468665122986,4.17398280467481
27.833338260650635,2.5734383192956547,4.472841183127802,0.8,2.3562994756908857,0.06448447704315186,4.17398280467481
27.866628170013428,2.3442223940272027,4.416163116670378,0.8,2.3562994756908857,0.07716327905654907,4.074876394698725
27.900078535079956,2.3442223940272027,4.416163116670378,0.8,2.3480043222269567,0.07716327905654907,4.074876394698725
27.93310546875,2.3442223940272027,4.416163116670378,0.8,2.3480043222269567,0.0992312952876091,4.074876394698725
27.966540575027466,2.1211029043334375,4.3418843901769915,0.8,2.3480043222269567,0.13217058777809143,3.9704903516552856
27.999922037124634,2.1211029043334375,4.3418843901769915,0.8,2.3414737680658675,0.1481482833623886,3.9704903516552856
28.033273458480835,2.1211029043334375,4.3418843901769915,0.8,2.3414737680658675,0.16525790095329285,3.9704903516552856
28.0666606426239,1.901878275724028,4.236104639010174,0.8,2.3414737680658675,0.15397576987743378,3.846349596117767
28.100013256072998,1.901878275724028,4.236104639010174,0.8,2.344248017560955,0.15397576987743378,3.846349596117767
28.13324236869812,1.901878275724028,4.236104639010174,0.8,2.344248017560955,0.1907125562429428,3.846349596117767
28.1665780544281,1.714043379879672,4.1033868191012335,0.8,2.344248017560955,0.20451465249061584,3.707214396544558
28.200050115585327,1.714043379879672,4.1033868191012335,0.8,2.3472131769622377,0.20451465249061584,3.707214396544558
28.233489751815796,1.714043379879672,4.1033868191012335,0.8,2.3472131769622377,0.20451465249061584,3.707214396544558
28.26663851737976,1.554488906772616,3.9394325101672076,0.8,2.3472131769622377,0.21507523953914642,3.5451713253212427
28.300077199935913,1.554488906772616,3.9394325101672076,0.8,2.3412348998268993,0.21507523953914642,3.5451713253212427
28.33345651626587,1.554488906772616,3.9394325101672076,0.8,2.3412348998268993,0.21507523953914642,3.5451713253212427
28.366634607315063,1.4304366820366519,3.743283587415671,0.8,2.3412348998268993,0.22509342432022095,3.3559562194948223
28.399943113327026,1.4304366820366519,3.743283587415671,0.8,2.3370205747339456,0.23569577932357788,3.3559562194948223
28.433376789093018,1.4304366820366519,3.743283587415671,0.8,2.3370205747339456,0.23569577932357788,3.3559562194948223
28.466604709625244,1.350750390169617,3.520125002414578,0.8,2.3370205747339456,0.23202691972255707,3.140704253717712
28.500020027160645,1.350750390169617,3.520125002414578,0.8,2.345926229202955,0.23202691972255707,3.140704253717712
28.533377170562744,1.350750390169617,3.520125002414578,0.8,2.345926229202955,0.23202691972255707,3.140704253717712
28.56671118736267,1.321782254646491,3.2909464059328606,0.8,2.345926229202955,0.23724870383739471,2.916141953926996
28.60011386871338,1.321782254646491,3.2909464059328606,0.8,2.350460798849316,0.23724870383739471,2.916141953926996
28.633143663406372,1.321782254646491,3.2909464059328606,0.8,2.350460798849316,0.23724870383739471,2.916141953926996
28.666683435440063,1.3387156835544225,3.0556145255660248,0.8,2.350460798849316,0.19503413140773773,2.680327271717967
28.700089693069458,1.3387156835544225,3.0556145255660248,0.8,2.3397460471177003,0.19503413140773773,2.680327271717967
28.733539581298828,1.3387156835544225,3.0556145255660248,0.8,2.3397460471177003,0.19503413140773773,2.680327271717967
28.766550064086914,1.3969658737852861,2.8251898572726666,0.8,2.3397460471177003,0.17521817982196808,2.4448634289966
28.80009150505066,1.3969658737852861,2.8251898572726666,0.8,2.334367513175791,0.17521817982196808,2.4448634289966
28.83339262008667,1.3969658737852861,2.8251898572726666,0.8,2.334367513175791,0.17521817982196808,2.4448634289966
28.86666512489319,1.484225050492267,2.6133612156296255,0.8,2.334367513175791,0.11455739289522171,2.2253233233901226
28.89979386329651,1.484225050492267,2.6133612156296255,0.8,2.3420234269815623,0.1118292286992073,2.2253233233901226
28.93342638015747,1.484225050492267,2.6133612156296255,0.8,2.3420234269815623,0.1118292286992073,2.2253233233901226
28.966700077056885,1.5964485861866862,2.403475943525703,0.8,2.3420234269815623,0.07623640447854996,2.008710445932625
28.99995994567871,1.5964485861866862,2.403475943525703,0.8,2.3489645589525106,0.07623640447854996,2.008710445932625
29.03334379196167,1.5964485861866862,2.403475943525703,0.8,2.3489645589525106,0.07623640447854996,2.008710445932625
29.06637215614319,1.7233414408051533,2.204699854695233,0.8,2.3489645589525106,0.05486876890063286,1.8089434841473362
29.100078344345093,1.7233414408051533,2.204699854695233,0.8,2.342723574518631,0.022938275709748268,1.8089434841473362
29.13337540626526,1.7233414408051533,2.204699854695233,0.8,2.342723574518631,0.022938275709748268,1.8089434841473362
29.166409492492676,1.8602583353917463,2.0103865568418255,0.8,2.342723574518631,0.008186092600226402,1.6244482310911732
29.200018167495728,1.8602583353917463,2.0103865568418255,0.8,2.339153158694002,0.008186092600226402,1.6244482310911732
29.233399868011475,1.8602583353917463,2.0103865568418255,0.8,2.339153158694002,0.008186092600226402,1.6244482310911732
29.266454219818115,1.999966301583139,1.813656109067553,0.8,2.339153158694002,-0.0239104013890028,1.453731613789636
29.300082206726074,1.999966301583139,1.813656109067553,0.8,2.3377660051400286,-0.02787838876247406,1.453731613789636
29.333415985107422,1.999966301583139,1.813656109067553,0.8,2.3377660051400286,-0.02787838876247406,1.453731613789636
29.367128610610962,2.1360300123122444,1.6136834660034438,0.8,2.3377660051400286,-0.02787838876247406,1.3011591155384894
29.400081396102905,2.1360300123122444,1.6136834660034438,0.8,2.3404893717435327,-0.04552546143531799,1.3011591155384894
29.433405876159668,2.1360300123122444,1.6136834660034438,0.8,2.3404893717435327,-0.04552546143531799,1.3011591155384894
29.46639394760132,2.2625268566657892,1.4142723099727235,0.8,2.3404893717435327,-0.04141518101096153,1.1745374084567086
29.49999761581421,2.2625268566657892,1.4142723099727235,0.8,2.34341128068697,-0.04141518101096153,1.1745374084567086
29.53340482711792,2.2625268566657892,1.4142723099727235,0.8,2.34341128068697,-0.04141518101096153,1.1745374084567086
29.566328525543213,2.382586956373139,1.2079508525058773,0.8,2.34341128068697,-0.04141518101096153,1.0757315774725384
29.600051879882812,2.382586956373139,1.2079508525058773,0.8,2.327770204422322,-0.04141518101096153,1.0757315774725384
29.633390426635742,2.382586956373139,1.2079508525058773,0.8,2.327770204422322,-0.04141518101096153,1.0757315774725384
29.666471242904663,2.382586956373139,1.2079508525058773,0.8,2.327770204422322,-0.04141518101096153,1.0757315774725384
29.70002579689026,2.494821609995346,0.9967609521049444,0.8,2.327770204422322,-0.04286821559071541,1.014931849751715
29.7334303855896,2.494821609995346,0.9967609521049444,0.8,2.3464753560172955,-0.04286821559071541,1.014931849751715
29.766636610031128,2.494821609995346,0.9967609521049444,0.8,2.3464753560172955,-0.04286821559071541,1.014931849751715
29.800047636032104,2.6003127611637855,0.777770077625132,0.8,2.3464753560172955,-0.04286821559071541,0.9994269963167444
29.83336067199707,2.6003127611637855,0.777770077625132,0.8,2.350927556641506,-0.014806462451815605,0.9994269963167444
29.866843700408936,2.6003127611637855,0.777770077625132,0.8,2.350927556641506,-0.014806462451815605,0.9994269963167444
29.90020990371704,2.697604499174713,0.560944114069938,0.8,2.350927556641506,-0.014300921931862831,1.0342576828681962
29.933506727218628,2.697604499174713,0.560944114069938,0.8,2.344392122554277,-0.005505839362740517,1.0342576828681962
29.966765642166138,2.697604499174713,0.560944114069938,0.8,2.344392122554277,-0.005505839362740517,1.0342576828681962
29.999921321868896,2.7955230980080295,0.3370724787879228,0.8,2.344392122554277,-0.0007523810490965843,1.1205669543680545
30.033419370651245,2.7955230980080295,0.3370724787879228,0.8,2.353319418463946,-0.0007523810490965843,1.1205669543680545
30.066616535186768,2.7955230980080295,0.3370724787879228,0.8,2.353319418463946,-0.0007523810490965843,1.1205669543680545
30.099770307540894,2.89176799936527,0.11775253857524534,0.8,2.353319418463946,0.018283536657691002,1.2467706517484827
30.13327932357788,2.89176799936527,0.11775253857524534,0.8,2.3587395938069533,0.018283536657691002,1.2467706517484827
30.16659379005432,2.89176799936527,0.11775253857524534,0.8,2.3587395938069533,0.018283536657691002,1.2467706517484827
30.19990849494934,2.9983614782917996,-0.10098294063770549,0.8,2.3587395938069533,0.07607271522283554,1.4123037554422113
30.23337745666504,2.9983614782917996,-0.10098294063770549,0.8,2.3579700379215844,0.07607271522283554,1.4123037554422113
30.266677856445312,2.9983614782917996,-0.10098294063770549,0.8,2.3579700379215844,0.07607271522283554,1.4123037554422113
30.300026655197144,3.1185787303603787,-0.3084816121824426,0.8,2.3579700379215844,0.09353888779878616,1.60509240790407
30.33342480659485,3.1185787303603787,-0.3084816121824426,0.8,2.3507251158311777,0.09353888779878616,1.60509240790407
30.366770029067993,3.1185787303603787,-0.3084816121824426,0.8,2.3507251158311777,0.09353888779878616,1.60509240790407
30.399685621261597,3.2540315133251885,-0.5046963284822394,0.8,2.3507251158311777,0.10538248717784882,1.8167088283784412
30.433420181274414,3.2540315133251885,-0.5046963284822394,0.8,2.3521116631614682,0.10538248717784882,1.8167088283784412
30.46673083305359,3.2540315133251885,-0.5046963284822394,0.8,2.3521116631614682,0.10538248717784882,1.8167088283784412
30.49980139732361,3.410133830693587,-0.6908740616294367,0.8,2.3521116631614682,0.11079004406929016,2.0463332445416804
30.53351902961731,3.410133830693587,-0.6908740616294367,0.8,2.355544975619635,0.10866081714630127,2.0463332445416804
30.566654920578003,3.5165376368190464,-0.7984556271649083,0.8,2.355544975619635,0.10866081714630127,2.193908265199466
30.599767923355103,3.5165376368190464,-0.7984556271649083,0.8,2.348230207638478,0.0923771783709526,2.193908265199466
30.6333270072937,3.5165376368190464,-0.7984556271649083,0.8,2.348230207638478,0.0923771783709526,2.193908265199466
30.66659665107727,3.5165376368190464,-0.7984556271649083,0.8,2.348230207638478,0.0923771783709526,2.193908265199466
30.69992733001709,3.770189319982409,-1.0116800664921999,0.8,2.348230207638478,0.08532295376062393,2.523095376783471
30.73337483406067,3.770189319982409,-1.0116800664921999,0.8,2.345394775695625,0.07974037528038025,2.523095376783471
30.766622304916382,3.770189319982409,-1.0116800664921999,0.8,2.345394775695625,0.07974037528038025,2.523095376783471
30.800007820129395,3.965030486923118,-1.146505841457889,0.8,2.345394775695625,0.07348323613405228,2.7600173635420737
30.83334732055664,3.965030486923118,-1.146505841457889,0.8,2.3434182637802414,0.06768782436847687,2.7600173635420737
30.866424083709717,3.965030486923118,-1.146505841457889,0.8,2.3434182637802414,0.06768782436847687,2.7600173635420737
30.89974594116211,4.170666981488212,-1.2707489297528491,0.8,2.3434182637802414,0.05958269536495209,3.0000000222279657
30.933356046676636,4.170666981488212,-1.2707489297528491,0.8,2.34095773922729,0.05474001169204712,3.0000000222279657
30.966511249542236,4.293141724510406,-1.337772072479294,0.8,2.34095773922729,0.04251958802342415,3.1390923798561317
31.000024557113647,4.293141724510406,-1.337772072479294,0.8,2.3376521986963628,0.032961755990982056,3.1390923798561317
31.033316373825073,4.293141724510406,-1.337772072479294,0.8,2.3376521986963628,0.032961755990982056,3.1390923798561317
31.066662073135376,4.293141724510406,-1.337772072479294,0.8,2.3376521986963628,0.032961755990982056,3.1390923798561317
31.09975790977478,4.293141724510406,-1.337772072479294,0.8,2.3376521986963628,0.032961755990982056,3.1390923798561317
31.13329243659973,4.600487246013427,-1.4914998877406835,0.8,2.3376521986963628,0.02553514949977398,3.4804560387638577
31.166593074798584,4.600487246013427,-1.4914998877406835,0.8,2.3468099937598432,0.02553514949977398,3.4804560387638577
31.199967861175537,4.600487246013427,-1.4914998877406835,0.8,2.3468099937598432,0.02553514949977398,3.4804560387638577
31.233280181884766,4.814002020820159,-1.5894405913218326,0.8,2.3468099937598432,-0.0009943112963810563,3.7131078931679578
31.26635241508484,4.918737809231352,-1.6360394589287623,0.8,2.344534478087619,-0.010964510031044483,3.82656447650439
31.29995322227478,4.918737809231352,-1.6360394589287623,0.8,2.3426870108134366,-0.010964510031044483,3.82656447650439
31.333183765411377,4.918737809231352,-1.6360394589287623,0.8,2.3426870108134366,-0.022295856848359108,3.82656447650439
31.36670184135437,4.918737809231352,-1.6360394589287623,0.8,2.3426870108134366,-0.022295856848359108,3.82656447650439
31.400023221969604,4.918737809231352,-1.6360394589287623,0.8,2.3426870108134366,-0.022295856848359108,3.82656447650439
31.433112621307373,5.25144309389818,-1.7915727123894358,0.8,2.3426870108134366,-0.025819256901741028,4.191311651195022
31.46672749519348,5.25144309389818,-1.7915727123894358,0.8,2.3299296485404897,-0.025819256901741028,4.191311651195022
31.500046730041504,5.25144309389818,-1.7915727123894358,0.8,2.3299296485404897,-0.025819256901741028,4.191311651195022
31.533378839492798,5.463718075625665,-1.8987870611147315,0.8,2.3299296485404897,-0.04527350142598152,4.428378485332393
31.56665277481079,5.463718075625665,-1.8987870611147315,0.8,2.34085287345781,-0.04527350142598152,4.428378485332393
31.600027322769165,5.463718075625665,-1.8987870611147315,0.8,2.34085287345781,-0.04527350142598152,4.428378485332393
31.6333487033844,5.673643011249335,-2.0136715528645897,0.8,2.34085287345781,-0.05045370012521744,4.667462829521152
31.668006896972656,5.754994890318251,-2.061457724968558,0.8,2.354993993281207,-0.04477854073047638,4.76180527639685
31.700027227401733,5.754994890318251,-2.061457724968558,0.8,2.351577598727986,-0.04477854073047638,4.76180527639685
31.733351707458496,5.754994890318251,-2.061457724968558,0.8,2.351577598727986,-0.03125014901161194,4.76180527639685
31.766653776168823,5.754994890318251,-2.061457724968558,0.8,2.351577598727986,-0.03125014901161194,4.76180527639685
31.799994468688965,5.754994890318251,-2.061457724968558,0.8,2.351577598727986,-0.03125014901161194,4.76180527639685
31.833085536956787,6.085319310394029,-2.2704685861628304,0.8,2.351577598727986,0.028784925118088722,5.15261557796
31.866499423980713,6.1501256149625965,-2.3132594689279022,0.8,2.3466790792719543,0.053630977869033813,5.230214674170368
31.899986743927002,6.1501256149625965,-2.3132594689279022,0.8,2.3597728261288125,0.06779205054044724,5.230214674170368
31.934092044830322,6.1501256149625965,-2.3132594689279022,0.8,2.3597728261288125,0.06779205054044724,5.230214674170368
31.96667766571045,6.1501256149625965,-2.3132594689279022,0.8,2.3597728261288125,0.06779205054044724,5.230214674170368
31.99996256828308,6.1501256149625965,-2.3132594689279022,0.8,2.3597728261288125,0.06779205054044724,5.230214674170368
32.03321027755737,6.501834893055559,-2.5084571270041085,0.8,2.3597728261288125,0.10901173949241638,5.6321917455836275
32.0666778087616,6.562210337488536,-2.5353407197703337,0.8,2.366653179643927,0.11768627166748047,5.697788703519783
32.09980082511902,6.562210337488536,-2.5353407197703337,0.8,2.357845623153543,0.11768627166748047,5.697788703519783
32.133408546447754,6.562210337488536,-2.5353407197703337,0.8,2.357845623153543,0.1617531180381775,5.697788703519783
32.16641569137573,6.789670598256732,-2.6125856498505273,0.8,2.357845623153543,0.17492899298667908,5.932791721924438
32.20006513595581,6.789670598256732,-2.6125856498505273,0.8,2.339865953424492,0.17374132573604584,5.932791721924438
32.233073472976685,6.789670598256732,-2.6125856498505273,0.8,2.339865953424492,0.17346526682376862,5.932791721924438
32.26662278175354,7.017399762488054,-2.65218361877444,0.8,2.339865953424492,0.17159491777420044,6.149680238529947
32.29989671707153,7.017399762488054,-2.65218361877444,0.8,2.3503393851757135,0.17159491777420044,6.149680238529947
32.333070516586304,7.017399762488054,-2.65218361877444,0.8,2.3503393851757135,0.16100111603736877,6.149680238529947
32.36641573905945,7.252458783876027,-2.6567676058348613,0.8,2.3503393851757135,0.16445109248161316,6.357092968525618
32.39996552467346,7.252458783876027,-2.6567676058348613,0.8,2.3533447709540765,0.16445109248161316,6.357092968525618
32.43301868438721,7.252458783876027,-2.6567676058348613,0.8,2.3533447709540765,0.16515135765075684,6.357092968525618
32.467719316482544,7.487576385529817,-2.62599286242075,0.8,2.3533447709540765,0.1660393327474594,6.550033572375291
32.50002861022949,7.487576385529817,-2.62599286242075,0.8,2.3435849601620817,0.15797637403011322,6.550033572375291
32.53336238861084,7.487576385529817,-2.62599286242075,0.8,2.3435849601620817,0.15797637403011322,6.550033572375291
32.56671595573425,7.721704907456652,-2.557811917816714,0.8,2.3435849601620817,0.1564427763223648,6.728397724009388
32.60002565383911,7.721704907456652,-2.557811917816714,0.8,2.3472566255036558,0.1564427763223648,6.728397724009388
32.633397817611694,7.721704907456652,-2.557811917816714,0.8,2.3472566255036558,0.1564427763223648,6.728397724009388
32.66676735877991,7.924745737382533,-2.4704792445335735,0.8,2.3472566255036558,0.09288296848535538,6.874520567054133
32.70002722740173,7.924745737382533,-2.4704792445335735,0.8,2.355580803876501,0.09288296848535538,6.874520567054133
32.733384132385254,7.924745737382533,-2.4704792445335735,0.8,2.355580803876501,0.09288296848535538,6.874520567054133
32.76661801338196,8.135496800324045,-2.3577002907549476,0.8,2.355580803876501,0.08509387075901031,7.02162141928674
32.800026655197144,8.135496800324045,-2.3577002907549476,0.8,2.3582335820857883,0.08509387075901031,7.02162141928674
32.83342456817627,8.135496800324045,-2.3577002907549476,0.8,2.3582335820857883,0.08509387075901031,7.02162141928674
32.86643433570862,8.335584427487879,-2.2321446350456173,0.8,2.3582335820857883,0.047887057065963745,7.15905795132908
32.90007567405701,8.335584427487879,-2.2321446350456173,0.8,2.353637480834213,0.047887057065963745,7.15905795132908
32.93339443206787,8.335584427487879,-2.2321446350456173,0.8,2.353637480834213,0.047887057065963745,7.15905795132908
32.96642184257507,8.335584427487879,-2.2321446350456173,0.8,2.353637480834213,0.047887057065963745,7.15905795132908
32.99993634223938,8.58699841486486,-2.058824436671563,0.8,2.353637480834213,0.019555319100618362,7.333660336892543
33.033119678497314,8.58699841486486,-2.058824436671563,0.8,2.3402782006246516,0.019555319100618362,7.333660336892543
33.06646990776062,8.58699841486486,-2.058824436671563,0.8,2.3402782006246516,0.019555319100618362,7.333660336892543
33.100189447402954,8.58699841486486,-2.058824436671563,0.8,2.3402782006246516,0.019555319100618362,7.333660336892543
33.13337802886963,8.58699841486486,-2.058824436671563,0.8,2.3402782006246516,0.019555319100618362,7.333660336892543
33.16637921333313,8.915403590681644,-1.8179363428475872,0.8,2.3402782006246516,0.00114873715210706,7.569971627862932
33.19977521896362,8.915403590681644,-1.8179363428475872,0.8,2.3518561659836976,-0.014143912121653557,7.569971627862932
33.2333402633667,8.915403590681644,-1.8179363428475872,0.8,2.3518561659836976,-0.014143912121653557,7.569971627862932
33.26640343666077,9.10180945754055,-1.679087345366929,0.8,2.3518561659836976,-0.023818202316761017,7.709885144638209
33.30000019073486,9.10180945754055,-1.679087345366929,0.8,2.3516855190357746,-0.023818202316761017,7.709885144638209
33.33384442329407,9.10180945754055,-1.679087345366929,0.8,2.3516855190357746,-0.023818202316761017,7.709885144638209
33.3674852848053,9.294384190662898,-1.541307512189522,0.8,2.3516855190357746,-0.02395363710820675,7.860428175315873
33.39993453025818,9.294384190662898,-1.541307512189522,0.8,2.3451231116366134,-0.02395363710820675,7.860428175315873
33.43335962295532,9.294384190662898,-1.541307512189522,0.8,2.3451231116366134,-0.02395363710820675,7.860428175315873
33.46632170677185,9.48959087129393,-1.4101615391234488,0.8,2.3451231116366134,-0.04023757576942444,8.019196627299994
33.50003433227539,9.48959087129393,-1.4101615391234488,0.8,2.348477333209799,-0.0011683274060487747,8.019196627299994
33.53339648246765,9.48959087129393,-1.4101615391234488,0.8,2.348477333209799,-0.0011683274060487747,8.019196627299994
33.566771030426025,9.69448698131242,-1.2780526947298139,0.8,2.348477333209799,-0.00017843311070464551,8.190932026187356
33.5999059677124,9.69448698131242,-1.2780526947298139,0.8,2.3410953379764075,0.002159308874979615,8.190932026187356
33.63339161872864,9.69448698131242,-1.2780526947298139,0.8,2.3410953379764075,0.002159308874979615,8.190932026187356
33.66656851768494,9.89158077712,-1.1508294573739155,0.8,2.3410953379764075,0.003274262649938464,8.35948150358298
33.70000648498535,9.89158077712,-1.1508294573739155,0.8,2.3474819149204604,0.027338778600096703,8.35948150358298
33.733386278152466,9.89158077712,-1.1508294573739155,0.8,2.3474819149204604,0.027338778600096703,8.35948150358298
33.76643896102905,10.092540750391114,-1.016816296570315,0.8,2.3474819149204604,0.029679564759135246,8.533837460882143
33.80008316040039,10.092540750391114,-1.016816296570315,0.8,2.3606286785244595,0.03668150305747986,8.533837460882143
33.8333420753479,10.092540750391114,-1.016816296570315,0.8,2.3606286785244595,0.03668150305747986,8.533837460882143
33.866803884506226,10.290990907700131,-0.8752920853423045,0.8,2.3606286785244595,0.03668150305747986,8.707819153254313
33.900070667266846,10.290990907700131,-0.8752920853423045,0.8,2.3650391859055984,0.03666731342673302,8.707819153254313
33.93338942527771,10.290990907700131,-0.8752920853423045,0.8,2.3650391859055984,0.03666731342673302,8.707819153254313
33.96679997444153,10.290990907700131,-0.8752920853423045,0.8,2.3650391859055984,0.03666731342673302,8.707819153254313
33.99979281425476,10.483359538169985,-0.7277733422958211,0.8,2.3650391859055984,0.05359184741973877,8.878288229877667
34.03355002403259,10.483359538169985,-0.7277733422958211,0.8,2.362804364922182,0.05359184741973877,8.878288229877667
34.066585540771484,10.483359538169985,-0.7277733422958211,0.8,2.362804364922182,0.05359184741973877,8.878288229877667
34.10002422332764,10.666775639403273,-0.5743910471357436,0.8,2.362804364922182,0.06461156904697418,9.042508209281223
34.133368492126465,10.666775639403273,-0.5743910471357436,0.8,2.364547051069034,0.06461156904697418,9.042508209281223
34.166648149490356,10.666775639403273,-0.5743910471357436,0.8,2.364547051069034,0.06461156904697418,9.042508209281223
34.20028352737427,10.843857956412375,-0.4087790296078868,0.8,2.364547051069034,0.06200971081852913,9.20262092701694
34.23337197303772,10.843857956412375,-0.4087790296078868,0.8,2.3665486605771084,0.06200971081852913,9.20262092701694
34.26664185523987,10.843857956412375,-0.4087790296078868,0.8,2.3665486605771084,0.06200971081852913,9.20262092701694
34.299853563308716,11.01380726747687,-0.22983026175915627,0.8,2.3665486605771084,0.05974053218960762,9.358255331422198
34.333144426345825,11.01380726747687,-0.22983026175915627,0.8,2.358623992418832,0.06436528265476227,9.358255331422198
34.36640930175781,11.01380726747687,-0.22983026175915627,0.8,2.358623992418832,0.06436528265476227,9.358255331422198
34.40005540847778,11.170678629463142,-0.043722569387305565,0.8,2.358623992418832,0.06447730958461761,9.504347067683797
34.433467388153076,11.170678629463142,-0.043722569387305565,0.8,2.3487660667847927,0.06447730958461761,9.504347067683797
34.46640396118164,11.170678629463142,-0.043722569387305565,0.8,2.3487660667847927,0.06447730958461761,9.504347067683797
34.49975872039795,11.313218652324645,0.14895025021589514,0.8,2.3487660667847927,0.06208740919828415,9.639868381581179
34.53321933746338,11.313218652324645,0.14895025021589514,0.8,2.3523543345106273,0.06208740919828415,9.639868381581179
34.56662368774414,11.40665098133233,0.29046268554722743,0.8,2.3523543345106273,0.06634887307882309,9.73070148287019
34.60002398490906,11.40665098133233,0.29046268554722743,0.8,2.3495940519146195,0.06634887307882309,9.73070148287019
34.63331961631775,11.40665098133233,0.29046268554722743,0.8,2.3495940519146195,0.06634887307882309,9.73070148287019
34.66668915748596,11.40665098133233,0.29046268554722743,0.8,2.3495940519146195,0.06634887307882309,9.73070148287019
34.699748277664185,11.559003311375113,0.5551781468631471,0.8,2.3495940519146195,0.06917513906955719,9.883753580359976
34.73311519622803,11.559003311375113,0.5551781468631471,0.8,2.342564875158755,0.06519804149866104,9.883753580359976
34.766592025756836,11.559003311375113,0.5551781468631471,0.8,2.342564875158755,0.06519804149866104,9.883753580359976
34.79975605010986,11.663012150708212,0.7698724941741218,0.8,2.342564875158755,0.06527038663625717,9.993468873147046
34.83335876464844,11.663012150708212,0.7698724941741218,0.8,2.3423136640320297,0.06286343187093735,9.993468873147046
34.866427183151245,11.72261908271348,0.9100064367133455,0.8,2.3423136640320297,0.06256598234176636,10.059215733683505
34.899890184402466,11.72261908271348,0.9100064367133455,0.8,2.3483440499733232,0.059050485491752625,10.059215733683505
34.93331241607666,11.72261908271348,0.9100064367133455,0.8,2.3483440499733232,0.059050485491752625,10.059215733683505
34.967607498168945,11.808096921972504,1.1407929580487446,0.8,2.3483440499733232,0.06009295955300331,10.158883356748511
35.000030279159546,11.808096921972504,1.1407929580487446,0.8,2.3477462889076635,0.05551610887050629,10.158883356748511
35.03313875198364,11.808096921972504,1.1407929580487446,0.8,2.3477462889076635,0.05551610887050629,10.158883356748511
35.066640853881836,11.808096921972504,1.1407929580487446,0.8,2.3477462889076635,0.05551610887050629,10.158883356748511
35.09980869293213,11.901657539864638,1.4536517229387118,0.8,2.3477462889076635,0.05551610887050629,10.279648860631596
35.133280754089355,11.901657539864638,1.4536517229387118,0.8,2.3451568868688493,0.03502461686730385,10.279648860631596
35.166614294052124,11.933720533384468,1.5811830966817235,0.8,2.3451568868688493,0.03489111736416817,10.32539804583543
35.19983911514282,11.933720533384468,1.5811830966817235,0.8,2.336191653453597,0.032357074320316315,10.32539804583543
35.23446226119995,11.933720533384468,1.5811830966817235,0.8,2.336191653453597,0.031242523342370987,10.32539804583543
35.26643347740173,11.985521924209614,1.8094988314792282,0.8,2.336191653453597,0.030809974297881126,10.405400359846478
35.3001446723938,11.985521924209614,1.8094988314792282,0.8,2.3481701617197457,0.027875112369656563,10.405400359846478
35.33338141441345,11.985521924209614,1.8094988314792282,0.8,2.3481701617197457,0.021167373284697533,10.405400359846478
35.366554975509644,12.032004302888328,2.039752932936036,0.8,2.3481701617197457,0.019523749127984047,10.485068836976117
35.39995884895325,12.032004302888328,2.039752932936036,0.8,2.3594792673596827,0.019523749127984047,10.485068836976117
35.433385133743286,12.032004302888328,2.039752932936036,0.8,2.3594792673596827,0.022761302068829536,10.485068836976117
35.46665382385254,12.032004302888328,2.039752932936036,0.8,2.3594792673596827,0.022761302068829536,10.485068836976117
35.500041007995605,12.032004302888328,2.039752932936036,0.8,2.3594792673596827,0.022761302068829536,10.485068836976117
35.533360958099365,12.094094839859,2.393816266634613,0.8,2.3594792673596827,0.02344476617872715,10.607335565270324
35.56662201881409,12.111789558844789,2.509053794352558,0.8,2.3489727242012646,0.022743625566363335,10.646980596405704
35.59999132156372,12.111789558844789,2.509053794352558,0.8,2.3442914938298234,0.022743625566363335,10.646980596405704
35.633277893066406,12.111789558844789,2.509053794352558,0.8,2.3442914938298234,0.02321162074804306,10.646980596405704
35.66663408279419,12.111789558844789,2.509053794352558,0.8,2.3442914938298234,0.02321162074804306,10.646980596405704
35.700032472610474,12.111789558844789,2.509053794352558,0.8,2.3442914938298234,0.02321162074804306,10.646980596405704
35.73332905769348,12.158529525459867,2.8715545579318946,0.8,2.3442914938298234,0.025285843759775162,10.770282242932069
35.76643252372742,12.158529525459867,2.8715545579318946,0.8,2.3486376685461123,0.025285843759775162,10.770282242932069
35.79983139038086,12.158529525459867,2.8715545579318946,0.8,2.3486376685461123,0.025285843759775162,10.770282242932069
35.836002826690674,12.18176756748569,3.1086572948751137,0.8,2.3486376685461123,0.024768734350800514,10.849730389577134
35.86666297912598,12.189544804277515,3.2040352204677887,0.8,2.3401042493985633,0.008199441246688366,10.881479523156013
35.90005111694336,12.189544804277515,3.2040352204677887,0.8,2.346552768582085,0.008199441246688366,10.881479523156013
35.93330216407776,12.189544804277515,3.2040352204677887,0.8,2.346552768582085,0.01535511203110218,10.881479523156013
35.966620445251465,12.189544804277515,3.2040352204677887,0.8,2.346552768582085,0.01535511203110218,10.881479523156013
35.99995946884155,12.189544804277515,3.2040352204677887,0.8,2.346552768582085,0.01535511203110218,10.881479523156013
36.03368902206421,12.214557425157412,3.5865552531082776,0.8,2.346552768582085,-0.01729474775493145,11.010333438906375
36.06662583351135,12.219211393675222,3.6686768603901316,0.8,2.343882231450482,-0.03384212777018547,11.038852428560084
36.100034952163696,12.219211393675222,3.6686768603901316,0.8,2.3539266635922225,-0.03384212777018547,11.038852428560084
36.13325572013855,12.219211393675222,3.6686768603901316,0.8,2.3539266635922225,-0.05143630877137184,11.038852428560084
36.16669583320618,12.219211393675222,3.6686768603901316,0.8,2.3539266635922225,-0.05143630877137184,11.038852428560084
36.20004057884216,12.219211393675222,3.6686768603901316,0.8,2.3539266635922225,-0.05143630877137184,11.038852428560084
36.23323655128479,12.259246795786538,4.068972347322586,0.8,2.3539266635922225,-0.05146903917193413,11.201877034293005
36.26668953895569,12.269568014462866,4.13865547812563,0.8,2.35405248933348,-0.08534036576747894,11.234647411038901
36.30003046989441,12.269568014462866,4.13865547812563,0.8,2.3473951995312885,-0.08534036576747894,11.234647411038901
36.332993268966675,12.269568014462866,4.13865547812563,0.8,2.3473951995312885,-0.088981032371521,11.234647411038901
36.36673641204834,12.314560524179228,4.367030699058488,0.8,2.3473951995312885,-0.09675540030002594,11.354910444677518
36.40003275871277,12.314560524179228,4.367030699058488,0.8,2.355611870752781,-0.09675540030002594,11.354910444677518
36.43317246437073,12.314560524179228,4.367030699058488,0.8,2.355611870752781,-0.09853791445493698,11.354910444677518
36.46643424034119,12.379681703092391,4.593297735312716,0.8,2.355611870752781,-0.09886479377746582,11.496600116133473
36.50004172325134,12.379681703092391,4.593297735312716,0.8,2.3503683736346552,-0.09886479377746582,11.496600116133473
36.53317093849182,12.379681703092391,4.593297735312716,0.8,2.3503683736346552,-0.09508072584867477,11.496600116133473
36.56670355796814,12.46396666187559,4.812049284095121,0.8,2.3503683736346552,-0.08851928263902664,11.656207479473254
36.60003209114075,12.46396666187559,4.812049284095121,0.8,2.3527623638137176,-0.08851928263902664,11.656207479473254
36.633339405059814,12.46396666187559,4.812049284095121,0.8,2.3527623638137176,-0.06110354885458946,11.656207479473254
36.666550159454346,12.570082161026605,5.037637276246996,0.8,2.3527623638137176,-0.04747799038887024,11.841072777862804
36.70009803771973,12.570082161026605,5.037637276246996,0.8,2.3554043027963796,-0.04747799038887024,11.841072777862804
36.73314118385315,12.570082161026605,5.037637276246996,0.8,2.3554043027963796,-0.04747799038887024,11.841072777862804
36.766658306121826,12.675807635850235,5.238640202321505,0.8,2.3554043027963796,-0.012792364694178104,12.017980576660356
36.80006289482117,12.675807635850235,5.238640202321505,0.8,2.3549615984681798,-0.00019548092677723616,12.017980576660356
36.83340048789978,12.675807635850235,5.238640202321505,0.8,2.3549615984681798,-0.00019548092677723616,12.017980576660356
36.866700410842896,12.787553188260155,5.445199911014177,0.8,2.3549615984681798,0.006977119483053684,12.204330863162165
36.90003323554993,12.787553188260155,5.445199911014177,0.8,2.3421841900383993,0.006977119483053684,12.204330863162165
36.93333053588867,12.787553188260155,5.445199911014177,0.8,2.3421841900383993,0.006977119483053684,12.204330863162165
36.96667838096619,12.892256567996517,5.650052465351131,0.8,2.3421841900383993,0.05535920709371567,12.385228217715804
37.000434160232544,12.892256567996517,5.650052465351131,0.8,2.33956189235789,0.05535920709371567,12.385228217715804
37.033567905426025,12.892256567996517,5.650052465351131,0.8,2.33956189235789,0.05535920709371567,12.385228217715804
37.06649327278137,12.992796436038716,5.871571498086303,0.8,2.33956189235789,0.05535920709371567,12.571232949937654
37.100056886672974,12.992796436038716,5.871571498086303,0.8,2.3506879805995613,0.05535920709371567,12.571232949937654
37.133615493774414,12.992796436038716,5.871571498086303,0.8,2.3506879805995613,0.05535920709371567,12.571232949937654
37.16661977767944,13.07247686047101,6.081251203271665,0.8,2.3506879805995613,0.08383035659790039,12.735213521706017
37.20003604888916,13.07247686047101,6.081251203271665,0.8,2.3539012402059725,0.08383035659790039,12.735213521706017
37.233368158340454,13.07247686047101,6.081251203271665,0.8,2.3539012402059725,0.08383035659790039,12.735213521706017
37.26661467552185,13.140559041200968,6.315309973197688,0.8,2.3539012402059725,0.07473136484622955,12.901860360428262
37.30004549026489,13.140559041200968,6.315309973197688,0.8,2.3495213850003274,0.07473136484622955,12.901860360428262
37.33339476585388,13.140559041200968,6.315309973197688,0.8,2.3495213850003274,0.07473136484622955,12.901860360428262
37.366631746292114,13.190190379152789,6.552567124074847,0.8,2.3495213850003274,0.0668618232011795,13.056160650864868
37.402222871780396,13.190190379152789,6.552567124074847,0.8,2.347186044830864,0.0643833577632904,13.056160650864868
37.43334460258484,13.190190379152789,6.552567124074847,0.8,2.347186044830864,0.0643833577632904,13.056160650864868
37.46662402153015,13.190190379152789,6.552567124074847,0.8,2.347186044830864,0.0643833577632904,13.056160650864868
37.50012707710266,13.190190379152789,6.552567124074847,0.8,2.347186044830864,0.0643833577632904,13.056160650864868
37.53342390060425,13.190190379152789,6.552567124074847,0.8,2.347186044830864,0.0643833577632904,13.056160650864868
37.566357135772705,13.245143339231632,7.009665877113225,0.8,2.347186044830864,0.027216585353016853,13.325490500059878
37.60004258155823,13.245143339231632,7.009665877113225,0.8,2.3501441053777037,0.027216585353016853,13.325490500059878
37.633383989334106,13.245143339231632,7.009665877113225,0.8,2.3501441053777037,0.027216585353016853,13.325490500059878
37.66654944419861,13.259495214500536,7.251226279443097,0.8,2.3501441053777037,0.007275179959833622,13.45935889054885
37.70003604888916,13.259495214500536,7.251226279443097,0.8,2.3484958465765104,0.007275179959833622,13.45935889054885
37.733389139175415,13.259495214500536,7.251226279443097,0.8,2.3484958465765104,0.007275179959833622,13.45935889054885
37.766643047332764,13.273609618840513,7.487986816185428,0.8,2.3484958465765104,-0.027366667985916138,13.593509204973842
37.80003309249878,13.273609618840513,7.487986816185428,0.7337151216605847,2.3379891166386075,-0.027366667985916138,13.593509204973842
37.83336663246155,13.273609618840513,7.487986816185428,0.7337151216605847,2.3379891166386075,-0.027366667985916138,13.593509204973842
37.866456508636475,13.293070057044721,7.725217771539256,0.7337151216605847,2.3379891166386075,-0.032224200665950775,13.735218387056356
37.8999559879303,13.293070057044721,7.725217771539256,0.7337151216605847,2.3254161122086336,-0.056459687650203705,13.735218387056356
37.93328666687012,13.293070057044721,7.725217771539256,0.7755926947420503,2.3254161122086336,-0.056459687650203705,13.735218387056356
37.96810722351074,13.323229122194629,7.9644965124602045,0.7337151216605847,2.3254161122086336,-0.061105284839868546,13.88964919970782
38.00004768371582,13.323229122194629,7.9644965124602045,0.7337151216605847,2.3334608046401857,-0.061105284839868546,13.88964919970782
38.033381938934326,13.323229122194629,7.9644965124602045,0.7337151216605847,2.3334608046401857,-0.061105284839868546,13.88964919970782
38.06639361381531,13.36513096704418,8.191485142891434,0.7337151216605847,2.3334608046401857,-0.06350311636924744,14.04946376418193
38.10003113746643,13.36513096704418,8.191485142891434,0.7361743317449657,2.2984125274053144,-0.06452182680368423,14.04946376418193
38.13339591026306,13.36513096704418,8.191485142891434,0.7361743317449657,2.2984125274053144,-0.08222490549087524,14.04946376418193
38.166757106781006,13.417556410499543,8.395081631580403,0.7755926947420503,2.2984125274053144,-0.09967949986457825,14.20673473856184
38.2000412940979,13.417556410499543,8.395081631580403,0.8,2.283624232922739,-0.09967949986457825,14.20673473856184
38.23338437080383,13.417556410499543,8.395081631580403,0.8,2.283624232922739,-0.09967949986457825,14.20673473856184
38.2668616771698,13.417556410499543,8.395081631580403,0.8,2.283624232922739,-0.09967949986457825,14.20673473856184
38.30003070831299,13.50593413021482,8.63635193481926,0.8,2.283624232922739,-0.11580349504947662,14.41639108218967
38.33340835571289,13.50593413021482,8.63635193481926,0.8,2.2761707243978493,-0.11580349504947662,14.41639108218967
38.36704874038696,13.50593413021482,8.63635193481926,0.8,2.2761707243978493,-0.11580349504947662,14.41639108218967
38.399781465530396,13.61064404905713,8.846402017572192,0.8,2.2761707243978493,-0.14089670777320862,14.622802427709775
38.43344187736511,13.61064404905713,8.846402017572192,0.8,2.2817160256192537,-0.14089670777320862,14.622802427709775
38.46670198440552,13.61064404905713,8.846402017572192,0.8,2.2817160256192537,-0.14089670777320862,14.622802427709775
38.49986481666565,13.745129713397844,9.039539681870627,0.8,2.2817160256192537,-0.2255818247795105,14.84438334595207
38.533419609069824,13.745129713397844,9.039539681870627,0.8,2.3116653563951113,-0.2255818247795105,14.84438334595207
38.566460609436035,13.745129713397844,9.039539681870627,0.8,2.3116653563951113,-0.2255818247795105,14.84438334595207
38.60006308555603,13.916801157505835,9.20138932274629,0.8,2.3116653563951113,-0.24906599521636963,15.078224131760477
38.63341927528381,13.916801157505835,9.20138932274629,0.8,2.305815989512333,-0.24906599521636963,15.078224131760477
38.66671705245972,13.916801157505835,9.20138932274629,0.8,2.305815989512333,-0.24906599521636963,15.078224131760477
38.70003151893616,14.121616352458314,9.319930784002063,0.8,2.305815989512333,-0.24906599521636963,15.313730918224532
38.73337650299072,14.121616352458314,9.319930784002063,0.8,2.310123179713278,-0.24906599521636963,15.313730918224532
38.76659154891968,14.121616352458314,9.319930784002063,0.8,2.310123179713278,-0.24906599521636963,15.313730918224532
38.7998046875,14.346528510452329,9.387257240542523,0.8,2.310123179713278,-0.24906599521636963,15.535931314875475
38.83371448516846,14.346528510452329,9.387257240542523,0.8,2.3078005391266965,-0.24906599521636963,15.535931314875475
38.866618156433105,14.346528510452329,9.387257240542523,0.8,2.3078005391266965,-0.24906599521636963,15.535931314875475
38.89978861808777,14.580892481427451,9.400862785916832,0.8,2.3078005391266965,-0.24906599521636963,15.7354284902018
38.93312907218933,14.580892481427451,9.400862785916832,0.8,2.318747730662164,-0.2300938069820404,15.7354284902018
38.966713666915894,14.746496116325323,9.378424183751097,0.8,2.318747730662164,-0.224893257021904,15.85880074540157
38.999979734420776,14.746496116325323,9.378424183751097,0.8,2.32701219090081,-0.22387318313121796,15.85880074540157
39.0334358215332,14.746496116325323,9.378424183751097,0.8,2.32701219090081,-0.22387318313121796,15.85880074540157
39.06674003601074,14.746496116325323,9.378424183751097,0.8,2.32701219090081,-0.22387318313121796,15.85880074540157
39.101056814193726,15.037964096542819,9.27245025583376,0.8,2.32701219090081,-0.2221812903881073,16.040977903239057
39.133849143981934,15.037964096542819,9.27245025583376,0.8,2.3261453668076886,-0.20164021849632263,16.040977903239057
39.16661715507507,15.037964096542819,9.27245025583376,0.8,2.3261453668076886,-0.20164021849632263,16.040977903239057
39.199787855148315,15.239502964363206,9.140899997338794,0.8,2.3261453668076886,-0.19322292506694794,16.137573871107694
39.23357701301575,15.239502964363206,9.140899997338794,0.8,2.328877408216874,-0.19322292506694794,16.137573871107694
39.26641058921814,15.239502964363206,9.140899997338794,0.8,2.328877408216874,-0.19322292506694794,16.137573871107694
39.300021171569824,15.412454883679532,8.981118781416063,0.8,2.328877408216874,-0.16382436454296112,16.197956444624563
39.336066246032715,15.412454883679532,8.981118781416063,0.8,2.33466848530302,-0.14024269580841064,16.197956444624563
39.370046615600586,15.412454883679532,8.981118781416063,0.8,2.33466848530302,-0.14024269580841064,16.197956444624563
39.400426387786865,15.563893630837997,8.795080401813232,0.8,2.33466848530302,-0.11268465220928192,16.2295240954664
39.433359146118164,15.563893630837997,8.795080401813232,0.8,2.333173543332818,-0.09590250998735428,16.2295240954664
39.46670436859131,15.563893630837997,8.795080401813232,0.8,2.333173543332818,-0.09590250998735428,16.2295240954664
39.499698877334595,15.69516604264863,8.59428112572733,0.8,2.333173543332818,-0.08184093981981277,16.239709007992122
39.53338551521301,15.69516604264863,8.59428112572733,0.8,2.3353716845464847,-0.014586427249014378,16.239709007992122
39.566442012786865,15.762836713022649,8.480606917767089,0.8,2.3353716845464847,-0.0013766731135547161,16.241279737557804
39.59984564781189,15.762836713022649,8.480606917767089,0.8,2.342876972646652,-0.0013766731135547161,16.241279737557804
39.63330340385437,15.762836713022649,8.480606917767089,0.8,2.342876972646652,0.004823116585612297,16.241279737557804
39.66671705245972,15.762836713022649,8.480606917767089,0.8,2.342876972646652,0.004823116585612297,16.241279737557804
39.70185160636902,15.762836713022649,8.480606917767089,0.8,2.342876972646652,0.004823116585612297,16.241279737557804
39.7332284450531,15.944655225713039,8.174895615190689,0.8,2.342876972646652,0.05118647217750549,16.250695344263583
39.76663136482239,15.99908102287985,8.086175540903886,0.8,2.344746973076954,0.05292799323797226,16.256346979500673
39.800039529800415,15.99908102287985,8.086175540903886,0.8,2.337924531863489,0.05292799323797226,16.256346979500673
39.83326292037964,15.99908102287985,8.086175540903886,0.8,2.337924531863489,0.050927381962537766,16.256346979500673
39.86669111251831,15.99908102287985,8.086175540903886,0.8,2.337924531863489,0.050927381962537766,16.256346979500673
39.90002703666687,15.99908102287985,8.086175540903886,0.8,2.337924531863489,0.050927381962537766,16.256346979500673
39.93319487571716,16.20634344479295,7.781026310278247,0.8,2.337924531863489,0.050126269459724426,16.29873813075606
39.966487646102905,16.266606977785518,7.7005020339415005,0.8,2.3394967458447637,0.05058274045586586,16.316277986886146
39.99999666213989,16.266606977785518,7.7005020339415005,0.8,2.3449957379948536,0.0323542058467865,16.316277986886146
40.03335428237915,16.266606977785518,7.7005020339415005,0.8,2.3449957379948536,0.0323542058467865,16.316277986886146
40.06663489341736,16.266606977785518,7.7005020339415005,0.8,2.3449957379948536,0.0323542058467865,16.316277986886146
40.100157260894775,16.266606977785518,7.7005020339415005,0.8,2.3449957379948536,0.0323542058467865,16.316277986886146
40.1333692073822,16.501574501448225,7.4075120868264985,0.8,2.3449957379948536,0.013524221256375313,16.399338146641405
40.16660141944885,16.56188862148709,7.336201305668332,0.8,2.3446400605843385,0.0024516666308045387,16.423623018854084
40.200037240982056,16.56188862148709,7.336201305668332,0.8,2.3396547982361438,0.0024516666308045387,16.423623018854084
40.233277320861816,16.56188862148709,7.336201305668332,0.8,2.3396547982361438,-0.009672070853412151,16.423623018854084
40.26661467552185,16.56188862148709,7.336201305668332,0.8,2.3396547982361438,-0.009672070853412151,16.423623018854084
40.29996585845947,16.56188862148709,7.336201305668332,0.8,2.3396547982361438,-0.009672070853412151,16.423623018854084
40.33314752578735,16.81225302280896,7.037242697516907,0.8,2.3396547982361438,-0.035212643444538116,16.528506657521078
40.366610050201416,16.86345663235655,6.974474594149066,0.8,2.344089429961025,-0.06295118480920792,16.55036044232194
40.40002942085266,16.86345663235655,6.974474594149066,0.8,2.348726077399258,-0.06881596148014069,16.55036044232194
40.4331476688385,16.86345663235655,6.974474594149066,0.8,2.348726077399258,-0.06881596148014069,16.55036044232194
40.46670126914978,16.86345663235655,6.974474594149066,0.8,2.348726077399258,-0.06881596148014069,16.55036044232194
40.50000810623169,16.86345663235655,6.974474594149066,0.8,2.348726077399258,-0.06881596148014069,16.55036044232194
40.533222913742065,17.091623414884683,6.649261134534897,0.8,2.348726077399258,-0.0986831933259964,16.6350226815225
40.5666081905365,17.13148730414014,6.58117180221904,0.8,2.35136641201363,-0.0986831933259964,16.64655234500076
40.59999465942383,17.13148730414014,6.58117180221904,0.8,2.3448518706677905,-0.0986831933259964,16.64655234500076
40.63318586349487,17.13148730414014,6.58117180221904,0.8,2.3448518706677905,-0.11696960777044296,16.64655234500076
40.66663837432861,17.232197577009117,6.37936464225959,0.8,2.3448518706677905,-0.12372715771198273,16.666590615867477
40.69999647140503,17.232197577009117,6.37936464225959,0.8,2.354230530643684,-0.12372715771198273,16.666590615867477
40.73325490951538,17.232197577009117,6.37936464225959,0.8,2.354230530643684,-0.12243719398975372,16.666590615867477
40.76665735244751,17.314927505765272,6.155616171223444,0.8,2.354230530643684,-0.11018707603216171,16.665191698591855
40.799986124038696,17.314927505765272,6.155616171223444,0.8,2.357953060309978,-0.09756578505039215,16.665191698591855
40.83331561088562,17.314927505765272,6.155616171223444,0.8,2.357953060309978,-0.09630928188562393,16.665191698591855
40.86663866043091,17.373436052390613,5.9293881497692045,0.8,2.357953060309978,-0.09155113250017166,16.643538319788846
40.9000039100647,17.373436052390613,5.9293881497692045,0.8,2.3537459215136085,-0.08889912813901901,16.643538319788846
40.93337154388428,17.373436052390613,5.9293881497692045,0.8,2.3537459215136085,-0.08889912813901901,16.643538319788846
40.96668815612793,17.373436052390613,5.9293881497692045,0.8,2.3537459215136085,-0.08578365296125412,16.643538319788846
41.00001811981201,17.373436052390613,5.9293881497692045,0.8,2.3537459215136085,-0.08578365296125412,16.643538319788846
41.035069704055786,17.43052759113582,5.539130638724269,0.8,2.3537459215136085,-0.08300885558128357,16.57216461048508
41.06664824485779,17.435640757455822,5.465623325828873,0.8,2.3460072432706878,-0.07234907150268555,16.554368391522672
41.10004997253418,17.435640757455822,5.465623325828873,0.8,2.332838567176361,-0.07234907150268555,16.554368391522672
41.13342499732971,17.435640757455822,5.465623325828873,0.8,2.332838567176361,-0.07234907150268555,16.554368391522672
41.16664433479309,17.441350921027713,5.230168852944872,0.8,2.332838567176361,-0.04635464772582054,16.489250987411044
41.1999397277832,17.441350921027713,5.230168852944872,0.8,2.333959581199786,-0.04404233768582344,16.489250987411044
41.233317613601685,17.441350921027713,5.230168852944872,0.8,2.333959581199786,-0.04404233768582344,16.489250987411044
41.26908493041992,17.43464714742083,4.9941815185792455,0.8,2.333959581199786,-0.04215122386813164,16.41518599315784
41.29994821548462,17.43464714742083,4.9941815185792455,0.8,2.341676684801959,-0.04215122386813164,16.41518599315784
41.333343505859375,17.43464714742083,4.9941815185792455,0.8,2.341676684801959,-0.04215122386813164,16.41518599315784
41.36659622192383,17.418942830706616,4.763928221509619,0.8,2.341676684801959,-0.06783898174762726,16.337053811983502
41.399946451187134,17.418942830706616,4.763928221509619,0.8,2.344247054692215,-0.06783898174762726,16.337053811983502
41.43334484100342,17.418942830706616,4.763928221509619,0.8,2.344247054692215,-0.06783898174762726,16.337053811983502
41.466498613357544,17.38677184842533,4.524699170216769,0.8,2.344247054692215,-0.10785306990146637,16.243614050075053
41.50003266334534,17.38677184842533,4.524699170216769,0.8,2.351808574025858,-0.10785306990146637,16.243614050075053
41.53335189819336,17.38677184842533,4.524699170216769,0.8,2.351808574025858,-0.10785306990146637,16.243614050075053
41.568870544433594,17.328188761844196,4.283022377903266,0.8,2.351808574025858,-0.1210562065243721,16.127017120529548
41.59992337226868,17.328188761844196,4.283022377903266,0.8,2.3557209550904092,-0.14984166622161865,16.127017120529548
41.63328266143799,17.328188761844196,4.283022377903266,0.8,2.3557209550904092,-0.14984166622161865,16.127017120529548
41.66662907600403,17.248399247138128,4.076048344280541,0.8,2.3557209550904092,-0.16347290575504303,16.000729145707783
41.69995641708374,17.248399247138128,4.076048344280541,0.8,2.356358126531815,-0.17662416398525238,16.000729145707783
41.733318567276,17.248399247138128,4.076048344280541,0.8,2.356358126531815,-0.17662416398525238,16.000729145707783
41.76647448539734,17.13057259067432,3.8709376740502113,0.8,2.356358126531815,-0.19032147526741028,15.839830724313668
41.799885511398315,17.13057259067432,3.8709376740502113,0.8,2.3562926749265505,-0.19032147526741028,15.839830724313668
41.83321499824524,17.13057259067432,3.8709376740502113,0.8,2.3562926749265505,-0.19032147526741028,15.839830724313668
41.866363525390625,16.978635071573745,3.687938562333012,0.8,2.3562926749265505,-0.19011756777763367,15.652125209258495
41.89995789527893,16.978635071573745,3.687938562333012,0.8,2.364909145782923,-0.1725561022758484,15.652125209258495
41.93334412574768,16.978635071573745,3.687938562333012,0.8,2.364909145782923,-0.1725561022758484,15.652125209258495
41.96660280227661,16.799719461346182,3.534585606940411,0.8,2.364909145782923,-0.1725561022758484,15.445369310545065
41.999998331069946,16.799719461346182,3.534585606940411,0.8,2.353761562955436,-0.1725561022758484,15.445369310545065
42.033326625823975,16.799719461346182,3.534585606940411,0.8,2.353761562955436,-0.1725561022758484,15.445369310545065
42.067580461502075,16.59513574064214,3.4096196586438436,0.8,2.353761562955436,-0.17028099298477173,15.219876594339242
42.10018277168274,16.59513574064214,3.4096196586438436,0.8,2.354866085311505,-0.15966463088989258,15.219876594339242
42.133323669433594,16.59513574064214,3.4096196586438436,0.8,2.354866085311505,-0.15966463088989258,15.219876594339242
42.1663544178009,16.37238808368765,3.31741650553278,0.8,2.354866085311505,-0.14986182749271393,14.98335499780656
42.199880599975586,16.37238808368765,3.31741650553278,0.8,2.354417392558828,-0.10249398648738861,14.98335499780656
42.23334455490112,16.37238808368765,3.31741650553278,0.8,2.354417392558828,-0.10249398648738861,14.98335499780656
42.266573667526245,16.141468674180544,3.2524093894033377,0.8,2.354417392558828,-0.09067342430353165,14.744204908028657
42.29992604255676,16.141468674180544,3.2524093894033377,0.8,2.348659298792127,-0.07209116220474243,14.744204908028657
42.33332300186157,16.141468674180544,3.2524093894033377,0.8,2.348659298792127,-0.07209116220474243,14.744204908028657
42.36650896072388,15.90553005414678,3.204320987446929,0.8,2.348659298792127,-0.06585576385259628,14.503420116566492
42.39991736412048,15.90553005414678,3.204320987446929,0.8,2.338821819399549,-0.06585576385259628,14.503420116566492
42.43329095840454,15.90553005414678,3.204320987446929,0.8,2.338821819399549,-0.06585576385259628,14.503420116566492
42.466469287872314,15.90553005414678,3.204320987446929,0.8,2.338821819399549,-0.06585576385259628,14.503420116566492
42.49981212615967,15.66632304233949,3.1708149687441263,0.8,2.338821819399549,-0.015547670423984528,14.262258429126929
42.53320264816284,15.66632304233949,3.1708149687441263,0.8,2.3387851824478707,-0.015547670423984528,14.262258429126929
42.566513538360596,15.66632304233949,3.1708149687441263,0.8,2.3387851824478707,-0.015547670423984528,14.262258429126929
42.60000920295715,15.432269105255402,3.1470825244484875,0.8,2.3387851824478707,0.01889074221253395,14.02807672577195
42.63347053527832,15.432269105255402,3.1470825244484875,0.8,2.341182230360781,0.01889074221253395,14.02807672577195
42.66673827171326,15.432269105255402,3.1470825244484875,0.8,2.341182230360781,0.01889074221253395,14.02807672577195
42.700096130371094,15.192360502482533,3.12233256446715,0.8,2.341182230360781,0.05374962463974953,13.78799124465194
42.73341631889343,15.192360502482533,3.12233256446715,0.8,2.3473823313527613,0.05374962463974953,13.78799124465194
42.76668357849121,15.192360502482533,3.12233256446715,0.8,2.3473823313527613,0.05374962463974953,13.78799124465194
42.80004954338074,14.952928663681405,3.09005530759967,0.8,2.3473823313527613,0.04747651144862175,13.546913153064434
42.83335494995117,14.952928663681405,3.09005530759967,0.8,2.343113102003014,0.04747651144862175,13.546913153064434
42.866755962371826,14.952928663681405,3.09005530759967,0.8,2.343113102003014,0.04747651144862175,13.546913153064434
42.90015244483948,14.719466734218159,3.0463610000030372,0.8,2.343113102003014,0.06544741988182068,13.309425316879667
42.93330788612366,14.719466734218159,3.0463610000030372,0.8,2.3316793628069656,0.06544741988182068,13.309425316879667
42.966543197631836,14.522244448753119,2.998312221092694,0.8,2.3316793628069656,0.06389510631561279,13.106587348434491
43.000359296798706,14.522244448753119,2.998312221092694,0.8,2.3412127569706045,0.06244742125272751,13.106587348434491
43.03336977958679,14.522244448753119,2.998312221092694,0.8,2.3412127569706045,0.06244742125272751,13.106587348434491
43.0666081905365,14.522244448753119,2.998312221092694,0.8,2.3412127569706045,0.06244742125272751,13.106587348434491
43.099963665008545,14.255312717580592,2.9194594477966556,0.8,2.3412127569706045,0.042430583387613297,12.829337490364905
43.133395195007324,14.255312717580592,2.9194594477966556,0.8,2.3470613947822776,0.032068148255348206,12.829337490364905
43.16647458076477,14.088007523514054,2.8638535033411743,0.8,2.3470613947822776,0.0310354121029377,12.654382335967867
43.199997425079346,14.088007523514054,2.8638535033411743,0.8,2.3378104851800106,0.0310354121029377,12.654382335967867
43.23333525657654,14.088007523514054,2.8638535033411743,0.8,2.3378104851800106,0.0310354121029377,12.654382335967867
43.2666118144989,14.088007523514054,2.8638535033411743,0.8,2.3378104851800106,0.0310354121029377,12.654382335967867
43.299766540527344,13.804020316269748,2.7616335862892925,0.8,2.3378104851800106,0.020229045301675797,12.355995806483628
43.33333134651184,13.804020316269748,2.7616335862892925,0.8,2.3380122694084715,0.00047271797666326165,12.355995806483628
43.3666775226593,13.804020316269748,2.7616335862892925,0.8,2.3380122694084715,0.00047271797666326165,12.355995806483628
43.399906873703,13.579658501721006,2.677257476309138,0.8,2.3380122694084715,-0.0034138099290430546,12.119696851467321
43.43340730667114,13.579658501721006,2.677257476309138,0.8,2.34234639626867,-0.007622130215167999,12.119696851467321
43.46665954589844,13.579658501721006,2.677257476309138,0.8,2.34234639626867,-0.007622130215167999,12.119696851467321
43.499940156936646,13.353559123348859,2.5932108463487356,0.8,2.34234639626867,-0.008596929721534252,11.881887543775184
43.533429861068726,13.353559123348859,2.5932108463487356,0.8,2.3431686095419586,-0.008596929721534252,11.881887543775184
43.56669569015503,13.353559123348859,2.5932108463487356,0.8,2.3431686095419586,-0.008596929721534252,11.881887543775184
43.599987506866455,13.129939365195394,2.5134695914641214,0.8,2.3431686095419586,-0.02018549293279648,11.647438619432927
43.63340663909912,13.129939365195394,2.5134695914641214,0.8,2.3244419762495574,-0.02891715057194233,11.647438619432927
43.66661214828491,12.997620626472921,2.4688331008036717,0.8,2.3244419762495574,-0.03187245875597,11.5092277800912
43.699944496154785,12.997620626472921,2.4688331008036717,0.8,2.332546068027762,-0.03245982900261879,11.5092277800912
43.7333025932312,12.997620626472921,2.4688331008036717,0.8,2.332546068027762,-0.03245982900261879,11.5092277800912
43.76644015312195,12.773062355887427,2.3987209239678657,0.8,2.332546068027762,-0.03414488956332207,11.275751167051414
43.79998183250427,12.773062355887427,2.3987209239678657,0.8,2.3469792771463727,-0.03481403738260269,11.275751167051414
43.83344078063965,12.773062355887427,2.3987209239678657,0.8,2.3469792771463727,-0.03485426306724548,11.275751167051414
43.866591930389404,12.551613280401074,2.336914755107825,0.8,2.3469792771463727,-0.03485426306724548,11.046867081056034
43.899892807006836,12.551613280401074,2.336914755107825,0.8,2.341122806030622,-0.03705484792590141,11.046867081056034
43.933164834976196,12.551613280401074,2.336914755107825,0.8,2.341122806030622,-0.03705484792590141,11.046867081056034
43.96669793128967,12.551613280401074,2.336914755107825,0.8,2.341122806030622,-0.03705484792590141,11.046867081056034
44.00003528594971,12.551613280401074,2.336914755107825,0.8,2.341122806030622,-0.03705484792590141,11.046867081056034
44.033398151397705,12.2076827762982,2.2559902890543957,0.8,2.341122806030622,-0.037273019552230835,10.694086415431324
44.066643714904785,12.2076827762982,2.2559902890543957,0.8,2.337445621290361,-0.037273019552230835,10.694086415431324
44.10002875328064,12.2076827762982,2.2559902890543957,0.8,2.337445621290361,-0.037273019552230835,10.694086415431324
44.13332438468933,11.973906742904747,2.2109635874266695,0.8,2.337445621290361,-0.031209036707878113,10.456042886412503
44.16668891906738,11.861321498030842,2.191867844083119,0.8,2.342645234793152,-0.030663149431347847,10.3418520724495
44.19992756843567,11.861321498030842,2.191867844083119,0.8,2.3451570432319384,-0.030663149431347847,10.3418520724495
44.233378648757935,11.861321498030842,2.191867844083119,0.8,2.3451570432319384,-0.03028450533747673,10.3418520724495
44.266677141189575,11.861321498030842,2.191867844083119,0.8,2.3451570432319384,-0.03028450533747673,10.3418520724495
44.30003309249878,11.861321498030842,2.191867844083119,0.8,2.3451570432319384,-0.03028450533747673,10.3418520724495
44.33356785774231,11.495764559778046,2.1406066814858047,0.8,2.3451570432319384,-0.030327385291457176,9.972955378313728
44.366602420806885,11.495764559778046,2.1406066814858047,0.8,2.3465115909800303,-0.030327385291457176,9.972955378313728
44.39995765686035,11.495764559778046,2.1406066814858047,0.8,2.3465115909800303,-0.030327385291457176,9.972955378313728
44.43332314491272,11.256497999161533,2.115786741440519,0.8,2.3465115909800303,-0.0423232838511467,9.73305134193085
44.4665961265564,11.166823400282011,2.1084392299234915,0.8,2.3491372143684526,-0.04245281592011452,9.643492968225287
44.50001549720764,11.166823400282011,2.1084392299234915,0.8,2.347639989218647,-0.04245281592011452,9.643492968225287
44.53342151641846,11.166823400282011,2.1084392299234915,0.8,2.347639989218647,-0.04253410920500755,9.643492968225287
44.56668972969055,10.928579774495438,2.095422497713,0.8,2.347639989218647,-0.04123946279287338,9.406769315747653
44.6000280380249,10.928579774495438,2.095422497713,0.8,2.3521776580042797,-0.04123946279287338,9.406769315747653
44.63322353363037,10.928579774495438,2.095422497713,0.8,2.3521776580042797,-0.03648936748504639,9.406769315747653
44.66643691062927,10.6950184173342,2.091163553774175,0.8,2.3521776580042797,-0.03599889948964119,9.176358810646413
44.700018644332886,10.6950184173342,2.091163553774175,0.8,2.353433045055813,-0.03599889948964119,9.176358810646413
44.73336911201477,10.6950184173342,2.091163553774175,0.8,2.353433045055813,-0.03599889948964119,9.176358810646413
44.76660490036011,10.6950184173342,2.091163553774175,0.8,2.353433045055813,-0.03599889948964119,9.176358810646413
44.800039291381836,10.6950184173342,2.091163553774175,0.8,2.353433045055813,-0.03599889948964119,9.176358810646413
44.83317947387695,10.294310645500058,2.101368858499544,0.8,2.353433045055813,-0.03485330194234848,8.784831451286593
44.86668038368225,10.22566025211298,2.1053034559573316,0.8,2.340364593354637,-0.035820189863443375,8.718267050889025
44.9001567363739,10.22566025211298,2.1053034559573316,0.8,2.3428716138203667,-0.035820189863443375,8.718267050889025
44.93352007865906,10.22566025211298,2.1053034559573316,0.8,2.3428716138203667,-0.035825423896312714,8.718267050889025
44.966490745544434,10.22566025211298,2.1053034559573316,0.8,2.3428716138203667,-0.035825423896312714,8.718267050889025
45.0001003742218,10.22566025211298,2.1053034559573316,0.8,2.3428716138203667,-0.035825423896312714,8.718267050889025
45.033300161361694,9.818638627440482,2.142393816685578,0.8,2.3428716138203667,-0.03637440502643585,8.327222102580876
45.06667947769165,9.759978380903101,2.1497052267160357,0.8,2.348731586246201,-0.04534916579723358,8.271421742178863
45.100008964538574,9.759978380903101,2.1497052267160357,0.8,2.354146168044202,-0.04534916579723358,8.271421742178863
45.13331317901611,9.759978380903101,2.1497052267160357,0.8,2.354146168044202,-0.04534916579723358,8.271421742178863
45.16661310195923,9.759978380903101,2.1497052267160357,0.8,2.354146168044202,-0.04534916579723358,8.271421742178863
45.200023889541626,9.759978380903101,2.1497052267160357,0.8,2.354146168044202,-0.04534916579723358,8.271421742178863
45.23332667350769,9.342614007164244,2.222336866416288,0.8,2.354146168044202,-0.05345452204346657,7.880551509080788
45.2666437625885,9.296713691975997,2.232688431403604,0.8,2.3518975998430345,-0.06550180912017822,7.8383262076689295
45.29995274543762,9.296713691975997,2.232688431403604,0.8,2.347644848597413,-0.06550180912017822,7.8383262076689295
45.33339214324951,9.296713691975997,2.232688431403604,0.8,2.347644848597413,-0.06550180912017822,7.8383262076689295
45.366655588150024,9.065817480281684,2.2940938942594964,0.8,2.347644848597413,-0.07025473564863205,7.629090201195953
45.40010857582092,9.065817480281684,2.2940938942594964,0.8,2.3444636152746776,-0.07025473564863205,7.629090201195953
45.43334603309631,9.065817480281684,2.2940938942594964,0.8,2.3444636152746776,-0.07025473564863205,7.629090201195953
45.46668577194214,8.850335096448314,2.3669961074456847,0.8,2.3444636152746776,-0.07006693631410599,7.439552269743728
45.50003719329834,8.850335096448314,2.3669961074456847,0.8,2.344534640461023,-0.07006693631410599,7.439552269743728
45.53336000442505,8.850335096448314,2.3669961074456847,0.8,2.344534640461023,-0.07006693631410599,7.439552269743728
45.56642556190491,8.627624597931966,2.4592572126917136,0.8,2.344534640461023,-0.06933709979057312,7.250745510711227
45.60003304481506,8.627624597931966,2.4592572126917136,0.8,2.3495381115602996,-0.06933709979057312,7.250745510711227
45.63312268257141,8.627624597931966,2.4592572126917136,0.8,2.3495381115602996,-0.06933709979057312,7.250745510711227
45.66658544540405,8.41734749761072,2.5626701204600955,0.8,2.3495381115602996,-0.07156950980424881,7.08036491060688
45.700034379959106,8.41734749761072,2.5626701204600955,0.8,2.3573466249302313,-0.07156950980424881,7.08036491060688
45.733298540115356,8.41734749761072,2.5626701204600955,0.8,2.3573466249302313,-0.07156950980424881,7.08036491060688
45.766451597213745,8.216674888074806,2.678130456102905,0.8,2.3573466249302313,-0.07080959528684616,6.926760898346005
45.80030035972595,8.216674888074806,2.678130456102905,0.8,2.348374072797149,-0.07080959528684616,6.926760898346005
45.83340525627136,8.216674888074806,2.678130456102905,0.8,2.348374072797149,-0.07080959528684616,6.926760898346005
45.866743087768555,8.01994770155015,2.809055581173571,0.8,2.348374072797149,-0.07578351348638535,6.786758491112317
45.90004229545593,8.01994770155015,2.809055581173571,0.8,2.341961498144948,-0.07578351348638535,6.786758491112317
45.93336343765259,8.01994770155015,2.809055581173571,0.8,2.341961498144948,-0.07578351348638535,6.786758491112317
45.96644639968872,7.828499473728776,2.955898400030848,0.8,2.341961498144948,-0.07905546575784683,6.6631828470853005
46.00004029273987,7.828499473728776,2.955898400030848,0.8,2.353681577037854,-0.08201206475496292,6.6631828470853005
46.03334307670593,7.828499473728776,2.955898400030848,0.8,2.353681577037854,-0.08201206475496292,6.6631828470853005
46.06644034385681,7.656313063462469,3.1090026373326407,0.8,2.353681577037854,-0.07977006584405899,6.566298336131616
46.0998899936676,7.656313063462469,3.1090026373326407,0.8,2.362342828388697,-0.07977006584405899,6.566298336131616
46.13334274291992,7.656313063462469,3.1090026373326407,0.8,2.362342828388697,-0.07977006584405899,6.566298336131616
46.16639757156372,7.490646967827656,3.279808828339867,0.8,2.362342828388697,-0.08919070661067963,6.489858962993846
46.20006823539734,7.490646967827656,3.279808828339867,0.8,2.3377048256169886,-0.08919070661067963,6.489858962993846
46.23339533805847,7.490646967827656,3.279808828339867,0.8,2.3377048256169886,-0.08919070661067963,6.489858962993846
46.26654005050659,7.339011243322729,3.462886513741473,0.8,2.3377048256169886,-0.09116235375404358,6.439511835143111
46.299782037734985,7.339011243322729,3.462886513741473,0.8,2.340003763912906,-0.09116235375404358,6.439511835143111
46.3333740234375,7.339011243322729,3.462886513741473,0.8,2.340003763912906,-0.09116235375404358,6.439511835143111
46.366748571395874,7.201104064421351,3.658716763950079,0.8,2.340003763912906,-0.07882005721330643,6.415911640404858
46.400028467178345,7.201104064421351,3.658716763950079,0.8,2.3502830819964493,-0.08734438568353653,6.415911640404858
46.433326959609985,7.201104064421351,3.658716763950079,0.8,2.3502830819964493,-0.08734438568353653,6.415911640404858
46.468254804611206,7.078520007314423,3.8668202639397107,0.8,2.3502830819964493,-0.0938650518655777,6.420718061866086
46.50003480911255,7.078520007314423,3.8668202639397107,0.8,2.3484405346080273,-0.1080077588558197,6.420718061866086
46.53337121009827,7.078520007314423,3.8668202639397107,0.8,2.3484405346080273,-0.1080077588558197,6.420718061866086
46.56659245491028,6.978828651747564,4.082384802614857,0.8,2.3484405346080273,-0.11788834631443024,6.457644923904673
46.600037813186646,6.978828651747564,4.082384802614857,0.8,2.3389827540318984,-0.12068159878253937,6.457644923904673
46.63340139389038,6.978828651747564,4.082384802614857,0.8,2.3389827540318984,-0.12068159878253937,6.457644923904673
46.66638398170471,6.903611158062047,4.309535009534934,0.8,2.3389827540318984,-0.1252518594264984,6.529574453686885
46.700026512145996,6.903611158062047,4.309535009534934,0.8,2.349675386739217,-0.13648517429828644,6.529574453686885
46.733091592788696,6.903611158062047,4.309535009534934,0.8,2.349675386739217,-0.14242134988307953,6.529574453686885
46.766679763793945,6.903611158062047,4.309535009534934,0.8,2.349675386739217,-0.14242134988307953,6.529574453686885
46.800029039382935,6.855067830407174,4.563357535061066,0.8,2.349675386739217,-0.1421392560005188,6.646890055761943
46.83341717720032,6.855067830407174,4.563357535061066,0.8,2.347143504214504,-0.1421392560005188,6.646890055761943
46.86637330055237,6.842830170797608,4.774417682032885,0.8,2.347143504214504,-0.1421392560005188,6.771858707597057
46.899736166000366,6.842830170797608,4.774417682032885,0.8,2.3491540143345038,-0.13516607880592346,6.771858707597057
46.933385372161865,6.842830170797608,4.774417682032885,0.8,2.3491540143345038,-0.13516607880592346,6.771858707597057
46.96652173995972,6.854094239709755,4.979004710929244,0.8,2.3491540143345038,-0.1289520114660263,6.91432042960434
46.999999046325684,6.854094239709755,4.979004710929244,0.8,2.3455729640567875,-0.12887290120124817,6.91432042960434
47.03338003158569,6.854094239709755,4.979004710929244,0.8,2.3455729640567875,-0.12887290120124817,6.91432042960434
47.06669497489929,6.854094239709755,4.979004710929244,0.8,2.3455729640567875,-0.12887290120124817,6.91432042960434
47.1000280380249,6.902621311066001,5.267999755043555,0.8,2.3455729640567875,-0.08737131953239441,7.144573212836741
47.1333646774292,6.902621311066001,5.267999755043555,0.8,2.3464315184451094,-0.08737131953239441,7.144573212836741
47.166635513305664,6.902621311066001,5.267999755043555,0.8,2.3464315184451094,-0.08737131953239441,7.144573212836741
47.20004677772522,6.9631561696783075,5.4964661498164045,0.8,2.3464315184451094,-0.07661797106266022,7.345714435741876
47.23337173461914,6.9631561696783075,5.4964661498164045,0.8,2.354619299735112,-0.07661797106266022,7.345714435741876
47.266701459884644,6.9631561696783075,5.4964661498164045,0.8,2.354619299735112,-0.07661797106266022,7.345714435741876
47.300410747528076,7.042241994594876,5.72682911953035,0.8,2.354619299735112,-0.00582652585580945,7.563384655083976
47.333354234695435,7.042241994594876,5.72682911953035,0.8,2.3611453085955714,0.05235878378152847,7.563384655083976
47.366734743118286,7.10069989995248,5.887129872057021,0.8,2.3611453085955714,0.07888767868280411,7.718172961000204
47.39985728263855,7.10069989995248,5.887129872057021,0.8,2.350995906582229,0.07888767868280411,7.718172961000204
47.43342471122742,7.10069989995248,5.887129872057021,0.8,2.350995906582229,0.07888767868280411,7.718172961000204
47.46665906906128,7.10069989995248,5.887129872057021,0.8,2.350995906582229,0.07888767868280411,7.718172961000204
47.499939918518066,7.183096419890781,6.1846016832285144,0.8,2.350995906582229,0.10636907815933228,7.9891198408467154
47.53339123725891,7.183096419890781,6.1846016832285144,0.8,2.353122324724738,0.19462426006793976,7.9891198408467154
47.56643724441528,7.2062701217925005,6.340335106306802,0.8,2.353122324724738,0.19462426006793976,8.118428769126947
47.60017156600952,7.2062701217925005,6.340335106306802,0.8,2.3623877902057995,0.21671561896800995,8.118428769126947
47.63336515426636,7.2062701217925005,6.340335106306802,0.8,2.3623877902057995,0.21671561896800995,8.118428769126947
47.666595697402954,7.2062701217925005,6.340335106306802,0.8,2.3623877902057995,0.21671561896800995,8.118428769126947
47.69978618621826,7.1881687855775995,6.664468857582477,0.8,2.3623877902057995,0.23962382972240448,8.346698085422872
47.73337006568909,7.1881687855775995,6.664468857582477,0.8,2.3592498628692256,0.23962382972240448,8.346698085422872
47.76668334007263,7.1881687855775995,6.664468857582477,0.8,2.3592498628692256,0.23962382972240448,8.346698085422872
47.79999756813049,7.113027451462508,6.892698276553991,0.8,2.3592498628692256,0.24906599521636963,8.471005374071462
47.833235025405884,7.113027451462508,6.892698276553991,0.8,2.355802135208262,0.24906599521636963,8.471005374071462
47.867331743240356,7.039343316872042,7.023884081363205,0.8,2.355802135208262,0.24906599521636963,8.525482825401301
47.9000563621521,7.039343316872042,7.023884081363205,0.8,2.363538255503084,0.24906599521636963,8.525482825401301
47.93336033821106,7.039343316872042,7.023884081363205,0.8,2.363538255503084,0.24906599521636963,8.525482825401301
47.96663808822632,6.892424319479829,7.198505560405731,0.8,2.363538255503084,0.24906599521636963,8.571741423242461
47.999910831451416,6.892424319479829,7.198505560405731,0.8,2.358580058474957,0.24906599521636963,8.571741423242461
48.0333092212677,6.892424319479829,7.198505560405731,0.8,2.358580058474957,0.24906599521636963,8.571741423242461
48.06663751602173,6.702377626805963,7.34018256366717,0.8,2.358580058474957,0.24906599521636963,8.571804195308507
48.100088119506836,6.702377626805963,7.34018256366717,0.8,2.3651190008548992,0.24906599521636963,8.571804195308507
48.133158683776855,6.702377626805963,7.34018256366717,0.8,2.3651190008548992,0.24906599521636963,8.571804195308507
48.16676187515259,6.702377626805963,7.34018256366717,0.8,2.3651190008548992,0.24906599521636963,8.571804195308507
48.200018644332886,6.702377626805963,7.34018256366717,0.8,2.3651190008548992,0.24906599521636963,8.571804195308507
48.23334002494812,6.375291307657619,7.459533260616139,0.8,2.3651190008548992,0.24906599521636963,8.483323760538426
48.26666712760925,6.2559380751093565,7.473587896547643,0.8,2.3623518813458366,0.24906599521636963,8.429599019813121
48.300071239471436,6.2559380751093565,7.473587896547643,0.8,2.362081134896137,0.24906599521636963,8.429599019813121
48.333388328552246,6.2559380751093565,7.473587896547643,0.8,2.362081134896137,0.24906599521636963,8.429599019813121
48.366554498672485,6.2559380751093565,7.473587896547643,0.8,2.362081134896137,0.24906599521636963,8.429599019813121
48.40008044242859,6.2559380751093565,7.473587896547643,0.8,2.362081134896137,0.24906599521636963,8.429599019813121
48.43404245376587,5.896607579371134,7.429380963167323,0.8,2.362081134896137,0.24906599521636963,8.201977957896643
48.46754717826843,5.795115412430817,7.391625062702869,0.8,2.355520363967674,0.24906599521636963,8.117664823536929
48.50008153915405,5.795115412430817,7.391625062702869,0.8,2.3549735294165717,0.24906599521636963,8.117664823536929
48.53339242935181,5.795115412430817,7.391625062702869,0.8,2.3549735294165717,0.24906599521636963,8.117664823536929
48.566598415374756,5.795115412430817,7.391625062702869,0.8,2.3549735294165717,0.24906599521636963,8.117664823536929
48.60005855560303,5.795115412430817,7.391625062702869,0.8,2.3549735294165717,0.24906599521636963,8.117664823536929
48.633381843566895,5.486134795094901,7.182270911143528,0.8,2.3549735294165717,0.24906599521636963,7.782138331812625
48.666558265686035,5.411726513617546,7.099886736067135,0.8,2.3639613141938574,0.24906599521636963,7.673914572606093
48.699951171875,5.411726513617546,7.099886736067135,0.8,2.3601537530230328,0.24906599521636963,7.673914572606093
48.73314189910889,5.411726513617546,7.099886736067135,0.8,2.3601537530230328,0.24906599521636963,7.673914572606093
48.76664710044861,5.411726513617546,7.099886736067135,0.8,2.3601537530230328,0.24906599521636963,7.673914572606093
48.80004405975342,5.411726513617546,7.099886736067135,0.8,2.3601537530230328,0.24906599521636963,7.673914572606093
48.833194732666016,5.236660454603741,6.777020832980122,0.8,2.3601537530230328,0.24906599521636963,7.306665633171195
48.86659097671509,5.2119376691139845,6.686940432930165,0.8,2.3466842424572327,0.24906599521636963,7.215989947704313
48.90002751350403,5.2119376691139845,6.686940432930165,0.8,2.349630852312908,0.24906599521636963,7.215989947704313
48.93335771560669,5.2119376691139845,6.686940432930165,0.8,2.349630852312908,0.24906599521636963,7.215989947704313
48.96670341491699,5.2119376691139845,6.686940432930165,0.8,2.349630852312908,0.24906599521636963,7.215989947704313
48.999906063079834,5.190917109545049,6.378551541546798,0.8,2.349630852312908,0.24906599521636963,6.938121862063935
49.03339982032776,5.190917109545049,6.378551541546798,0.8,2.3586395492308676,0.24906599521636963,6.938121862063935
49.06668996810913,5.190917109545049,6.378551541546798,0.8,2.3586395492308676,0.24906599521636963,6.938121862063935
49.10001230239868,5.190917109545049,6.378551541546798,0.8,2.3586395492308676,0.24906599521636963,6.938121862063935
49.133296251297,5.264789583526409,6.066005804545114,0.8,2.3586395492308676,0.22965630888938904,6.709731366363152
49.166691064834595,5.291154116305588,6.005156555508052,0.8,2.3629148207700026,0.21760888397693634,6.672639014924427
49.199968338012695,5.291154116305588,6.005156555508052,0.8,2.3471232870035705,0.21760888397693634,6.672639014924427
49.23310732841492,5.291154116305588,6.005156555508052,0.8,2.3471232870035705,0.21760888397693634,6.672639014924427
49.266671895980835,5.413426611535559,5.801770448872703,0.8,2.3471232870035705,0.20488470792770386,6.57136709398622
49.29994487762451,5.413426611535559,5.801770448872703,0.8,2.349050108658002,0.20488470792770386,6.57136709398622
49.3331401348114,5.413426611535559,5.801770448872703,0.8,2.349050108658002,0.2017401158809662,6.57136709398622
49.3666205406189,5.572014670034758,5.627223570081761,0.8,2.349050108658002,0.19867195188999176,6.522019910659811
49.399948835372925,5.572014670034758,5.627223570081761,0.8,2.360140501209992,0.19675366580486298,6.522019910659811
49.4331214427948,5.572014670034758,5.627223570081761,0.8,2.360140501209992,0.19242611527442932,6.522019910659811
49.466498613357544,5.760090441356543,5.484354081947513,0.8,2.360140501209992,0.19533532857894897,6.524044842542087
49.49998879432678,5.760090441356543,5.484354081947513,0.8,2.357252946175581,0.19533532857894897,6.524044842542087
49.53328013420105,5.760090441356543,5.484354081947513,0.8,2.357252946175581,0.18988879024982452,6.524044842542087
49.56663537025452,5.971093042054341,5.376185759333547,0.8,2.357252946175581,0.17593570053577423,6.5758611635965485
49.599900007247925,5.971093042054341,5.376185759333547,0.8,2.3477741195724455,0.17593570053577423,6.5758611635965485
49.6334662437439,5.971093042054341,5.376185759333547,0.8,2.3477741195724455,0.17593570053577423,6.5758611635965485
49.666627168655396,6.194947972688667,5.302207541899271,0.8,2.3477741195724455,0.14759860932826996,6.669591969322318
49.70000982284546,6.194947972688667,5.302207541899271,0.8,2.3509041320496733,0.14759860932826996,6.669591969322318
49.733386754989624,6.194947972688667,5.302207541899271,0.8,2.3509041320496733,0.14759860932826996,6.669591969322318
49.76669383049011,6.42456110912429,5.258288665617371,0.8,2.3509041320496733,0.11942785978317261,6.795746306446815
49.80002808570862,6.42456110912429,5.258288665617371,0.8,2.354865458363444,0.10627399384975433,6.795746306446815
49.8333842754364,6.42456110912429,5.258288665617371,0.8,2.354865458363444,0.10627399384975433,6.795746306446815
49.8666467666626,6.654254499377598,5.238911503828643,0.8,2.354865458363444,0.06771280616521835,6.944642999383602
49.900017499923706,6.654254499377598,5.238911503828643,0.8,2.3576255383996894,0.06771280616521835,6.944642999383602
49.933374881744385,6.654254499377598,5.238911503828643,0.8,2.3576255383996894,0.06771280616521835,6.944642999383602
49.966439962387085,6.896782181277436,5.233090654595041,0.8,2.3576255383996894,0.024213196709752083,7.116531350971027
50.0000479221344,6.896782181277436,5.233090654595041,0.8,2.3393319971948827,0.024213196709752083,7.116531350971027
50.03338027000427,6.896782181277436,5.233090654595041,0.8,2.3393319971948827,0.024213196709752083,7.116531350971027
50.066513776779175,7.124346300989564,5.233493427673467,0.8,2.3393319971948827,0.01918480359017849,7.285367964481837
50.10005068778992,7.124346300989564,5.233493427673467,0.8,2.343554885934328,0.01918480359017849,7.285367964481837
50.13339567184448,7.124346300989564,5.233493427673467,0.8,2.343554885934328,0.01918480359017849,7.285367964481837
50.166682958602905,7.363818196522906,5.238093254155014,0.8,2.343554885934328,-0.018030960112810135,7.46911333902313
50.20002818107605,7.363818196522906,5.238093254155014,0.8,2.351133509534445,-0.018030960112810135,7.46911333902313
50.23337149620056,7.363818196522906,5.238093254155014,0.8,2.351133509534445,-0.018030960112810135,7.46911333902313
50.26661539077759,7.595338084251741,5.242729513814844,0.8,2.351133509534445,-0.043413858860731125,7.649811414452833
50.3000168800354,7.595338084251741,5.242729513814844,0.8,2.3480360244016145,-0.043413858860731125,7.649811414452833
50.333383321762085,7.595338084251741,5.242729513814844,0.8,2.3480360244016145,-0.043413858860731125,7.649811414452833
50.36664891242981,7.828150648075499,5.240918237140361,0.8,2.3480360244016145,-0.05869542807340622,7.830211437931399
50.40002679824829,7.828150648075499,5.240918237140361,0.8,2.3370779415066947,-0.05869542807340622,7.830211437931399
50.43337106704712,7.828150648075499,5.240918237140361,0.8,2.3370779415066947,-0.05869542807340622,7.830211437931399
50.46637225151062,8.066763121666117,5.227833538927394,0.8,2.3370779415066947,-0.04725541174411774,8.011132756137153
50.50007247924805,8.066763121666117,5.227833538927394,0.8,2.342332706977036,-0.04725541174411774,8.011132756137153
50.533453941345215,8.066763121666117,5.227833538927394,0.8,2.342332706977036,-0.04725541174411774,8.011132756137153
50.56639623641968,8.304494563830328,5.203065733807721,0.8,2.342332706977036,-0.04459330812096596,8.1874518944705
50.59990406036377,8.304494563830328,5.203065733807721,0.8,2.3409022264166497,-0.04459330812096596,8.1874518944705
50.633323192596436,8.304494563830328,5.203065733807721,0.8,2.3409022264166497,-0.04459330812096596,8.1874518944705
50.66656541824341,8.541285508709658,5.168813509936508,0.8,2.3409022264166497,-0.03647642210125923,8.360694774420125
50.699963331222534,8.541285508709658,5.168813509936508,0.8,2.346797443811416,-0.02612665854394436,8.360694774420125
50.73332381248474,8.541285508709658,5.168813509936508,0.8,2.346797443811416,-0.02612665854394436,8.360694774420125
50.766807556152344,8.777696702320922,5.127981654726565,0.8,2.346797443811416,-0.015595324337482452,8.53316181817303
50.79995393753052,8.777696702320922,5.127981654726565,0.8,2.350073957652798,-0.012413954362273216,8.53316181817303
50.83332395553589,8.777696702320922,5.127981654726565,0.8,2.350073957652798,-0.012413954362273216,8.53316181817303
50.86636161804199,9.01570726532488,5.083260397543101,0.8,2.350073957652798,-0.0116123603656888,8.708076658044508
50.9000289440155,9.01570726532488,5.083260397543101,0.8,2.348176057868715,-0.0116123603656888,8.708076658044508
50.93329095840454,9.01570726532488,5.083260397543101,0.8,2.348176057868715,0.0004831071710214019,8.708076658044508
50.96663975715637,9.01570726532488,5.083260397543101,0.8,2.348176057868715,0.0004831071710214019,8.708076658044508
50.999969482421875,9.253933362561986,5.036797532173003,0.8,2.348176057868715,-0.003000061959028244,8.885423189091995
51.033310890197754,9.253933362561986,5.036797532173003,0.8,2.348991032374082,-0.003000061959028244,8.885423189091995
51.06662654876709,9.253933362561986,5.036797532173003,0.8,2.348991032374082,-0.003000061959028244,8.885423189091995
51.09995102882385,9.487260088314148,4.990610487017412,0.8,2.348991032374082,0.010476338677108288,9.061715470803733
51.13514709472656,9.487260088314148,4.990610487017412,0.8,2.3580957022828652,0.010476338677108288,9.061715470803733
51.17022752761841,9.69084363742272,4.950911491411861,0.8,2.3580957022828652,0.01811436377465725,9.218091423566841
51.20010042190552,9.69084363742272,4.950911491411861,0.8,2.3601978036367806,0.02168041095137596,9.218091423566841
51.23329257965088,9.69084363742272,4.950911491411861,0.8,2.3601978036367806,0.02168041095137596,9.218091423566841
51.26664733886719,9.69084363742272,4.950911491411861,0.8,2.3601978036367806,0.02168041095137596,9.218091423566841
51.299861669540405,9.964903294831446,4.922987731937088,0.8,2.3601978036367806,0.1603948026895523,9.44391550521325
51.33325934410095,9.964903294831446,4.922987731937088,0.8,2.3472420117621686,0.1603948026895523,9.44391550521325
51.366530656814575,9.964903294831446,4.922987731937088,0.8,2.3472420117621686,0.1603948026895523,9.44391550521325
51.39984393119812,10.204086963709598,4.937763670759953,0.8,2.3472420117621686,0.1649303436279297,9.661450543168183
51.43321681022644,10.204086963709598,4.937763670759953,0.8,2.3416062935956736,0.1649303436279297,9.661450543168183
51.46654033660889,10.204086963709598,4.937763670759953,0.8,2.3416062935956736,0.1649303436279297,9.661450543168183
51.49980545043945,10.437832919252616,4.989362875163001,0.8,2.3416062935956736,0.15842217206954956,9.892227126657762
51.53321361541748,10.437832919252616,4.989362875163001,0.8,2.348956879763339,0.15842217206954956,9.892227126657762
51.5665340423584,10.437832919252616,4.989362875163001,0.8,2.348956879763339,0.15842217206954956,9.892227126657762
51.599772691726685,10.662047566164244,5.076654459480198,0.8,2.348956879763339,0.15842217206954956,10.131373891585897
51.63317370414734,10.662047566164244,5.076654459480198,0.8,2.3499148941261376,0.11597113311290741,10.131373891585897
51.66655135154724,10.81166907221678,5.155397598035307,0.8,2.3499148941261376,0.11597113311290741,10.300449524580412
51.699883460998535,10.81166907221678,5.155397598035307,0.8,2.3502088800512655,0.11597113311290741,10.300449524580412
51.733216524124146,10.81166907221678,5.155397598035307,0.8,2.3502088800512655,0.11597113311290741,10.300449524580412
51.7665376663208,10.81166907221678,5.155397598035307,0.8,2.3502088800512655,0.11597113311290741,10.300449524580412
51.79972052574158,11.078180438585935,5.321060585801344,0.8,2.3502088800512655,-0.0018070285441353917,10.613376654581389
51.83328032493591,11.078180438585935,5.321060585801344,0.8,2.346643042010452,-0.03392831236124039,10.613376654581389
51.86643314361572,11.078180438585935,5.321060585801344,0.8,2.346643042010452,-0.03392831236124039,10.613376654581389
51.89967751502991,11.277071653963734,5.4496345667855275,0.8,2.346643042010452,-0.04881885275244713,10.8492415485439
51.93332648277283,11.277071653963734,5.4496345667855275,0.8,2.346820758422474,-0.06698556244373322,10.8492415485439
51.96660757064819,11.277071653963734,5.4496345667855275,0.8,2.346820758422474,-0.06698556244373322,10.8492415485439
51.99977970123291,11.487994185376271,5.572183459954718,0.8,2.346820758422474,-0.06709664314985275,11.092972435712927
52.033300161361694,11.487994185376271,5.572183459954718,0.8,2.3542563853382035,-0.11246708780527115,11.092972435712927
52.06663155555725,11.627443665420289,5.641296792483371,0.8,2.3542563853382035,-0.11281223595142365,11.248560134957327
52.09992051124573,11.627443665420289,5.641296792483371,0.8,2.356760942139401,-0.11281223595142365,11.248560134957327
52.133307218551636,11.627443665420289,5.641296792483371,0.8,2.356760942139401,-0.11281223595142365,11.248560134957327
52.166648864746094,11.627443665420289,5.641296792483371,0.8,2.356760942139401,-0.11281223595142365,11.248560134957327
52.19970679283142,11.931283027060344,5.75125508028084,0.8,2.356760942139401,-0.12424179911613464,11.568704482961818
52.23332357406616,11.931283027060344,5.75125508028084,0.8,2.3515185264076996,-0.12231796979904175,11.568704482961818
52.266597270965576,12.0619963338831,5.782755698172213,0.8,2.3515185264076996,-0.12199611216783524,11.699197963946938
52.29965043067932,12.0619963338831,5.782755698172213,0.8,2.3451546099971665,-0.11718825995922089,11.699197963946938
52.333351612091064,12.0619963338831,5.782755698172213,0.8,2.3451546099971665,-0.044635120779275894,11.699197963946938
52.36662244796753,12.296836614354582,5.8263540451650275,0.8,2.3451546099971665,-0.03257624804973602,11.927942534752663
52.39995718002319,12.296836614354582,5.8263540451650275,0.8,2.351105738232523,-0.023640047758817673,11.927942534752663
52.433297872543335,12.296836614354582,5.8263540451650275,0.8,2.351105738232523,-0.023640047758817673,11.927942534752663
52.46658968925476,12.296836614354582,5.8263540451650275,0.8,2.351105738232523,-0.023640047758817673,11.927942534752663
52.49998450279236,12.296836614354582,5.8263540451650275,0.8,2.351105738232523,-0.023640047758817673,11.927942534752663
52.53361964225769,12.644796722077416,5.8793304600325085,0.8,2.351105738232523,-0.012127411551773548,12.262377740649557
52.56831169128418,12.644796722077416,5.8793304600325085,0.8,2.3590259917904555,-0.012127411551773548,12.262377740649557
52.59996247291565,12.644796722077416,5.8793304600325085,0.8,2.3590259917904555,-0.012127411551773548,12.262377740649557
52.6332790851593,12.880260174924514,5.911016767036553,0.8,2.3590259917904555,0.11147363483905792,12.487396800016153
52.6666362285614,12.880260174924514,5.911016767036553,0.8,2.3454654822679166,0.11147363483905792,12.487396800016153
52.700010538101196,12.880260174924514,5.911016767036553,0.8,2.3454654822679166,0.11147363483905792,12.487396800016153
52.73340559005737,13.116073208116536,5.956262057171677,0.8,2.3454654822679166,0.14636094868183136,12.71910890100387
52.76664924621582,13.116073208116536,5.956262057171677,0.8,2.3456463905469014,0.14636094868183136,12.71910890100387
52.80008125305176,13.116073208116536,5.956262057171677,0.8,2.3456463905469014,0.14636094868183136,12.71910890100387
52.83335018157959,13.361836226889645,6.039221716854484,0.8,2.3456463905469014,0.1465885490179062,12.976453414326022
52.86663794517517,13.44871838260005,6.078811131548155,0.8,2.3498760518028368,0.15393970906734467,13.071906669480619
52.900033712387085,13.44871838260005,6.078811131548155,0.8,2.3560728952866357,0.12359226495027542,13.071906669480619
52.933348178863525,13.44871838260005,6.078811131548155,0.8,2.3560728952866357,0.12359226495027542,13.071906669480619
52.96664595603943,13.645886397659027,6.187299505857312,0.8,2.3560728952866357,0.10097363591194153,13.296636714147203
52.999937772750854,13.645886397659027,6.187299505857312,0.8,2.3406138819650413,0.08846844732761383,13.296636714147203
53.0333833694458,13.645886397659027,6.187299505857312,0.8,2.3406138819650413,0.08846844732761383,13.296636714147203
53.06669044494629,13.839987194577645,6.317659604592493,0.8,2.3406138819650413,0.058691129088401794,13.528176372125792
53.09994149208069,13.839987194577645,6.317659604592493,0.8,2.3525361032849332,0.058691129088401794,13.528176372125792
53.13308620452881,13.839987194577645,6.317659604592493,0.8,2.3525361032849332,0.024523813277482986,13.528176372125792
53.16670203208923,14.03635331593558,6.464330162729627,0.8,2.3525361032849332,0.020449088886380196,13.769007637301572
53.20004153251648,14.03635331593558,6.464330162729627,0.8,2.3599816389433785,0.020449088886380196,13.769007637301572
53.23308730125427,14.03635331593558,6.464330162729627,0.8,2.3599816389433785,-0.012083843350410461,13.769007637301572
53.2667179107666,14.03635331593558,6.464330162729627,0.8,2.3599816389433785,-0.012083843350410461,13.769007637301572
53.3000431060791,14.03635331593558,6.464330162729627,0.8,2.3599816389433785,-0.012083843350410461,13.769007637301572
53.33312511444092,14.351103218558123,6.695786607269036,0.8,2.3599816389433785,-0.02727452665567398,14.153715430382176
53.36662793159485,14.40899519161782,6.736516118341487,0.8,2.3617141287510086,-0.05178268253803253,14.223688986928208
53.40003037452698,14.40899519161782,6.736516118341487,0.8,2.352433335233644,-0.059707216918468475,14.223688986928208
53.43333697319031,14.40899519161782,6.736516118341487,0.8,2.352433335233644,-0.06028095260262489,14.223688986928208
53.46660280227661,14.40899519161782,6.736516118341487,0.8,2.352433335233644,-0.06028095260262489,14.223688986928208
53.50003147125244,14.40899519161782,6.736516118341487,0.8,2.352433335233644,-0.06028095260262489,14.223688986928208
53.53337502479553,14.752296414327576,6.952560871319945,0.8,2.352433335233644,-0.06028095260262489,14.627355128215795
53.56666922569275,14.807130661109097,6.982741116744406,0.8,2.3393413979113755,-0.09030894935131073,14.689900310186303
53.600032806396484,14.807130661109097,6.982741116744406,0.8,2.3453840185347246,-0.09030894935131073,14.689900310186303
53.63333201408386,14.807130661109097,6.982741116744406,0.8,2.3453840185347246,-0.08957478404045105,14.689900310186303
53.66668462753296,15.020025957013653,7.0858157383071045,0.8,2.3453840185347246,-0.08887315541505814,14.926412326794791
53.70002865791321,15.020025957013653,7.0858157383071045,0.8,2.3463576357985647,-0.08887315541505814,14.926412326794791
53.73309874534607,15.020025957013653,7.0858157383071045,0.8,2.3463576357985647,-0.08814641833305359,14.926412326794791
53.766618967056274,15.236272100897182,7.169606196954062,0.8,2.3463576357985647,-0.08268163353204727,15.157293751074272
53.800026655197144,15.236272100897182,7.169606196954062,0.8,2.338166221563148,-0.08268163353204727,15.157293751074272
53.833364486694336,15.236272100897182,7.169606196954062,0.8,2.338166221563148,-0.08268163353204727,15.157293751074272
53.866507053375244,15.463168050105352,7.238576833451404,0.8,2.338166221563148,-0.07501131296157837,15.391146984418649
53.89996337890625,15.463168050105352,7.238576833451404,0.8,2.346206260630109,-0.06332947313785553,15.391146984418649
53.933409690856934,15.463168050105352,7.238576833451404,0.8,2.346206260630109,-0.06332947313785553,15.391146984418649
53.96667194366455,15.463168050105352,7.238576833451404,0.8,2.346206260630109,-0.06332947313785553,15.391146984418649
54.00011205673218,15.463168050105352,7.238576833451404,0.8,2.346206260630109,-0.06332947313785553,15.391146984418649
54.0333993434906,15.463168050105352,7.238576833451404,0.8,2.346206260630109,-0.06332947313785553,15.391146984418649
54.066646337509155,15.911635022799233,7.3617724412478776,0.8,2.346206260630109,-0.06332947313785553,15.847879173472501
54.099956035614014,15.911635022799233,7.3617724412478776,0.8,2.345755725871514,0.008478610776364803,15.847879173472501
54.13336229324341,15.911635022799233,7.3617724412478776,0.8,2.345755725871514,0.008478610776364803,15.847879173472501
54.16641044616699,16.137486324245945,7.426628684787869,0.8,2.345755725871514,0.05585170164704323,16.07930427656951
54.20017910003662,16.137486324245945,7.426628684787869,0.8,2.3543050391891813,0.05585170164704323,16.07930427656951
54.233399629592896,16.137486324245945,7.426628684787869,0.8,2.3543050391891813,0.05585170164704323,16.07930427656951
54.266700983047485,16.363479064369393,7.499621300983054,0.8,2.3543050391891813,0.06810936331748962,16.314499254847444
54.30009388923645,16.363479064369393,7.499621300983054,0.8,2.358970324092944,0.06810936331748962,16.314499254847444
54.3333215713501,16.363479064369393,7.499621300983054,0.8,2.358970324092944,0.06810936331748962,16.314499254847444
54.36663842201233,16.584317608506147,7.587149042706747,0.8,2.358970324092944,0.07961199432611465,16.551425072029247
54.4018120765686,16.584317608506147,7.587149042706747,0.8,2.351835522218458,0.07924561947584152,16.551425072029247
54.433324337005615,16.584317608506147,7.587149042706747,0.8,2.351835522218458,0.07924561947584152,16.551425072029247
54.466574907302856,16.797256394741215,7.689527904637345,0.8,2.351835522218458,0.073475182056427,16.787696673592112
54.500019550323486,16.797256394741215,7.689527904637345,0.8,2.3514945297409042,0.06920535862445831,16.787696673592112
54.533385276794434,16.797256394741215,7.689527904637345,0.8,2.3514945297409042,0.06920535862445831,16.787696673592112
54.566574573516846,17.004633514099893,7.806910411868229,0.8,2.3514945297409042,0.056834325194358826,17.025484157052617
54.60001802444458,17.004633514099893,7.806910411868229,0.8,2.3493835441436053,0.043792758136987686,17.025484157052617
54.63338494300842,17.004633514099893,7.806910411868229,0.8,2.3493835441436053,0.043792758136987686,17.025484157052617
54.66666388511658,17.200734658006134,7.931785661061106,0.8,2.3493835441436053,0.03918009251356125,17.25640945519808
54.69999122619629,17.200734658006134,7.931785661061106,0.8,2.3424726646006024,0.03606918826699257,17.25640945519808
54.73339247703552,17.200734658006134,7.931785661061106,0.8,2.3424726646006024,0.03606918826699257,17.25640945519808
54.76634860038757,17.394196473968062,8.065093364855366,0.8,2.3424726646006024,-0.0016989889554679394,17.488699464743448
54.80003833770752,17.394196473968062,8.065093364855366,0.8,2.333563180336753,-0.0016989889554679394,17.488699464743448
54.8334002494812,17.394196473968062,8.065093364855366,0.8,2.333563180336753,-0.0016989889554679394,17.488699464743448
54.86638808250427,17.58918569784305,8.203236021330653,0.8,2.333563180336753,-0.00744312210008502,17.72455990294349
54.90003848075867,17.58918569784305,8.203236021330653,0.8,2.334141897150077,-0.028455758467316628,17.72455990294349
54.933375120162964,17.58918569784305,8.203236021330653,0.8,2.334141897150077,-0.028455758467316628,17.72455990294349
54.96644854545593,17.77648841749149,8.331157867141192,0.8,2.334141897150077,-0.031078435480594635,17.949088512338257
55.000054359436035,17.77648841749149,8.331157867141192,0.8,2.3464278688617544,-0.04290694370865822,17.949088512338257
55.033445835113525,17.77648841749149,8.331157867141192,0.8,2.3464278688617544,-0.04290694370865822,17.949088512338257
55.06641435623169,17.9905786700129,8.466311264109674,0.8,2.3464278688617544,-0.045387186110019684,18.200890055070403
55.10003471374512,17.9905786700129,8.466311264109674,0.8,2.343949508782618,-0.04805277660489082,18.200890055070403
55.13326907157898,17.9905786700129,8.466311264109674,0.8,2.343949508782618,-0.04805277660489082,18.200890055070403
55.16642713546753,18.196766296330996,8.584710969222163,0.8,2.343949508782618,-0.04208372160792351,18.43820494171727
55.20003056526184,18.196766296330996,8.584710969222163,0.8,2.3421897869041857,-0.03185616806149483,18.43820494171727
55.233372926712036,18.196766296330996,8.584710969222163,0.8,2.3421897869041857,-0.03185616806149483,18.43820494171727
55.26663875579834,18.196766296330996,8.584710969222163,0.8,2.3421897869041857,-0.03185616806149483,18.43820494171727
55.29980707168579,18.410680304158667,8.697924773946177,0.8,2.3421897869041857,-0.03185616806149483,18.68014635876771
55.33336877822876,18.410680304158667,8.697924773946177,0.8,2.3358376446638447,-0.00022200729290489107,18.68014635876771
55.3666889667511,18.410680304158667,8.697924773946177,0.8,2.3358376446638447,-0.00022200729290489107,18.68014635876771
55.40003776550293,18.624264761047538,8.806865603279006,0.8,2.3358376446638447,-0.00022200729290489107,18.919894905437253
55.433326721191406,18.624264761047538,8.806865603279006,0.8,2.344920738643369,0.021217811852693558,18.919894905437253
55.4666473865509,18.624264761047538,8.806865603279006,0.8,2.344920738643369,0.021217811852693558,18.919894905437253
55.500112533569336,18.835694581653616,8.917316913434838,0.8,2.344920738643369,0.027307316660881042,19.158385692625245
55.5332670211792,18.835694581653616,8.917316913434838,0.8,2.353161694809215,0.027307316660881042,19.158385692625245
55.566646099090576,18.835694581653616,8.917316913434838,0.8,2.353161694809215,0.027307316660881042,19.158385692625245
55.60001802444458,19.045735417983543,9.03365820492242,0.8,2.353161694809215,0.0319911427795887,19.39825571715644
55.63326025009155,19.045735417983543,9.03365820492242,0.8,2.337445593181566,0.0319911427795887,19.39825571715644
55.666608810424805,19.045735417983543,9.03365820492242,0.8,2.337445593181566,0.0319911427795887,19.39825571715644
55.700053453445435,19.254757333012204,9.153364636461145,0.8,2.337445593181566,-0.0006477372953668237,19.63871979876288
55.73338174819946,19.254757333012204,9.153364636461145,0.8,2.3394365321539627,-0.010061243548989296,19.63871979876288
55.7666220664978,19.254757333012204,9.153364636461145,0.8,2.3394365321539627,-0.010061243548989296,19.63871979876288
55.80004096031189,19.46736408532383,9.273570554020544,0.8,2.3394365321539627,-0.010977154597640038,19.882624446616447
55.83334541320801,19.46736408532383,9.273570554020544,0.8,2.342949972271878,-0.015806209295988083,19.882624446616447
55.86645722389221,19.61163963297382,9.35319582304226,0.8,2.342949972271878,-0.017321428284049034,20.04727354480159
55.899938106536865,19.61163963297382,9.35319582304226,0.8,2.33891199154822,-0.017321428284049034,20.04727354480159
55.93308877944946,19.61163963297382,9.35319582304226,0.8,2.33891199154822,-0.017321428284049034,20.04727354480159
55.966712951660156,19.61163963297382,9.35319582304226,0.8,2.33891199154822,-0.017321428284049034,20.04727354480159
55.99975252151489,19.88545096994058,9.497282930841108,0.8,2.33891199154822,-0.02461647056043148,20.356613515450118
56.033149003982544,19.88545096994058,9.497282930841108,0.8,2.3290623504396843,-0.02809722162783146,20.356613515450118
56.06662178039551,20.027605673349964,9.567874266898718,0.8,2.3290623504396843,-0.029641959816217422,20.51533002254375
56.100239753723145,20.027605673349964,9.567874266898718,0.8,2.340028949024917,-0.03054492175579071,20.51533002254375
56.13354730606079,20.027605673349964,9.567874266898718,0.8,2.340028949024917,-0.03054492175579071,20.51533002254375
56.16671109199524,20.027605673349964,9.567874266898718,0.8,2.340028949024917,-0.03054492175579071,20.51533002254375
56.1997275352478,20.319214341717156,9.702709281825152,0.8,2.340028949024917,-0.025623058900237083,20.836456797932584
56.233713150024414,20.319214341717156,9.702709281825152,0.8,2.352125631333036,-0.02543988823890686,20.836456797932584
56.26644730567932,20.319214341717156,9.702709281825152,0.8,2.352125631333036,-0.02543988823890686,20.836456797932584
56.29991841316223,20.53966517912233,9.796578959055742,0.8,2.352125631333036,-0.02085474692285061,21.075628156114544
56.33336162567139,20.53966517912233,9.796578959055742,0.8,2.3553834064710513,-0.02085474692285061,21.075628156114544
56.366854429244995,20.676035295164997,9.851864528032383,0.8,2.3553834064710513,-0.012419532984495163,21.222344007063466
56.40012001991272,20.676035295164997,9.851864528032383,0.8,2.3428896110296735,-0.004115880001336336,21.222344007063466
56.433478355407715,20.676035295164997,9.851864528032383,0.8,2.3428896110296735,-0.004115880001336336,21.222344007063466
56.46666169166565,20.676035295164997,9.851864528032383,0.8,2.3428896110296735,-0.004115880001336336,21.222344007063466
56.50002408027649,20.986936126145743,9.974786434080821,0.8,2.3428896110296735,-0.004115880001336336,21.555467000172005
56.53341603279114,20.986936126145743,9.974786434080821,0.8,2.3421560842862683,0.03905231133103371,21.555467000172005
56.5666720867157,21.1134900685862,10.025952707450983,0.8,2.3421560842862683,0.0628390684723854,21.69157885317031
56.60004806518555,21.1134900685862,10.025952707450983,0.8,2.345955359962005,0.06285671889781952,21.69157885317031
56.63341045379639,21.1134900685862,10.025952707450983,0.8,2.345955359962005,0.06285671889781952,21.69157885317031
56.666645526885986,21.1134900685862,10.025952707450983,0.8,2.345955359962005,0.06285671889781952,21.69157885317031
56.70038843154907,21.1134900685862,10.025952707450983,0.8,2.345955359962005,0.0966385006904602,21.69157885317031
56.73343300819397,21.421570432169688,10.178383854249242,0.8,2.345955359962005,0.11920320987701416,22.035306555426633
56.76671600341797,21.421570432169688,10.178383854249242,0.8,2.34814409171988,0.11920320987701416,22.035306555426633
56.80005741119385,21.421570432169688,10.178383854249242,0.8,2.34814409171988,0.11920320987701416,22.035306555426633
56.83342528343201,21.620260717653473,10.308474522910954,0.8,2.34814409171988,0.14960171282291412,22.271114318382967
56.86663508415222,21.716090287301878,10.384545009934335,0.8,2.3431535509846046,0.14839746057987213,22.390800354060612
56.9001042842865,21.716090287301878,10.384545009934335,0.8,2.34801730131651,0.14839746057987213,22.390800354060612
56.93334698677063,21.716090287301878,10.384545009934335,0.8,2.34801730131651,0.16700498759746552,22.390800354060612
56.96668314933777,21.716090287301878,10.384545009934335,0.8,2.34801730131651,0.16700498759746552,22.390800354060612
57.00007605552673,21.716090287301878,10.384545009934335,0.8,2.34801730131651,0.16700498759746552,22.390800354060612
57.033321380615234,21.963209338697236,10.649415619826817,0.8,2.34801730131651,0.158945694565773,22.730478068378105
57.066696882247925,22.021566641164057,10.733708936320395,0.8,2.3518913259570047,0.17703066766262054,22.82063592793286
57.10008001327515,22.021566641164057,10.733708936320395,0.8,2.3480731210303296,0.17703066766262054,22.82063592793286
57.133286237716675,22.021566641164057,10.733708936320395,0.8,2.3480731210303296,0.18262986838817596,22.82063592793286
57.16670107841492,22.131703143060175,10.940559048531155,0.8,2.3480731210303296,0.18224939703941345,23.01291739597883
57.200061082839966,22.131703143060175,10.940559048531155,0.8,2.3420525733319852,0.18224939703941345,23.01291739597883
57.23340702056885,22.131703143060175,10.940559048531155,0.8,2.3420525733319852,0.16224130988121033,23.01291739597883
57.266727685928345,22.131703143060175,10.940559048531155,0.8,2.3420525733319852,0.16224130988121033,23.01291739597883
57.30007719993591,22.131703143060175,10.940559048531155,0.8,2.3420525733319852,0.16224130988121033,23.01291739597883
57.33317971229553,22.23843843961232,11.307736548856607,0.8,2.3420525733319852,0.1568952351808548,23.277679035779546
57.366719484329224,22.25030165620219,11.396161878270084,0.8,2.355059806654962,0.15923713147640228,23.329720222166465
57.39999580383301,22.25030165620219,11.396161878270084,0.8,2.351199934859636,0.15923713147640228,23.329720222166465
57.43803834915161,22.25030165620219,11.396161878270084,0.8,2.351199934859636,0.15592825412750244,23.329720222166465
57.46660614013672,22.25030165620219,11.396161878270084,0.8,2.351199934859636,0.15592825412750244,23.329720222166465
57.500176429748535,22.25030165620219,11.396161878270084,0.8,2.351199934859636,0.15592825412750244,23.329720222166465
57.53307485580444,22.24508761811453,11.785273341506503,0.8,2.351199934859636,0.13616827130317688,23.511125704685615
57.56663632392883,22.2333617484807,11.863847080807105,0.8,2.351387885721948,0.09063281863927841,23.53904656819077
57.60019850730896,22.2333617484807,11.863847080807105,0.8,2.3464311021696136,0.09063281863927841,23.53904656819077
57.633506774902344,22.2333617484807,11.863847080807105,0.8,2.3464311021696136,0.08197726309299469,23.53904656819077
57.666635274887085,22.187319635541435,12.093883233097277,0.8,2.3464311021696136,0.06574910879135132,23.611960140662713
57.7000846862793,22.187319635541435,12.093883233097277,0.8,2.3469007726993865,0.06574910879135132,23.611960140662713
57.73299694061279,22.187319635541435,12.093883233097277,0.8,2.3469007726993865,0.04698554426431656,23.611960140662713
57.7666916847229,22.128412149672922,12.321702241691774,0.8,2.3469007726993865,0.03489162400364876,23.6747416022879
57.80015015602112,22.128412149672922,12.321702241691774,0.8,2.3425303350532274,0.03489162400364876,23.6747416022879
57.8333203792572,22.128412149672922,12.321702241691774,0.8,2.3425303350532274,0.013255716301500797,23.6747416022879
57.86658692359924,22.063176992122617,12.54802566842746,0.8,2.3425303350532274,-0.0004504188254941255,23.733488395281984
57.90003061294556,22.063176992122617,12.54802566842746,0.8,2.3531244358433896,-0.0004504188254941255,23.733488395281984
57.93334722518921,22.063176992122617,12.54802566842746,0.8,2.3531244358433896,-0.008739911019802094,23.733488395281984
57.96641135215759,21.99534984216482,12.784142458312433,0.8,2.3531244358433896,-0.014597923494875431,23.797304672537546
58.000004053115845,21.99534984216482,12.784142458312433,0.8,2.353110432605347,-0.029685720801353455,23.797304672537546
58.03337645530701,21.99534984216482,12.784142458312433,0.8,2.353110432605347,-0.029685720801353455,23.797304672537546
58.06670069694519,21.99534984216482,12.784142458312433,0.8,2.353110432605347,-0.029685720801353455,23.797304672537546
58.100061655044556,21.99534984216482,12.784142458312433,0.8,2.353110432605347,-0.029685720801353455,23.797304672537546
58.133302211761475,21.99534984216482,12.784142458312433,0.8,2.353110432605347,-0.029685720801353455,23.797304672537546
58.16659498214722,21.885153230483752,13.230758352074512,0.8,2.353110432605347,-0.03960584104061127,23.93972319465375
58.19994878768921,21.885153230483752,13.230758352074512,0.8,2.3438179325669397,-0.03960584104061127,23.93972319465375
58.23338556289673,21.885153230483752,13.230758352074512,0.8,2.3438179325669397,-0.03960584104061127,23.93972319465375
58.26667594909668,21.839130979943853,13.461024476514455,0.8,2.3438179325669397,-0.03338320553302765,24.025320964162923
58.29991555213928,21.839130979943853,13.461024476514455,0.8,2.344592857489905,-0.032147057354450226,24.025320964162923
58.333399057388306,21.839130979943853,13.461024476514455,0.8,2.344592857489905,-0.030753497034311295,24.025320964162923
58.36667203903198,21.796902008549097,13.690417007940258,0.8,2.344592857489905,9.537183359498158e-05,24.115584823200848
58.400028467178345,21.796902008549097,13.690417007940258,0.8,2.3542705325841067,9.537183359498158e-05,24.115584823200848
58.43337965011597,21.796902008549097,13.690417007940258,0.8,2.3542705325841067,9.537183359498158e-05,24.115584823200848
58.46661925315857,21.753394949741512,13.92314665538776,0.8,2.3542705325841067,0.009240559302270412,24.208564019336375
58.50003099441528,21.753394949741512,13.92314665538776,0.8,2.364404419452764,0.009240559302270412,24.208564019336375
58.53337335586548,21.753394949741512,13.92314665538776,0.8,2.364404419452764,0.009240559302270412,24.208564019336375
58.5666401386261,21.70825114756259,14.154487378037146,0.8,2.364404419452764,0.011327851563692093,24.3013585648988
58.60003972053528,21.70825114756259,14.154487378037146,0.8,2.348302724836709,0.011327851563692093,24.3013585648988
58.633376598358154,21.70825114756259,14.154487378037146,0.8,2.348302724836709,0.011327851563692093,24.3013585648988
58.66667580604553,21.65924204132663,14.388045034458674,0.8,2.348302724836709,0.018981782719492912,24.394182424731873
58.70002007484436,21.65924204132663,14.388045034458674,0.8,2.343895436464369,0.018981782719492912,24.394182424731873
58.733381271362305,21.65924204132663,14.388045034458674,0.8,2.343895436464369,0.018981782719492912,24.394182424731873
58.76652956008911,21.60740262898074,14.615203903706014,0.8,2.343895436464369,0.026486678048968315,24.4829595797154
58.801180839538574,21.60740262898074,14.615203903706014,0.8,2.348127577691059,0.026486678048968315,24.4829595797154
58.83315420150757,21.60740262898074,14.615203903706014,0.8,2.348127577691059,0.026486678048968315,24.4829595797154
58.86646056175232,21.550166069457582,14.84186242936787,0.8,2.348127577691059,0.034976959228515625,24.56896525327108
58.900107860565186,21.550166069457582,14.84186242936787,0.8,2.3554539027637094,0.05437140166759491,24.56896525327108
58.93335556983948,21.550166069457582,14.84186242936787,0.8,2.3554539027637094,0.05437140166759491,24.56896525327108
58.96668219566345,21.48436830609298,15.065289014854814,0.8,2.3554539027637094,0.05964396148920059,24.64808385637101
58.999961376190186,21.48436830609298,15.065289014854814,0.8,2.3343641492047946,0.0630236268043518,24.64808385637101
59.03341197967529,21.48436830609298,15.065289014854814,0.8,2.3343641492047946,0.0630236268043518,24.64808385637101
59.066534996032715,21.403122331514716,15.293757362597537,0.8,2.3343641492047946,0.064785435795784,24.719850170582585
59.1000714302063,21.403122331514716,15.293757362597537,0.8,2.3394189361899613,0.064785435795784,24.719850170582585
59.13337445259094,21.403122331514716,15.293757362597537,0.8,2.3394189361899613,0.064785435795784,24.719850170582585
59.16666221618652,21.31023498244005,15.511148545171809,0.8,2.3394189361899613,0.06844401359558105,24.777798562287934
59.199931144714355,21.31023498244005,15.511148545171809,0.8,2.351520399376115,0.054525960236787796,24.777798562287934
59.23337459564209,21.31023498244005,15.511148545171809,0.8,2.351520399376115,0.054525960236787796,24.777798562287934
59.26645469665527,21.203311608172644,15.727617585676654,0.8,2.351520399376115,0.04988662526011467,24.826251322643774
59.30000376701355,21.203311608172644,15.727617585676654,0.8,2.3539150277883754,0.04712464660406113,24.826251322643774
59.33337736129761,21.203311608172644,15.727617585676654,0.8,2.3539150277883754,0.04712464660406113,24.826251322643774
59.36635160446167,21.08541358663119,15.941850537008433,0.8,2.3539150277883754,0.04379294440150261,24.866988795373373
59.40004062652588,21.08541358663119,15.941850537008433,0.8,2.3426821417159007,0.0436442531645298,24.866988795373373
59.43335008621216,21.08541358663119,15.941850537008433,0.8,2.3426821417159007,0.0436442531645298,24.866988795373373
59.46637034416199,20.966054366317636,16.144980372556184,0.8,2.3426821417159007,0.015945792198181152,24.90190526083225
59.50015163421631,20.966054366317636,16.144980372556184,0.8,2.3434539931721052,0.013618367724120617,24.90190526083225
59.53347134590149,20.966054366317636,16.144980372556184,0.8,2.3434539931721052,0.013618367724120617,24.90190526083225
59.56672954559326,20.966054366317636,16.144980372556184,0.8,2.3434539931721052,0.013618367724120617,24.90190526083225
59.599788188934326,20.842264133007138,16.34922208603441,0.8,2.3434539931721052,-0.007044654805213213,24.936304123118063
59.633394718170166,20.842264133007138,16.34922208603441,0.8,2.342028761776876,-0.007044654805213213,24.936304123118063
59.66660404205322,20.842264133007138,16.34922208603441,0.8,2.342028761776876,-0.007044654805213213,24.936304123118063
59.70007038116455,20.71665385488391,16.555060245523194,0.8,2.342028761776876,-0.031015584245324135,24.972584923561822
59.733274698257446,20.71665385488391,16.555060245523194,0.8,2.3335327471254192,-0.031015584245324135,24.972584923561822
59.766688108444214,20.71665385488391,16.555060245523194,0.8,2.3335327471254192,-0.031015584245324135,24.972584923561822
59.80011606216431,20.59584957110551,16.762006652945455,0.8,2.3335327471254192,-0.03478873148560524,25.01549777981353
59.83336114883423,20.59584957110551,16.762006652945455,0.8,2.3400997811778277,-0.03478873148560524,25.01549777981353
59.86641478538513,20.59584957110551,16.762006652945455,0.8,2.3400997811778277,-0.03478873148560524,25.01549777981353
59.899951457977295,20.48224057509109,16.976664358537413,0.8,2.3400997811778277,-0.056142956018447876,25.071125357461103
59.93337845802307,20.48224057509109,16.976664358537413,0.8,2.3473294600193353,-0.06333823502063751,25.071125357461103
59.96674036979675,20.40512112817871,17.140898402531878,0.8,2.3473294600193353,-0.064729243516922,25.122495385533718
60.00014877319336,20.40512112817871,17.140898402531878,0.8,2.349919124099071,-0.064729243516922,25.122495385533718
60.03343844413757,20.40512112817871,17.140898402531878,0.8,2.349919124099071,-0.064729243516922,25.122495385533718
60.0666983127594,20.40512112817871,17.140898402531878,0.8,2.349919124099071,-0.064729243516922,25.122495385533718
60.09974384307861,20.29554674981353,17.41580354045348,0.8,2.349919124099071,-0.05867316201329231,25.225568842297946
60.13337016105652,20.29554674981353,17.41580354045348,0.8,2.3432747917515813,-0.06080648675560951,25.225568842297946
60.17006254196167,20.240098685879815,17.58247930580433,0.8,2.3432747917515813,-0.06080648675560951,25.29760577967936
60.199947118759155,20.240098685879815,17.58247930580433,0.8,2.3340715463206676,-0.06080648675560951,25.29760577967936
60.23357558250427,20.240098685879815,17.58247930580433,0.8,2.3340715463206676,-0.06080648675560951,25.29760577967936
60.266549825668335,20.240098685879815,17.58247930580433,0.8,2.3340715463206676,-0.06080648675560951,25.29760577967936
60.3000762462616,20.16035745834351,17.874661724869163,0.8,2.3340715463206676,-0.0017919524107128382,25.43900520322828
60.333412885665894,20.16035745834351,17.874661724869163,0.8,2.3448938128542123,0.006637844257056713,25.43900520322828
60.36679410934448,20.16035745834351,17.874661724869163,0.8,2.3448938128542123,0.006637844257056713,25.43900520322828
60.400400161743164,20.104771336728493,18.106230215760146,0.8,2.3448938128542123,0.0156500656157732,25.558553506349043
60.43345236778259,20.104771336728493,18.106230215760146,0.8,2.3403908139487872,0.015768617391586304,25.558553506349043
60.46653938293457,20.104771336728493,18.106230215760146,0.8,2.3403908139487872,0.015768617391586304,25.558553506349043
60.49994206428528,20.044996412633726,18.339497738565623,0.8,2.3403908139487872,0.030860397964715958,25.677944314251565
60.533337354660034,20.044996412633726,18.339497738565623,0.8,2.339598501531472,0.030860397964715958,25.677944314251565
60.566587924957275,20.044996412633726,18.339497738565623,0.8,2.339598501531472,0.030860397964715958,25.677944314251565
60.59982633590698,19.978550199586376,18.570577618810564,0.8,2.339598501531472,0.03621076047420502,25.792754831144737
60.633249282836914,19.978550199586376,18.570577618810564,0.8,2.339965688543256,0.05096644163131714,25.792754831144737
60.66659617424011,19.978550199586376,18.570577618810564,0.8,2.339965688543256,0.05096644163131714,25.792754831144737
60.69987440109253,19.90326497698287,18.796621120193123,0.8,2.339965688543256,0.05293337255716324,25.899489336415662
60.7333779335022,19.90326497698287,18.796621120193123,0.8,2.3428794289195265,0.05391475558280945,25.899489336415662
60.76639676094055,19.90326497698287,18.796621120193123,0.8,2.3428794289195265,0.05391475558280945,25.899489336415662
60.79968738555908,19.81595927287343,19.020270342518987,0.8,2.3428794289195265,0.05584242567420006,25.997865291455103
60.8332302570343,19.81595927287343,19.020270342518987,0.8,2.340413008548474,0.03920428454875946,25.997865291455103
60.866450786590576,19.760817798621492,19.147600525205334,0.8,2.340413008548474,0.03845634311437607,26.050922330963626
60.900028228759766,19.760817798621492,19.147600525205334,0.8,2.343953419301629,0.0380842424929142,26.050922330963626
60.933379888534546,19.760817798621492,19.147600525205334,0.8,2.343953419301629,0.0380842424929142,26.050922330963626
60.96662664413452,19.760817798621492,19.147600525205334,0.8,2.343953419301629,0.037439655512571335,26.050922330963626
61.0000364780426,19.648873602416447,19.386445455351264,0.8,2.343953419301629,0.037439655512571335,26.14629124771067
61.03331232070923,19.648873602416447,19.386445455351264,0.8,2.358323225626121,0.037439655512571335,26.14629124771067
61.06664562225342,19.648873602416447,19.386445455351264,0.8,2.358323225626121,0.037439655512571335,26.14629124771067
61.09998846054077,19.648873602416447,19.386445455351264,0.8,2.358323225626121,0.037439655512571335,26.14629124771067
61.13330674171448,19.498943878466182,19.67364583694192,0.8,2.358323225626121,0.032381974160671234,26.253614017268795
61.16663360595703,19.498943878466182,19.67364583694192,0.8,2.357963009156711,0.032381974160671234,26.253614017268795
61.200002670288086,19.498943878466182,19.67364583694192,0.8,2.357963009156711,0.032381974160671234,26.253614017268795
61.23327136039734,19.38206852636934,19.878665646111063,0.8,2.357963009156711,0.02660628780722618,26.325774236498887
61.26657009124756,19.32302662383519,19.97783244819538,0.8,2.3442150628403997,0.024531301110982895,26.359684496190653
61.29974055290222,19.32302662383519,19.97783244819538,0.8,2.3477054917330173,0.023058630526065826,26.359684496190653
61.33326029777527,19.32302662383519,19.97783244819538,0.8,2.3477054917330173,0.02186283841729164,26.359684496190653
61.36659789085388,19.32302662383519,19.97783244819538,0.8,2.3477054917330173,0.02186283841729164,26.359684496190653
61.399969816207886,19.32302662383519,19.97783244819538,0.8,2.3477054917330173,0.02186283841729164,26.359684496190653
61.43328070640564,19.12735080255772,20.29116376218373,0.8,2.3477054917330173,0.0072760204784572124,26.463832314035606
61.466635942459106,19.074281526423444,20.373271802735772,0.8,2.348417609064322,-0.0008537720423191786,26.49073082899772
61.499990701675415,19.074281526423444,20.373271802735772,0.8,2.351104213928934,-0.0008537720423191786,26.49073082899772
61.53312110900879,19.074281526423444,20.373271802735772,0.8,2.351104213928934,-0.0031316066160798073,26.49073082899772
61.56667709350586,19.074281526423444,20.373271802735772,0.8,2.351104213928934,-0.0031316066160798073,26.49073082899772
61.599984884262085,19.074281526423444,20.373271802735772,0.8,2.351104213928934,-0.0031316066160798073,26.49073082899772
61.63307070732117,18.869586665349342,20.691694388422206,0.8,2.351104213928934,-0.019342301413416862,26.59890690918887
61.666648387908936,18.816343330775013,20.775644777178098,0.8,2.3380382027079554,-0.01972036063671112,26.62871573207301
61.70001721382141,18.816343330775013,20.775644777178098,0.8,2.347745144500156,-0.01972036063671112,26.62871573207301
61.733030796051025,18.816343330775013,20.775644777178098,0.8,2.347745144500156,-0.019672486931085587,26.62871573207301
61.76644563674927,18.697679241034475,20.968006679547063,0.8,2.347745144500156,-0.02036140486598015,26.700416086890293
61.800018548965454,18.697679241034475,20.968006679547063,0.8,2.363454055083455,-0.02036140486598015,26.700416086890293
61.833396911621094,18.697679241034475,20.968006679547063,0.8,2.363454055083455,-0.01952158659696579,26.700416086890293
61.86662435531616,18.57649405413993,21.171744866850233,0.8,2.363454055083455,-0.016246015205979347,26.7810651406241
61.899999141693115,18.57649405413993,21.171744866850233,0.8,2.3566006250796856,-0.012669100426137447,26.7810651406241
61.93330645561218,18.57649405413993,21.171744866850233,0.8,2.3566006250796856,-0.003530838992446661,26.7810651406241
61.96666431427002,18.57649405413993,21.171744866850233,0.8,2.3566006250796856,-0.003530838992446661,26.7810651406241
62.0000205039978,18.57649405413993,21.171744866850233,0.8,2.3566006250796856,-0.003530838992446661,26.7810651406241
62.03329515457153,18.3749872201005,21.518562110482396,0.8,2.3566006250796856,-0.003530838992446661,26.925562963808368
62.06798481941223,18.341411337633282,21.576540414083908,0.8,2.345051620460723,0.012771934270858765,26.950294195309617
62.10437536239624,18.341411337633282,21.576540414083908,0.8,2.347115750002165,0.012771934270858765,26.950294195309617
62.13347315788269,18.341411337633282,21.576540414083908,0.8,2.347115750002165,0.012771934270858765,26.950294195309617
62.166419982910156,18.219798328330736,21.77890989830657,0.8,2.347115750002165,0.04288308694958687,27.035036712246395
62.19993209838867,18.219798328330736,21.77890989830657,0.8,2.3580626911164884,0.04288308694958687,27.035036712246395
62.23322820663452,18.219798328330736,21.77890989830657,0.8,2.3580626911164884,0.05381254479289055,27.035036712246395
62.26655578613281,18.09076364855976,21.97558652376365,0.8,2.3580626911164884,0.08404025435447693,27.112545519461122
62.29993271827698,18.09076364855976,21.97558652376365,0.8,2.3544461550296014,0.08404025435447693,27.112545519461122
62.33313274383545,18.09076364855976,21.97558652376365,0.8,2.3544461550296014,0.09904193878173828,27.112545519461122
62.36659288406372,17.94762454410291,22.162096972802026,0.8,2.3544461550296014,0.10731174051761627,27.175280357086322
62.39992713928223,17.94762454410291,22.162096972802026,0.8,2.349811120505995,0.10731174051761627,27.175280357086322
62.4332754611969,17.94762454410291,22.162096972802026,0.8,2.349811120505995,0.10731174051761627,27.175280357086322
62.46649408340454,17.78271236032262,22.329131856386685,0.8,2.349811120505995,0.16290231049060822,27.211314342178607
62.49999475479126,17.78271236032262,22.329131856386685,0.8,2.3458713411609295,0.16290231049060822,27.211314342178607
62.53335738182068,17.78271236032262,22.329131856386685,0.8,2.3458713411609295,0.16290231049060822,27.211314342178607
62.56658315658569,17.591096162539348,22.46782089857268,0.8,2.3458713411609295,0.20817597210407257,27.210711802322862
62.59992456436157,17.591096162539348,22.46782089857268,0.8,2.3469453021252558,0.20817597210407257,27.210711802322862
62.633280515670776,17.591096162539348,22.46782089857268,0.8,2.3469453021252558,0.20817597210407257,27.210711802322862
62.66662573814392,17.3777508662511,22.564287044322764,0.8,2.3469453021252558,0.24000583589076996,27.165149702154793
62.7000207901001,17.3777508662511,22.564287044322764,0.8,2.3501129161723533,0.24000583589076996,27.165149702154793
62.73339653015137,17.3777508662511,22.564287044322764,0.8,2.3501129161723533,0.24000583589076996,27.165149702154793
62.766647815704346,17.143341289145933,22.610448500401386,0.8,2.3501129161723533,0.226981520652771,27.06821030974116
62.79999494552612,17.143341289145933,22.610448500401386,0.8,2.34465360967479,0.226981520652771,27.06821030974116
62.83355736732483,17.143341289145933,22.610448500401386,0.8,2.34465360967479,0.226981520652771,27.06821030974116
62.86636781692505,16.8989989286286,22.601133701891992,0.8,2.34465360967479,0.22831101715564728,26.921656030510768
62.90002083778381,16.8989989286286,22.601133701891992,0.8,2.3520674247138382,0.22701933979988098,26.921656030510768
62.93338227272034,16.8989989286286,22.601133701891992,0.8,2.3520674247138382,0.20908966660499573,26.921656030510768
62.9666485786438,16.8989989286286,22.601133701891992,0.8,2.3520674247138382,0.20908966660499573,26.921656030510768
63.000022649765015,16.8989989286286,22.601133701891992,0.8,2.3520674247138382,0.20908966660499573,26.921656030510768
63.03338670730591,16.8989989286286,22.601133701891992,0.8,2.3520674247138382,0.20908966660499573,26.921656030510768
63.06642746925354,16.46869580143588,22.456096088420416,0.8,2.3520674247138382,0.1755949854850769,26.560123312887796
63.100072145462036,16.46869580143588,22.456096088420416,0.8,2.3526600432389415,0.14703722298145294,26.560123312887796
63.13341045379639,16.46869580143588,22.456096088420416,0.8,2.3526600432389415,0.14703722298145294,26.560123312887796
63.1666214466095,16.26142351837626,22.32488150994563,0.8,2.3526600432389415,0.13820326328277588,26.335891828538955
63.200048208236694,16.26142351837626,22.32488150994563,0.8,2.3429162205570093,0.09746116399765015,26.335891828538955
63.23343086242676,16.26142351837626,22.32488150994563,0.8,2.3429162205570093,0.09746116399765015,26.335891828538955
63.26644325256348,16.081363364548462,22.180888289872744,0.8,2.3429162205570093,0.05757160112261772,26.11637264347743
63.300081729888916,16.081363364548462,22.180888289872744,0.8,2.3511109702469755,0.05757160112261772,26.11637264347743
63.33350324630737,16.081363364548462,22.180888289872744,0.8,2.3511109702469755,0.05757160112261772,26.11637264347743
63.3664014339447,15.909399421642563,22.02316627938217,0.8,2.3511109702469755,0.052378349006175995,25.890024025884603
63.400097370147705,15.909399421642563,22.02316627938217,0.8,2.348450471243307,0.052378349006175995,25.890024025884603
63.433526277542114,15.909399421642563,22.02316627938217,0.8,2.348450471243307,0.052378349006175995,25.890024025884603
63.46658134460449,15.733096786733366,21.85529793120253,0.8,2.348450471243307,-0.012489165179431438,25.652935669763167
63.49995136260986,15.733096786733366,21.85529793120253,0.8,2.34384757881556,-0.044902071356773376,25.652935669763167
63.533429861068726,15.733096786733366,21.85529793120253,0.8,2.34384757881556,-0.044902071356773376,25.652935669763167
63.56666302680969,15.558401838647406,21.69833248426885,0.8,2.34384757881556,-0.051977649331092834,25.425979198679418
63.60002565383911,15.558401838647406,21.69833248426885,0.8,2.344704777848441,-0.06850294768810272,25.425979198679418
63.63340616226196,15.558401838647406,21.69833248426885,0.8,2.344704777848441,-0.06850294768810272,25.425979198679418
63.666638135910034,15.36912453081329,21.54826617084692,0.8,2.344704777848441,-0.0803716778755188,25.197029576360364
63.7001588344574,15.36912453081329,21.54826617084692,0.8,2.3542789438416536,-0.08256489783525467,25.197029576360364
63.73341655731201,15.36912453081329,21.54826617084692,0.8,2.3542789438416536,-0.08256489783525467,25.197029576360364
63.766711473464966,15.189245605463535,21.425873164533645,0.8,2.3542789438416536,-0.0406547486782074,24.99667829595858
63.8000373840332,15.189245605463535,21.425873164533645,0.8,2.3415172125586436,-0.0406547486782074,24.99667829595858
63.83339762687683,15.189245605463535,21.425873164533645,0.8,2.3415172125586436,-0.0406547486782074,24.99667829595858
63.86665368080139,15.189245605463535,21.425873164533645,0.8,2.3415172125586436,-0.0406547486782074,24.99667829595858
63.900084495544434,14.965766731352346,21.287601486694992,0.8,2.3415172125586436,-0.003960029222071171,24.75980212672503
63.933396100997925,14.965766731352346,21.287601486694992,0.8,2.344978713757482,-0.003960029222071171,24.75980212672503
63.96702456474304,14.965766731352346,21.287601486694992,0.8,2.344978713757482,-0.003960029222071171,24.75980212672503
64.00007653236389,14.749755942594996,21.157007468958735,0.8,2.344978713757482,0.03891412913799286,24.533930305581485
64.03340315818787,14.749755942594996,21.157007468958735,0.8,2.3567665365917585,0.03891412913799286,24.533930305581485
64.06662797927856,14.749755942594996,21.157007468958735,0.8,2.3567665365917585,0.03891412913799286,24.533930305581485
64.10005974769592,14.556800304645286,21.033433744933895,0.8,2.3567665365917585,0.10484728217124939,24.326738194129383
64.13334608078003,14.556800304645286,21.033433744933895,0.8,2.355165565674959,0.10484728217124939,24.326738194129383
64.16646838188171,14.556800304645286,21.033433744933895,0.8,2.355165565674959,0.10484728217124939,24.326738194129383
64.20004510879517,14.36273647769595,20.886753576546948,0.8,2.355165565674959,0.10484728217124939,24.099711160753017
64.23348617553711,14.36273647769595,20.886753576546948,0.8,2.3532844141124283,0.10484728217124939,24.099711160753017
64.26655840873718,14.36273647769595,20.886753576546948,0.8,2.3532844141124283,0.10484728217124939,24.099711160753017
64.30279064178467,14.187998197974839,20.720854781390567,0.8,2.3532844141124283,0.13226176798343658,23.86675382572322
64.3344304561615,14.187998197974839,20.720854781390567,0.8,2.358276234872121,0.1344660222530365,23.86675382572322
64.3666923046112,14.07142314394267,20.58279857392153,0.8,2.358276234872121,0.1348193883895874,23.688091767360135
64.40001630783081,14.07142314394267,20.58279857392153,0.8,2.358096509110228,0.13159923255443573,23.688091767360135
64.43332171440125,14.07142314394267,20.58279857392153,0.8,2.358096509110228,0.1236024722456932,23.688091767360135
64.46666359901428,14.07142314394267,20.58279857392153,0.8,2.358096509110228,0.1236024722456932,23.688091767360135
64.49983334541321,13.906888861077986,20.332221268134365,0.8,2.358096509110228,0.105350561439991,23.38846415113492
64.53340888023376,13.906888861077986,20.332221268134365,0.8,2.357076531740534,0.105350561439991,23.38846415113492
64.56663870811462,13.906888861077986,20.332221268134365,0.8,2.357076531740534,0.105350561439991,23.38846415113492
64.59977006912231,13.799248473246067,20.11410722610343,0.8,2.357076531740534,0.10219897329807281,23.14627123122402
64.63337278366089,13.799248473246067,20.11410722610343,0.8,2.3542149668904995,0.05345918983221054,23.14627123122402
64.66665863990784,13.799248473246067,20.11410722610343,0.8,2.3542149668904995,0.05345918983221054,23.14627123122402
64.69985771179199,13.709653054661171,19.8920136724043,0.8,2.3542149668904995,0.04520269110798836,22.91018498110375
64.73329973220825,13.709653054661171,19.8920136724043,0.8,2.3507419842014685,0.04520269110798836,22.91018498110375
64.766685962677,13.709653054661171,19.8920136724043,0.8,2.3507419842014685,0.04520269110798836,22.91018498110375
64.80013465881348,13.62740354318587,19.667004557375115,0.8,2.3507419842014685,0.017292708158493042,22.67556247886428
64.83330202102661,13.62740354318587,19.667004557375115,0.8,2.351692396040173,-0.004320321138948202,22.67556247886428
64.86667490005493,13.62740354318587,19.667004557375115,0.8,2.351692396040173,-0.004320321138948202,22.67556247886428
64.90004181861877,13.544018907422034,19.440103015870186,0.8,2.351692396040173,-0.020798955112695694,22.43883809330971
64.9331259727478,13.544018907422034,19.440103015870186,0.8,2.355969087991411,-0.060357678681612015,22.43883809330971
64.96689939498901,13.544018907422034,19.440103015870186,0.8,2.355969087991411,-0.060357678681612015,22.43883809330971
64.99998760223389,13.462732982658318,19.244426251173056,0.8,2.355969087991411,-0.08731936663389206,22.229804234699028
65.03335952758789,13.462732982658318,19.244426251173056,0.8,2.3404389247168913,-0.0931207463145256,22.229804234699028
65.06661415100098,13.462732982658318,19.244426251173056,0.8,2.3404389247168913,-0.0931207463145256,22.229804234699028
65.09978866577148,13.339485107671868,19.004484014022797,0.8,2.3404389247168913,-0.0931207463145256,21.96102946966053
65.13408756256104,13.339485107671868,19.004484014022797,0.8,2.35099985286867,-0.1122288852930069,21.96102946966053
65.16846346855164,13.27034349934721,18.892325657081205,0.8,2.35099985286867,-0.11415065824985504,21.8292755530783
65.20001006126404,13.27034349934721,18.892325657081205,0.8,2.360496968080933,-0.11415065824985504,21.8292755530783
65.2333607673645,13.27034349934721,18.892325657081205,0.8,2.360496968080933,-0.09349820762872696,21.8292755530783
65.26645088195801,13.27034349934721,18.892325657081205,0.8,2.360496968080933,-0.09349820762872696,21.8292755530783
65.30015468597412,13.27034349934721,18.892325657081205,0.8,2.360496968080933,-0.09349820762872696,21.8292755530783
65.3335120677948,13.06132130015011,18.614392550450805,0.8,2.360496968080933,-0.09600593894720078,21.482788379937578
65.36673498153687,12.978598119103923,18.52223598628277,0.8,2.353306611702666,-0.09600593894720078,21.36080844390898
65.40205669403076,12.978598119103923,18.52223598628277,0.8,2.3427720353735073,-0.09600593894720078,21.36080844390898
65.43333196640015,12.978598119103923,18.52223598628277,0.8,2.3427720353735073,-0.08280215412378311,21.36080844390898
65.4665048122406,12.812715264732669,18.35864013652705,0.8,2.3427720353735073,-0.07727938890457153,21.134288316173894
65.49996709823608,12.812715264732669,18.35864013652705,0.8,2.3463921973389503,-0.07727938890457153,21.134288316173894
65.53339195251465,12.812715264732669,18.35864013652705,0.8,2.3463921973389503,-0.04767093062400818,21.134288316173894
65.56667280197144,12.63097659036135,18.199749537982257,0.8,2.3463921973389503,-0.034009650349617004,20.903602345136505
65.60003399848938,12.63097659036135,18.199749537982257,0.8,2.347474750923782,-0.034009650349617004,20.903602345136505
65.63468647003174,12.63097659036135,18.199749537982257,0.8,2.347474750923782,-0.026356510818004608,20.903602345136505
65.66673588752747,12.455321104715528,18.056424743113613,0.8,2.347474750923782,-0.01514197513461113,20.689616609207327
65.70004153251648,12.455321104715528,18.056424743113613,0.8,2.345533126913009,-0.01514197513461113,20.689616609207327
65.73343300819397,12.455321104715528,18.056424743113613,0.8,2.345533126913009,-0.002812395105138421,20.689616609207327
65.7664577960968,12.455321104715528,18.056424743113613,0.8,2.345533126913009,-0.002812395105138421,20.689616609207327
65.79996919631958,12.455321104715528,18.056424743113613,0.8,2.345533126913009,-0.002812395105138421,20.689616609207327
65.83334016799927,12.159495068885228,17.82172167027852,0.8,2.345533126913009,0.010819301940500736,20.33557954827221
65.86667442321777,12.087224366106152,17.76439804409817,0.8,2.341454557182016,0.029652411118149757,20.249229909385242
65.89996910095215,12.087224366106152,17.76439804409817,0.8,2.3424105463183023,0.029652411118149757,20.249229909385242
65.93326830863953,12.087224366106152,17.76439804409817,0.8,2.3424105463183023,0.03124217502772808,20.249229909385242
65.96662044525146,11.90057651163725,17.611230205884926,0.8,2.3424105463183023,0.03337538614869118,20.022060124553743
66.00005292892456,11.90057651163725,17.611230205884926,0.8,2.3472990263029447,0.0313890166580677,20.022060124553743
66.03333687782288,11.90057651163725,17.611230205884926,0.8,2.3472990263029447,0.0313890166580677,20.022060124553743
66.0667085647583,11.90057651163725,17.611230205884926,0.8,2.3472990263029447,0.0313890166580677,20.022060124553743
66.1000463962555,11.90057651163725,17.611230205884926,0.8,2.3472990263029447,0.0313890166580677,20.022060124553743
66.13310408592224,11.609975852419069,17.353698634452883,0.8,2.3472990263029447,0.030788952484726906,19.65260000942966
66.16664910316467,11.55460699228047,17.301721937461426,0.8,2.350066697534555,0.03652616962790489,19.57977717272826
66.19976592063904,11.55460699228047,17.301721937461426,0.8,2.3400181083306126,0.03652616962790489,19.57977717272826
66.23324656486511,11.55460699228047,17.301721937461426,0.8,2.3400181083306126,0.039800748229026794,19.57977717272826
66.26660633087158,11.55460699228047,17.301721937461426,0.8,2.3400181083306126,0.039800748229026794,19.57977717272826
66.3000373840332,11.55460699228047,17.301721937461426,0.8,2.3400181083306126,0.039800748229026794,19.57977717272826
66.33334136009216,11.269512913442478,17.013638747420988,0.8,2.3400181083306126,0.039800748229026794,19.18747716284184
66.36667227745056,11.225057615690705,16.964975504168777,0.8,2.3506421589403335,0.06648081541061401,19.123111800250538
66.4000346660614,11.225057615690705,16.964975504168777,0.8,2.3529950813235434,0.06648081541061401,19.123111800250538
66.4332287311554,11.225057615690705,16.964975504168777,0.8,2.3529950813235434,0.07017839699983597,19.123111800250538
66.46670913696289,11.075494504097948,16.786581742551135,0.8,2.3529950813235434,0.07488981634378433,18.893911919876423
66.50009512901306,11.075494504097948,16.786581742551135,0.8,2.3525668760274354,0.07488981634378433,18.893911919876423
66.53319430351257,11.075494504097948,16.786581742551135,0.8,2.3525668760274354,0.08041619509458542,18.893911919876423
66.56668901443481,10.937348174327731,16.595521509256816,0.8,2.3525668760274354,0.08306241780519485,18.659463863580118
66.6000394821167,10.937348174327731,16.595521509256816,0.8,2.337200160358678,0.08306241780519485,18.659463863580118
66.63337922096252,10.937348174327731,16.595521509256816,0.8,2.337200160358678,0.08306241780519485,18.659463863580118
66.66674208641052,10.815945711096964,16.397845671364923,0.8,2.337200160358678,0.08515006303787231,18.42760070971464
66.70011734962463,10.815945711096964,16.397845671364923,0.8,2.3431303613788894,0.08515006303787231,18.42760070971464
66.73349738121033,10.815945711096964,16.397845671364923,0.8,2.3431303613788894,0.08515006303787231,18.42760070971464
66.76666927337646,10.708661959554387,16.189042590679033,0.8,2.3431303613788894,0.07899639755487442,18.193082088267772
66.80002355575562,10.708661959554387,16.189042590679033,0.8,2.345049074546564,0.07899639755487442,18.193082088267772
66.83336734771729,10.708661959554387,16.189042590679033,0.8,2.345049074546564,0.07899639755487442,18.193082088267772
66.8666615486145,10.61593134099065,15.971332439006899,0.8,2.345049074546564,0.06152919679880142,17.95808084792369
66.90004301071167,10.61593134099065,15.971332439006899,0.8,2.3433845809451657,0.06152919679880142,17.95808084792369
66.93345928192139,10.61593134099065,15.971332439006899,0.8,2.3433845809451657,0.06152919679880142,17.95808084792369
66.96662616729736,10.61593134099065,15.971332439006899,0.8,2.3433845809451657,0.05168498307466507,17.95808084792369
67.0000467300415,10.61593134099065,15.971332439006899,0.8,2.3433845809451657,0.05168498307466507,17.95808084792369
67.03340363502502,10.61593134099065,15.971332439006899,0.8,2.3433845809451657,0.05168498307466507,17.95808084792369
67.0664689540863,10.465758444503466,15.52643030299155,0.8,2.3433845809451657,0.04151909425854683,17.497701840573004
67.10007834434509,10.465758444503466,15.52643030299155,0.8,2.3580289892038127,0.009661290794610977,17.497701840573004
67.13337230682373,10.465758444503466,15.52643030299155,0.8,2.3580289892038127,0.009661290794610977,17.497701840573004
67.16673374176025,10.401788126939033,15.30231910271894,0.8,2.3580289892038127,0.009448443539440632,17.271877498065727
67.20002341270447,10.401788126939033,15.30231910271894,0.8,2.348607198240859,0.009448443539440632,17.271877498065727
67.23336458206177,10.401788126939033,15.30231910271894,0.8,2.348607198240859,0.009448443539440632,17.271877498065727
67.26688623428345,10.339019763579119,15.075013811563595,0.8,2.348607198240859,-0.029826022684574127,17.04410787571887
67.29976892471313,10.339019763579119,15.075013811563595,0.8,2.3480566859822773,-0.029826022684574127,17.04410787571887
67.33334922790527,10.339019763579119,15.075013811563595,0.8,2.3480566859822773,-0.029826022684574127,17.04410787571887
67.36644268035889,10.272144592630514,14.841727378720496,0.8,2.3480566859822773,-0.06196402385830879,16.809319917227583
67.40008926391602,10.272144592630514,14.841727378720496,0.8,2.3500169398843203,-0.06830158084630966,16.809319917227583
67.43329572677612,10.272144592630514,14.841727378720496,0.8,2.3500169398843203,-0.06830158084630966,16.809319917227583
67.46664381027222,10.194781716580614,14.618780527283066,0.8,2.3500169398843203,-0.0884685218334198,16.578234690939617
67.49998593330383,10.194781716580614,14.618780527283066,0.8,2.3528105293147665,-0.0884685218334198,16.578234690939617
67.53338885307312,10.194781716580614,14.618780527283066,0.8,2.3528105293147665,-0.0884685218334198,16.578234690939617
67.5663492679596,10.100911221080548,14.406774436287163,0.8,2.3528105293147665,-0.09711840003728867,16.348147274500885
67.60022711753845,10.100911221080548,14.406774436287163,0.8,2.341656596966125,-0.09711840003728867,16.348147274500885
67.63340497016907,10.100911221080548,14.406774436287163,0.8,2.341656596966125,-0.09711840003728867,16.348147274500885
67.66635990142822,9.98661235267637,14.201716572781717,0.8,2.341656596966125,-0.09528746455907822,16.113514403999297
67.70002913475037,9.98661235267637,14.201716572781717,0.8,2.347525379825678,-0.09528746455907822,16.113514403999297
67.73340392112732,9.98661235267637,14.201716572781717,0.8,2.347525379825678,-0.09528746455907822,16.113514403999297
67.76663184165955,9.850369371061483,14.0030713597531,0.8,2.347525379825678,-0.0916435495018959,15.87306685800224
67.80002284049988,9.850369371061483,14.0030713597531,0.8,2.34791762975425,-0.08673600107431412,15.87306685800224
67.83335947990417,9.850369371061483,14.0030713597531,0.8,2.34791762975425,-0.08673600107431412,15.87306685800224
67.86734795570374,9.696938175069125,13.814556156027978,0.8,2.34791762975425,-0.0820566713809967,15.632496356024095
67.90050101280212,9.696938175069125,13.814556156027978,0.8,2.3383648428117705,-0.0820566713809967,15.632496356024095
67.93405985832214,9.696938175069125,13.814556156027978,0.8,2.3383648428117705,-0.0820566713809967,15.632496356024095
67.96647500991821,9.536002222542386,13.64137823020965,0.8,2.3383648428117705,-0.05801945924758911,15.401357664336873
68.00008630752563,9.536002222542386,13.64137823020965,0.8,2.33154578961879,-0.05801945924758911,15.401357664336873
68.0333890914917,9.536002222542386,13.64137823020965,0.8,2.33154578961879,-0.05801945924758911,15.401357664336873
68.06707715988159,9.365088954881953,13.476166535664126,0.8,2.33154578961879,-0.05801945924758911,15.172187827944846
68.10217046737671,9.365088954881953,13.476166535664126,0.8,2.34196643023274,0.015520432963967323,15.172187827944846
68.13505029678345,9.365088954881953,13.476166535664126,0.8,2.34196643023274,0.015520432963967323,15.172187827944846
68.16670656204224,9.365088954881953,13.476166535664126,0.8,2.34196643023274,0.015520432963967323,15.172187827944846
68.19999361038208,9.188975163287354,13.312483348015812,0.8,2.34196643023274,0.04377150163054466,14.941990483164508
68.23332619667053,9.188975163287354,13.312483348015812,0.8,2.351084137896223,0.042409803718328476,14.941990483164508
68.26657271385193,9.045322871736998,13.172446080899897,0.8,2.351084137896223,0.056275639683008194,14.748813114278514
68.2999222278595,9.045322871736998,13.172446080899897,0.8,2.344525216620786,0.06103724241256714,14.748813114278514
68.33339238166809,9.045322871736998,13.172446080899897,0.8,2.344525216620786,0.06103724241256714,14.748813114278514
68.36670970916748,9.045322871736998,13.172446080899897,0.8,2.344525216620786,0.06103724241256714,14.748813114278514
68.40012431144714,8.853820670576175,12.965443156206529,0.8,2.344525216620786,0.0658278539776802,14.473954415566315
68.43314528465271,8.853820670576175,12.965443156206529,0.8,2.33470080222345,0.0658278539776802,14.473954415566315
68.46639370918274,8.853820670576175,12.965443156206529,0.8,2.33470080222345,0.0658278539776802,14.473954415566315
68.49995589256287,8.70613893785377,12.7827838833793,0.8,2.33470080222345,0.05048397555947304,14.242152284116527
68.5333423614502,8.70613893785377,12.7827838833793,0.8,2.3258297237024634,0.05048397555947304,14.242152284116527
68.56663680076599,8.70613893785377,12.7827838833793,0.8,2.3258297237024634,0.05048397555947304,14.242152284116527
68.60000443458557,8.565705992202535,12.588748950655676,0.8,2.3258297237024634,0.041906945407390594,14.004110007936172
68.63339066505432,8.565705992202535,12.588748950655676,0.8,2.3370210531566538,0.041906945407390594,14.004110007936172
68.66669273376465,8.565705992202535,12.588748950655676,0.8,2.3370210531566538,0.041906945407390594,14.004110007936172
68.7000527381897,8.431938065633586,12.387242042582884,0.8,2.3370210531566538,0.03947121277451515,13.762877352288577
68.73340916633606,8.431938065633586,12.387242042582884,0.8,2.344452378059713,0.03947121277451515,13.762877352288577
68.76671361923218,8.431938065633586,12.387242042582884,0.8,2.344452378059713,0.03947121277451515,13.762877352288577
68.79966020584106,8.307194418459568,12.183365112780434,0.8,2.344452378059713,0.010080568492412567,13.524023171779165
68.83359360694885,8.307194418459568,12.183365112780434,0.8,2.3368069156267492,-0.006214251276105642,13.524023171779165
68.86670160293579,8.22458557782451,12.0432414131048,0.8,2.3368069156267492,-0.011967439204454422,13.361395175290108
68.90004754066467,8.22458557782451,12.0432414131048,0.8,2.3444438032537107,-0.011967439204454422,13.361395175290108
68.93314623832703,8.22458557782451,12.0432414131048,0.8,2.3444438032537107,-0.01987139880657196,13.361395175290108
68.96671533584595,8.102122564277453,11.840697464484881,0.8,2.3444438032537107,-0.03292599692940712,13.124827702317559
69.00008273124695,8.102122564277453,11.840697464484881,0.8,2.3490272946980415,-0.03770965710282326,13.124827702317559
69.03340482711792,8.102122564277453,11.840697464484881,0.8,2.3490272946980415,-0.03770965710282326,13.124827702317559
69.06663393974304,8.102122564277453,11.840697464484881,0.8,2.3490272946980415,-0.03770965710282326,13.124827702317559
69.09996581077576,7.9224561961297555,11.564747593486906,0.8,2.3490272946980415,-0.03770965710282326,12.796268113433772
69.13341689109802,7.9224561961297555,11.564747593486906,0.8,2.3497145836790096,-0.05869584158062935,12.796268113433772
69.1666054725647,7.842322883869989,11.452037137303599,0.8,2.3497145836790096,-0.062134046107530594,12.65879144428088
69.20003890991211,7.842322883869989,11.452037137303599,0.8,2.3381578327036463,-0.06214844807982445,12.65879144428088
69.23335289955139,7.842322883869989,11.452037137303599,0.8,2.3381578327036463,-0.06214844807982445,12.65879144428088
69.2664041519165,7.842322883869989,11.452037137303599,0.8,2.3381578327036463,-0.06214844807982445,12.65879144428088
69.29996824264526,7.633234369666944,11.1909718365655,0.8,2.3381578327036463,-0.06214844807982445,12.329070242503935
69.33340716362,7.633234369666944,11.1909718365655,0.8,2.3507953456015813,-0.052754733711481094,12.329070242503935
69.36645436286926,7.542351657455259,11.089376981559942,0.8,2.3507953456015813,-0.03783201798796654,12.196248479436761
69.3997073173523,7.542351657455259,11.089376981559942,0.8,2.355813642449067,-0.026357097551226616,12.196248479436761
69.43341898918152,7.542351657455259,11.089376981559942,0.8,2.355813642449067,-0.01420807745307684,12.196248479436761
69.46664309501648,7.542351657455259,11.089376981559942,0.8,2.355813642449067,-0.01420807745307684,12.196248479436761
69.50005555152893,7.542351657455259,11.089376981559942,0.8,2.355813642449067,-0.01420807745307684,12.196248479436761
69.53670954704285,7.304444793435998,10.835745700933412,0.8,2.355813642449067,0.0488756038248539,11.859772298016347
69.56722211837769,7.304444793435998,10.835745700933412,0.8,2.359992473722221,0.0488756038248539,11.859772298016347
69.60013842582703,7.304444793435998,10.835745700933412,0.8,2.359992473722221,0.0488756038248539,11.859772298016347
69.63333439826965,7.141408675950045,10.65719879963446,0.8,2.359992473722221,0.07896285504102707,11.625390809426056
69.66662859916687,7.066980721986805,10.56488696742245,0.8,2.3526176283561355,0.1651478260755539,11.508948653968375
69.69995665550232,7.066980721986805,10.56488696742245,0.8,2.355628161846269,0.1651478260755539,11.508948653968375
69.73311758041382,7.066980721986805,10.56488696742245,0.8,2.355628161846269,0.19870589673519135,11.508948653968375
69.76644659042358,6.944938779301598,10.36503648456946,0.8,2.355628161846269,0.22728432714939117,11.27522244750997
69.80001735687256,6.944938779301598,10.36503648456946,0.8,2.354718273424544,0.22728432714939117,11.27522244750997
69.83356714248657,6.944938779301598,10.36503648456946,0.8,2.354718273424544,0.24906599521636963,11.27522244750997
69.86640286445618,6.865567613104884,10.14307468685357,0.8,2.354718273424544,0.24096645414829254,11.041945398986044
69.90003108978271,6.865567613104884,10.14307468685357,0.8,2.3516033999914483,0.24096645414829254,11.041945398986044
69.9333848953247,6.865567613104884,10.14307468685357,0.8,2.3516033999914483,0.24096645414829254,11.041945398986044
69.96657848358154,6.865567613104884,10.14307468685357,0.8,2.3516033999914483,0.24096645414829254,11.041945398986044
70.00002145767212,6.865567613104884,10.14307468685357,0.8,2.3516033999914483,0.24096645414829254,11.041945398986044
70.03348994255066,6.8463182875959685,9.771836963508973,0.8,2.3516033999914483,0.24906599521636963,10.706366349567094
70.06663107872009,6.863650065286836,9.672191922096433,0.8,2.3536386941225746,0.22640423476696014,10.627665510209683
70.09992837905884,6.863650065286836,9.672191922096433,0.8,2.3556288572756574,0.22640423476696014,10.627665510209683
70.13331961631775,6.863650065286836,9.672191922096433,0.8,2.3556288572756574,0.1922743171453476,10.627665510209683
70.16642165184021,6.9318938306213385,9.45168922032913,0.8,2.3556288572756574,0.1816720962524414,10.46985384984845
70.20003533363342,6.9318938306213385,9.45168922032913,0.8,2.3489952754237646,0.1816720962524414,10.46985384984845
70.2332534790039,6.9318938306213385,9.45168922032913,0.8,2.3489952754237646,0.17601917684078217,10.46985384984845
70.26665329933167,7.037738633753927,9.24082248137042,0.8,2.3489952754237646,0.1775866001844406,10.342489052835642
70.29992151260376,7.037738633753927,9.24082248137042,0.8,2.3522022776649196,0.1775866001844406,10.342489052835642
70.33336591720581,7.037738633753927,9.24082248137042,0.8,2.3522022776649196,0.1775866001844406,10.342489052835642
70.3666410446167,7.174773995086857,9.050669921177052,0.8,2.3522022776649196,0.1573147475719452,10.253183626207807
70.39993071556091,7.174773995086857,9.050669921177052,0.8,2.352153156059231,0.12907956540584564,10.253183626207807
70.43339371681213,7.174773995086857,9.050669921177052,0.8,2.352153156059231,0.12907956540584564,10.253183626207807
70.46663808822632,7.174773995086857,9.050669921177052,0.8,2.352153156059231,0.12907956540584564,10.253183626207807
70.50004601478577,7.174773995086857,9.050669921177052,0.8,2.352153156059231,0.12907956540584564,10.253183626207807
70.53312945365906,7.461761906163584,8.773174670466918,0.8,2.352153156059231,0.12907956540584564,10.180370481978944
70.56660342216492,7.517526635834356,8.730264249235203,0.8,2.3535856604969383,0.08491112291812897,10.17699431662863
70.60000467300415,7.517526635834356,8.730264249235203,0.8,2.34352955313189,0.08491112291812897,10.17699431662863
70.63366222381592,7.517526635834356,8.730264249235203,0.8,2.34352955313189,0.045591529458761215,10.17699431662863
70.66642880439758,7.707441062500122,8.593718502878632,0.8,2.34352955313189,0.033113203942775726,10.176865356306552
70.6999180316925,7.707441062500122,8.593718502878632,0.8,2.347036087433575,0.009160893969237804,10.176865356306552
70.73323702812195,7.707441062500122,8.593718502878632,0.8,2.347036087433575,-0.01914406381547451,10.176865356306552
70.76662731170654,7.900507511680479,8.458385453910248,0.8,2.347036087433575,-0.035115353763103485,10.184997130333349
70.7997682094574,7.900507511680479,8.458385453910248,0.8,2.3548730202336823,-0.035115353763103485,10.184997130333349
70.83352494239807,7.900507511680479,8.458385453910248,0.8,2.3548730202336823,-0.04363889992237091,10.184997130333349
70.86656475067139,8.088473823408135,8.3182032170284,0.8,2.3548730202336823,-0.04521109536290169,10.191596628384126
70.90001630783081,8.088473823408135,8.3182032170284,0.8,2.34696527718275,-0.040679242461919785,10.191596628384126
70.93335843086243,8.088473823408135,8.3182032170284,0.8,2.34696527718275,-0.040679242461919785,10.191596628384126
70.96649765968323,8.274502012183987,8.16822559171031,0.8,2.34696527718275,-0.03671637549996376,10.194858998028502
71.00001668930054,8.274502012183987,8.16822559171031,0.8,2.3444063058554647,-0.03671637549996376,10.194858998028502
71.0333423614502,8.274502012183987,8.16822559171031,0.8,2.3444063058554647,-0.03754006698727608,10.194858998028502
71.06668996810913,8.274502012183987,8.16822559171031,0.8,2.3444063058554647,-0.03754006698727608,10.194858998028502
71.09999990463257,8.274502012183987,8.16822559171031,0.8,2.3444063058554647,-0.03754006698727608,10.194858998028502
71.13347697257996,8.274502012183987,8.16822559171031,0.8,2.3444063058554647,-0.03754006698727608,10.194858998028502
71.16678357124329,8.628980568984794,7.850766317994827,0.8,2.3444063058554647,-0.03274187445640564,10.193368797815154
71.19996523857117,8.628980568984794,7.850766317994827,0.8,2.3542923794155466,-0.03274187445640564,10.193368797815154
71.23329591751099,8.628980568984794,7.850766317994827,0.8,2.3542923794155466,-0.03274187445640564,10.193368797815154
71.26659750938416,8.79316606495724,7.692629977272426,0.8,2.3542923794155466,-0.003846272826194763,10.192256450336034
71.29979395866394,8.79316606495724,7.692629977272426,0.8,2.3489866428563806,-0.003846272826194763,10.192256450336034
71.33326888084412,8.79316606495724,7.692629977272426,0.8,2.3489866428563806,-0.003846272826194763,10.192256450336034
71.36660313606262,8.957996034702768,7.533856849008003,0.8,2.3489866428563806,0.008347820490598679,10.196256081835985
71.40137386322021,8.957996034702768,7.533856849008003,0.8,2.3339835200688652,0.008347820490598679,10.196256081835985
71.43341302871704,8.957996034702768,7.533856849008003,0.8,2.3339835200688652,0.008347820490598679,10.196256081835985
71.46670365333557,9.130191992464571,7.3724829777446335,0.8,2.3339835200688652,0.026264434680342674,10.208986251828565
71.5000479221344,9.130191992464571,7.3724829777446335,0.8,2.3341523017335386,0.026264434680342674,10.208986251828565
71.53345513343811,9.130191992464571,7.3724829777446335,0.8,2.3341523017335386,0.026264434680342674,10.208986251828565
71.5666515827179,9.310511150724102,7.216436429024737,0.8,2.3341523017335386,0.05929001420736313,10.23675458007251
71.6000006198883,9.310511150724102,7.216436429024737,0.8,2.3414068920196054,0.05929001420736313,10.23675458007251
71.6333589553833,9.310511150724102,7.216436429024737,0.8,2.3414068920196054,0.05929001420736313,10.23675458007251
71.673588514328,9.495770652133741,7.073023549548547,0.8,2.3414068920196054,0.07562915980815887,10.281945164869075
71.69993567466736,9.495770652133741,7.073023549548547,0.8,2.3551180248698986,0.08776239305734634,10.281945164869075
71.73332667350769,9.495770652133741,7.073023549548547,0.8,2.3551180248698986,0.08776239305734634,10.281945164869075
71.76660490036011,9.688767217539027,6.943275590953819,0.8,2.3551180248698986,0.08062779158353806,10.346887795389517
71.79999160766602,9.688767217539027,6.943275590953819,0.8,2.343878131329613,0.08062779158353806,10.346887795389517
71.83335494995117,9.688767217539027,6.943275590953819,0.8,2.343878131329613,0.08062779158353806,10.346887795389517
71.86687755584717,9.89818755030636,6.824966477647505,0.8,2.343878131329613,0.08062779158353806,10.436602631739685
71.89999461174011,9.89818755030636,6.824966477647505,0.8,2.3426494423523825,0.08062779158353806,10.436602631739685
71.93334913253784,9.89818755030636,6.824966477647505,0.8,2.3426494423523825,0.08062779158353806,10.436602631739685
71.9779200553894,10.113050404914539,6.725489060661911,0.8,2.3426494423523825,0.09631900489330292,10.54669587369327
71.99991822242737,10.113050404914539,6.725489060661911,0.8,2.3488029036400397,0.09734893590211868,10.54669587369327
72.0333182811737,10.113050404914539,6.725489060661911,0.8,2.3488029036400397,0.09734893590211868,10.54669587369327
72.06671237945557,10.338833356110946,6.644660465390697,0.8,2.3488029036400397,0.0837375670671463,10.68067427923909
72.10007905960083,10.338833356110946,6.644660465390697,0.8,2.347442546146705,0.07684607803821564,10.68067427923909
72.13341498374939,10.338833356110946,6.644660465390697,0.8,2.347442546146705,0.07684607803821564,10.68067427923909
72.16640186309814,10.569393540743308,6.582976211195517,0.8,2.347442546146705,0.07599031180143356,10.833156938285104
72.20005202293396,10.569393540743308,6.582976211195517,0.8,2.3427306793418228,0.07835268974304199,10.833156938285104
72.23346900939941,10.569393540743308,6.582976211195517,0.8,2.3427306793418228,0.06961701065301895,10.833156938285104
72.2665958404541,10.780886704647488,6.540171173908942,0.8,2.3427306793418228,0.0627032220363617,10.983431880801811
72.29990696907043,10.780886704647488,6.540171173908942,0.8,2.348871955081064,0.0627032220363617,10.983431880801811
72.3334002494812,10.780886704647488,6.540171173908942,0.8,2.348871955081064,0.0627032220363617,10.983431880801811
72.36661696434021,10.780886704647488,6.540171173908942,0.8,2.348871955081064,0.0627032220363617,10.983431880801811
72.39995813369751,11.04465514271284,6.501802118879225,0.8,2.348871955081064,0.052436478435993195,11.18205006679116
72.43344354629517,11.04465514271284,6.501802118879225,0.8,2.3523576185152493,0.052436478435993195,11.18205006679116
72.46662068367004,11.04465514271284,6.501802118879225,0.8,2.3523576185152493,0.052436478435993195,11.18205006679116
72.5000205039978,11.285810627304897,6.479835412215503,0.8,2.3523576185152493,0.042575184255838394,11.373082297464046
72.53326344490051,11.285810627304897,6.479835412215503,0.8,2.354800106151056,0.042575184255838394,11.373082297464046
72.56663489341736,11.285810627304897,6.479835412215503,0.8,2.354800106151056,0.042575184255838394,11.373082297464046
72.59980392456055,11.522088812236516,6.46798060778383,0.8,2.354800106151056,0.021275993436574936,11.567180333267324
72.63331270217896,11.522088812236516,6.46798060778383,0.8,2.342740689946512,0.021275993436574936,11.567180333267324
72.66671133041382,11.522088812236516,6.46798060778383,0.8,2.342740689946512,0.021275993436574936,11.567180333267324
72.70001077651978,11.768439883389716,6.4606147898445885,0.8,2.342740689946512,0.0037503510247915983,11.773779728719013
72.7333915233612,11.768439883389716,6.4606147898445885,0.8,2.346625716867629,0.0037503510247915983,11.773779728719013
72.76667857170105,11.768439883389716,6.4606147898445885,0.8,2.346625716867629,0.0037503510247915983,11.773779728719013
72.80000972747803,12.004561338438986,6.454739243356718,0.8,2.346625716867629,0.001633973908610642,11.973815192248464
72.83329963684082,12.004561338438986,6.454739243356718,0.8,2.3453317742485305,0.001633973908610642,11.973815192248464
72.86648941040039,12.004561338438986,6.454739243356718,0.8,2.3453317742485305,0.001633973908610642,11.973815192248464
72.8999695777893,12.24394776957245,6.449144627975294,0.8,2.3453317742485305,-0.026130104437470436,12.178118984223575
72.9333770275116,12.24394776957245,6.449144627975294,0.8,2.3506492805157233,-0.026130104437470436,12.178118984223575
72.96665453910828,12.42185166119988,6.443082163774328,0.8,2.3506492805157233,-0.03657737746834755,12.329835764748381
73.00004625320435,12.42185166119988,6.443082163774328,0.8,2.3466704982164073,-0.041907187551259995,12.329835764748381
73.03336524963379,12.42185166119988,6.443082163774328,0.8,2.3466704982164073,-0.041907187551259995,12.329835764748381
73.06668424606323,12.42185166119988,6.443082163774328,0.8,2.3466704982164073,-0.041907187551259995,12.329835764748381
73.10010957717896,12.725602795764315,6.421672868271929,0.8,2.3466704982164073,-0.041907187551259995,12.585168689003373
73.13345551490784,12.725602795764315,6.421672868271929,0.8,2.3379985493822715,-0.048374950885772705,12.585168689003373
73.1666407585144,12.725602795764315,6.421672868271929,0.8,2.3379985493822715,-0.048374950885772705,12.585168689003373
73.1996967792511,12.96109474082603,6.393863292988867,0.8,2.3379985493822715,-0.005659370217472315,12.779339395359004
73.23344230651855,12.96109474082603,6.393863292988867,0.8,2.331321161250924,-0.005659370217472315,12.779339395359004
73.26663875579834,12.96109474082603,6.393863292988867,0.8,2.331321161250924,-0.005659370217472315,12.779339395359004
73.29989004135132,13.196662342971578,6.360966133886573,0.8,2.331321161250924,0.00636296859011054,12.972665335875986
73.33343243598938,13.196662342971578,6.360966133886573,0.8,2.3357050228154614,0.028607236221432686,12.972665335875986
73.36662244796753,13.350237951323383,6.341044022504378,0.8,2.3357050228154614,0.04205857962369919,13.100183099274902
73.40010333061218,13.350237951323383,6.341044022504378,0.8,2.3468893152052464,0.057133421301841736,13.100183099274902
73.43363070487976,13.350237951323383,6.341044022504378,0.8,2.3468893152052464,0.057133421301841736,13.100183099274902
73.46669387817383,13.350237951323383,6.341044022504378,0.8,2.3468893152052464,0.057133421301841736,13.100183099274902
73.50001358985901,13.678120942096985,6.31351678273771,0.8,2.3468893152052464,0.057133421301841736,13.380994141170339
73.53350281715393,13.678120942096985,6.31351678273771,0.8,2.350759095668013,0.11276676505804062,13.380994141170339
73.56649351119995,13.820304029943392,6.311571191106108,0.8,2.350759095668013,0.12031763792037964,13.507814294344826
73.60004663467407,13.820304029943392,6.311571191106108,0.8,2.347804493662355,0.12031763792037964,13.507814294344826
73.63357138633728,13.820304029943392,6.311571191106108,0.8,2.347804493662355,0.1344802975654602,13.507814294344826
73.6667640209198,13.820304029943392,6.311571191106108,0.8,2.347804493662355,0.1344802975654602,13.507814294344826
73.69992542266846,14.15328975280831,6.347690582772782,0.8,2.347804493662355,0.1344802975654602,13.823456448102911
73.73346400260925,14.15328975280831,6.347690582772782,0.8,2.347027502901715,0.1513364315032959,13.823456448102911
73.7665319442749,14.15328975280831,6.347690582772782,0.8,2.347027502901715,0.1513364315032959,13.823456448102911
73.80010771751404,14.15328975280831,6.347690582772782,0.8,2.347027502901715,0.1513364315032959,13.823456448102911
73.8333523273468,14.386010398481117,6.411595130195768,0.8,2.347027502901715,0.18652279675006866,14.061081960058575
73.86670446395874,14.501997151446304,6.458681056285802,0.8,2.349749181596301,0.1884903758764267,14.186064472798119
73.90001606941223,14.501997151446304,6.458681056285802,0.8,2.3526696558171594,0.1944880485534668,14.186064472798119
73.93342995643616,14.501997151446304,6.458681056285802,0.8,2.3526696558171594,0.1944880485534668,14.186064472798119
73.96658325195312,14.501997151446304,6.458681056285802,0.8,2.3526696558171594,0.1944880485534668,14.186064472798119
74.00005912780762,14.501997151446304,6.458681056285802,0.8,2.3526696558171594,0.1944880485534668,14.186064472798119
74.03337216377258,14.801077483569783,6.6499258921306765,0.8,2.3526696558171594,0.15230868756771088,14.538256967802674
74.06662249565125,14.88443832076368,6.726032877558129,0.8,2.343444717531745,0.15289665758609772,14.646285670862788
74.1000304222107,14.88443832076368,6.726032877558129,0.8,2.3443623457571983,0.14761090278625488,14.646285670862788
74.13343000411987,14.88443832076368,6.726032877558129,0.8,2.3443623457571983,0.14761090278625488,14.646285670862788
74.16658306121826,15.04494623162857,6.901094013256579,0.8,2.3443623457571983,0.11858844757080078,14.866949945919146
74.20004200935364,15.04494623162857,6.901094013256579,0.8,2.346182982315335,0.11858844757080078,14.866949945919146
74.23330163955688,15.04494623162857,6.901094013256579,0.8,2.346182982315335,0.08636187016963959,14.866949945919146
74.26665019989014,15.185724748113623,7.087181172748538,0.8,2.346182982315335,0.08636187016963959,15.075328010482338
74.3000898361206,15.185724748113623,7.087181172748538,0.8,2.350852481089256,0.08636187016963959,15.075328010482338
74.33336043357849,15.185724748113623,7.087181172748538,0.8,2.350852481089256,0.05643988773226738,15.075328010482338
74.36644864082336,15.314524812471108,7.282656111060484,0.8,2.350852481089256,0.047780368477106094,15.277959966959411
74.40008091926575,15.314524812471108,7.282656111060484,0.8,2.3436345399571965,0.04772655665874481,15.277959966959411
74.43342423439026,15.314524812471108,7.282656111060484,0.8,2.3436345399571965,0.04772655665874481,15.277959966959411
74.46665811538696,15.314524812471108,7.282656111060484,0.8,2.3436345399571965,0.04772655665874481,15.277959966959411
74.49991106987,15.314524812471108,7.282656111060484,0.8,2.3436345399571965,0.04772655665874481,15.277959966959411
74.53358888626099,15.511034532513875,7.615463332052002,0.8,2.3436345399571965,0.012755361385643482,15.604776603610922
74.56646180152893,15.552533689411678,7.689670608485813,0.8,2.352068425925969,-0.014081931672990322,15.675967029318192
74.60010838508606,15.552533689411678,7.689670608485813,0.8,2.3536003609308747,-0.023015601560473442,15.675967029318192
74.63339948654175,15.552533689411678,7.689670608485813,0.8,2.3536003609308747,-0.023015601560473442,15.675967029318192
74.66663670539856,15.552533689411678,7.689670608485813,0.8,2.3536003609308747,-0.023015601560473442,15.675967029318192
74.70032811164856,15.552533689411678,7.689670608485813,0.8,2.3536003609308747,-0.023015601560473442,15.675967029318192
74.73302006721497,15.75265233345938,8.029412166391618,0.8,2.3536003609308747,-0.03021160513162613,16.0125197815981
74.76663041114807,15.792486638897632,8.093123368680642,0.8,2.3508266164662466,-0.027823837473988533,16.077950201042512
74.80019044876099,15.792486638897632,8.093123368680642,0.8,2.3450000917829743,-0.027823837473988533,16.077950201042512
74.83326458930969,15.792486638897632,8.093123368680642,0.8,2.3450000917829743,-0.024459056556224823,16.077950201042512
74.86660504341125,15.9202325775506,8.290954627589098,0.8,2.3450000917829743,-0.02298777922987938,16.28520101555132
74.90004801750183,15.9202325775506,8.290954627589098,0.8,2.3477657190037458,-0.02298777922987938,16.28520101555132
74.93314599990845,15.9202325775506,8.290954627589098,0.8,2.3477657190037458,-0.02234702743589878,16.28520101555132
74.96737790107727,16.052952716777803,8.487531498957914,0.8,2.3477657190037458,-0.02156789042055607,16.496929146140346
75.0,16.052952716777803,8.487531498957914,0.8,2.3514173178495295,-0.01729951612651348,16.496929146140346
75.03311157226562,16.052952716777803,8.487531498957914,0.8,2.3514173178495295,-0.015803813934326172,16.496929146140346
75.06648349761963,16.18227582471067,8.678772064562454,0.8,2.3514173178495295,0.02051427774131298,16.703744989075155
75.10003209114075,16.18227582471067,8.678772064562454,0.8,2.3519195454521906,0.02051427774131298,16.703744989075155
75.13340353965759,16.18227582471067,8.678772064562454,0.8,2.3519195454521906,0.029131071642041206,16.703744989075155
75.1666841506958,16.3087743715232,8.876145252436217,0.8,2.3519195454521906,0.03379858285188675,16.911812988896227
75.20005559921265,16.3087743715232,8.876145252436217,0.8,2.332487319103714,0.03379858285188675,16.911812988896227
75.23340821266174,16.3087743715232,8.876145252436217,0.8,2.332487319103714,0.03379858285188675,16.911812988896227
75.266676902771,16.428448864888345,9.078394758236053,0.8,2.332487319103714,0.044215619564056396,17.117152892051127
75.30003333091736,16.428448864888345,9.078394758236053,0.8,2.3368696990847497,0.044215619564056396,17.117152892051127
75.33344984054565,16.428448864888345,9.078394758236053,0.8,2.3368696990847497,0.044215619564056396,17.117152892051127
75.36642909049988,16.54026760597903,9.287571478114698,0.8,2.3368696990847497,0.05014289170503616,17.32005838774318
75.40000462532043,16.54026760597903,9.287571478114698,0.8,2.3451909375706785,0.05932512879371643,17.32005838774318
75.43343687057495,16.54026760597903,9.287571478114698,0.8,2.3451909375706785,0.05932512879371643,17.32005838774318
75.46665167808533,16.641379538829504,9.504042576852665,0.8,2.3451909375706785,0.066110759973526,17.518467081916583
75.49995732307434,16.641379538829504,9.504042576852665,0.8,2.3450661433654156,0.066110759973526,17.518467081916583
75.53336787223816,16.641379538829504,9.504042576852665,0.8,2.3450661433654156,0.066110759973526,17.518467081916583
75.56654667854309,16.724818119174035,9.714623862147524,0.8,2.3450661433654156,0.06557849794626236,17.69974863471195
75.60002970695496,16.724818119174035,9.714623862147524,0.8,2.3414045053553947,0.06557849794626236,17.69974863471195
75.63338708877563,16.724818119174035,9.714623862147524,0.8,2.3414045053553947,0.06557849794626236,17.69974863471195
75.66670155525208,16.800189029389372,9.940766293417349,0.8,2.3414045053553947,0.05727970972657204,17.883535404161663
75.70003890991211,16.800189029389372,9.940766293417349,0.8,2.339072602471753,0.05727970972657204,17.883535404161663
75.73315382003784,16.800189029389372,9.940766293417349,0.8,2.339072602471753,0.05727970972657204,17.883535404161663
75.76672768592834,16.86088068612086,10.164811827784735,0.8,2.339072602471753,0.06783828139305115,18.05511675365661
75.80004382133484,16.86088068612086,10.164811827784735,0.8,2.3383045796815765,0.06783828139305115,18.05511675365661
75.83353424072266,16.86088068612086,10.164811827784735,0.8,2.3383045796815765,0.06783828139305115,18.05511675365661
75.86666297912598,16.90676583333369,10.393037350109639,0.8,2.3383045796815765,0.07860550284385681,18.217950627079794
75.90004658699036,16.90676583333369,10.393037350109639,0.8,2.3398197864901378,0.0722440704703331,18.217950627079794
75.93331527709961,16.90676583333369,10.393037350109639,0.8,2.3398197864901378,0.0722440704703331,18.217950627079794
75.96663761138916,16.936727445979596,10.621505039465184,0.8,2.3398197864901378,0.07822573184967041,18.369194316963682
76.00001573562622,16.936727445979596,10.621505039465184,0.8,2.3418014806550826,0.07829640805721283,18.369194316963682
76.03345823287964,16.936727445979596,10.621505039465184,0.8,2.3418014806550826,0.07829640805721283,18.369194316963682
76.06655836105347,16.95142066243068,10.860600762843104,0.8,2.3418014806550826,0.07731036841869354,18.515471941513315
76.10002088546753,16.95142066243068,10.860600762843104,0.8,2.344526573261787,0.07731036841869354,18.515471941513315
76.13336133956909,16.95142066243068,10.860600762843104,0.8,2.344526573261787,0.07731036841869354,18.515471941513315
76.16654992103577,16.949408263666896,11.094793008970466,0.8,2.344526573261787,0.06420531123876572,18.647181018834292
76.20004940032959,16.949408263666896,11.094793008970466,0.8,2.3430271759003136,0.06420531123876572,18.647181018834292
76.23339295387268,16.949408263666896,11.094793008970466,0.8,2.3430271759003136,0.06420531123876572,18.647181018834292
76.26657581329346,16.93222659506807,11.344769956823125,0.8,2.3430271759003136,0.054579101502895355,18.777753820634718
76.30000972747803,16.93222659506807,11.344769956823125,0.8,2.34183940919027,0.0501229390501976,18.777753820634718
76.3356146812439,16.93222659506807,11.344769956823125,0.8,2.34183940919027,0.0501229390501976,18.777753820634718
76.3664538860321,16.907927313040663,11.558154588150975,0.8,2.34183940919027,0.04335178807377815,18.88335777150235
76.40005159378052,16.907927313040663,11.558154588150975,0.8,2.349328470113163,0.04019136354327202,18.88335777150235
76.43339920043945,16.907927313040663,11.558154588150975,0.8,2.349328470113163,0.04019136354327202,18.88335777150235
76.46638107299805,16.86910399575248,11.812240069390528,0.8,2.349328470113163,0.04019136354327202,19.003597003834233
76.50002884864807,16.86910399575248,11.812240069390528,0.8,2.362458413579882,0.03795570880174637,19.003597003834233
76.53338694572449,16.86910399575248,11.812240069390528,0.8,2.362458413579882,0.03795570880174637,19.003597003834233
76.5665431022644,16.86910399575248,11.812240069390528,0.8,2.362458413579882,0.03795570880174637,19.003597003834233
76.60064387321472,16.82356378050065,12.049561291125633,0.8,2.362458413579882,0.029904920607805252,19.110986576460196
76.63339877128601,16.82356378050065,12.049561291125633,0.8,2.3507245090635576,0.029904920607805252,19.110986576460196
76.66662263870239,16.82356378050065,12.049561291125633,0.8,2.3507245090635576,0.029904920607805252,19.110986576460196
76.700115442276,16.771449245785337,12.281237603644149,0.8,2.3507245090635576,0.02903696894645691,19.212156996142223
76.73330211639404,16.771449245785337,12.281237603644149,0.8,2.354626057778037,0.02181147411465645,19.212156996142223
76.76668930053711,16.771449245785337,12.281237603644149,0.8,2.354626057778037,0.02181147411465645,19.212156996142223
76.80001521110535,16.71298839483941,12.514761897756303,0.8,2.354626057778037,0.01800351031124592,19.311934595341516
76.83336472511292,16.71298839483941,12.514761897756303,0.8,2.3531727165888787,0.017103200778365135,19.311934595341516
76.8665668964386,16.660914539574947,12.708927373176302,0.8,2.3531727165888787,0.01664278283715248,19.39410132556929
76.90023064613342,16.660914539574947,12.708927373176302,0.8,2.348468534689755,0.015415296889841557,19.39410132556929
76.93339276313782,16.660914539574947,12.708927373176302,0.8,2.348468534689755,0.015415296889841557,19.39410132556929
76.96665048599243,16.596275739255947,12.937779808167594,0.8,2.348468534689755,0.014567147009074688,19.49066681826743
76.99992108345032,16.596275739255947,12.937779808167594,0.8,2.3446434221699173,0.0139815928414464,19.49066681826743
77.03337383270264,16.596275739255947,12.937779808167594,0.8,2.3446434221699173,0.0139815928414464,19.49066681826743
77.06639575958252,16.596275739255947,12.937779808167594,0.8,2.3446434221699173,0.0139815928414464,19.49066681826743
77.10004091262817,16.514672173573963,13.212023270364721,0.8,2.3446434221699173,0.009385836310684681,19.606421284348592
77.13337016105652,16.514672173573963,13.212023270364721,0.8,2.347982876115899,0.009385836310684681,19.606421284348592
77.16664147377014,16.514672173573963,13.212023270364721,0.8,2.347982876115899,0.009385836310684681,19.606421284348592
77.20052766799927,16.44375681403387,13.44063721926658,0.8,2.347982876115899,0.008616824634373188,19.703406346856518
77.23328399658203,16.44375681403387,13.44063721926658,0.8,2.3522956697725266,-0.0037761153653264046,19.703406346856518
77.26658272743225,16.390660818798924,13.608741797939825,0.8,2.3522956697725266,0.0022697127424180508,19.775559234423085
77.30004024505615,16.390660818798924,13.608741797939825,0.8,2.3555279391446184,0.0022697127424180508,19.775559234423085
77.33338761329651,16.390660818798924,13.608741797939825,0.8,2.3555279391446184,0.0022697127424180508,19.775559234423085
77.36669874191284,16.390660818798924,13.608741797939825,0.8,2.3555279391446184,0.0022697127424180508,19.775559234423085
77.39993476867676,16.29877749955375,13.897519292324734,0.8,2.3555279391446184,-0.01325205434113741,19.90204729654045
77.4333655834198,16.29877749955375,13.897519292324734,0.8,2.3404975534331602,-0.03464898839592934,19.90204729654045
77.4666428565979,16.29877749955375,13.897519292324734,0.8,2.3404975534331602,-0.03464898839592934,19.90204729654045
77.4997992515564,16.22960978280192,14.126582999245532,0.8,2.3404975534331602,-0.04352162033319473,20.00777887641486
77.53340172767639,16.22960978280192,14.126582999245532,0.8,2.341076766848525,-0.053484655916690826,20.00777887641486
77.56670212745667,16.187726667684803,14.28643240035179,0.8,2.341076766848525,-0.06478983163833618,20.087533440650297
77.59993743896484,16.187726667684803,14.28643240035179,0.8,2.352235787058226,-0.07506170123815536,20.087533440650297
77.63334059715271,16.187726667684803,14.28643240035179,0.8,2.352235787058226,-0.07506170123815536,20.087533440650297
77.66664695739746,16.187726667684803,14.28643240035179,0.8,2.352235787058226,-0.07506170123815536,20.087533440650297
77.70027208328247,16.127450294116596,14.602827268290216,0.8,2.352235787058226,-0.07506170123815536,20.264571729001112
77.73338341712952,16.127450294116596,14.602827268290216,0.8,2.35677785454559,-0.10180183500051498,20.264571729001112
77.76668500900269,16.111293212824858,14.747472493363578,0.8,2.35677785454559,-0.10509122163057327,20.35477525747136
77.8000340461731,16.111293212824858,14.747472493363578,0.8,2.3509258546225005,-0.10895606130361557,20.35477525747136
77.83335328102112,16.111293212824858,14.747472493363578,0.8,2.3509258546225005,-0.10895606130361557,20.35477525747136
77.86668419837952,16.104310568042674,14.981049118465757,0.8,2.3509258546225005,-0.11271025240421295,20.515215442623287
77.90007829666138,16.104310568042674,14.981049118465757,0.8,2.353236222653386,-0.11271025240421295,20.515215442623287
77.9334065914154,16.104310568042674,14.981049118465757,0.8,2.353236222653386,-0.11271025240421295,20.515215442623287
77.96670532226562,16.104310568042674,14.981049118465757,0.8,2.353236222653386,-0.11271025240421295,20.515215442623287
78.00010561943054,16.104310568042674,14.981049118465757,0.8,2.353236222653386,-0.10991117358207703,20.515215442623287
78.03336954116821,16.13678942053491,15.321544306232308,0.8,2.353236222653386,-0.09162421524524689,20.781248366466233
78.06642031669617,16.13678942053491,15.321544306232308,0.8,2.357714945848684,-0.09162421524524689,20.781248366466233
78.10007834434509,16.13678942053491,15.321544306232308,0.8,2.357714945848684,-0.09162421524524689,20.781248366466233
78.13345217704773,16.186657484496603,15.5541996600998,0.8,2.357714945848684,-0.050267722457647324,20.983420996778577
78.16668009757996,16.21918236003883,15.677231107087353,0.8,2.3495543560499184,-0.01920395903289318,21.094876466181812
78.20004844665527,16.21918236003883,15.677231107087353,0.8,2.3528509382915677,-0.01920395903289318,21.094876466181812
78.23328685760498,16.21918236003883,15.677231107087353,0.8,2.3528509382915677,-0.00210068398155272,21.094876466181812
78.26649928092957,16.278587108946375,15.904829826347651,0.8,2.3528509382915677,0.017248500138521194,21.301003762833247
78.30001425743103,16.278587108946375,15.904829826347651,0.8,2.3596422013685583,0.017248500138521194,21.301003762833247
78.33329629898071,16.278587108946375,15.904829826347651,0.8,2.3596422013685583,0.04027765244245529,21.301003762833247
78.3665771484375,16.334441962663735,16.14760099998806,0.8,2.3596422013685583,0.043874774128198624,21.51641300616884
78.40003275871277,16.334441962663735,16.14760099998806,0.8,2.359864627962659,0.06524201482534409,21.51641300616884
78.43337035179138,16.334441962663735,16.14760099998806,0.8,2.359864627962659,0.06524201482534409,21.51641300616884
78.4665789604187,16.334441962663735,16.14760099998806,0.8,2.359864627962659,0.06524201482534409,21.51641300616884
78.50000429153442,16.334441962663735,16.14760099998806,0.8,2.359864627962659,0.06524201482534409,21.51641300616884
78.5331883430481,16.390910671370378,16.49816649349003,0.8,2.359864627962659,0.09289508312940598,21.81240982306587
78.56664323806763,16.400803518196064,16.60110255059196,0.8,2.3577989433402244,0.10837875306606293,21.895158432394435
78.60009217262268,16.400803518196064,16.60110255059196,0.8,2.3405200439608387,0.10837875306606293,21.895158432394435
78.6334478855133,16.400803518196064,16.60110255059196,0.8,2.3405200439608387,0.10715712606906891,21.895158432394435
78.66667652130127,16.407393104363827,16.83433723954558,0.8,2.3405200439608387,0.10709764063358307,22.072731447069035
78.70008850097656,16.407393104363827,16.83433723954558,0.8,2.3484671728097712,0.10709764063358307,22.072731447069035
78.73345851898193,16.407393104363827,16.83433723954558,0.8,2.3484671728097712,0.10926396399736404,22.072731447069035
78.76666641235352,16.407393104363827,16.83433723954558,0.8,2.3484671728097712,0.10926396399736404,22.072731447069035
78.8000009059906,16.407393104363827,16.83433723954558,0.8,2.3484671728097712,0.10926396399736404,22.072731447069035
78.8330626487732,16.366939856568873,17.222241141753685,0.8,2.3484671728097712,0.10993772000074387,22.336482844318425
78.86667728424072,16.35072945271569,17.300904470408643,0.8,2.3530542061511523,0.10192784667015076,22.385169214013953
78.90011787414551,16.35072945271569,17.300904470408643,0.8,2.3500155007146493,0.10192784667015076,22.385169214013953
78.93326330184937,16.35072945271569,17.300904470408643,0.8,2.3500155007146493,0.04513869807124138,22.385169214013953
78.96644854545593,16.29716450482593,17.528194357313012,0.8,2.3500155007146493,0.02692047506570816,22.522494260077018
79.00003623962402,16.29716450482593,17.528194357313012,0.8,2.3458716222438682,0.01622173748910427,22.522494260077018
79.03338694572449,16.29716450482593,17.528194357313012,0.8,2.3458716222438682,0.01622173748910427,22.522494260077018
79.0666491985321,16.29716450482593,17.528194357313012,0.8,2.3458716222438682,0.01622173748910427,22.522494260077018
79.10003781318665,16.29716450482593,17.528194357313012,0.8,2.3458716222438682,0.01622173748910427,22.522494260077018
79.13316869735718,16.196816794269925,17.91676670876784,0.8,2.3458716222438682,0.01158656645566225,22.755294398026756
79.16663217544556,16.178928068270125,17.985599831483967,0.8,2.350067498745259,-0.05423633009195328,22.79695046335431
79.20007824897766,16.178928068270125,17.985599831483967,0.8,2.3337748739607016,-0.05423633009195328,22.79695046335431
79.23331999778748,16.178928068270125,17.985599831483967,0.8,2.3337748739607016,-0.07310982793569565,22.79695046335431
79.26667642593384,16.13048120133033,18.21213594224945,0.8,2.3337748739607016,-0.07982911169528961,22.941635058673295
79.299880027771,16.13048120133033,18.21213594224945,0.8,2.3351023261553094,-0.07982911169528961,22.941635058673295
79.33339881896973,16.13048120133033,18.21213594224945,0.8,2.3351023261553094,-0.08814652264118195,22.941635058673295
79.36661171913147,16.09953409672223,18.449188456342398,0.8,2.3351023261553094,-0.09600907564163208,23.106875654680124
79.40001630783081,16.09953409672223,18.449188456342398,0.8,2.3557428961426314,-0.09577967971563339,23.106875654680124
79.43334579467773,16.09953409672223,18.449188456342398,0.7930495492076737,2.3557428961426314,-0.09577967971563339,23.106875654680124
79.46665859222412,16.089408704488577,18.684182082015052,0.7930495492076737,2.3557428961426314,-0.09343287348747253,23.28466336398426
79.50002312660217,16.089408704488577,18.684182082015052,0.7545788442349926,2.353428260821116,-0.09174160659313202,23.28466336398426
79.53321862220764,16.089408704488577,18.684182082015052,0.7930495492076737,2.353428260821116,-0.09174160659313202,23.28466336398426
79.56667947769165,16.099043436434705,18.91875662642376,0.7606482392457754,2.353428260821116,-0.0920247882604599,23.47526588875563
79.60003089904785,16.099043436434705,18.91875662642376,0.7930495492076737,2.3288266274764178,-0.0920247882604599,23.47526588875563
79.63337564468384,16.099043436434705,18.91875662642376,0.7545788442349926,2.3288266274764178,-0.0920247882604599,23.47526588875563
79.66646409034729,16.12708102196946,19.14382083156799,0.7545788442349926,2.3288266274764178,-0.09200335294008255,23.670355925131307
79.70004296302795,16.12708102196946,19.14382083156799,0.7606482392457754,2.315286528146144,-0.09200335294008255,23.670355925131307
79.73340058326721,16.12708102196946,19.14382083156799,0.7606482392457754,2.315286528146144,-0.09200335294008255,23.670355925131307
79.7667248249054,16.17264706501833,19.370554709365624,0.7606482392457754,2.315286528146144,-0.07466830313205719,23.877971256801207
79.79999852180481,16.17264706501833,19.370554709365624,0.7606482392457754,2.321815421534773,-0.10668483376502991,23.877971256801207
79.83340358734131,16.17264706501833,19.370554709365624,0.8,2.321815421534773,-0.10668483376502991,23.877971256801207
79.8666319847107,16.241547124264333,19.594634563382137,0.8,2.321815421534773,-0.1442803591489792,24.097997969040264
79.90027737617493,16.241547124264333,19.594634563382137,0.8,2.3251969547348956,-0.1442803591489792,24.097997969040264
79.93355941772461,16.241547124264333,19.594634563382137,0.8,2.3251969547348956,-0.1442803591489792,24.097997969040264
79.96662402153015,16.34546436264808,19.800411097258987,0.8,2.3251969547348956,-0.22539904713630676,24.324778937136223
80.00003337860107,16.34546436264808,19.800411097258987,0.8,2.314542774590479,-0.19970229268074036,24.324778937136223
80.03337073326111,16.34546436264808,19.800411097258987,0.8,2.314542774590479,-0.19970229268074036,24.324778937136223
80.06661891937256,16.48693405749108,19.98213982108717,0.8,2.314542774590479,-0.23802176117897034,24.555058052018726
80.10024690628052,16.48693405749108,19.98213982108717,0.8,2.302971811098679,-0.24906599521636963,24.555058052018726
80.13337755203247,16.48693405749108,19.98213982108717,0.8,2.302971811098679,-0.24906599521636963,24.555058052018726
80.16741251945496,16.675450470875173,20.139829980148985,0.8,2.302971811098679,-0.24906599521636963,24.794601416830364
80.20003128051758,16.675450470875173,20.139829980148985,0.8,2.3142964276495155,-0.24906599521636963,24.794601416830364
80.23339605331421,16.675450470875173,20.139829980148985,0.8,2.3142964276495155,-0.24906599521636963,24.794601416830364
80.26650905609131,16.86905340200086,20.23748430749899,0.8,2.3142964276495155,-0.24906599521636963,24.9896582523924
80.30003952980042,16.86905340200086,20.23748430749899,0.8,2.3326811774857816,-0.24906599521636963,24.9896582523924
80.33332204818726,16.86905340200086,20.23748430749899,0.8,2.3326811774857816,-0.24906599521636963,24.9896582523924
80.36649250984192,17.101941484333487,20.294652495935008,0.8,2.3326811774857816,-0.24906599521636963,25.17708092473968
80.39995884895325,17.101941484333487,20.294652495935008,0.8,2.3372946418511327,-0.24906599521636963,25.17708092473968
80.43335700035095,17.101941484333487,20.294652495935008,0.8,2.3372946418511327,-0.24906599521636963,25.17708092473968
80.46661019325256,17.333760307397224,20.296229537037593,0.8,2.3372946418511327,-0.24906599521636963,25.321013222619886
80.50000166893005,17.333760307397224,20.296229537037593,0.8,2.324045319214404,-0.24906599521636963,25.321013222619886
80.53335428237915,17.333760307397224,20.296229537037593,0.8,2.324045319214404,-0.24906599521636963,25.321013222619886
80.56658554077148,17.563725966965556,20.244690969316505,0.8,2.324045319214404,-0.23972445726394653,25.42359695774397
80.60321474075317,17.563725966965556,20.244690969316505,0.8,2.324837620535162,-0.23487348854541779,25.42359695774397
80.64295792579651,17.563725966965556,20.244690969316505,0.8,2.324837620535162,-0.23487348854541779,25.42359695774397
80.66805100440979,17.776559801304593,20.143803284430962,0.8,2.324837620535162,-0.23487348854541779,25.478864229841808
80.70426845550537,17.776559801304593,20.143803284430962,0.8,2.331234665773565,-0.23487348854541779,25.478864229841808
80.73833465576172,17.776559801304593,20.143803284430962,0.8,2.331234665773565,-0.23487348854541779,25.478864229841808
80.76734447479248,17.964248187666545,19.99702963684301,0.8,2.331234665773565,-0.23487348854541779,25.48482024255895
80.80154776573181,17.964248187666545,19.99702963684301,0.8,2.333636917573912,-0.23487348854541779,25.48482024255895
80.83327889442444,17.964248187666545,19.99702963684301,0.8,2.333636917573912,-0.23487348854541779,25.48482024255895
80.8665668964386,17.964248187666545,19.99702963684301,0.8,2.333636917573912,-0.23487348854541779,25.48482024255895
80.89989495277405,18.12442943519519,19.81090975953569,0.8,2.333636917573912,-0.07175328582525253,25.445199728391838
80.93405985832214,18.12442943519519,19.81090975953569,0.8,2.3308224529605317,-0.07175328582525253,25.445199728391838
80.96657133102417,18.12442943519519,19.81090975953569,0.8,2.3308224529605317,-0.07175328582525253,25.445199728391838
80.99981331825256,18.254947921489936,19.617075508919836,0.8,2.3308224529605317,0.008126611821353436,25.382669254047844
81.0344717502594,18.254947921489936,19.617075508919836,0.8,2.331638836785872,0.008126611821353436,25.382669254047844
81.06658554077148,18.254947921489936,19.617075508919836,0.8,2.331638836785872,0.008126611821353436,25.382669254047844
81.10573816299438,18.38401617392713,19.41291436040638,0.8,2.331638836785872,0.09363226592540741,25.31342507482628
81.13351368904114,18.38401617392713,19.41291436040638,0.8,2.3357148838785413,0.09363226592540741,25.31342507482628
81.1664354801178,18.38401617392713,19.41291436040638,0.8,2.3357148838785413,0.09363226592540741,25.31342507482628
81.19990634918213,18.51873565249898,19.220372159563695,0.8,2.3357148838785413,0.131935253739357,25.258728829114446
81.23334336280823,18.51873565249898,19.220372159563695,0.8,2.3370982187743077,0.131935253739357,25.258728829114446
81.26641988754272,18.51873565249898,19.220372159563695,0.8,2.3370982187743077,0.131935253739357,25.258728829114446
81.30124998092651,18.676514416300808,19.0387516044557,0.8,2.3370982187743077,0.13120019435882568,25.22971054304431
81.33536720275879,18.676514416300808,19.0387516044557,0.8,2.3287347382427774,0.13120019435882568,25.22971054304431
81.36644840240479,18.676514416300808,19.0387516044557,0.8,2.3287347382427774,0.13120019435882568,25.22971054304431
81.40004014968872,18.85256390144789,18.8787616781897,0.8,2.3287347382427774,0.11593047529459,25.231238055051016
81.4333667755127,18.85256390144789,18.8787616781897,0.8,2.3229265954991036,0.11593047529459,25.231238055051016
81.46662831306458,18.85256390144789,18.8787616781897,0.8,2.3229265954991036,0.11593047529459,25.231238055051016
81.49973440170288,19.04554252707002,18.73878879220498,0.8,2.3229265954991036,0.05161804333329201,25.261182748311075
81.53339099884033,19.04554252707002,18.73878879220498,0.8,2.3302173418233747,0.031380198895931244,25.261182748311075
81.56664800643921,19.19225922643078,18.645323699400056,0.8,2.3302173418233747,0.018529009073972702,25.294772420048734
81.60001468658447,19.19225922643078,18.645323699400056,0.8,2.341184133795471,0.018529009073972702,25.294772420048734
81.63342475891113,19.19225922643078,18.645323699400056,0.8,2.341184133795471,0.018529009073972702,25.294772420048734
81.66668224334717,19.19225922643078,18.645323699400056,0.8,2.341184133795471,0.018529009073972702,25.294772420048734
81.70014500617981,19.451559511015166,18.482509751865127,0.8,2.341184133795471,-0.0481138601899147,25.358638670942543
81.73333787918091,19.451559511015166,18.482509751865127,0.8,2.331253834491473,-0.0950804278254509,25.358638670942543
81.76666140556335,19.583991827667365,18.393197720625437,0.8,2.331253834491473,-0.10551165789365768,25.388253718141367
81.80002617835999,19.583991827667365,18.393197720625437,0.8,2.3344337004090088,-0.10551165789365768,25.388253718141367
81.83319425582886,19.583991827667365,18.393197720625437,0.8,2.3344337004090088,-0.10551165789365768,25.388253718141367
81.86657786369324,19.583991827667365,18.393197720625437,0.8,2.3344337004090088,-0.10551165789365768,25.388253718141367
81.8998818397522,19.82485888023803,18.19412488605147,0.8,2.3344337004090088,-0.12918369472026825,25.41893681550418
81.93339157104492,19.82485888023803,18.19412488605147,0.8,2.3246487556408955,-0.1507689207792282,25.41893681550418
81.96662545204163,19.93056613873234,18.084432744126133,0.8,2.3246487556408955,-0.16307689249515533,25.418061037261747
81.99992823600769,19.93056613873234,18.084432744126133,0.8,2.3255239835920967,-0.1655685156583786,25.418061037261747
82.03340911865234,19.93056613873234,18.084432744126133,0.8,2.3255239835920967,-0.1655685156583786,25.418061037261747
82.06669211387634,19.93056613873234,18.084432744126133,0.8,2.3255239835920967,-0.1655685156583786,25.418061037261747
82.10011649131775,20.119297233662373,17.814948366583817,0.8,2.3255239835920967,-0.1655685156583786,25.368148550450417
82.13483452796936,20.119297233662373,17.814948366583817,0.8,2.3388424791958453,-0.16030462086200714,25.368148550450417
82.16648983955383,20.182375084926754,17.68731048304567,0.8,2.3388424791958453,-0.15582093596458435,25.326731904958024
82.19980454444885,20.182375084926754,17.68731048304567,0.8,2.3372417644249697,-0.15582093596458435,25.326731904958024
82.2332534790039,20.182375084926754,17.68731048304567,0.8,2.3372417644249697,-0.14702290296554565,25.326731904958024
82.26657485961914,20.260814817223608,17.47375448808213,0.8,2.3372417644249697,-0.1394890397787094,25.23911893021198
82.29996395111084,20.260814817223608,17.47375448808213,0.8,2.33510066744485,-0.1394890397787094,25.23911893021198
82.33334350585938,20.260814817223608,17.47375448808213,0.8,2.33510066744485,-0.12164457142353058,25.23911893021198
82.36659693717957,20.315735403971384,17.246277307326846,0.8,2.33510066744485,-0.11566711217164993,25.126475529936037
82.40004801750183,20.315735403971384,17.246277307326846,0.8,2.3373566242305457,-0.10551021248102188,25.126475529936037
82.43334650993347,20.315735403971384,17.246277307326846,0.8,2.3373566242305457,-0.10551021248102188,25.126475529936037
82.46660923957825,20.315735403971384,17.246277307326846,0.8,2.3373566242305457,-0.10551021248102188,25.126475529936037
82.50002932548523,20.315735403971384,17.246277307326846,0.8,2.3373566242305457,-0.10551021248102188,25.126475529936037
82.53336954116821,20.355457677448037,16.893373867644772,0.8,2.3373566242305457,-0.06565755605697632,24.920952808185323
82.56661915779114,20.35899520357493,16.77965006406195,0.8,2.344304008236478,-0.041080646216869354,24.848476474249154
82.60002851486206,20.35899520357493,16.77965006406195,0.8,2.3510764951136056,-0.041080646216869354,24.848476474249154
82.63485455513,20.35899520357493,16.77965006406195,0.8,2.3510764951136056,-0.03803221136331558,24.848476474249154
82.66664361953735,20.36066293772438,16.546544812062468,0.8,2.3510764951136056,-0.0327155627310276,24.69666734310252
82.69999694824219,20.36066293772438,16.546544812062468,0.8,2.33723415229005,-0.0327155627310276,24.69666734310252
82.7333676815033,20.36066293772438,16.546544812062468,0.8,2.33723415229005,-0.016301967203617096,24.69666734310252
82.76661252975464,20.36066293772438,16.546544812062468,0.8,2.33723415229005,-0.016301967203617096,24.69666734310252
82.8001172542572,20.36066293772438,16.546544812062468,0.8,2.33723415229005,-0.016301967203617096,24.69666734310252
82.833181142807,20.35342852260144,16.17508952071209,0.8,2.33723415229005,-0.016301967203617096,24.44984519570128
82.86641764640808,20.349739348193797,16.077390242744798,0.8,2.342638928237305,-0.034077927470207214,24.38408381772877
82.90004110336304,20.349739348193797,16.077390242744798,0.8,2.3445446353290085,-0.033765342086553574,24.38408381772877
82.9333701133728,20.349739348193797,16.077390242744798,0.8,2.3445446353290085,-0.033765342086553574,24.38408381772877
82.9666006565094,20.333291368287824,15.844301807101338,0.8,2.3445446353290085,-0.06560879945755005,24.22217452134238
83.00024318695068,20.333291368287824,15.844301807101338,0.8,2.3439097391295367,-0.0619538351893425,24.22217452134238
83.03335475921631,20.333291368287824,15.844301807101338,0.8,2.3439097391295367,-0.0619538351893425,24.22217452134238
83.06661939620972,20.30196808165583,15.61079269321887,0.8,2.3439097391295367,-0.07982548326253891,24.049656846170578
83.09998798370361,20.30196808165583,15.61079269321887,0.8,2.326893078390376,-0.07982548326253891,24.049656846170578
83.13316035270691,20.30196808165583,15.61079269321887,0.8,2.326893078390376,-0.09582602977752686,24.049656846170578
83.16670846939087,20.252334991122286,15.381746787793876,0.8,2.326893078390376,-0.09481366723775864,23.866764283753373
83.20001745223999,20.252334991122286,15.381746787793876,0.8,2.326737889551487,-0.09481366723775864,23.866764283753373
83.23324632644653,20.252334991122286,15.381746787793876,0.8,2.326737889551487,-0.10785665363073349,23.866764283753373
83.26660180091858,20.183374032940137,15.163261539254071,0.8,2.326737889551487,-0.10937034338712692,23.67624857671041
83.3000476360321,20.183374032940137,15.163261539254071,0.8,2.339787578214119,-0.10814394056797028,23.67624857671041
83.33331727981567,20.183374032940137,15.163261539254071,0.8,2.339787578214119,-0.11590014398097992,23.67624857671041
83.36663389205933,20.089626368654287,14.948016546071818,0.8,2.339787578214119,-0.122064970433712,23.468977733099088
83.3999252319336,20.089626368654287,14.948016546071818,0.8,2.3496657189164374,-0.122064970433712,23.468977733099088
83.433522939682,20.089626368654287,14.948016546071818,0.8,2.3496657189164374,-0.12637858092784882,23.468977733099088
83.46664667129517,19.972799125483476,14.745854609132738,0.8,2.3496657189164374,-0.12514211237430573,23.252129990593573
83.50009393692017,19.972799125483476,14.745854609132738,0.8,2.3397639975524216,-0.12514211237430573,23.252129990593573
83.5334370136261,19.972799125483476,14.745854609132738,0.8,2.3397639975524216,-0.12105054408311844,23.252129990593573
83.56662511825562,19.83364539733288,14.557439396465616,0.8,2.3397639975524216,-0.11994708329439163,23.02644346296005
83.5999984741211,19.83364539733288,14.557439396465616,0.8,2.3264911557493337,-0.11994708329439163,23.02644346296005
83.63325214385986,19.83364539733288,14.557439396465616,0.8,2.3264911557493337,-0.11694227159023285,23.02644346296005
83.66663122177124,19.675775040442446,14.386324327333432,0.8,2.3264911557493337,-0.11876994371414185,22.796754432921684
83.70001912117004,19.675775040442446,14.386324327333432,0.8,2.3371496651604513,-0.11876994371414185,22.796754432921684
83.73333549499512,19.675775040442446,14.386324327333432,0.8,2.3371496651604513,-0.11876994371414185,22.796754432921684
83.76662039756775,19.49966290897489,14.232458239910024,0.8,2.3371496651604513,-0.10993432998657227,22.563283652273185
83.79976034164429,19.49966290897489,14.232458239910024,0.8,2.3400522038081,-0.10993432998657227,22.563283652273185
83.83340692520142,19.49966290897489,14.232458239910024,0.8,2.3400522038081,-0.10993432998657227,22.563283652273185
83.86663269996643,19.309236527869896,14.096859534618185,0.8,2.3400522038081,-0.09670767188072205,22.3297137012119
83.90008473396301,19.309236527869896,14.096859534618185,0.8,2.3341941411265887,-0.09670767188072205,22.3297137012119
83.93345308303833,19.309236527869896,14.096859534618185,0.8,2.3341941411265887,-0.09670767188072205,22.3297137012119
83.96641516685486,19.107902442219387,13.977105465912565,0.8,2.3341941411265887,-0.07962943613529205,22.097273099901308
84.00010228157043,19.107902442219387,13.977105465912565,0.8,2.3383204978041934,-0.07962943613529205,22.097273099901308
84.03339457511902,19.107902442219387,13.977105465912565,0.8,2.3383204978041934,-0.07962943613529205,22.097273099901308
84.06654262542725,18.90090735202199,13.870454387736066,0.8,2.3383204978041934,-0.053916964679956436,21.868481412520918
84.100088596344,18.90090735202199,13.870454387736066,0.8,2.34451625344362,-0.053916964679956436,21.868481412520918
84.13334083557129,18.90090735202199,13.870454387736066,0.8,2.34451625344362,-0.053916964679956436,21.868481412520918
84.16657567024231,18.686556682814487,13.77203118073196,0.8,2.34451625344362,-0.045415621250867844,21.63907739423765
84.20006561279297,18.686556682814487,13.77203118073196,0.8,2.3450129881406667,-0.019918186590075493,21.63907739423765
84.23331332206726,18.686556682814487,13.77203118073196,0.8,2.3450129881406667,-0.019918186590075493,21.63907739423765
84.26661515235901,18.465701501125015,13.677818212978732,0.8,2.3450129881406667,-0.01366943959146738,21.40732336620371
84.30002093315125,18.465701501125015,13.677818212978732,0.8,2.34517504949153,-0.01366943959146738,21.40732336620371
84.33337497711182,18.465701501125015,13.677818212978732,0.8,2.34517504949153,-0.01366943959146738,21.40732336620371
84.36660313606262,18.252268027939383,13.587408104081033,0.8,2.34517504949153,0.015541465021669865,21.183930740250815
84.40000081062317,18.252268027939383,13.587408104081033,0.8,2.3461800121118492,0.015541465021669865,21.183930740250815
84.43343734741211,18.252268027939383,13.587408104081033,0.8,2.3461800121118492,0.015541465021669865,21.183930740250815
84.46668863296509,18.032532264169284,13.491152345149194,0.8,2.3461800121118492,0.017850684002041817,20.95214727799419
84.50007605552673,18.032532264169284,13.491152345149194,0.8,2.3508499564162935,0.017850684002041817,20.95214727799419
84.53342056274414,18.032532264169284,13.491152345149194,0.8,2.3508499564162935,0.017850684002041817,20.95214727799419
84.56649279594421,17.825363665105144,13.396361233368447,0.8,2.3508499564162935,0.04654809460043907,20.731255109595654
84.59998369216919,17.825363665105144,13.396361233368447,0.8,2.3510904040451064,0.04654809460043907,20.731255109595654
84.6333966255188,17.825363665105144,13.396361233368447,0.8,2.3510904040451064,0.04654809460043907,20.731255109595654
84.66681098937988,17.60605182983454,13.28719846765179,0.8,2.3510904040451064,0.051570210605859756,20.492034022388882
84.70000052452087,17.60605182983454,13.28719846765179,0.8,2.341495306195041,0.051570210605859756,20.492034022388882
84.7333824634552,17.60605182983454,13.28719846765179,0.8,2.341495306195041,0.051570210605859756,20.492034022388882
84.76661992073059,17.40829715195472,13.17617153374031,0.8,2.341495306195041,0.06300278753042221,20.268501563773984
84.8000316619873,17.40829715195472,13.17617153374031,0.8,2.3427053461209995,0.06300278753042221,20.268501563773984
84.8333842754364,17.40829715195472,13.17617153374031,0.8,2.3427053461209995,0.06300278753042221,20.268501563773984
84.86660742759705,17.20236808512769,13.045125651692635,0.8,2.3427053461209995,0.06355662643909454,20.026057891886957
84.90003514289856,17.20236808512769,13.045125651692635,0.8,2.349804353362657,0.06506665050983429,20.026057891886957
84.93330717086792,17.20236808512769,13.045125651692635,0.8,2.349804353362657,0.06506665050983429,20.026057891886957
84.96639585494995,17.007159206089735,12.902656499390806,0.8,2.349804353362657,0.0711369514465332,19.784734441298376
85.00004267692566,17.007159206089735,12.902656499390806,0.8,2.342656910342379,0.0711369514465332,19.784734441298376
85.03336429595947,17.007159206089735,12.902656499390806,0.8,2.342656910342379,0.0711369514465332,19.784734441298376
85.06645202636719,16.825888249649335,12.750978813887933,0.8,2.342656910342379,0.0711369514465332,19.54839465263223
85.10076522827148,16.825888249649335,12.750978813887933,0.8,2.3452536884959896,0.0689489096403122,19.54839465263223
85.13330888748169,16.825888249649335,12.750978813887933,0.8,2.3452536884959896,0.0689489096403122,19.54839465263223
85.16662454605103,16.825888249649335,12.750978813887933,0.8,2.3452536884959896,0.0689489096403122,19.54839465263223
85.19976592063904,16.65232226561998,12.585432715505684,0.8,2.3452536884959896,0.024727152660489082,19.30927028689449
85.23326539993286,16.65232226561998,12.585432715505684,0.8,2.3494555340123533,0.024727152660489082,19.30927028689449
85.26694583892822,16.501469381213873,12.429562722774254,0.8,2.3494555340123533,0.018408549949526787,19.09389604614061
85.29971194267273,16.501469381213873,12.429562722774254,0.8,2.3428807401778715,0.018408549949526787,19.09389604614061
85.33339715003967,16.501469381213873,12.429562722774254,0.8,2.3428807401778715,0.018408549949526787,19.09389604614061
85.36664962768555,16.501469381213873,12.429562722774254,0.8,2.3428807401778715,0.018408549949526787,19.09389604614061
85.39994430541992,16.31839844054103,12.234256139177212,0.8,2.3428807401778715,0.01467064954340458,18.828705918533014
85.43338394165039,16.31839844054103,12.234256139177212,0.8,2.339633633693191,0.01467064954340458,18.828705918533014
85.46669721603394,16.31839844054103,12.234256139177212,0.8,2.339633633693191,0.01467064954340458,18.828705918533014
85.49994778633118,16.14880831635523,12.048682841577401,0.8,2.339633633693191,0.006926426663994789,18.580192055319692
85.53338170051575,16.14880831635523,12.048682841577401,0.8,2.35283026586757,0.006926426663994789,18.580192055319692
85.56652879714966,16.14880831635523,12.048682841577401,0.8,2.35283026586757,0.006926426663994789,18.580192055319692
85.60002779960632,15.99867899510522,11.881966377100515,0.8,2.35283026586757,0.006071850657463074,18.358735651360398
85.63338255882263,15.99867899510522,11.881966377100515,0.8,2.345228935971555,0.006071850657463074,18.358735651360398
85.66671991348267,15.99867899510522,11.881966377100515,0.8,2.345228935971555,0.006071850657463074,18.358735651360398
85.69986701011658,15.837224340562102,11.700585212103375,0.8,2.345228935971555,0.006851139944046736,18.119349887318094
85.73328280448914,15.837224340562102,11.700585212103375,0.8,2.337900595087858,0.0030615441501140594,18.119349887318094
85.76662087440491,15.716562840776236,11.563849272035755,0.8,2.337900595087858,0.0040672291070222855,17.93977165120179
85.7999541759491,15.716562840776236,11.563849272035755,0.8,2.336441162933181,0.00066708168014884,17.93977165120179
85.83337807655334,15.716562840776236,11.563849272035755,0.8,2.336441162933181,0.00066708168014884,17.93977165120179
85.86669325828552,15.716562840776236,11.563849272035755,0.8,2.336441162933181,0.00066708168014884,17.93977165120179
85.89980435371399,15.520251242266491,11.340660434767196,0.8,2.336441162933181,-0.00018412081408314407,17.64727733330252
85.93340373039246,15.520251242266491,11.340660434767196,0.8,2.3438727503225523,-0.0012126998044550419,17.64727733330252
85.96664786338806,15.407255541396548,11.212332501312611,0.8,2.3438727503225523,-0.0021157748997211456,17.479077553101742
86.0000250339508,15.407255541396548,11.212332501312611,0.8,2.348975504942599,-0.003851223038509488,17.479077553101742
86.03339123725891,15.407255541396548,11.212332501312611,0.8,2.348975504942599,-0.003851223038509488,17.479077553101742
86.06641697883606,15.407255541396548,11.212332501312611,0.8,2.348975504942599,-0.003851223038509488,17.479077553101742
86.09988403320312,15.203251622735356,10.982119800345185,0.8,2.348975504942599,-0.0041092862375080585,17.176454080913615
86.13338994979858,15.203251622735356,10.982119800345185,0.8,2.3409117366188283,-0.0041092862375080585,17.176454080913615
86.16643214225769,15.203251622735356,10.982119800345185,0.8,2.3409117366188283,-0.0041092862375080585,17.176454080913615
86.20303654670715,15.042039871128763,10.804108723863948,0.8,2.3409117366188283,-0.01882249303162098,16.93983923898543
86.23341083526611,15.042039871128763,10.804108723863948,0.8,2.342816359311678,-0.035157594829797745,16.93983923898543
86.2666368484497,14.93845518846564,10.694263995616815,0.8,2.342816359311678,-0.04020443558692932,16.790638816257864
86.29995942115784,14.93845518846564,10.694263995616815,0.8,2.349378388291483,-0.06087715923786163,16.790638816257864
86.33309435844421,14.93845518846564,10.694263995616815,0.8,2.349378388291483,-0.06087715923786163,16.790638816257864
86.36662745475769,14.768772673029087,10.529390010427264,0.8,2.349378388291483,-0.06913334131240845,16.555518118295815
86.4000244140625,14.768772673029087,10.529390010427264,0.8,2.3485387554308907,-0.0730239599943161,16.555518118295815
86.43335247039795,14.768772673029087,10.529390010427264,0.8,2.3485387554308907,-0.0764956995844841,16.555518118295815
86.46660542488098,14.59027299168265,10.378651920565463,0.8,2.3485387554308907,-0.0831080749630928,16.322100783302158
86.49999284744263,14.59027299168265,10.378651920565463,0.8,2.332475442143489,-0.0831080749630928,16.322100783302158
86.53338027000427,14.59027299168265,10.378651920565463,0.8,2.332475442143489,-0.0831080749630928,16.322100783302158
86.56658411026001,14.59027299168265,10.378651920565463,0.8,2.332475442143489,-0.0831080749630928,16.322100783302158
86.59979486465454,14.59027299168265,10.378651920565463,0.8,2.332475442143489,-0.0831080749630928,16.322100783302158
86.63347315788269,14.313937716653399,10.186014907619247,0.8,2.332475442143489,-0.08065246045589447,15.9856648119965
86.66658806800842,14.20098501538927,10.11939317010666,0.8,2.3345181353939295,-0.08316017687320709,15.855579752271517
86.70014214515686,14.20098501538927,10.11939317010666,0.8,2.350476676398993,-0.08316017687320709,15.855579752271517
86.73333668708801,14.20098501538927,10.11939317010666,0.8,2.350476676398993,-0.08096550405025482,15.855579752271517
86.76671814918518,13.99402282554966,10.010079286729333,0.8,2.350476676398993,-0.056359801441431046,15.625117234694763
86.80007147789001,13.99402282554966,10.010079286729333,0.8,2.35424195791874,-0.056359801441431046,15.625117234694763
86.83337140083313,13.99402282554966,10.010079286729333,0.8,2.35424195791874,-0.026201156899333,15.625117234694763
86.86648225784302,13.772423320201886,9.903517642680317,0.8,2.35424195791874,-0.02510731667280197,15.38495176566801
86.89987063407898,13.772423320201886,9.903517642680317,0.8,2.346255432120632,-0.02510731667280197,15.38495176566801
86.93330144882202,13.772423320201886,9.903517642680317,0.8,2.346255432120632,-0.007310437969863415,15.38495176566801
86.96662545204163,13.571047066293596,9.809749161274944,0.8,2.346255432120632,-0.0010059552732855082,15.168766912291243
87.00007963180542,13.571047066293596,9.809749161274944,0.8,2.3464045689689184,-0.0010059552732855082,15.168766912291243
87.03320074081421,13.571047066293596,9.809749161274944,0.8,2.3464045689689184,-0.0010620072716847062,15.168766912291243
87.06658387184143,13.359065841012319,9.709000366631706,0.8,2.3464045689689184,0.018224775791168213,14.940112812030524
87.10003900527954,13.359065841012319,9.709000366631706,0.8,2.353815903255473,0.018224775791168213,14.940112812030524
87.1334183216095,13.359065841012319,9.709000366631706,0.8,2.353815903255473,0.023686228320002556,14.940112812030524
87.16667008399963,13.148432219225931,9.604486100068815,0.8,2.353815903255473,0.018800053745508194,14.710342689963557
87.2000675201416,13.148432219225931,9.604486100068815,0.8,2.3543052272360767,0.014628657139837742,14.710342689963557
87.23333477973938,13.148432219225931,9.604486100068815,0.8,2.3543052272360767,0.014628657139837742,14.710342689963557
87.2666277885437,13.148432219225931,9.604486100068815,0.8,2.3543052272360767,0.014628657139837742,14.710342689963557
87.29995942115784,13.148432219225931,9.604486100068815,0.8,2.3543052272360767,0.014628657139837742,14.710342689963557
87.33348846435547,12.808444494758579,9.429343274937903,0.8,2.3543052272360767,0.006412677466869354,14.335772052337635
87.36662721633911,12.727582780496267,9.38723813213238,0.8,2.351859358061711,-0.01188754104077816,14.24646306364751
87.39994883537292,12.727582780496267,9.38723813213238,0.8,2.3585391950315553,-0.01188754104077816,14.24646306364751
87.43316626548767,12.727582780496267,9.38723813213238,0.8,2.3585391950315553,-0.025998728349804878,14.24646306364751
87.46662735939026,12.515440206543111,9.281533546915965,0.8,2.3585391950315553,-0.03403714671730995,14.01528932234834
87.5000627040863,12.515440206543111,9.281533546915965,0.8,2.3532034834604474,-0.03403714671730995,14.01528932234834
87.53364324569702,12.515440206543111,9.281533546915965,0.8,2.3532034834604474,-0.03403714671730995,14.01528932234834
87.56648015975952,12.301237236795854,9.184041965964871,0.8,2.3532034834604474,-0.04243902862071991,13.787958811868316
87.60009479522705,12.301237236795854,9.184041965964871,0.8,2.3606356331397746,-0.04243902862071991,13.787958811868316
87.63339376449585,12.301237236795854,9.184041965964871,0.8,2.3606356331397746,-0.0637543797492981,13.787958811868316
87.66664409637451,12.081931438663267,9.101431009642816,0.8,2.3606356331397746,-0.1035924032330513,13.566528255141582
87.6999900341034,12.081931438663267,9.101431009642816,0.8,2.3554190610884755,-0.1035924032330513,13.566528255141582
87.73337507247925,12.081931438663267,9.101431009642816,0.8,2.3554190610884755,-0.10803037881851196,13.566528255141582
87.76671719551086,11.854821864770079,9.041316116420873,0.8,2.3554190610884755,-0.11770361661911011,13.354135629299883
87.80006814002991,11.854821864770079,9.041316116420873,0.8,2.350811532750455,-0.11770361661911011,13.354135629299883
87.83594417572021,11.854821864770079,9.041316116420873,0.8,2.350811532750455,-0.12787321209907532,13.354135629299883
87.86654806137085,11.613716285118802,9.007850334643793,0.8,2.350811532750455,-0.13995914161205292,13.149352912879465
87.89976763725281,11.613716285118802,9.007850334643793,0.8,2.354873470006317,-0.14480085670948029,13.149352912879465
87.93342685699463,11.613716285118802,9.007850334643793,0.8,2.354873470006317,-0.14582043886184692,13.149352912879465
87.96647524833679,11.387659273529891,9.006977893920917,0.8,2.354873470006317,-0.15171898901462555,12.978783277045073
88.00002670288086,11.387659273529891,9.006977893920917,0.8,2.3578925114377567,-0.16215872764587402,12.978783277045073
88.0333743095398,11.387659273529891,9.006977893920917,0.8,2.3578925114377567,-0.16215872764587402,12.978783277045073
88.06643915176392,11.155093282371123,9.040634390217846,0.8,2.3578925114377567,-0.1736564040184021,12.82835463265762
88.1001226902008,11.155093282371123,9.040634390217846,0.8,2.3506592183199237,-0.1736564040184021,12.82835463265762
88.13335609436035,11.155093282371123,9.040634390217846,0.8,2.3506592183199237,-0.1736564040184021,12.82835463265762
88.16646313667297,10.932687314345518,9.111866749713695,0.8,2.3506592183199237,-0.18674179911613464,12.71363617842274
88.20006942749023,10.932687314345518,9.111866749713695,0.8,2.3505813924743584,-0.18674179911613464,12.71363617842274
88.23344588279724,10.932687314345518,9.111866749713695,0.8,2.3505813924743584,-0.18674179911613464,12.71363617842274
88.26671290397644,10.72266842784858,9.217849204746654,0.8,2.3505813924743584,-0.15470939874649048,12.635320681824652
88.29996800422668,10.72266842784858,9.217849204746654,0.8,2.3374203623771495,-0.15470939874649048,12.635320681824652
88.33338713645935,10.72266842784858,9.217849204746654,0.8,2.3374203623771495,-0.15470939874649048,12.635320681824652
88.36661744117737,10.532163623640967,9.350002503758262,0.8,2.3374203623771495,-0.14886222779750824,12.593251972268666
88.40022659301758,10.532163623640967,9.350002503758262,0.8,2.330742981249362,-0.14886222779750824,12.593251972268666
88.43330883979797,10.532163623640967,9.350002503758262,0.8,2.330742981249362,-0.14886222779750824,12.593251972268666
88.46660447120667,10.3551743641246,9.50636955229374,0.8,2.330742981249362,-0.10712019354104996,12.582176843080195
88.5000376701355,10.3551743641246,9.50636955229374,0.8,2.349782705745156,-0.10025636851787567,12.582176843080195
88.53338980674744,10.3551743641246,9.50636955229374,0.8,2.349782705745156,-0.10025636851787567,12.582176843080195
88.56660795211792,10.19162305243647,9.674997164125438,0.8,2.349782705745156,-0.060387879610061646,12.593647098232033
88.59995937347412,10.19162305243647,9.674997164125438,0.8,2.355733387995982,-0.060387879610061646,12.593647098232033
88.63337779045105,10.19162305243647,9.674997164125438,0.8,2.355733387995982,-0.060387879610061646,12.593647098232033
88.6664342880249,10.034495859816445,9.852287600963214,0.8,2.355733387995982,-0.024047326296567917,12.620229312265494
88.70002436637878,10.034495859816445,9.852287600963214,0.8,2.3482169160639557,-0.024047326296567917,12.620229312265494
88.73337435722351,10.034495859816445,9.852287600963214,0.8,2.3482169160639557,-0.024047326296567917,12.620229312265494
88.76646733283997,9.88117092571418,10.035548169158583,0.8,2.3482169160639557,0.043807145208120346,12.658203148040077
88.8000237941742,9.88117092571418,10.035548169158583,0.7896321149648784,2.3482452724151606,0.06179923564195633,12.658203148040077
88.83338260650635,9.88117092571418,10.035548169158583,0.7896321149648784,2.3482452724151606,0.06179923564195633,12.658203148040077
88.86636710166931,9.726261390515585,10.214325303234968,0.6105029607486997,2.3482452724151606,0.10822499543428421,12.696087652882474
88.90004372596741,9.726261390515585,10.214325303234968,0.6105029607486997,2.348182654266476,0.10822499543428421,12.696087652882474
88.93340063095093,9.726261390515585,10.214325303234968,0.6307740972207475,2.348182654266476,0.10822499543428421,12.696087652882474
88.96655678749084,9.56037044025208,10.374680406852734,0.6307740972207475,2.348182654266476,0.1337004005908966,12.716990195505373
89.00003671646118,9.56037044025208,10.374680406852734,0.6307740972207475,2.3078908629353645,0.1337004005908966,12.716990195505373
89.03337931632996,9.56037044025208,10.374680406852734,0.6105029607486997,2.3078908629353645,0.1337004005908966,12.716990195505373
89.06666231155396,9.380819330323508,10.505506777037075,0.6105029607486997,2.3078908629353645,0.18028201162815094,12.710269152760452
89.10001492500305,9.380819330323508,10.505506777037075,0.6224748519853242,2.280320360938972,0.18028201162815094,12.710269152760452
89.13341164588928,9.380819330323508,10.505506777037075,0.6307740972207475,2.280320360938972,0.18028201162815094,12.710269152760452
89.16672158241272,9.17407020347418,10.610155400953714,0.6105029607486997,2.280320360938972,0.18028201162815094,12.670230568611284
89.20002698898315,9.17407020347418,10.610155400953714,0.6652035922986741,2.2404084352724296,0.23321384191513062,12.670230568611284
89.23340392112732,9.17407020347418,10.610155400953714,0.8,2.2404084352724296,0.23321384191513062,12.670230568611284
89.26633977890015,8.955125754651165,10.671585241684621,0.8,2.2404084352724296,0.24906599521636963,12.59199050438091
89.30004405975342,8.955125754651165,10.671585241684621,0.8,2.200759709340109,0.24906599521636963,12.59199050438091
89.33350801467896,8.955125754651165,10.671585241684621,0.8,2.200759709340109,0.24906599521636963,12.59199050438091
89.36643099784851,8.745159161222675,10.683465289554773,0.8,2.200759709340109,0.24906599521636963,12.481589104056454
89.40001392364502,8.745159161222675,10.683465289554773,0.8,2.153703251027533,0.24906599521636963,12.481589104056454
89.43340754508972,8.745159161222675,10.683465289554773,0.8,2.153703251027533,0.24906599521636963,12.481589104056454
89.4666838645935,8.745159161222675,10.683465289554773,0.8,2.153703251027533,0.24906599521636963,12.481589104056454
89.49988842010498,8.5227547711401,10.647702838103497,0.8,2.153703251027533,0.24906599521636963,12.327239552606892
89.53557777404785,8.5227547711401,10.647702838103497,0.8,2.1316565182339966,0.24906599521636963,12.327239552606892
89.5665271282196,8.5227547711401,10.647702838103497,0.8,2.1316565182339966,0.24906599521636963,12.327239552606892
89.59996843338013,8.322086971906643,10.567974947176424,0.8,2.1316565182339966,0.24906599521636963,12.150110622986134
89.6335678100586,8.322086971906643,10.567974947176424,0.8,2.120895131702669,0.24906599521636963,12.150110622986134
89.6667230129242,8.322086971906643,10.567974947176424,0.8,2.120895131702669,0.24906599521636963,12.150110622986134
89.7003083229065,8.142922790597913,10.44741534185688,0.8,2.120895131702669,0.24906599521636963,11.951483518342723
89.73319411277771,8.142922790597913,10.44741534185688,0.8,2.1175582633140086,0.24906599521636963,11.951483518342723
89.766761302948,8.142922790597913,10.44741534185688,0.8,2.1175582633140086,0.24906599521636963,11.951483518342723
89.80011868476868,7.988558860216723,10.28512226625469,0.8,2.1175582633140086,0.24906599521636963,11.73155300901519
89.83349084854126,7.988558860216723,10.28512226625469,0.8,2.142819544479191,0.24906599521636963,11.73155300901519
89.86672115325928,7.988558860216723,10.28512226625469,0.8,2.142819544479191,0.24906599521636963,11.73155300901519
89.89973592758179,7.876111512733115,10.097978492516871,0.8,2.142819544479191,0.24906599521636963,11.513306246173112
89.93336868286133,7.876111512733115,10.097978492516871,0.8,2.168801127924436,0.24906599521636963,11.513306246173112
89.96665215492249,7.876111512733115,10.097978492516871,0.8,2.168801127924436,0.24906599521636963,11.513306246173112
90.00002074241638,7.805552895796138,9.886741658220476,0.8,2.168801127924436,0.24906599521636963,11.297445483320354
90.03334975242615,7.805552895796138,9.886741658220476,0.8,2.195828573543777,0.24906599521636963,11.297445483320354
90.06658577919006,7.7839164496519,9.718522616947162,0.8,2.195828573543777,0.24906599521636963,11.144635232049476
90.10002636909485,7.7839164496519,9.718522616947162,0.8,2.213251755298875,0.24906599521636963,11.144635232049476
90.13337540626526,7.7839164496519,9.718522616947162,0.8,2.213251755298875,0.24906599521636963,11.144635232049476
90.1664502620697,7.7839164496519,9.718522616947162,0.8,2.213251755298875,0.24906599521636963,11.144635232049476
90.19985032081604,7.811985788500075,9.433671871568764,0.8,2.213251755298875,0.24906599521636963,10.92322454590726
90.23338317871094,7.811985788500075,9.433671871568764,0.8,2.2357796329922617,0.24906599521636963,10.92322454590726
90.26642489433289,7.863177883941237,9.279591587923635,0.8,2.2357796329922617,0.24906599521636963,10.825268010571367
90.2997534275055,7.863177883941237,9.279591587923635,0.8,2.2543212817011815,0.24906599521636963,10.825268010571367
90.3333466053009,7.863177883941237,9.279591587923635,0.8,2.2543212817011815,0.24906599521636963,10.825268010571367
90.36644673347473,7.863177883941237,9.279591587923635,0.8,2.2543212817011815,0.24906599521636963,10.825268010571367
90.40002369880676,8.019960497905373,9.023954919850064,0.8,2.2543212817011815,0.24906599521636963,10.708618915884715
90.43327140808105,8.019960497905373,9.023954919850064,0.8,2.274851340700229,0.24906599521636963,10.708618915884715
90.46664810180664,8.13155864467738,8.91044792845295,0.8,2.274851340700229,0.2459815889596939,10.684432788839356
90.49991059303284,8.13155864467738,8.91044792845295,0.8,2.2795538969097744,0.2455248236656189,10.684432788839356
90.53327465057373,8.13155864467738,8.91044792845295,0.8,2.2795538969097744,0.2455248236656189,10.684432788839356
90.56663942337036,8.13155864467738,8.91044792845295,0.8,2.2795538969097744,0.2455248236656189,10.684432788839356
90.60157442092896,8.394422955911569,8.744234987030147,0.8,2.2795538969097744,0.2455248236656189,10.7152751484326
90.63341474533081,8.394422955911569,8.744234987030147,0.8,2.2909223587006076,0.2314210683107376,10.7152751484326
90.66668343544006,8.527007850847184,8.695988320709326,0.8,2.2909223587006076,0.2242146134376526,10.76164008541275
90.70003271102905,8.527007850847184,8.695988320709326,0.8,2.300238667033982,0.2234041541814804,10.76164008541275
90.7333664894104,8.527007850847184,8.695988320709326,0.8,2.300238667033982,0.2234041541814804,10.76164008541275
90.76665234565735,8.527007850847184,8.695988320709326,0.8,2.300238667033982,0.2234041541814804,10.76164008541275
90.79982376098633,8.527007850847184,8.695988320709326,0.8,2.300238667033982,0.2099159061908722,10.76164008541275
90.8349175453186,8.852224947653454,8.646967615307581,0.8,2.300238667033982,0.20970405638217926,10.934493461447905
90.86643838882446,8.852224947653454,8.646967615307581,0.8,2.3047754082762206,0.20970405638217926,10.934493461447905
90.90003848075867,8.852224947653454,8.646967615307581,0.8,2.3047754082762206,0.20970405638217926,10.934493461447905
90.93334984779358,9.085706766536227,8.666702056432808,0.8,2.3047754082762206,0.19016866385936737,11.103804898714857
90.96657800674438,9.225445968580615,8.700120234357392,0.8,2.3167834167697183,0.18812069296836853,11.222236519580848
90.99972677230835,9.225445968580615,8.700120234357392,0.8,2.323434661053645,0.182979553937912,11.222236519580848
91.03333640098572,9.225445968580615,8.700120234357392,0.8,2.323434661053645,0.182979553937912,11.222236519580848
91.06658816337585,9.225445968580615,8.700120234357392,0.8,2.323434661053645,0.182979553937912,11.222236519580848
91.09998679161072,9.225445968580615,8.700120234357392,0.8,2.323434661053645,0.182979553937912,11.222236519580848
91.13324046134949,9.530871132702735,8.831165028296548,0.8,2.323434661053645,0.17791759967803955,11.525477805900122
91.16661953926086,9.629789593732212,8.893038514205655,0.8,2.3204161139741357,0.15868054330348969,11.638209168729356
91.19995784759521,9.629789593732212,8.893038514205655,0.8,2.3230536117890606,0.15868054330348969,11.638209168729356
91.23307347297668,9.629789593732212,8.893038514205655,0.8,2.3230536117890606,0.1464381068944931,11.638209168729356
91.26656985282898,9.813323629729764,9.033223731981812,0.8,2.3230536117890606,0.12609563767910004,11.866037895187544
91.29993915557861,9.813323629729764,9.033223731981812,0.8,2.328590884725669,0.12609563767910004,11.866037895187544
91.33329367637634,9.813323629729764,9.033223731981812,0.8,2.328590884725669,0.09424345940351486,11.866037895187544
91.36660051345825,9.986702647955918,9.194066040498194,0.8,2.328590884725669,0.08375101536512375,12.102009394432226
91.39991784095764,9.986702647955918,9.194066040498194,0.8,2.339801645262421,0.08375101536512375,12.102009394432226
91.43336749076843,9.986702647955918,9.194066040498194,0.7569155226420518,2.339801645262421,0.08375101536512375,12.102009394432226
91.46660614013672,9.986702647955918,9.194066040498194,0.7213057587232531,2.339801645262421,0.08375101536512375,12.102009394432226
91.49999856948853,9.986702647955918,9.194066040498194,0.6841418646604209,2.339801645262421,0.08375101536512375,12.102009394432226
91.53329133987427,10.243337469059789,9.471860975008642,0.6841418646604209,2.339801645262421,0.009954303503036499,12.48018186720627
91.56664299964905,10.298428902714585,9.536140264328223,0.6019091258257351,2.32218710394241,-0.007204778958112001,12.564742552967482
91.60003280639648,10.298428902714585,9.536140264328223,0.5587493820737633,2.303745901932061,-0.007204778958112001,12.564742552967482
91.63325905799866,10.298428902714585,9.536140264328223,0.5375542091670236,2.303745901932061,-0.016625750809907913,12.564742552967482
91.66661620140076,10.449374828036685,9.708518686622831,0.49598622854341023,2.303745901932061,-0.02117301896214485,12.79371477443933
91.69999170303345,10.449374828036685,9.708518686622831,0.45498326929215416,2.2953554481887766,-0.02117301896214485,12.79371477443933
91.73325896263123,10.449374828036685,9.708518686622831,0.42774214492254614,2.2953554481887766,-0.02117301896214485,12.79371477443933
91.76656484603882,10.449374828036685,9.708518686622831,0.3990359464783255,2.2953554481887766,-0.02117301896214485,12.79371477443933
91.8000168800354,10.449374828036685,9.708518686622831,0.3990359464783255,2.2953554481887766,-0.02117301896214485,12.79371477443933
91.83326005935669,10.705786995436476,9.984488959327383,0.3990359464783255,2.2953554481887766,-0.027322594076395035,13.17041121965946
91.86657810211182,10.756024331716402,10.0359691009558,0.29257245414136235,2.2580446380784376,-0.031945470720529556,13.242330383842086
91.89995384216309,10.756024331716402,10.0359691009558,0.26425570221696854,2.2107206609871253,-0.031945470720529556,13.242330383842086
91.93358087539673,10.756024331716402,10.0359691009558,0.26425570221696854,2.2107206609871253,-0.03232686594128609,13.242330383842086
91.96642303466797,10.909946675295474,10.188376249983344,0.21552599487612184,2.2107206609871253,-0.030106738209724426,13.458811218152091
91.99995541572571,10.909946675295474,10.188376249983344,0.19011499738670073,2.152023697404106,-0.030106738209724426,13.458811218152091
92.03311085700989,10.909946675295474,10.188376249983344,0.17700438086890052,2.152023697404106,-0.028914162889122963,13.458811218152091
92.06660676002502,11.062660188171533,10.332429494552823,0.17700438086890052,2.152023697404106,-0.02823573537170887,13.668392415139472
92.09999823570251,11.062660188171533,10.332429494552823,0.0,2.0899903317493544,-0.02823573537170887,13.668392415139472
92.13327884674072,11.062660188171533,10.332429494552823,0.0,2.0899903317493544,0.0,13.668392415139472
92.16663646697998,11.209616899254613,10.46788305556747,0.0,2.0899903317493544,0.0,13.867781272442766
92.1999990940094,11.209616899254613,10.46788305556747,0.0,2.0203513667371635,0.0,13.867781272442766
92.23338532447815,11.209616899254613,10.46788305556747,0.0,2.0203513667371635,0.0,13.867781272442766
92.26658344268799,11.353176602386576,10.600205512052197,0.0,2.0203513667371635,0.0,14.062574026397945
92.29995536804199,11.353176602386576,10.600205512052197,0.0,1.945461736932069,0.0,14.062574026397945
92.333322763443,11.353176602386576,10.600205512052197,0.0,1.945461736932069,0.0,14.062574026397945
92.36656641960144,11.490348431648359,10.726640110427887,0.0,1.945461736932069,0.0,14.248710661053874
92.39991450309753,11.490348431648359,10.726640110427887,0.0,1.8661957631002142,0.0,14.248710661053874
92.43329620361328,11.490348431648359,10.726640110427887,0.0,1.8661957631002142,0.0,14.248710661053874
92.4734754562378,11.610392531091483,10.83728766526582,0.0,1.8661957631002142,0.0,14.411614480842088
92.50051140785217,11.610392531091483,10.83728766526582,0.0,1.5862663986351822,0.0,14.411614480842088
92.53345680236816,11.610392531091483,10.83728766526582,0.0,1.5862663986351822,0.0,14.411614480842088
92.56662392616272,11.706487808536473,10.925861010645436,0.0,1.5862663986351822,0.0,14.542024695055137
92.59993362426758,11.706487808536473,10.925861010645436,0.0,1.3483264388399048,0.0,14.542024695055137
92.63333559036255,11.706487808536473,10.925861010645436,0.0,1.3483264388399048,0.0,14.542024695055137
92.6665952205658,11.791154033268418,11.003899921240848,0.0,1.3483264388399048,0.0,14.656928734714999
92.70018434524536,11.791154033268418,11.003899921240848,0.0,1.146077473013919,0.0,14.656928734714999
92.73354935646057,11.791154033268418,11.003899921240848,0.0,1.146077473013919,0.0,14.656928734714999
92.7668673992157,11.86293176321551,11.07005919393568,0.0,1.146077473013919,0.0,14.754344210794756
92.80004954338074,11.86293176321551,11.07005919393568,0.0,0.974165852061831,0.0,14.754344210794756
92.83341813087463,11.86293176321551,11.07005919393568,0.0,0.974165852061831,0.0,14.754344210794756
92.86648559570312,11.92375766848129,11.12612390448525,0.0,0.974165852061831,0.0,14.836898136811707
92.9001395702362,11.92375766848129,11.12612390448525,0.0,0.8280409742525565,0.0,14.836898136811707
92.93332862854004,11.92375766848129,11.12612390448525,0.0,0.8280409742525565,0.0,14.836898136811707
92.96650815010071,11.975600413415792,11.173908618517004,0.0,0.8280409742525565,0.0,14.907261445789423
93.00018048286438,11.975600413415792,11.173908618517004,0.0,0.703834828114673,0.0,14.907261445789423
93.0334997177124,11.975600413415792,11.173908618517004,0.0,0.703834828114673,0.0,14.907261445789423
93.06661558151245,12.019961605643513,11.214797404158803,0.0,0.703834828114673,0.0,14.967471518133687
93.1001980304718,12.019961605643513,11.214797404158803,0.0,0.598259603897472,0.0,14.967471518133687
93.13356137275696,12.019961605643513,11.214797404158803,0.0,0.598259603897472,0.0,14.967471518133687
93.16641807556152,12.057012247635486,11.24894787853118,0.0,0.598259603897472,0.0,15.017759949838167
93.20024299621582,12.057012247635486,11.24894787853118,0.0,0.5085206633128513,0.0,15.017759949838167
93.23317265510559,12.057012247635486,11.24894787853118,0.0,0.5085206633128513,0.0,15.017759949838167
93.2668719291687,12.088997878938626,11.278429809838574,0.0,0.5085206633128513,0.0,15.061174236066277
93.29977297782898,12.088997878938626,11.278429809838574,0.0,0.4322425638159235,0.0,15.061174236066277
93.33350658416748,12.088997878938626,11.278429809838574,0.0,0.4322425638159235,0.0,15.061174236066277
93.36655902862549,12.116486676664566,11.303766900690349,0.0,0.4322425638159235,0.0,15.098485338550407
93.39988422393799,12.116486676664566,11.303766900690349,0.0,0.367406179243535,0.0,15.098485338550407
93.43334197998047,12.116486676664566,11.303766900690349,0.0,0.367406179243535,0.0,15.098485338550407
93.46640539169312,12.139248084462238,11.324746641711895,0.0,0.367406179243535,0.0,15.129380133157142
93.49996256828308,12.139248084462238,11.324746641711895,0.0,0.3122952523570047,0.0,15.129380133157142
93.53338098526001,12.139248084462238,11.324746641711895,0.0,0.3122952523570047,0.0,15.129380133157142
93.56637406349182,12.159850602703864,11.343736481924907,0.0,0.3122952523570047,0.0,15.157344810093388
93.59996271133423,12.159850602703864,11.343736481924907,0.0,0.26545096450345407,0.0,15.157344810093388
93.63332462310791,12.159850602703864,11.343736481924907,0.0,0.26545096450345407,0.0,15.157344810093388
93.66665244102478,12.159850602703864,11.343736481924907,0.0,0.26545096450345407,0.0,15.157344810093388
93.70002460479736,12.176965378075291,11.359511585034793,0.0,0.26545096450345407,0.0,15.180575577848051
93.73336029052734,12.176965378075291,11.359511585034793,0.0,0.2256333198279359,0.0,15.180575577848051
93.7664680480957,12.176965378075291,11.359511585034793,0.0,0.2256333198279359,0.0,15.180575577848051
93.79978370666504,12.191242186931508,11.372670865650475,0.0,0.2256333198279359,0.0,15.199954332945264
93.83340072631836,12.191242186931508,11.372670865650475,0.0,0.1917883218537455,0.0,15.199954332945264
93.86683106422424,12.201779298643265,11.382383176804197,0.0,0.1917883218537455,0.0,15.214257037895262
93.90013861656189,12.201779298643265,11.382383176804197,0.0,0.16302007357568368,0.0,15.214257037895262
93.9333963394165,12.201779298643265,11.382383176804197,0.0,0.16302007357568368,0.0,15.214257037895262
93.96660947799683,12.201779298643265,11.382383176804197,0.0,0.16302007357568368,0.0,15.214257037895262
93.99995446205139,12.21376721344431,11.393432728314803,0.0,0.16302007357568368,0.0,15.2305290752087
94.0333936214447,12.21376721344431,11.393432728314803,0.0,0.13856706253933113,0.0,15.2305290752087
94.0667142868042,12.21376721344431,11.393432728314803,0.0,0.13856706253933113,0.0,15.2305290752087
94.09993934631348,12.222568682838073,11.401545255893572,0.0,0.13856706253933113,0.0,15.242475969494803
94.13338494300842,12.222568682838073,11.401545255893572,0.0,0.11778200315843147,0.0,15.242475969494803
94.16643261909485,12.228591933588946,11.4070970320396,0.0,0.11778200315843147,0.0,15.250651800134742
94.19993376731873,12.228591933588946,11.4070970320396,0.0,0.10011470268466675,0.0,15.250651800134742
94.23337769508362,12.228591933588946,11.4070970320396,0.0,0.10011470268466675,0.0,15.250651800134742
94.26655197143555,12.228591933588946,11.4070970320396,0.0,0.10011470268466675,0.0,15.250651800134742
94.30007982254028,12.236335924975151,11.41423485651864,0.0,0.10011470268466675,0.0,15.261163351792272
94.33341884613037,12.236335924975151,11.41423485651864,0.0,0.08509749728196672,0.0,15.261163351792272
94.36642980575562,12.240363626086692,11.417947286214705,0.0,0.08509749728196672,0.0,15.266630490306424
94.40020942687988,12.240363626086692,11.417947286214705,0.0,0.07233287268967172,0.0,15.266630490306424
94.4333906173706,12.240363626086692,11.417947286214705,0.0,0.07233287268967172,0.0,15.266630490306424
94.46664071083069,12.240363626086692,11.417947286214705,0.0,0.07233287268967172,0.0,15.266630490306424
94.49968409538269,12.246181203769508,11.42330948851094,0.0,0.07233287268967172,0.0,15.274527192573206
94.53340911865234,12.246181203769508,11.42330948851094,0.0,0.06148294178622096,0.0,15.274527192573206
94.56668853759766,12.248944440815938,11.425856431043254,0.0,0.06148294178622096,0.0,15.27827797913513
94.60006618499756,12.248944440815938,11.425856431043254,0.0,0.05226050051828782,0.0,15.27827797913513
94.63341760635376,12.248944440815938,11.425856431043254,0.0,0.05226050051828782,0.0,15.27827797913513
94.6667046546936,12.248944440815938,11.425856431043254,0.0,0.05226050051828782,0.0,15.27827797913513
94.69979929924011,12.253309395261072,11.429879715307731,0.0,0.05226050051828782,0.0,15.284202925888037
94.73341250419617,12.253309395261072,11.429879715307731,0.0,0.04442142544054465,0.0,15.284202925888037
94.76664471626282,12.255113892110318,11.431542963772321,0.0,0.04442142544054465,0.0,15.286652334951683
94.8000545501709,12.255113892110318,11.431542963772321,0.0,0.037758211624462946,0.0,15.286652334951683
94.83329486846924,12.255113892110318,11.431542963772321,0.0,0.037758211624462946,0.0,15.286652334951683
94.86647987365723,12.257479844744733,11.43372371963683,0.0,0.037758211624462946,0.0,15.289863861722669
94.89996385574341,12.257479844744733,11.43372371963683,0.0,0.03209447988079351,0.0,15.289863861722669
94.93336129188538,12.257479844744733,11.43372371963683,0.0,0.03209447988079351,0.0,15.289863861722669
94.96664834022522,12.259488510460674,11.435575155492376,0.0,0.03209447988079351,0.0,15.292590411876846
94.99990391731262,12.259488510460674,11.435575155492376,0.0,0.027280307898674482,0.0,15.292590411876846
95.03341674804688,12.259488510460674,11.435575155492376,0.0,0.027280307898674482,0.0,15.292590411876846
95.06646537780762,12.261246387438945,11.4371954332924,0.0,0.027280307898674482,0.0,15.294976544510401
95.10013771057129,12.261246387438945,11.4371954332924,0.0,0.02318826171387331,0.0,15.294976544510401
95.13332939147949,12.261246387438945,11.4371954332924,0.0,0.02318826171387331,0.0,15.294976544510401
95.16648006439209,12.262649442921386,11.438488663523243,0.0,0.02318826171387331,0.0,15.29688104540135
95.19980716705322,12.262649442921386,11.438488663523243,0.0,0.01971002245679231,0.0,15.29688104540135
95.23335146903992,12.262649442921386,11.438488663523243,0.0,0.01971002245679231,0.0,15.29688104540135
95.26662015914917,12.262649442921386,11.438488663523243,0.0,0.01971002245679231,0.0,15.29688104540135
95.30008053779602,12.262649442921386,11.438488663523243,0.0,0.01971002245679231,0.0,15.29688104540135
95.33331799507141,12.264477117142777,11.44017327513327,0.0,0.01971002245679231,0.0,15.299361923125957
95.36668133735657,12.26503227522118,11.440684977784287,0.0,0.01675351908827346,0.0,15.300115492800124
95.4001715183258,12.26503227522118,11.440684977784287,0.0,0.014240491225032445,0.0,15.300115492800124
95.43336153030396,12.26503227522118,11.440684977784287,0.0,0.014240491225032445,0.0,15.300115492800124
95.46663403511047,12.26592452713283,11.441507387988382,0.0,0.014240491225032445,0.0,15.301326632786486
95.50004458427429,12.26592452713283,11.441507387988382,0.0,0.012104417541277578,0.0,15.301326632786486
95.53336143493652,12.26592452713283,11.441507387988382,0.0,0.012104417541277578,0.0,15.301326632786486
95.56658029556274,12.26592452713283,11.441507387988382,0.0,0.012104417541277578,0.0,15.301326632786486
95.60003280639648,12.26592452713283,11.441507387988382,0.0,0.012104417541277578,0.0,15.301326632786486
95.63335824012756,12.267095791602257,11.442586970826788,0.0,0.012104417541277578,0.0,15.302916504112842
95.66640019416809,12.267379820841294,11.442848767457757,0.0,0.01028875491008594,0.0,15.303302044753972
95.70003890991211,12.267379820841294,11.442848767457757,0.0,0.00874544167357305,0.0,15.303302044753972
95.73337030410767,12.267379820841294,11.442848767457757,0.0,0.00874544167357305,0.0,15.303302044753972
95.76660895347595,12.267930469988595,11.443356314117738,0.0,0.00874544167357305,0.0,15.304049494756175
95.8000373840332,12.267930469988595,11.443356314117738,0.0,0.00743362542253709,0.0,15.304049494756175
95.8333375453949,12.267930469988595,11.443356314117738,0.0,0.00743362542253709,0.0,15.304049494756175
95.86661410331726,12.268389082939168,11.443779028785375,0.0,0.00743362542253709,0.0,15.304672015123762
95.90003156661987,12.268389082939168,11.443779028785375,0.0,0.006318581609156527,0.0,15.304672015123762
95.93337106704712,12.268389082939168,11.443779028785375,0.0,0.006318581609156527,0.0,15.304672015123762
95.96659779548645,12.268389082939168,11.443779028785375,0.0,0.006318581609156527,0.0,15.304672015123762
96.00005269050598,12.268389082939168,11.443779028785375,0.0,0.006318581609156527,0.0,15.304672015123762
96.03345966339111,12.269049788978274,11.444388017548945,0.0,0.006318581609156527,0.0,15.305568856444712
96.0668511390686,12.269164112476187,11.444493392286757,0.0,0.005370794367783048,0.0,15.305724038998358
96.09998846054077,12.269164112476187,11.444493392286757,0.0,0.00456517521261559,0.0,15.305724038998358
96.13326168060303,12.269164112476187,11.444493392286757,0.0,0.00456517521261559,0.0,15.305724038998358
96.16663432121277,12.269455829505414,11.444762274940201,0.0,0.00456517521261559,0.0,15.30612001530664
96.19974446296692,12.269455829505414,11.444762274940201,0.0,0.003880398930723252,0.0,15.30612001530664
96.23343014717102,12.269455829505414,11.444762274940201,0.0,0.003880398930723252,0.0,15.30612001530664
96.26674962043762,12.269711548148702,11.444997977009171,0.0,0.003880398930723252,0.0,15.30646712748584
96.29990148544312,12.269711548148702,11.444997977009171,0.0,0.0032983390911147637,0.0,15.30646712748584
96.33306360244751,12.269711548148702,11.444997977009171,0.0,0.0032983390911147637,0.0,15.30646712748584
96.36667609214783,12.269899719041724,11.4451714186802,0.0,0.0032983390911147637,0.0,15.306722550449194
96.40005350112915,12.269899719041724,11.4451714186802,0.0,0.0028035882274475496,0.0,15.306722550449194
96.43325281143188,12.269899719041724,11.4451714186802,0.0,0.0028035882274475496,0.0,15.306722550449194
96.46659970283508,12.270074932916664,11.445332917553745,0.0,0.0028035882274475496,0.0,15.306960385585098
96.4998722076416,12.270074932916664,11.445332917553745,0.0,0.002383049993330417,0.0,15.306960385585098
96.53325390815735,12.270074932916664,11.445332917553745,0.0,0.002383049993330417,0.0,15.306960385585098
96.56662392616272,12.270227929767739,11.445473938458129,0.0,0.002383049993330417,0.0,15.307168063366921
96.6000235080719,12.270227929767739,11.445473938458129,0.0,0.002025592494330854,0.0,15.307168063366921
96.6332859992981,12.270227929767739,11.445473938458129,0.0,0.002025592494330854,0.0,15.307168063366921
96.66672396659851,12.270351896086833,11.445588201217845,0.0,0.002025592494330854,0.0,15.307336335139823
96.70005750656128,12.270351896086833,11.445588201217845,0.0,0.0017217536201812262,0.0,15.307336335139823
96.73340177536011,12.270351896086833,11.445588201217845,0.0,0.0017217536201812262,0.0,15.307336335139823
96.76641845703125,12.270465544653904,11.445692953855547,0.0,0.0017217536201812262,0.0,15.307490601611384
96.80004119873047,12.270465544653904,11.445692953855547,0.0,0.001463490577154042,0.0,15.307490601611384
96.83342552185059,12.270465544653904,11.445692953855547,0.0,0.001463490577154042,0.0,15.307490601611384
96.86667561531067,12.270553431062675,11.445773960887788,0.0,0.001463490577154042,0.0,15.30760989855451
96.90001893043518,12.270553431062675,11.445773960887788,0.0,0.001243966990580936,0.0,15.30760989855451
96.93339729309082,12.270553431062675,11.445773960887788,0.0,0.001243966990580936,0.0,15.30760989855451
96.966548204422,12.270635810382206,11.445849891902453,0.0,0.001243966990580936,0.0,15.3077217201822
97.00019001960754,12.270635810382206,11.445849891902453,0.0,0.0010573719419937953,0.0,15.3077217201822
97.03334355354309,12.270635810382206,11.445849891902453,0.0,0.0010573719419937953,0.0,15.3077217201822
97.06669878959656,12.270697876224954,11.445907099493422,0.0,0.0010573719419937953,0.0,15.307805968313518
97.10002946853638,12.270697876224954,11.445907099493422,0.0,0.0008987661506947263,0.0,15.307805968313518
97.13326048851013,12.270697876224954,11.445907099493422,0.0,0.0008987661506947263,0.0,15.307805968313518
97.1664559841156,12.270753467379647,11.445958339207543,0.0,0.0008987661506947263,0.0,15.30788142770933
97.20003461837769,12.270753467379647,11.445958339207543,0.0,0.0007639512280905172,0.0,15.30788142770933
97.23329639434814,12.270753467379647,11.445958339207543,0.0,0.0007639512280905172,0.0,15.30788142770933
97.26644229888916,12.270800653222185,11.44600183154181,0.0,0.0007639512280905172,0.0,15.307945477741216
97.30014705657959,12.270800653222185,11.44600183154181,0.0,0.0006493585438769395,0.0,15.307945477741216
97.33341073989868,12.270800653222185,11.44600183154181,0.0,0.0006493585438769395,0.0,15.307945477741216
97.36647725105286,12.270841085806854,11.446039099234683,0.0,0.0006493585438769395,0.0,15.308000360906089
97.40005254745483,12.270841085806854,11.446039099234683,0.0,0.0005519547622953987,0.0,15.308000360906089
97.433260679245,12.270841085806854,11.446039099234683,0.0,0.0005519547622953987,0.0,15.308000360906089
97.46674394607544,12.270875619072026,11.44607092938185,0.0,0.0005519547622953987,0.0,15.308047236339002
97.50006198883057,12.270875619072026,11.44607092938185,0.0,0.0004691615479510888,0.0,15.308047236339002
97.53335928916931,12.270875619072026,11.44607092938185,0.0,0.0004691615479510888,0.0,15.308047236339002
97.56650948524475,12.270906036375605,11.446098965747499,0.0,0.0004691615479510888,0.0,15.308088524768634
97.60013771057129,12.270906036375605,11.446098965747499,0.0,0.0003987873157584256,0.0,15.308088524768634
97.63338351249695,12.270906036375605,11.446098965747499,0.0,0.0003987873157584256,0.0,15.308088524768634
97.66642117500305,12.27093079232885,11.446121783909383,0.0,0.0003987873157584256,0.0,15.308122128485033
97.69976925849915,12.27093079232885,11.446121783909383,0.0,0.0003389692183946617,0.0,15.308122128485033
97.73335146903992,12.27093079232885,11.446121783909383,0.0,0.0003389692183946617,0.0,15.308122128485033
97.76646685600281,12.27095245322686,11.446141749283871,0.0,0.0003389692183946617,0.0,15.308151530975504
97.80004525184631,12.27095245322686,11.446141749283871,0.0,0.00028812383563546246,0.0,15.308151530975504
97.83332753181458,12.27095245322686,11.446141749283871,0.0,0.00028812383563546246,0.0,15.308151530975504
97.86672973632812,12.27095245322686,11.446141749283871,0.0,0.00028812383563546246,0.0,15.308151530975504
97.89993500709534,12.270971317477418,11.446159136920645,0.0,0.00028812383563546246,0.0,15.308177137298513
97.93336391448975,12.270971317477418,11.446159136920645,0.0,0.0002449052602901431,0.0,15.308177137298513
97.96646070480347,12.270971317477418,11.446159136920645,0.0,0.0002449052602901431,0.0,15.308177137298513
98.00008988380432,12.270986829765858,11.446173434972726,0.0,0.0002449052602901431,0.0,15.308198193670165
98.03333401679993,12.270986829765858,11.446173434972726,0.0,0.0002081694712466216,0.0,15.308198193670165
98.06666660308838,12.270986829765858,11.446173434972726,0.0,0.0002081694712466216,0.0,15.308198193670165
98.10003542900085,12.271000399970477,11.446185942959097,0.0,0.0002081694712466216,0.0,15.308216613858418
98.13341522216797,12.271000399970477,11.446185942959097,0.0,0.00017694405055962838,0.0,15.308216613858418
98.16663670539856,12.271000399970477,11.446185942959097,0.0,0.00017694405055962838,0.0,15.308216613858418
98.20005631446838,12.27101138739652,11.44619607033588,0.0,0.00017694405055962838,0.0,15.308231528184518
98.23326349258423,12.27101138739652,11.44619607033588,0.0,0.0001504024429756841,0.0,15.308231528184518
98.2666289806366,12.271019373703307,11.446203431508335,0.0,0.0001504024429756841,0.0,15.308242368793017
98.30000686645508,12.271019373703307,11.446203431508335,0.0,0.00012784207652933148,0.0,15.308242368793017
98.33339500427246,12.271019373703307,11.446203431508335,0.0,0.00012784207652933148,0.0,15.308242368793017
98.36670660972595,12.271019373703307,11.446203431508335,0.0,0.00012784207652933148,0.0,15.308242368793017
98.40004587173462,12.271029308779438,11.44621258890871,0.0,0.00012784207652933148,0.0,15.30825585466001
98.43339800834656,12.271029308779438,11.44621258890871,0.0,0.00010866576504993176,0.0,15.30825585466001
98.46642255783081,12.271029308779438,11.44621258890871,0.0,0.00010866576504993176,0.0,15.30825585466001
98.50003695487976,12.271036018155572,11.446218773103244,0.0,0.00010866576504993176,0.0,15.308264961963587
98.53338503837585,12.271036018155572,11.446218773103244,0.0,9.2365900292442e-05,0.0,15.308264961963587
98.56659936904907,12.271040684412055,11.446223074104896,0.0,9.2365900292442e-05,0.0,15.308271295937656
98.60008907318115,12.271040684412055,11.446223074104896,0.0,7.85110152485757e-05,0.0,15.308271295937656
98.6333966255188,12.271040684412055,11.446223074104896,0.0,7.85110152485757e-05,0.0,15.308271295937656
98.66672134399414,12.271040684412055,11.446223074104896,0.0,7.85110152485757e-05,0.0,15.308271295937656
98.69976568222046,12.271046790403236,11.446228702144902,0.0,7.85110152485757e-05,0.0,15.30827958420685
98.73331499099731,12.271046790403236,11.446228702144902,0.0,6.673436296128935e-05,0.0,15.30827958420685
98.76641774177551,12.271049798841611,11.44623147509544,0.0,6.673436296128935e-05,0.0,15.308283667859515
98.80004692077637,12.271049798841611,11.44623147509544,0.0,5.6724208517095945e-05,0.0,15.308283667859515
98.8333945274353,12.271049798841611,11.44623147509544,0.0,5.6724208517095945e-05,0.0,15.308283667859515
98.86641716957092,12.271049798841611,11.44623147509544,0.0,5.6724208517095945e-05,0.0,15.308283667859515
98.90003395080566,12.271054621944861,11.446235920666558,0.0,5.6724208517095945e-05,0.0,15.308290214737331
98.93335461616516,12.271054621944861,11.446235920666558,0.0,4.821557723953154e-05,0.0,15.308290214737331
98.96669387817383,12.271056581595632,11.446237726924151,0.0,4.821557723953154e-05,0.0,15.308292874766261
98.99991917610168,12.271056581595632,11.446237726924151,0.0,4.0983240653601814e-05,0.0,15.308292874766261
99.03331732749939,12.271056581595632,11.446237726924151,0.0,4.0983240653601814e-05,0.0,15.308292874766261
99.06642818450928,12.271056581595632,11.446237726924151,0.0,4.0983240653601814e-05,0.0,15.308292874766261
99.09993004798889,12.27106007456015,11.446240946474173,0.0,4.0983240653601814e-05,0.0,15.308297616114471
99.1333065032959,12.27106007456015,11.446240946474173,0.0,3.483575455556154e-05,0.0,15.308297616114471
99.16644930839539,12.27106144854617,11.446242212910375,0.0,3.483575455556154e-05,0.0,15.308299481162377
99.20000553131104,12.27106144854617,11.446242212910375,0.0,2.9610391372227306e-05,0.0,15.308299481162377
99.23353362083435,12.27106144854617,11.446242212910375,0.0,2.9610391372227306e-05,0.0,15.308299481162377
99.26649856567383,12.27106144854617,11.446242212910375,0.0,2.9610391372227306e-05,0.0,15.308299481162377
99.29985308647156,12.271064052270438,11.446244612826115,0.0,2.9610391372227306e-05,0.0,15.308303015456342
99.33334541320801,12.271064052270438,11.446244612826115,0.0,2.516883266639321e-05,0.0,15.308303015456342
99.36719036102295,12.271064990557475,11.446245477668011,0.0,2.516883266639321e-05,0.0,15.30830428908668
99.40004301071167,12.271064990557475,11.446245477668011,0.0,2.139350776643423e-05,0.0,15.30830428908668
99.43344211578369,12.271064990557475,11.446245477668011,0.0,2.139350776643423e-05,0.0,15.30830428908668
99.4666039943695,12.271066352329697,11.446246732846461,0.0,2.139350776643423e-05,0.0,15.308306137555588
99.50002717971802,12.271066352329697,11.446246732846461,0.0,1.8184481601469097e-05,0.0,15.308306137555588
99.53338027000427,12.271066352329697,11.446246732846461,0.0,1.8184481601469097e-05,0.0,15.308306137555588
99.56659030914307,12.271066352329697,11.446246732846461,0.0,1.8184481601469097e-05,0.0,15.308306137555588
99.60002708435059,12.271066352329697,11.446246732846461,0.0,1.8184481601469097e-05,0.0,15.308306137555588
99.63339066505432,12.271068014459344,11.446248264871626,0.0,1.8184481601469097e-05,0.0,15.308308393729508
99.66667342185974,12.271068528115737,11.446248738321168,0.0,1.5456809361248732e-05,0.0,15.30830909096643
99.69998598098755,12.271068528115737,11.446248738321168,0.0,1.313828795706142e-05,0.0,15.30830909096643
99.73339629173279,12.271068528115737,11.446248738321168,0.0,1.313828795706142e-05,0.0,15.30830909096643
99.76671576499939,12.271069349401088,11.446249495319774,0.0,1.313828795706142e-05,0.0,15.308310205778739
99.8000545501709,12.271069349401088,11.446249495319774,0.0,1.1167544763502208e-05,0.0,15.308310205778739
99.8333830833435,12.271069349401088,11.446249495319774,0.0,1.1167544763502208e-05,0.0,15.308310205778739
99.86665296554565,12.271070035283765,11.446250127514455,0.0,1.1167544763502208e-05,0.0,15.308311136795531
99.9000403881073,12.271070035283765,11.446250127514455,0.0,9.492413048976876e-06,0.0,15.308311136795531
99.93332004547119,12.271070035283765,11.446250127514455,0.0,9.492413048976876e-06,0.0,15.308311136795531
99.96660017967224,12.27107062720059,11.446250673098533,0.0,9.492413048976876e-06,0.0,15.308311940263122
100.00003981590271,12.27107062720059,11.446250673098533,0.0,8.068551091630346e-06,0.0,15.308311940263122
100.03336954116821,12.27107062720059,11.446250673098533,0.0,8.068551091630346e-06,0.0,15.308311940263122
100.06667852401733,12.27107062720059,11.446250673098533,0.0,8.068551091630346e-06,0.0,15.308311940263122
100.10003280639648,12.27107062720059,11.446250673098533,0.0,8.068551091630346e-06,0.0,15.308311940263122
100.13312435150146,12.271071433871535,11.446251416626687,0.0,8.068551091630346e-06,0.0,15.308313035237846
100.16640186309814,12.271071622356558,11.446251590357898,0.0,6.858268427885794e-06,0.0,15.308313291087318
100.19995141029358,12.271071622356558,11.446251590357898,0.0,5.829528163702925e-06,0.0,15.308313291087318
100.23335528373718,12.271071622356558,11.446251590357898,0.0,5.829528163702925e-06,0.0,15.308313291087318
100.26637721061707,12.271071980324285,11.446251920305425,0.0,5.829528163702925e-06,0.0,15.308313776992525
100.3001480102539,12.271071980324285,11.446251920305425,0.0,4.955098939147485e-06,0.0,15.308313776992525
100.33311033248901,12.271071980324285,11.446251920305425,0.0,4.955098939147485e-06,0.0,15.308313776992525
100.36646890640259,12.27107228638271,11.44625220240689,0.0,4.955098939147485e-06,0.0,15.308314192436073
100.4000494480133,12.27107228638271,11.44625220240689,0.0,4.211834098275363e-06,0.0,15.308314192436073
100.43309736251831,12.27107228638271,11.44625220240689,0.0,4.211834098275363e-06,0.0,15.308314192436073
100.46672868728638,12.271072550117108,11.446252445497276,0.0,4.211834098275363e-06,0.0,15.30831455042901
100.5000810623169,12.271072550117108,11.446252445497276,0.0,3.5800589835340583e-06,0.0,15.30831455042901
100.53345060348511,12.271072550117108,11.446252445497276,0.0,3.5800589835340583e-06,0.0,15.30831455042901
100.56646156311035,12.271072773465775,11.446252651363153,0.0,3.5800589835340583e-06,0.0,15.308314853602376
100.59982752799988,12.271072773465775,11.446252651363153,0.0,3.04305013600395e-06,0.0,15.308314853602376
100.63318109512329,12.271072773465775,11.446252651363153,0.0,3.04305013600395e-06,0.0,15.308314853602376
100.66646838188171,12.27107296609364,11.446252828912924,0.0,3.04305013600395e-06,0.0,15.308315115075342
100.69992399215698,12.27107296609364,11.446252828912924,0.0,2.586592615603357e-06,0.0,15.308315115075342
100.73341965675354,12.27107296609364,11.446252828912924,0.0,2.586592615603357e-06,0.0,15.308315115075342
100.76659345626831,12.271073125347034,11.446252975700633,0.0,2.586592615603357e-06,0.0,15.308315331245813
100.79993963241577,12.271073125347034,11.446252975700633,0.0,2.1986037232628534e-06,0.0,15.308315331245813
100.83330416679382,12.271073125347034,11.446252975700633,0.0,2.1986037232628534e-06,0.0,15.308315331245813
100.86643743515015,12.271073264132543,11.446253103622599,0.0,2.1986037232628534e-06,0.0,15.308315519633192
100.89993524551392,12.271073264132543,11.446253103622599,0.0,1.8688131647734253e-06,0.0,15.308315519633192
100.93334364891052,12.271073264132543,11.446253103622599,0.0,1.8688131647734253e-06,0.0,15.308315519633192
100.96650719642639,12.271073380059196,11.446253210475005,0.0,1.8688131647734253e-06,0.0,15.308315676991972
101.00000166893005,12.271073380059196,11.446253210475005,0.0,1.5884911900574116e-06,0.0,15.308315676991972
101.0333571434021,12.271073380059196,11.446253210475005,0.0,1.5884911900574116e-06,0.0,15.308315676991972
101.06642174720764,12.271073480576446,11.44625330312419,0.0,1.5884911900574116e-06,0.0,15.308315813434035
101.10000395774841,12.271073480576446,11.44625330312419,0.0,1.3502175115487997e-06,0.0,15.308315813434035
101.1332483291626,12.271073480576446,11.44625330312419,0.0,1.3502175115487997e-06,0.0,15.308315813434035
101.16646957397461,12.271073563231024,11.446253379308917,0.0,1.3502175115487997e-06,0.0,15.308315925629318
101.20001316070557,12.271073563231024,11.446253379308917,0.0,1.1476848848164799e-06,0.0,15.308315925629318
101.23332715034485,12.271073563231024,11.446253379308917,0.0,1.1476848848164799e-06,0.0,15.308315925629318
101.26666855812073,12.271073635307024,11.446253445743114,0.0,1.1476848848164799e-06,0.0,15.308316023465244
101.30002236366272,12.271073635307024,11.446253445743114,0.0,9.75532152094008e-07,0.0,15.308316023465244
101.33335375785828,12.271073635307024,11.446253445743114,0.0,9.75532152094008e-07,0.0,15.308316023465244
101.36642074584961,12.271073697045336,11.446253502648812,0.0,9.75532152094008e-07,0.0,15.308316107268796
101.40000939369202,12.271073697045336,11.446253502648812,0.0,8.292023292799068e-07,0.0,15.308316107268796
101.43335366249084,12.271073697045336,11.446253502648812,0.0,8.292023292799068e-07,0.0,15.308316107268796
101.46641182899475,12.271073748513363,11.446253550088139,0.0,8.292023292799068e-07,0.0,15.308316177131468
101.49985933303833,12.271073748513363,11.446253550088139,0.0,7.048219798879206e-07,0.0,15.308316177131468
101.53338503837585,12.271073748513363,11.446253550088139,0.0,7.048219798879206e-07,0.0,15.308316177131468
101.56642007827759,12.271073792459008,11.446253590593905,0.0,7.048219798879206e-07,0.0,15.308316236783266
101.60001468658447,12.271073792459008,11.446253590593905,0.0,5.990986829047325e-07,0.0,15.308316236783266
101.63345432281494,12.271073792459008,11.446253590593905,0.0,5.990986829047325e-07,0.0,15.308316236783266
101.6664366722107,12.271073829911202,11.4462536251145,0.0,5.990986829047325e-07,0.0,15.308316287620855
101.7001941204071,12.271073829911202,11.4462536251145,0.0,5.092338804690226e-07,0.0,15.308316287620855
101.73342442512512,12.271073829911202,11.4462536251145,0.0,5.092338804690226e-07,0.0,15.308316287620855
101.76648235321045,12.271073862176179,11.446253654853908,0.0,5.092338804690226e-07,0.0,15.308316331417316
101.80011487007141,12.271073862176179,11.446253654853908,0.0,4.328487983986692e-07,0.0,15.308316331417316
101.83342027664185,12.271073862176179,11.446253654853908,0.0,4.328487983986692e-07,0.0,15.308316331417316
101.86657524108887,12.27107388934547,11.446253679896502,0.0,4.328487983986692e-07,0.0,15.308316368296897
101.90014362335205,12.27107388934547,11.446253679896502,0.0,3.679214786388688e-07,0.0,15.308316368296897
101.93353271484375,12.27107388934547,11.446253679896502,0.0,3.679214786388688e-07,0.0,15.308316368296897
101.96668744087219,12.271073912104553,11.4462537008741,0.0,3.679214786388688e-07,0.0,15.308316399190065
102.00016403198242,12.271073912104553,11.4462537008741,0.0,3.127332568430385e-07,0.0,15.308316399190065
102.03336548805237,12.271073912104553,11.4462537008741,0.0,3.127332568430385e-07,0.0,15.308316399190065
102.0664176940918,12.271073932579055,11.446253719745945,0.0,3.127332568430385e-07,0.0,15.308316426982143
102.1000587940216,12.271073932579055,11.446253719745945,0.0,2.658232683165828e-07,0.0,15.308316426982143
102.13324522972107,12.271073932579055,11.446253719745945,0.0,2.658232683165828e-07,0.0,15.308316426982143
102.16638731956482,12.271073949407818,11.446253735257423,0.0,2.658232683165828e-07,0.0,15.308316449825497
102.20006918907166,12.271073949407818,11.446253735257423,0.0,2.2594977806909533e-07,0.0,15.308316449825497
102.23340392112732,12.271073949407818,11.446253735257423,0.0,2.2594977806909533e-07,0.0,15.308316449825497
102.26667356491089,12.271073949407818,11.446253735257423,0.0,2.2594977806909533e-07,0.0,15.308316449825497
102.3000099658966,12.271073963891377,11.44625374860727,0.0,2.2594977806909533e-07,0.0,15.308316469485474
102.33337211608887,12.271073963891377,11.44625374860727,0.0,1.9205731135873103e-07,0.0,15.308316469485474
102.3666877746582,12.271073974762988,11.446253758627899,0.0,1.9205731135873103e-07,0.0,15.308316484242592
102.4000449180603,12.271073974762988,11.446253758627899,0.0,1.6324871465492138e-07,0.0,15.308316484242592
102.43329977989197,12.271073974762988,11.446253758627899,0.0,1.6324871465492138e-07,0.0,15.308316484242592
102.46661114692688,12.271073974762988,11.446253758627899,0.0,1.6324871465492138e-07,0.0,15.308316484242592
102.49993300437927,12.271073986561701,11.446253769503057,0.0,1.6324871465492138e-07,0.0,15.30831650025816
102.53311800956726,12.271073986561701,11.446253769503057,0.0,1.387614074566832e-07,0.0,15.30831650025816
102.56642484664917,12.271073986561701,11.446253769503057,0.0,1.387614074566832e-07,0.0,15.30831650025816
102.60002756118774,12.27107399551295,11.446253777753642,0.0,1.387614074566832e-07,0.0,15.308316512408581
102.63331174850464,12.27107399551295,11.446253777753642,0.0,1.1794719633818071e-07,0.0,15.308316512408581
102.6664764881134,12.27107399551295,11.446253777753642,0.0,1.1794719633818071e-07,0.0,15.308316512408581
102.70002579689026,12.271074002884367,11.446253784548055,0.0,1.1794719633818071e-07,0.0,15.308316522414538
102.73334264755249,12.271074002884367,11.446253784548055,0.0,1.002551168874536e-07,0.0,15.308316522414538
102.7665343284607,12.27107400796209,11.446253789228317,0.0,1.002551168874536e-07,0.0,15.308316529307037
102.80005311965942,12.27107400796209,11.446253789228317,0.0,8.521684935433556e-08,0.0,15.308316529307037
102.83351588249207,12.27107400796209,11.446253789228317,0.0,8.521684935433556e-08,0.0,15.308316529307037
102.86669135093689,12.27107400796209,11.446253789228317,0.0,8.521684935433556e-08,0.0,15.308316529307037
102.89970421791077,12.271074014615628,11.446253795361043,0.0,8.521684935433556e-08,0.0,15.308316538338547
102.93325996398926,12.271074014615628,11.446253795361043,0.0,7.243432195118523e-08,0.0,15.308316538338547
102.96661186218262,12.271074018054163,11.446253798530424,0.0,7.243432195118523e-08,0.0,15.308316543006013
102.99992775917053,12.271074018054163,11.446253798530424,0.0,6.156917365850744e-08,0.0,15.308316543006013
103.03335618972778,12.271074018054163,11.446253798530424,0.0,6.156917365850744e-08,0.0,15.308316543006013
103.06658244132996,12.271074018054163,11.446253798530424,0.0,6.156917365850744e-08,0.0,15.308316543006013
103.09973931312561,12.271074022970458,11.446253803061893,0.0,6.156917365850744e-08,0.0,15.308316549679388
103.13327288627625,12.271074022970458,11.446253803061893,0.0,5.2333797609731316e-08,0.0,15.308316549679388
103.16642498970032,12.271074022970458,11.446253803061893,0.0,5.2333797609731316e-08,0.0,15.308316549679388
103.19994044303894,12.271074026345921,11.44625380617314,0.0,5.2333797609731316e-08,0.0,15.308316554261241
103.23335456848145,12.271074026345921,11.44625380617314,0.0,4.4483727968271624e-08,0.0,15.308316554261241
103.26643896102905,12.271074028255873,11.446253807933587,0.0,4.4483727968271624e-08,0.0,15.308316556853807
103.30015730857849,12.271074028255873,11.446253807933587,0.0,3.781116877303088e-08,0.0,15.308316556853807
103.33353471755981,12.271074028255873,11.446253807933587,0.0,3.781116877303088e-08,0.0,15.308316556853807
103.36664295196533,12.2710740306221,11.446253810114595,0.0,3.781116877303088e-08,0.0,15.30831656006572
103.3999514579773,12.2710740306221,11.446253810114595,0.0,3.2139493457076246e-08,0.0,15.30831656006572
103.43308639526367,12.2710740306221,11.446253810114595,0.0,3.2139493457076246e-08,0.0,15.30831656006572
103.46652913093567,12.271074032752573,11.446253812078304,0.0,3.2139493457076246e-08,0.0,15.308316562957625
103.49971795082092,12.271074032752573,11.446253812078304,0.0,2.731856943851481e-08,0.0,15.308316562957625
103.53337526321411,12.271074032752573,11.446253812078304,0.0,2.731856943851481e-08,0.0,15.308316562957625
103.56664633750916,12.271074034355,11.446253813555298,0.0,2.731856943851481e-08,0.0,15.308316565132758
103.59986186027527,12.271074034355,11.446253813555298,0.0,2.3220784022737584e-08,0.0,15.308316565132758
103.63324475288391,12.271074034355,11.446253813555298,0.0,2.3220784022737584e-08,0.0,15.308316565132758
103.66668820381165,12.271074035814467,11.446253814900524,0.0,2.3220784022737584e-08,0.0,15.308316567113838
103.69984292984009,12.271074035814467,11.446253814900524,0.0,1.9737666419326947e-08,0.0,15.308316567113838
103.73335862159729,12.271074035814467,11.446253814900524,0.0,1.9737666419326947e-08,0.0,15.308316567113838
103.76669883728027,12.271074035814467,11.446253814900524,0.0,1.9737666419326947e-08,0.0,15.308316567113838
103.80005288124084,12.271074035814467,11.446253814900524,0.0,1.9737666419326947e-08,0.0,15.308316567113838
103.83331799507141,12.271074037601393,11.446253816547578,0.0,1.9737666419326947e-08,0.0,15.30831656953941
103.8666136264801,12.271074038168138,11.44625381706996,0.0,1.6777016456427903e-08,0.0,15.30831657030871
103.90015840530396,12.271074038168138,11.44625381706996,0.0,1.4260463987963717e-08,0.0,15.30831657030871
103.93329501152039,12.271074038168138,11.44625381706996,0.0,1.4260463987963717e-08,0.0,15.30831657030871
103.96644735336304,12.271074039061062,11.446253817892991,0.0,1.4260463987963717e-08,0.0,15.308316571520765
104.00018334388733,12.271074039061062,11.446253817892991,0.0,1.212139438976916e-08,0.0,15.308316571520765
104.03329753875732,12.271074039061062,11.446253817892991,0.0,1.212139438976916e-08,0.0,15.308316571520765
104.06660556793213,12.271074039061062,11.446253817892991,0.0,1.212139438976916e-08,0.0,15.308316571520765
104.10002565383911,12.271074039061062,11.446253817892991,0.0,1.212139438976916e-08,0.0,15.308316571520765
104.13304853439331,12.2710740402254,11.44625381896619,0.0,1.212139438976916e-08,0.0,15.308316573101237
104.16657757759094,12.271074040524681,11.446253819242044,0.0,1.0303185231303784e-08,0.0,15.308316573507481
104.20001912117004,12.271074040524681,11.446253819242044,0.0,8.757707446608217e-09,0.0,15.308316573507481
104.23320412635803,12.271074040524681,11.446253819242044,0.0,8.757707446608217e-09,0.0,15.308316573507481
104.26670527458191,12.271074041070909,11.446253819745515,0.0,8.757707446608217e-09,0.0,15.308316574248929
104.3000214099884,12.271074041070909,11.446253819745515,0.0,7.4440513296169844e-09,0.0,15.308316574248929
104.33317542076111,12.271074041070909,11.446253819745515,0.0,7.4440513296169844e-09,0.0,15.308316574248929
104.36666631698608,12.271074041544107,11.446253820181672,0.0,7.4440513296169844e-09,0.0,15.308316574891249
104.40003061294556,12.271074041544107,11.446253820181672,0.0,6.327443630174437e-09,0.0,15.308316574891249
104.43330788612366,12.271074041544107,11.446253820181672,0.0,6.327443630174437e-09,0.0,15.308316574891249
104.46662449836731,12.27107404194666,11.446253820552716,0.0,6.327443630174437e-09,0.0,15.308316575437674
104.49992203712463,12.27107404194666,11.446253820552716,0.0,5.378327085648272e-09,0.0,15.308316575437674
104.53349828720093,12.27107404194666,11.446253820552716,0.0,5.378327085648272e-09,0.0,15.308316575437674
104.56667447090149,12.271074042271803,11.446253820852407,0.0,5.378327085648272e-09,0.0,15.30831657587902
104.60001683235168,12.271074042271803,11.446253820852407,0.0,4.5715780228010316e-09,0.0,15.30831657587902
104.63335347175598,12.271074042271803,11.446253820852407,0.0,4.5715780228010316e-09,0.0,15.30831657587902
104.66646718978882,12.271074042557427,11.446253821115674,0.0,4.5715780228010316e-09,0.0,15.308316576266728
104.69998908042908,12.271074042557427,11.446253821115674,0.0,3.8858413193808756e-09,0.0,15.308316576266728
104.7334132194519,12.271074042557427,11.446253821115674,0.0,3.8858413193808756e-09,0.0,15.308316576266728
104.76644396781921,12.27107404279919,11.446253821338512,0.0,3.8858413193808756e-09,0.0,15.308316576594898
104.80004358291626,12.27107404279919,11.446253821338512,0.0,3.3029651214737443e-09,0.0,15.308316576594898
104.83335709571838,12.27107404279919,11.446253821338512,0.0,3.3029651214737443e-09,0.0,15.308316576594898
104.86667656898499,12.271074043006962,11.44625382153002,0.0,3.3029651214737443e-09,0.0,15.308316576876924
104.90002918243408,12.271074043006962,11.44625382153002,0.0,2.807520353252683e-09,0.0,15.308316576876924
104.9332857131958,12.271074043006962,11.44625382153002,0.0,2.807520353252683e-09,0.0,15.308316576876924
104.96669435501099,12.271074043006962,11.44625382153002,0.0,2.807520353252683e-09,0.0,15.308316576876924
105.00002932548523,12.271074043006962,11.44625382153002,0.0,2.807520353252683e-09,0.0,15.308316576876924
105.03336834907532,12.271074043282935,11.44625382178439,0.0,2.807520353252683e-09,0.0,15.308316577251531
105.06661534309387,12.271074043347596,11.44625382184399,0.0,2.38639230026478e-09,0.0,15.308316577339301
105.10009431838989,12.271074043347596,11.44625382184399,0.0,2.0284334552250634e-09,0.0,15.308316577339301
105.1333634853363,12.271074043347596,11.44625382184399,0.0,2.0284334552250634e-09,0.0,15.308316577339301
105.16657090187073,12.271074043474629,11.44625382196108,0.0,2.0284334552250634e-09,0.0,15.308316577511736
105.19993257522583,12.271074043474629,11.44625382196108,0.0,1.7241684369413038e-09,0.0,15.308316577511736
105.23337078094482,12.271074043474629,11.44625382196108,0.0,1.7241684369413038e-09,0.0,15.308316577511736
105.26659655570984,12.271074043581466,11.446253822059553,0.0,1.7241684369413038e-09,0.0,15.308316577656758
105.30004668235779,12.271074043581466,11.446253822059553,0.0,1.4655431714001086e-09,0.0,15.308316577656758
105.33332514762878,12.271074043581466,11.446253822059553,0.0,1.4655431714001086e-09,0.0,15.308316577656758
105.36671662330627,12.271074043672643,11.446253822143593,0.0,1.4655431714001086e-09,0.0,15.30831657778052
105.40001726150513,12.271074043672643,11.446253822143593,0.0,1.245711695690092e-09,0.0,15.30831657778052
105.43336749076843,12.271074043672643,11.446253822143593,0.0,1.245711695690092e-09,0.0,15.30831657778052
105.46670198440552,12.271074043750648,11.44625382221549,0.0,1.245711695690092e-09,0.0,15.308316577886403
105.49991202354431,12.271074043750648,11.44625382221549,0.0,1.058854941336578e-09,0.0,15.308316577886403
105.53327107429504,12.271074043750648,11.44625382221549,0.0,1.058854941336578e-09,0.0,15.308316577886403
105.5666573047638,12.271074043816766,11.446253822276432,0.0,1.058854941336578e-09,0.0,15.308316577976152
105.59999966621399,12.271074043816766,11.446253822276432,0.0,9.000267001360913e-10,0.0,15.308316577976152
105.6331307888031,12.271074043816766,11.446253822276432,0.0,9.000267001360913e-10,0.0,15.308316577976152
105.66661047935486,12.271074043873103,11.446253822328359,0.0,9.000267001360913e-10,0.0,15.308316578052622
105.70001864433289,12.271074043873103,11.446253822328359,0.0,7.650226951156776e-10,0.0,15.308316578052622
105.73330187797546,12.271074043873103,11.446253822328359,0.0,7.650226951156776e-10,0.0,15.308316578052622
105.76635408401489,12.271074043921052,11.446253822372555,0.0,7.650226951156776e-10,0.0,15.308316578117708
105.80034732818604,12.271074043921052,11.446253822372555,0.0,6.50269290848326e-10,0.0,15.308316578117708
105.833740234375,12.271074043921052,11.446253822372555,0.0,6.50269290848326e-10,0.0,15.308316578117708
105.86644315719604,12.271074043961775,11.446253822410089,0.0,6.50269290848326e-10,0.0,15.308316578172985
105.9001715183258,12.271074043961775,11.446253822410089,0.0,5.527288972210771e-10,0.0,15.308316578172985
105.93332719802856,12.271074043961775,11.446253822410089,0.0,5.527288972210771e-10,0.0,15.308316578172985
105.96669125556946,12.271074043996837,11.446253822442406,0.0,5.527288972210771e-10,0.0,15.308316578220577
106.00012969970703,12.271074043996837,11.446253822442406,0.0,4.698195626379155e-10,0.0,15.308316578220577
106.03343534469604,12.271074043996837,11.446253822442406,0.0,4.698195626379155e-10,0.0,15.308316578220577
106.06644916534424,12.2710740440258,11.446253822469103,0.0,4.698195626379155e-10,0.0,15.308316578259893
106.10002589225769,12.2710740440258,11.446253822469103,0.0,3.9934662824222817e-10,0.0,15.308316578259893
106.13336372375488,12.2710740440258,11.446253822469103,0.0,3.9934662824222817e-10,0.0,15.308316578259893
106.16641974449158,12.27107404405088,11.44625382249222,0.0,3.9934662824222817e-10,0.0,15.308316578293937
106.19995832443237,12.27107404405088,11.44625382249222,0.0,3.3944463400589396e-10,0.0,15.308316578293937
106.23337006568909,12.27107404405088,11.44625382249222,0.0,3.3944463400589396e-10,0.0,15.308316578293937
106.26662087440491,12.271074044072405,11.446253822512059,0.0,3.3944463400589396e-10,0.0,15.308316578323153
106.30006742477417,12.271074044072405,11.446253822512059,0.0,2.8852793890500985e-10,0.0,15.308316578323153
106.33346509933472,12.271074044072405,11.446253822512059,0.0,2.8852793890500985e-10,0.0,15.308316578323153
106.36663246154785,12.271074044089941,11.446253822528224,0.0,2.8852793890500985e-10,0.0,15.308316578346957
106.40017461776733,12.271074044089941,11.446253822528224,0.0,2.4524874806925837e-10,0.0,15.308316578346957
106.43338513374329,12.271074044089941,11.446253822528224,0.0,2.4524874806925837e-10,0.0,15.308316578346957
106.46649956703186,12.271074044105205,11.446253822542294,0.0,2.4524874806925837e-10,0.0,15.308316578367679
106.50003218650818,12.271074044105205,11.446253822542294,0.0,2.0846143585886962e-10,0.0,15.308316578367679
106.53342747688293,12.271074044105205,11.446253822542294,0.0,2.0846143585886962e-10,0.0,15.308316578367679
106.56662178039551,12.271074044105205,11.446253822542294,0.0,2.0846143585886962e-10,0.0,15.308316578367679
106.60004615783691,12.27107404411988,11.44625382255582,0.0,2.0846143585886962e-10,0.0,15.308316578387597
106.63341951370239,12.27107404411988,11.44625382255582,0.0,1.7719222048003912e-10,0.0,15.308316578387597
106.66660833358765,12.271074044129715,11.446253822564884,0.0,1.7719222048003912e-10,0.0,15.308316578400948
106.69995093345642,12.271074044129715,11.446253822564884,0.0,1.5061338740803326e-10,0.0,15.308316578400948
106.73342084884644,12.271074044129715,11.446253822564884,0.0,1.5061338740803326e-10,0.0,15.308316578400948
106.76647233963013,12.271074044129715,11.446253822564884,0.0,1.5061338740803326e-10,0.0,15.308316578400948
106.79982233047485,12.27107404414114,11.446253822575414,0.0,1.5061338740803326e-10,0.0,15.308316578416454
106.83330774307251,12.27107404414114,11.446253822575414,0.0,1.2802137929682827e-10,0.0,15.308316578416454
106.86664938926697,12.2710740441474,11.446253822581186,0.0,1.2802137929682827e-10,0.0,15.308316578424954
106.89995646476746,12.2710740441474,11.446253822581186,0.0,1.0881817240230402e-10,0.0,15.308316578424954
106.93343567848206,12.2710740441474,11.446253822581186,0.0,1.0881817240230402e-10,0.0,15.308316578424954
106.9666600227356,12.271074044154142,11.4462538225874,0.0,1.0881817240230402e-10,0.0,15.308316578434106
107.00013828277588,12.271074044154142,11.4462538225874,0.0,9.249544654195842e-11,0.0,15.308316578434106
107.03348994255066,12.271074044154142,11.4462538225874,0.0,9.249544654195842e-11,0.0,15.308316578434106
107.06681680679321,12.271074044154142,11.4462538225874,0.0,9.249544654195842e-11,0.0,15.308316578434106
107.09978532791138,12.2710740441612,11.446253822593905,0.0,9.249544654195842e-11,0.0,15.308316578443685
107.13356924057007,12.2710740441612,11.446253822593905,0.0,7.862112956066466e-11,0.0,15.308316578443685
107.16642498970032,12.27107404416511,11.446253822597509,0.0,7.862112956066466e-11,0.0,15.308316578448991
107.20022439956665,12.27107404416511,11.446253822597509,0.0,6.682796012656496e-11,0.0,15.308316578448991
107.23338890075684,12.27107404416511,11.446253822597509,0.0,6.682796012656496e-11,0.0,15.308316578448991
107.26669216156006,12.27107404416511,11.446253822597509,0.0,6.682796012656496e-11,0.0,15.308316578448991
107.29974508285522,12.271074044170389,11.446253822602376,0.0,6.682796012656496e-11,0.0,15.308316578456159
107.33335089683533,12.271074044170389,11.446253822602376,0.0,5.68037661075802e-11,0.0,15.308316578456159
107.36671447753906,12.271074044172984,11.446253822604769,0.0,5.68037661075802e-11,0.0,15.308316578459682
107.40005779266357,12.271074044172984,11.446253822604769,0.0,4.828320119144318e-11,0.0,15.308316578459682
107.43334650993347,12.271074044172984,11.446253822604769,0.0,4.828320119144318e-11,0.0,15.308316578459682
107.46644687652588,12.271074044172984,11.446253822604769,0.0,4.828320119144318e-11,0.0,15.308316578459682
107.50004410743713,12.271074044176942,11.446253822608416,0.0,4.828320119144318e-11,0.0,15.308316578465053
107.5333034992218,12.271074044176942,11.446253822608416,0.0,4.10407210127267e-11,0.0,15.308316578465053
107.5666389465332,12.271074044178704,11.44625382261004,0.0,4.10407210127267e-11,0.0,15.308316578467444
107.5999960899353,12.271074044178704,11.44625382261004,0.0,3.48846128608177e-11,0.0,15.308316578467444
107.63337874412537,12.271074044178704,11.44625382261004,0.0,3.48846128608177e-11,0.0,15.308316578467444
107.6666886806488,12.271074044178704,11.44625382261004,0.0,3.48846128608177e-11,0.0,15.308316578467444
107.69994115829468,12.271074044181683,11.446253822612785,0.0,3.48846128608177e-11,0.0,15.308316578471489
107.73348474502563,12.271074044181683,11.446253822612785,0.0,2.9651920931695044e-11,0.0,15.308316578471489
107.76665115356445,12.271074044182845,11.446253822613857,0.0,2.9651920931695044e-11,0.0,15.308316578473066
107.80010986328125,12.271074044182845,11.446253822613857,0.0,2.5204132791940785e-11,0.0,15.308316578473066
107.83349537849426,12.271074044182845,11.446253822613857,0.0,2.5204132791940785e-11,0.0,15.308316578473066
107.86662745475769,12.271074044184429,11.446253822615317,0.0,2.5204132791940785e-11,0.0,15.308316578475216
107.8999092578888,12.271074044184429,11.446253822615317,0.0,2.142351287314967e-11,0.0,15.308316578475216
107.93343591690063,12.271074044184429,11.446253822615317,0.0,2.142351287314967e-11,0.0,15.308316578475216
107.96671962738037,12.271074044185761,11.446253822616546,0.0,2.142351287314967e-11,0.0,15.308316578477026
108.00006914138794,12.271074044185761,11.446253822616546,0.0,1.8209985942177215e-11,0.0,15.308316578477026
108.03338074684143,12.271074044185761,11.446253822616546,0.0,1.8209985942177215e-11,0.0,15.308316578477026
108.06662631034851,12.271074044186904,11.446253822617598,0.0,1.8209985942177215e-11,0.0,15.308316578478575
108.10002040863037,12.271074044186904,11.446253822617598,0.0,1.5478488050850635e-11,0.0,15.308316578478575
108.13336372375488,12.271074044186904,11.446253822617598,0.0,1.5478488050850635e-11,0.0,15.308316578478575
108.16640090942383,12.271074044187873,11.446253822618493,0.0,1.5478488050850635e-11,0.0,15.308316578479893
108.19992089271545,12.271074044187873,11.446253822618493,0.0,1.3156714843223038e-11,0.0,15.308316578479893
108.23339915275574,12.271074044187873,11.446253822618493,0.0,1.3156714843223038e-11,0.0,15.308316578479893
108.26688289642334,12.27107404418869,11.446253822619246,0.0,1.3156714843223038e-11,0.0,15.308316578481001
108.30002212524414,12.27107404418869,11.446253822619246,0.0,1.1183207616739585e-11,0.0,15.308316578481001
108.33329725265503,12.27107404418869,11.446253822619246,0.0,1.1183207616739585e-11,0.0,15.308316578481001
108.36665940284729,12.271074044189387,11.446253822619887,0.0,1.1183207616739585e-11,0.0,15.308316578481946
108.40007138252258,12.271074044189387,11.446253822619887,0.0,9.505726474228645e-12,0.0,15.308316578481946
108.43337202072144,12.271074044189387,11.446253822619887,0.0,9.505726474228645e-12,0.0,15.308316578481946
108.46677303314209,12.271074044189993,11.446253822620445,0.0,9.505726474228645e-12,0.0,15.308316578482769
108.50003218650818,12.271074044189993,11.446253822620445,0.0,8.079867503094349e-12,0.0,15.308316578482769
108.53334093093872,12.271074044189993,11.446253822620445,0.0,8.079867503094349e-12,0.0,15.308316578482769
108.56643629074097,12.271074044190492,11.446253822620905,0.0,8.079867503094349e-12,0.0,15.308316578483446
108.59993028640747,12.271074044190492,11.446253822620905,0.0,6.867887377630197e-12,0.0,15.308316578483446
108.6333487033844,12.271074044190492,11.446253822620905,0.0,6.867887377630197e-12,0.0,15.308316578483446
108.66642355918884,12.271074044190922,11.446253822621301,0.0,6.867887377630197e-12,0.0,15.30831657848403
108.69993758201599,12.271074044190922,11.446253822621301,0.0,5.837704270985666e-12,0.0,15.30831657848403
108.73332977294922,12.271074044190922,11.446253822621301,0.0,5.837704270985666e-12,0.0,15.30831657848403
108.76667070388794,12.271074044191286,11.446253822621637,0.0,5.837704270985666e-12,0.0,15.308316578484524
108.80001974105835,12.271074044191286,11.446253822621637,0.0,4.9620486303378165e-12,0.0,15.308316578484524
108.8331196308136,12.271074044191286,11.446253822621637,0.0,4.9620486303378165e-12,0.0,15.308316578484524
108.86669731140137,12.271074044191595,11.446253822621921,0.0,4.9620486303378165e-12,0.0,15.308316578484943
108.90005850791931,12.271074044191595,11.446253822621921,0.0,4.217741335787144e-12,0.0,15.308316578484943
108.93335461616516,12.271074044191595,11.446253822621921,0.0,4.217741335787144e-12,0.0,15.308316578484943
108.96644568443298,12.271074044191595,11.446253822621921,0.0,4.217741335787144e-12,0.0,15.308316578484943
108.9997808933258,12.271074044191595,11.446253822621921,0.0,4.217741335787144e-12,0.0,15.308316578484943
109.03329539299011,12.271074044192039,11.446253822622332,0.0,4.217741335787144e-12,0.0,15.308316578485547
109.0664074420929,12.271074044192112,11.446253822622399,0.0,3.585080135419072e-12,0.0,15.308316578485645
109.1000165939331,12.271074044192112,11.446253822622399,0.0,3.0473181151062116e-12,0.0,15.308316578485645
109.13317847251892,12.271074044192112,11.446253822622399,0.0,3.0473181151062116e-12,0.0,15.308316578485645
109.1666042804718,12.2710740441923,11.446253822622573,0.0,3.0473181151062116e-12,0.0,15.308316578485902
109.20002436637878,12.2710740441923,11.446253822622573,0.0,2.5902203978402804e-12,0.0,15.308316578485902
109.23318839073181,12.2710740441923,11.446253822622573,0.0,2.5902203978402804e-12,0.0,15.308316578485902
109.26646566390991,12.271074044192464,11.446253822622722,0.0,2.5902203978402804e-12,0.0,15.308316578486123
109.29994797706604,12.271074044192464,11.446253822622722,0.0,2.201687338164238e-12,0.0,15.308316578486123
109.33332228660583,12.271074044192464,11.446253822622722,0.0,2.201687338164238e-12,0.0,15.308316578486123
109.36658716201782,12.2710740441926,11.446253822622849,0.0,2.201687338164238e-12,0.0,15.30831657848631
109.39977931976318,12.2710740441926,11.446253822622849,0.0,1.8714342374396023e-12,0.0,15.30831657848631
109.43311476707458,12.2710740441926,11.446253822622849,0.0,1.8714342374396023e-12,0.0,15.30831657848631
109.46663045883179,12.271074044192718,11.446253822622957,0.0,1.8714342374396023e-12,0.0,15.308316578486467
109.50001859664917,12.271074044192718,11.446253822622957,0.0,1.5907191018236622e-12,0.0,15.308316578486467
109.53335118293762,12.271074044192718,11.446253822622957,0.0,1.5907191018236622e-12,0.0,15.308316578486467
109.56659889221191,12.271074044192819,11.446253822623051,0.0,1.5907191018236622e-12,0.0,15.308316578486606
109.59996342658997,12.271074044192819,11.446253822623051,0.0,1.3521112365501126e-12,0.0,15.308316578486606
109.6333634853363,12.271074044192819,11.446253822623051,0.0,1.3521112365501126e-12,0.0,15.308316578486606
109.66660046577454,12.271074044192902,11.446253822623127,0.0,1.3521112365501126e-12,0.0,15.30831657848672
109.70002698898315,12.271074044192902,11.446253822623127,0.0,1.1492945510675958e-12,0.0,15.30831657848672
109.73335433006287,12.271074044192902,11.446253822623127,0.0,1.1492945510675958e-12,0.0,15.30831657848672
109.76645517349243,12.271074044192973,11.446253822623193,0.0,1.1492945510675958e-12,0.0,15.308316578486815
109.79979252815247,12.271074044192973,11.446253822623193,0.0,9.769003684074564e-13,0.0,15.308316578486815
109.83337926864624,12.271074044192973,11.446253822623193,0.0,9.769003684074564e-13,0.0,15.308316578486815
109.86655259132385,12.271074044193035,11.44625382262325,0.0,9.769003684074564e-13,0.0,15.308316578486899
109.90003752708435,12.271074044193035,11.44625382262325,0.0,8.303653131463379e-13,0.0,15.308316578486899
109.93334770202637,12.271074044193035,11.44625382262325,0.0,8.303653131463379e-13,0.0,15.308316578486899
109.96667647361755,12.271074044193087,11.446253822623298,0.0,8.303653131463379e-13,0.0,15.30831657848697
110.00004458427429,12.271074044193087,11.446253822623298,0.0,7.058105161743872e-13,0.0,15.30831657848697
110.03339505195618,12.271074044193087,11.446253822623298,0.0,7.058105161743872e-13,0.0,15.30831657848697
110.06638407707214,12.271074044193131,11.446253822623339,0.0,7.058105161743872e-13,0.0,15.30831657848703
110.10003185272217,12.271074044193131,11.446253822623339,0.0,5.99938938748229e-13,0.0,15.30831657848703
110.13331437110901,12.271074044193131,11.446253822623339,0.0,5.99938938748229e-13,0.0,15.30831657848703
110.16633319854736,12.271074044193169,11.446253822623373,0.0,5.99938938748229e-13,0.0,15.30831657848708
110.20003747940063,12.271074044193169,11.446253822623373,0.0,5.099480979359946e-13,0.0,15.30831657848708
110.23360085487366,12.271074044193169,11.446253822623373,0.0,5.099480979359946e-13,0.0,15.30831657848708
110.26669263839722,12.2710740441932,11.446253822623403,0.0,5.099480979359946e-13,0.0,15.308316578487124
110.30000233650208,12.2710740441932,11.446253822623403,0.0,4.3345588324559544e-13,0.0,15.308316578487124
110.33339238166809,12.2710740441932,11.446253822623403,0.0,4.3345588324559544e-13,0.0,15.308316578487124
110.36660432815552,12.271074044193227,11.446253822623428,0.0,4.3345588324559544e-13,0.0,15.30831657848716
110.39995908737183,12.271074044193227,11.446253822623428,0.0,3.684375007587561e-13,0.0,15.30831657848716
110.43336915969849,12.271074044193227,11.446253822623428,0.0,3.684375007587561e-13,0.0,15.30831657848716
110.46659731864929,12.27107404419325,11.446253822623449,0.0,3.684375007587561e-13,0.0,15.308316578487192
110.49996948242188,12.27107404419325,11.446253822623449,0.0,3.131718756449427e-13,0.0,15.308316578487192
110.53337049484253,12.27107404419325,11.446253822623449,0.0,3.131718756449427e-13,0.0,15.308316578487192
110.56661772727966,12.27107404419327,11.446253822623467,0.0,3.131718756449427e-13,0.0,15.308316578487219
110.59993267059326,12.27107404419327,11.446253822623467,0.0,2.6619609429820126e-13,0.0,15.308316578487219
110.63330316543579,12.27107404419327,11.446253822623467,0.0,2.6619609429820126e-13,0.0,15.308316578487219
110.66640591621399,12.271074044193288,11.446253822623483,0.0,2.6619609429820126e-13,0.0,15.308316578487242
110.69991874694824,12.271074044193288,11.446253822623483,0.0,2.2626668015347106e-13,0.0,15.308316578487242
110.73334407806396,12.271074044193288,11.446253822623483,0.0,2.2626668015347106e-13,0.0,15.308316578487242
110.76664447784424,12.271074044193288,11.446253822623483,0.0,2.2626668015347106e-13,0.0,15.308316578487242
110.79971933364868,12.271074044193302,11.446253822623495,0.0,2.2626668015347106e-13,0.0,15.308316578487261
110.83326196670532,12.271074044193302,11.446253822623495,0.0,1.9232667813045044e-13,0.0,15.308316578487261
110.8664448261261,12.271074044193313,11.446253822623506,0.0,1.9232667813045044e-13,0.0,15.308316578487275
110.89985799789429,12.271074044193313,11.446253822623506,0.0,1.6347767641088283e-13,0.0,15.308316578487275
110.93322563171387,12.271074044193313,11.446253822623506,0.0,1.6347767641088283e-13,0.0,15.308316578487275
110.96648740768433,12.271074044193323,11.446253822623515,0.0,1.6347767641088283e-13,0.0,15.30831657848729
110.99987316131592,12.271074044193323,11.446253822623515,0.0,1.3895602494925042e-13,0.0,15.30831657848729
111.03323578834534,12.271074044193323,11.446253822623515,0.0,1.3895602494925042e-13,0.0,15.30831657848729
111.06654739379883,12.271074044193323,11.446253822623515,0.0,1.3895602494925042e-13,0.0,15.30831657848729
111.09984827041626,12.271074044193334,11.446253822623524,0.0,1.3895602494925042e-13,0.0,15.308316578487304
111.133216381073,12.271074044193334,11.446253822623524,0.0,1.1811262120686285e-13,0.0,15.308316578487304
111.16654348373413,12.271074044193334,11.446253822623524,0.0,1.1811262120686285e-13,0.0,15.308316578487304
111.19996428489685,12.271074044193341,11.44625382262353,0.0,1.1811262120686285e-13,0.0,15.308316578487315
111.2333779335022,12.271074044193341,11.44625382262353,0.0,1.0039572802583341e-13,0.0,15.308316578487315
111.26656532287598,12.271074044193346,11.446253822623536,0.0,1.0039572802583341e-13,0.0,15.308316578487322
111.29998850822449,12.271074044193346,11.446253822623536,0.0,8.53363688219584e-14,0.0,15.308316578487322
111.33330512046814,12.271074044193346,11.446253822623536,0.0,8.53363688219584e-14,0.0,15.308316578487322
111.36662721633911,12.271074044193346,11.446253822623536,0.0,8.53363688219584e-14,0.0,15.308316578487322
111.40000629425049,12.271074044193353,11.446253822623541,0.0,8.53363688219584e-14,0.0,15.30831657848733
111.43327188491821,12.271074044193353,11.446253822623541,0.0,7.253591349866464e-14,0.0,15.30831657848733
111.4666075706482,12.271074044193357,11.446253822623545,0.0,7.253591349866464e-14,0.0,15.308316578487334
111.4999189376831,12.271074044193357,11.446253822623545,0.0,6.165552647386493e-14,0.0,15.308316578487334
111.5332703590393,12.271074044193357,11.446253822623545,0.0,6.165552647386493e-14,0.0,15.308316578487334
111.56647491455078,12.27107404419336,11.446253822623548,0.0,6.165552647386493e-14,0.0,15.30831657848734
111.59998822212219,12.27107404419336,11.446253822623548,0.0,5.2407197502785194e-14,0.0,15.30831657848734
111.63325953483582,12.27107404419336,11.446253822623548,0.0,5.2407197502785194e-14,0.0,15.30831657848734
111.66674733161926,12.271074044193364,11.446253822623552,0.0,5.2407197502785194e-14,0.0,15.308316578487345
111.69995474815369,12.271074044193364,11.446253822623552,0.0,4.454611787736743e-14,0.0,15.308316578487345
111.73333764076233,12.271074044193364,11.446253822623552,0.0,4.454611787736743e-14,0.0,15.308316578487345
111.76667165756226,12.271074044193364,11.446253822623552,0.0,4.454611787736743e-14,0.0,15.308316578487345
111.7999415397644,12.271074044193368,11.446253822623556,0.0,4.454611787736743e-14,0.0,15.30831657848735
111.83327579498291,12.271074044193368,11.446253822623556,0.0,3.7864200195762306e-14,0.0,15.30831657848735
111.86643362045288,12.27107404419337,11.446253822623557,0.0,3.7864200195762306e-14,0.0,15.308316578487352
111.8999605178833,12.27107404419337,11.446253822623557,0.0,3.218457016639796e-14,0.0,15.308316578487352
111.93329501152039,12.27107404419337,11.446253822623557,0.0,3.218457016639796e-14,0.0,15.308316578487352
111.96661067008972,12.271074044193371,11.446253822623559,0.0,3.218457016639796e-14,0.0,15.308316578487355
111.99996161460876,12.271074044193371,11.446253822623559,0.0,2.735688464143826e-14,0.0,15.308316578487355
112.0332977771759,12.271074044193371,11.446253822623559,0.0,2.735688464143826e-14,0.0,15.308316578487355
112.06661534309387,12.271074044193373,11.44625382262356,0.0,2.735688464143826e-14,0.0,15.308316578487357
112.09971880912781,12.271074044193373,11.44625382262356,0.0,2.3253351945222522e-14,0.0,15.308316578487357
112.13327169418335,12.271074044193373,11.44625382262356,0.0,2.3253351945222522e-14,0.0,15.308316578487357
112.16656589508057,12.271074044193375,11.446253822623563,0.0,2.3253351945222522e-14,0.0,15.30831657848736
112.19995379447937,12.271074044193375,11.446253822623563,0.0,1.9765349153439143e-14,0.0,15.30831657848736
112.23328804969788,12.271074044193375,11.446253822623563,0.0,1.9765349153439143e-14,0.0,15.30831657848736
112.2664737701416,12.271074044193377,11.446253822623564,0.0,1.9765349153439143e-14,0.0,15.308316578487362
112.30004382133484,12.271074044193377,11.446253822623564,0.0,1.680054678042327e-14,0.0,15.308316578487362
112.3332884311676,12.271074044193377,11.446253822623564,0.0,1.680054678042327e-14,0.0,15.308316578487362
112.36639404296875,12.271074044193378,11.446253822623566,0.0,1.680054678042327e-14,0.0,15.308316578487364
112.39990901947021,12.271074044193378,11.446253822623566,0.0,1.428046476335978e-14,0.0,15.308316578487364
112.4332766532898,12.271074044193378,11.446253822623566,0.0,1.428046476335978e-14,0.0,15.308316578487364
112.46655941009521,12.271074044193378,11.446253822623566,0.0,1.428046476335978e-14,0.0,15.308316578487364
112.49990129470825,12.271074044193378,11.446253822623566,0.0,1.2138395048855812e-14,0.0,15.308316578487364
112.53325200080872,12.271074044193378,11.446253822623566,0.0,1.2138395048855812e-14,0.0,15.308316578487364
112.56660175323486,12.271074044193378,11.446253822623566,0.0,1.2138395048855812e-14,0.0,15.308316578487364
112.59990978240967,12.271074044193378,11.446253822623566,0.0,1.0317635791527437e-14,0.0,15.308316578487364
112.6333281993866,12.271074044193378,11.446253822623566,0.0,1.0317635791527437e-14,0.0,15.308316578487364
112.66660523414612,12.271074044193378,11.446253822623566,0.0,1.0317635791527437e-14,0.0,15.308316578487364
112.69991731643677,12.271074044193378,11.446253822623566,0.0,8.769990422798322e-15,0.0,15.308316578487364
112.73329448699951,12.271074044193378,11.446253822623566,0.0,8.769990422798322e-15,0.0,15.308316578487364
112.76666808128357,12.271074044193378,11.446253822623566,0.0,8.769990422798322e-15,0.0,15.308316578487364
112.79999423027039,12.271074044193378,11.446253822623566,0.0,8.769990422798322e-15,0.0,15.308316578487364
112.8330090045929,12.271074044193378,11.446253822623566,0.0,8.769990422798322e-15,0.0,15.308316578487364
112.86643624305725,12.271074044193378,11.446253822623566,0.0,7.454491859378575e-15,0.0,15.308316578487364
112.90003108978271,12.271074044193378,11.446253822623566,0.0,6.336318080471787e-15,0.0,15.308316578487364
112.9333667755127,12.271074044193378,11.446253822623566,0.0,6.336318080471787e-15,0.0,15.308316578487364
112.96658635139465,12.271074044193378,11.446253822623566,0.0,6.336318080471787e-15,0.0,15.308316578487364
113.00003433227539,12.271074044193378,11.446253822623566,0.0,5.385870368401019e-15,0.0,15.308316578487364
113.03336524963379,12.271074044193378,11.446253822623566,0.0,5.385870368401019e-15,0.0,15.308316578487364
113.0664176940918,12.271074044193378,11.446253822623566,0.0,5.385870368401019e-15,0.0,15.308316578487364
113.10003161430359,12.271074044193378,11.446253822623566,0.0,5.385870368401019e-15,0.0,15.308316578487364
113.13332319259644,12.271074044193378,11.446253822623566,0.0,5.385870368401019e-15,0.0,15.308316578487364
113.16641998291016,12.271074044193378,11.446253822623566,0.0,4.577989813140866e-15,0.0,15.308316578487364
113.2000241279602,12.271074044193378,11.446253822623566,0.0,3.891291341169736e-15,0.0,15.308316578487364
113.23324680328369,12.271074044193378,11.446253822623566,0.0,3.891291341169736e-15,0.0,15.308316578487364
113.26659321784973,12.271074044193378,11.446253822623566,0.0,3.891291341169736e-15,0.0,15.308316578487364
113.30001997947693,12.271074044193378,11.446253822623566,0.0,3.307597639994276e-15,0.0,15.308316578487364
113.33334875106812,12.271074044193378,11.446253822623566,0.0,3.307597639994276e-15,0.0,15.308316578487364
113.36642932891846,12.271074044193378,11.446253822623566,0.0,3.307597639994276e-15,0.0,15.308316578487364
113.40000915527344,12.271074044193378,11.446253822623566,0.0,2.8114579939951345e-15,0.0,15.308316578487364
113.43320965766907,12.271074044193378,11.446253822623566,0.0,2.8114579939951345e-15,0.0,15.308316578487364
113.46659564971924,12.271074044193378,11.446253822623566,0.0,2.8114579939951345e-15,0.0,15.308316578487364
113.499915599823,12.271074044193378,11.446253822623566,0.0,2.389739294895864e-15,0.0,15.308316578487364
113.5331814289093,12.271074044193378,11.446253822623566,0.0,2.389739294895864e-15,0.0,15.308316578487364
113.56680059432983,12.271074044193378,11.446253822623566,0.0,2.389739294895864e-15,0.0,15.308316578487364
113.6000235080719,12.271074044193378,11.446253822623566,0.0,2.0312784006614844e-15,0.0,15.308316578487364
113.63338446617126,12.271074044193378,11.446253822623566,0.0,2.0312784006614844e-15,0.0,15.308316578487364
113.66689443588257,12.271074044193378,11.446253822623566,0.0,2.0312784006614844e-15,0.0,15.308316578487364
113.70002722740173,12.271074044193378,11.446253822623566,0.0,1.7265866405622613e-15,0.0,15.308316578487364
113.73335313796997,12.271074044193378,11.446253822623566,0.0,1.7265866405622613e-15,0.0,15.308316578487364
113.76667547225952,12.271074044193378,11.446253822623566,0.0,1.7265866405622613e-15,0.0,15.308316578487364
113.79995346069336,12.271074044193378,11.446253822623566,0.0,1.467598644477922e-15,0.0,15.308316578487364
113.83328437805176,12.271074044193378,11.446253822623566,0.0,1.467598644477922e-15,0.0,15.308316578487364
113.86640453338623,12.271074044193378,11.446253822623566,0.0,1.467598644477922e-15,0.0,15.308316578487364
113.89999675750732,12.271074044193378,11.446253822623566,0.0,1.2474588478062338e-15,0.0,15.308316578487364
113.9334282875061,12.271074044193378,11.446253822623566,0.0,1.2474588478062338e-15,0.0,15.308316578487364
113.96660470962524,12.271074044193378,11.446253822623566,0.0,1.2474588478062338e-15,0.0,15.308316578487364
114.00013875961304,12.271074044193378,11.446253822623566,0.0,1.0603400206352987e-15,0.0,15.308316578487364
114.03339314460754,12.271074044193378,11.446253822623566,0.0,1.0603400206352987e-15,0.0,15.308316578487364
114.06660890579224,12.271074044193378,11.446253822623566,0.0,1.0603400206352987e-15,0.0,15.308316578487364
114.10005497932434,12.271074044193378,11.446253822623566,0.0,9.012890175400038e-16,0.0,15.308316578487364
114.13339114189148,12.271074044193378,11.446253822623566,0.0,9.012890175400038e-16,0.0,15.308316578487364
114.16639924049377,12.271074044193378,11.446253822623566,0.0,9.012890175400038e-16,0.0,15.308316578487364
114.20005059242249,12.271074044193378,11.446253822623566,0.0,7.660956649090032e-16,0.0,15.308316578487364
114.23333311080933,12.271074044193378,11.446253822623566,0.0,7.660956649090032e-16,0.0,15.308316578487364
114.26644968986511,12.271074044193378,11.446253822623566,0.0,7.660956649090032e-16,0.0,15.308316578487364
114.30003952980042,12.271074044193378,11.446253822623566,0.0,6.511813151726526e-16,0.0,15.308316578487364
114.33347392082214,12.271074044193378,11.446253822623566,0.0,6.511813151726526e-16,0.0,15.308316578487364
114.36643481254578,12.271074044193378,11.446253822623566,0.0,6.511813151726526e-16,0.0,15.308316578487364
114.40005898475647,12.271074044193378,11.446253822623566,0.0,5.535041178967548e-16,0.0,15.308316578487364
114.43330693244934,12.271074044193378,11.446253822623566,0.0,5.535041178967548e-16,0.0,15.308316578487364
114.46639823913574,12.271074044193378,11.446253822623566,0.0,5.535041178967548e-16,0.0,15.308316578487364
114.5000422000885,12.271074044193378,11.446253822623566,0.0,4.704785002122415e-16,0.0,15.308316578487364
114.53335666656494,12.271074044193378,11.446253822623566,0.0,4.704785002122415e-16,0.0,15.308316578487364
114.56642055511475,12.271074044193378,11.446253822623566,0.0,4.704785002122415e-16,0.0,15.308316578487364
114.6000247001648,12.271074044193378,11.446253822623566,0.0,3.999067251804053e-16,0.0,15.308316578487364
114.63344597816467,12.271074044193378,11.446253822623566,0.0,3.999067251804053e-16,0.0,15.308316578487364
114.6666100025177,12.271074044193378,11.446253822623566,0.0,3.999067251804053e-16,0.0,15.308316578487364
114.70003271102905,12.271074044193378,11.446253822623566,0.0,3.3992071640334453e-16,0.0,15.308316578487364
114.73337507247925,12.271074044193378,11.446253822623566,0.0,3.3992071640334453e-16,0.0,15.308316578487364
114.76639223098755,12.271074044193378,11.446253822623566,0.0,3.3992071640334453e-16,0.0,15.308316578487364
114.7999415397644,12.271074044193378,11.446253822623566,0.0,2.8893260894284283e-16,0.0,15.308316578487364
114.83341026306152,12.271074044193378,11.446253822623566,0.0,2.8893260894284283e-16,0.0,15.308316578487364
114.86640119552612,12.271074044193378,11.446253822623566,0.0,2.8893260894284283e-16,0.0,15.308316578487364
114.89995908737183,12.271074044193378,11.446253822623566,0.0,2.4559271760141637e-16,0.0,15.308316578487364
114.93341851234436,12.271074044193378,11.446253822623566,0.0,2.4559271760141637e-16,0.0,15.308316578487364
114.96662378311157,12.271074044193378,11.446253822623566,0.0,2.4559271760141637e-16,0.0,15.308316578487364
115.00003266334534,12.271074044193378,11.446253822623566,0.0,2.087538099612039e-16,0.0,15.308316578487364
115.03337717056274,12.271074044193378,11.446253822623566,0.0,2.087538099612039e-16,0.0,15.308316578487364
115.06663274765015,12.271074044193378,11.446253822623566,0.0,2.087538099612039e-16,0.0,15.308316578487364
115.10000658035278,12.271074044193378,11.446253822623566,0.0,2.087538099612039e-16,0.0,15.308316578487364
115.13320589065552,12.271074044193378,11.446253822623566,0.0,1.774407384670233e-16,0.0,15.308316578487364
115.16640520095825,12.271074044193378,11.446253822623566,0.0,1.774407384670233e-16,0.0,15.308316578487364
115.19995403289795,12.271074044193378,11.446253822623566,0.0,1.774407384670233e-16,0.0,15.308316578487364
115.23336720466614,12.271074044193378,11.446253822623566,0.0,1.508246276969698e-16,0.0,15.308316578487364
115.26645588874817,12.271074044193378,11.446253822623566,0.0,1.508246276969698e-16,0.0,15.308316578487364
115.30023169517517,12.271074044193378,11.446253822623566,0.0,1.508246276969698e-16,0.0,15.308316578487364
115.33334159851074,12.271074044193378,11.446253822623566,0.0,1.2820093354242434e-16,0.0,15.308316578487364
115.36645650863647,12.271074044193378,11.446253822623566,0.0,1.2820093354242434e-16,0.0,15.308316578487364
115.39985752105713,12.271074044193378,11.446253822623566,0.0,1.0897079351106069e-16,0.0,15.308316578487364
115.43344640731812,12.271074044193378,11.446253822623566,0.0,1.0897079351106069e-16,0.0,15.308316578487364
115.4666097164154,12.271074044193378,11.446253822623566,0.0,1.0897079351106069e-16,0.0,15.308316578487364
115.49993228912354,12.271074044193378,11.446253822623566,0.0,9.262517448440157e-17,0.0,15.308316578487364
115.53340816497803,12.271074044193378,11.446253822623566,0.0,9.262517448440157e-17,0.0,15.308316578487364
115.56683874130249,12.271074044193378,11.446253822623566,0.0,9.262517448440157e-17,0.0,15.308316578487364
115.59992790222168,12.271074044193378,11.446253822623566,0.0,9.262517448440157e-17,0.0,15.308316578487364
115.63338923454285,12.271074044193378,11.446253822623566,0.0,7.873139831174133e-17,0.0,15.308316578487364
115.66663789749146,12.271074044193378,11.446253822623566,0.0,7.873139831174133e-17,0.0,15.308316578487364
115.70003485679626,12.271074044193378,11.446253822623566,0.0,6.692168856498012e-17,0.0,15.308316578487364
115.73315167427063,12.271074044193378,11.446253822623566,0.0,6.692168856498012e-17,0.0,15.308316578487364
115.76663017272949,12.271074044193378,11.446253822623566,0.0,6.692168856498012e-17,0.0,15.308316578487364
115.79969120025635,12.271074044193378,11.446253822623566,0.0,6.692168856498012e-17,0.0,15.308316578487364
115.83334493637085,12.271074044193378,11.446253822623566,0.0,5.688343528023311e-17,0.0,15.308316578487364
115.86659169197083,12.271074044193378,11.446253822623566,0.0,5.688343528023311e-17,0.0,15.308316578487364
115.90004110336304,12.271074044193378,11.446253822623566,0.0,4.835091998819815e-17,0.0,15.308316578487364
115.9334168434143,12.271074044193378,11.446253822623566,0.0,4.835091998819815e-17,0.0,15.308316578487364
115.96661686897278,12.271074044193378,11.446253822623566,0.0,4.835091998819815e-17,0.0,15.308316578487364
115.9997673034668,12.271074044193378,11.446253822623566,0.0,4.835091998819815e-17,0.0,15.308316578487364
116.03337717056274,12.271074044193378,11.446253822623566,0.0,4.109828198996843e-17,0.0,15.308316578487364
116.06635236740112,12.271074044193378,11.446253822623566,0.0,4.109828198996843e-17,0.0,15.308316578487364
116.10003161430359,12.271074044193378,11.446253822623566,0.0,3.493353969147316e-17,0.0,15.308316578487364
116.1332950592041,12.271074044193378,11.446253822623566,0.0,3.493353969147316e-17,0.0,15.308316578487364
116.16660213470459,12.271074044193378,11.446253822623566,0.0,3.493353969147316e-17,0.0,15.308316578487364
116.1996819972992,12.271074044193378,11.446253822623566,0.0,3.493353969147316e-17,0.0,15.308316578487364
116.23339915275574,12.271074044193378,11.446253822623566,0.0,2.969350873775219e-17,0.0,15.308316578487364
116.26654577255249,12.271074044193378,11.446253822623566,0.0,2.969350873775219e-17,0.0,15.308316578487364
116.29977869987488,12.271074044193378,11.446253822623566,0.0,2.5239482427089357e-17,0.0,15.308316578487364
116.33339405059814,12.271074044193378,11.446253822623566,0.0,2.5239482427089357e-17,0.0,15.308316578487364
116.36669158935547,12.271074044193378,11.446253822623566,0.0,2.5239482427089357e-17,0.0,15.308316578487364
116.40012049674988,12.271074044193378,11.446253822623566,0.0,2.5239482427089357e-17,0.0,15.308316578487364
116.43302154541016,12.271074044193378,11.446253822623566,0.0,2.5239482427089357e-17,0.0,15.308316578487364
116.46654176712036,12.271074044193378,11.446253822623566,0.0,2.145356006302595e-17,0.0,15.308316578487364
116.5000901222229,12.271074044193378,11.446253822623566,0.0,1.823552605357206e-17,0.0,15.308316578487364
116.53340291976929,12.271074044193378,11.446253822623566,0.0,1.823552605357206e-17,0.0,15.308316578487364
116.56654596328735,12.271074044193378,11.446253822623566,0.0,1.823552605357206e-17,0.0,15.308316578487364
116.60006046295166,12.271074044193378,11.446253822623566,0.0,1.550019714553625e-17,0.0,15.308316578487364
116.63338589668274,12.271074044193378,11.446253822623566,0.0,1.550019714553625e-17,0.0,15.308316578487364
116.66660046577454,12.271074044193378,11.446253822623566,0.0,1.550019714553625e-17,0.0,15.308316578487364
116.70006942749023,12.271074044193378,11.446253822623566,0.0,1.550019714553625e-17,0.0,15.308316578487364
116.73311352729797,12.271074044193378,11.446253822623566,0.0,1.550019714553625e-17,0.0,15.308316578487364
116.76659417152405,12.271074044193378,11.446253822623566,0.0,1.317516757370581e-17,0.0,15.308316578487364
116.80005407333374,12.271074044193378,11.446253822623566,0.0,1.119889243764994e-17,0.0,15.308316578487364
116.83329653739929,12.271074044193378,11.446253822623566,0.0,1.119889243764994e-17,0.0,15.308316578487364
116.86643481254578,12.271074044193378,11.446253822623566,0.0,1.119889243764994e-17,0.0,15.308316578487364
116.89996767044067,12.271074044193378,11.446253822623566,0.0,9.519058572002449e-18,0.0,15.308316578487364
116.9333770275116,12.271074044193378,11.446253822623566,0.0,9.519058572002449e-18,0.0,15.308316578487364
116.96633887290955,12.271074044193378,11.446253822623566,0.0,9.519058572002449e-18,0.0,15.308316578487364
117.00005960464478,12.271074044193378,11.446253822623566,0.0,8.09119978620208e-18,0.0,15.308316578487364
117.03327512741089,12.271074044193378,11.446253822623566,0.0,8.09119978620208e-18,0.0,15.308316578487364
117.0663640499115,12.271074044193378,11.446253822623566,0.0,8.09119978620208e-18,0.0,15.308316578487364
117.10003280639648,12.271074044193378,11.446253822623566,0.0,6.877519818271769e-18,0.0,15.308316578487364
117.1333863735199,12.271074044193378,11.446253822623566,0.0,6.877519818271769e-18,0.0,15.308316578487364
117.16640496253967,12.271074044193378,11.446253822623566,0.0,6.877519818271769e-18,0.0,15.308316578487364
117.2000424861908,12.271074044193378,11.446253822623566,0.0,5.845891845531003e-18,0.0,15.308316578487364
117.23337531089783,12.271074044193378,11.446253822623566,0.0,5.845891845531003e-18,0.0,15.308316578487364
117.26662969589233,12.271074044193378,11.446253822623566,0.0,5.845891845531003e-18,0.0,15.308316578487364
117.299968957901,12.271074044193378,11.446253822623566,0.0,5.845891845531003e-18,0.0,15.308316578487364
117.33321762084961,12.271074044193378,11.446253822623566,0.0,5.845891845531003e-18,0.0,15.308316578487364
117.36659288406372,12.271074044193378,11.446253822623566,0.0,4.969008068701353e-18,0.0,15.308316578487364
117.40009427070618,12.271074044193378,11.446253822623566,0.0,4.22365685839615e-18,0.0,15.308316578487364
117.43335676193237,12.271074044193378,11.446253822623566,0.0,4.22365685839615e-18,0.0,15.308316578487364
117.46645641326904,12.271074044193378,11.446253822623566,0.0,4.22365685839615e-18,0.0,15.308316578487364
117.50003600120544,12.271074044193378,11.446253822623566,0.0,3.590108329636727e-18,0.0,15.308316578487364
117.53340077400208,12.271074044193378,11.446253822623566,0.0,3.590108329636727e-18,0.0,15.308316578487364
117.56692600250244,12.271074044193378,11.446253822623566,0.0,3.590108329636727e-18,0.0,15.308316578487364
117.60009670257568,12.271074044193378,11.446253822623566,0.0,3.051592080191218e-18,0.0,15.308316578487364
117.63336706161499,12.271074044193378,11.446253822623566,0.0,3.051592080191218e-18,0.0,15.308316578487364
117.66648864746094,12.271074044193378,11.446253822623566,0.0,3.051592080191218e-18,0.0,15.308316578487364
117.70001482963562,12.271074044193378,11.446253822623566,0.0,2.5938532681625353e-18,0.0,15.308316578487364
117.7331383228302,12.271074044193378,11.446253822623566,0.0,2.5938532681625353e-18,0.0,15.308316578487364
117.76647973060608,12.271074044193378,11.446253822623566,0.0,2.5938532681625353e-18,0.0,15.308316578487364
117.79986262321472,12.271074044193378,11.446253822623566,0.0,2.204775277938155e-18,0.0,15.308316578487364
117.83342432975769,12.271074044193378,11.446253822623566,0.0,2.204775277938155e-18,0.0,15.308316578487364
117.86645174026489,12.271074044193378,11.446253822623566,0.0,2.204775277938155e-18,0.0,15.308316578487364
117.90004467964172,12.271074044193378,11.446253822623566,0.0,1.8740589862474322e-18,0.0,15.308316578487364
117.93359923362732,12.271074044193378,11.446253822623566,0.0,1.8740589862474322e-18,0.0,15.308316578487364
117.96661043167114,12.271074044193378,11.446253822623566,0.0,1.8740589862474322e-18,0.0,15.308316578487364
118.00001883506775,12.271074044193378,11.446253822623566,0.0,1.5929501383103168e-18,0.0,15.308316578487364
118.03320717811584,12.271074044193378,11.446253822623566,0.0,1.5929501383103168e-18,0.0,15.308316578487364
118.06637644767761,12.271074044193378,11.446253822623566,0.0,1.5929501383103168e-18,0.0,15.308316578487364
118.10004091262817,12.271074044193378,11.446253822623566,0.0,1.3540076175637696e-18,0.0,15.308316578487364
118.13331341743469,12.271074044193378,11.446253822623566,0.0,1.3540076175637696e-18,0.0,15.308316578487364
118.16656541824341,12.271074044193378,11.446253822623566,0.0,1.3540076175637696e-18,0.0,15.308316578487364
118.20006084442139,12.271074044193378,11.446253822623566,0.0,1.1509064749292038e-18,0.0,15.308316578487364
118.23339867591858,12.271074044193378,11.446253822623566,0.0,1.1509064749292038e-18,0.0,15.308316578487364
118.26643013954163,12.271074044193378,11.446253822623566,0.0,1.1509064749292038e-18,0.0,15.308316578487364
118.30017709732056,12.271074044193378,11.446253822623566,0.0,9.782705036898233e-19,0.0,15.308316578487364
118.33330368995667,12.271074044193378,11.446253822623566,0.0,9.782705036898233e-19,0.0,15.308316578487364
118.36639618873596,12.271074044193378,11.446253822623566,0.0,9.782705036898233e-19,0.0,15.308316578487364
118.39996147155762,12.271074044193378,11.446253822623566,0.0,8.315299281363496e-19,0.0,15.308316578487364
118.43313145637512,12.271074044193378,11.446253822623566,0.0,8.315299281363496e-19,0.0,15.308316578487364
118.46645069122314,12.271074044193378,11.446253822623566,0.0,8.315299281363496e-19,0.0,15.308316578487364
118.49999833106995,12.271074044193378,11.446253822623566,0.0,7.068004389158973e-19,0.0,15.308316578487364
118.53335285186768,12.271074044193378,11.446253822623566,0.0,7.068004389158973e-19,0.0,15.308316578487364
118.56642866134644,12.271074044193378,11.446253822623566,0.0,7.068004389158973e-19,0.0,15.308316578487364
118.59974265098572,12.271074044193378,11.446253822623566,0.0,6.007803730785128e-19,0.0,15.308316578487364
118.63332152366638,12.271074044193378,11.446253822623566,0.0,6.007803730785128e-19,0.0,15.308316578487364
118.66663193702698,12.271074044193378,11.446253822623566,0.0,6.007803730785128e-19,0.0,15.308316578487364
118.70003461837769,12.271074044193378,11.446253822623566,0.0,5.106633171167358e-19,0.0,15.308316578487364
118.7334098815918,12.271074044193378,11.446253822623566,0.0,5.106633171167358e-19,0.0,15.308316578487364
118.76675510406494,12.271074044193378,11.446253822623566,0.0,5.106633171167358e-19,0.0,15.308316578487364
118.8002061843872,12.271074044193378,11.446253822623566,0.0,4.340638195492254e-19,0.0,15.308316578487364
118.83364820480347,12.271074044193378,11.446253822623566,0.0,4.340638195492254e-19,0.0,15.308316578487364
118.8665840625763,12.271074044193378,11.446253822623566,0.0,4.340638195492254e-19,0.0,15.308316578487364
118.9000153541565,12.271074044193378,11.446253822623566,0.0,3.689542466168415e-19,0.0,15.308316578487364
118.9337830543518,12.271074044193378,11.446253822623566,0.0,3.689542466168415e-19,0.0,15.308316578487364
118.96652722358704,12.271074044193378,11.446253822623566,0.0,3.689542466168415e-19,0.0,15.308316578487364
118.9999566078186,12.271074044193378,11.446253822623566,0.0,3.136111096243154e-19,0.0,15.308316578487364
119.03317761421204,12.271074044193378,11.446253822623566,0.0,3.136111096243154e-19,0.0,15.308316578487364
119.06654214859009,12.271074044193378,11.446253822623566,0.0,3.136111096243154e-19,0.0,15.308316578487364
119.09996008872986,12.271074044193378,11.446253822623566,0.0,2.6656944318066806e-19,0.0,15.308316578487364
119.13328313827515,12.271074044193378,11.446253822623566,0.0,2.6656944318066806e-19,0.0,15.308316578487364
119.1664617061615,12.271074044193378,11.446253822623566,0.0,2.6656944318066806e-19,0.0,15.308316578487364
119.2000687122345,12.271074044193378,11.446253822623566,0.0,2.2658402670356783e-19,0.0,15.308316578487364
119.23312616348267,12.271074044193378,11.446253822623566,0.0,2.2658402670356783e-19,0.0,15.308316578487364
119.26672148704529,12.271074044193378,11.446253822623566,0.0,2.2658402670356783e-19,0.0,15.308316578487364
119.2999906539917,12.271074044193378,11.446253822623566,0.0,2.2658402670356783e-19,0.0,15.308316578487364
119.33332014083862,12.271074044193378,11.446253822623566,0.0,1.9259642269803266e-19,0.0,15.308316578487364
119.3666455745697,12.271074044193378,11.446253822623566,0.0,1.9259642269803266e-19,0.0,15.308316578487364
119.39993500709534,12.271074044193378,11.446253822623566,0.0,1.9259642269803266e-19,0.0,15.308316578487364
119.43341183662415,12.271074044193378,11.446253822623566,0.0,1.6370695929332773e-19,0.0,15.308316578487364
119.4668300151825,12.271074044193378,11.446253822623566,0.0,1.6370695929332773e-19,0.0,15.308316578487364
119.49978184700012,12.271074044193378,11.446253822623566,0.0,1.6370695929332773e-19,0.0,15.308316578487364
119.53336715698242,12.271074044193378,11.446253822623566,0.0,1.3915091539932858e-19,0.0,15.308316578487364
119.56667923927307,12.271074044193378,11.446253822623566,0.0,1.3915091539932858e-19,0.0,15.308316578487364
119.60010409355164,12.271074044193378,11.446253822623566,0.0,1.3915091539932858e-19,0.0,15.308316578487364
119.63329744338989,12.271074044193378,11.446253822623566,0.0,1.1827827808942928e-19,0.0,15.308316578487364
119.66683101654053,12.271074044193378,11.446253822623566,0.0,1.1827827808942928e-19,0.0,15.308316578487364
119.6997561454773,12.271074044193378,11.446253822623566,0.0,1.1827827808942928e-19,0.0,15.308316578487364
119.73312020301819,12.271074044193378,11.446253822623566,0.0,1.0053653637601488e-19,0.0,15.308316578487364
119.76644325256348,12.271074044193378,11.446253822623566,0.0,1.0053653637601488e-19,0.0,15.308316578487364
119.79991006851196,12.271074044193378,11.446253822623566,0.0,1.0053653637601488e-19,0.0,15.308316578487364
119.83342242240906,12.271074044193378,11.446253822623566,0.0,8.545605591961264e-20,0.0,15.308316578487364
119.86642646789551,12.271074044193378,11.446253822623566,0.0,8.545605591961264e-20,0.0,15.308316578487364
119.90019083023071,12.271074044193378,11.446253822623566,0.0,7.263764753167075e-20,0.0,15.308316578487364
119.93314266204834,12.271074044193378,11.446253822623566,0.0,7.263764753167075e-20,0.0,15.308316578487364
119.96662425994873,12.271074044193378,11.446253822623566,0.0,7.263764753167075e-20,0.0,15.308316578487364
119.999835729599,12.271074044193378,11.446253822623566,0.0,7.263764753167075e-20,0.0,15.308316578487364
120.03324270248413,12.271074044193378,11.446253822623566,0.0,6.174200040192013e-20,0.0,15.308316578487364
120.06660294532776,12.271074044193378,11.446253822623566,0.0,6.174200040192013e-20,0.0,15.308316578487364
120.10003185272217,12.271074044193378,11.446253822623566,0.0,5.2480700341632117e-20,0.0,15.308316578487364
120.13313603401184,12.271074044193378,11.446253822623566,0.0,5.2480700341632117e-20,0.0,15.308316578487364
120.1665952205658,12.271074044193378,11.446253822623566,0.0,5.2480700341632117e-20,0.0,15.308316578487364
120.1999568939209,12.271074044193378,11.446253822623566,0.0,5.2480700341632117e-20,0.0,15.308316578487364
120.23310899734497,12.271074044193378,11.446253822623566,0.0,4.460859529038729e-20,0.0,15.308316578487364
120.26647281646729,12.271074044193378,11.446253822623566,0.0,4.460859529038729e-20,0.0,15.308316578487364
120.29988670349121,12.271074044193378,11.446253822623566,0.0,3.7917305996829193e-20,0.0,15.308316578487364
120.33307409286499,12.271074044193378,11.446253822623566,0.0,3.7917305996829193e-20,0.0,15.308316578487364
120.36661434173584,12.271074044193378,11.446253822623566,0.0,3.7917305996829193e-20,0.0,15.308316578487364
120.4000346660614,12.271074044193378,11.446253822623566,0.0,3.7917305996829193e-20,0.0,15.308316578487364
120.43339252471924,12.271074044193378,11.446253822623566,0.0,3.2229710097304814e-20,0.0,15.308316578487364
120.4663507938385,12.271074044193378,11.446253822623566,0.0,3.2229710097304814e-20,0.0,15.308316578487364
120.49970936775208,12.271074044193378,11.446253822623566,0.0,2.7395253582709093e-20,0.0,15.308316578487364
120.53330206871033,12.271074044193378,11.446253822623566,0.0,2.7395253582709093e-20,0.0,15.308316578487364
120.56660652160645,12.271074044193378,11.446253822623566,0.0,2.7395253582709093e-20,0.0,15.308316578487364
120.5998330116272,12.271074044193378,11.446253822623566,0.0,2.3285965545302726e-20,0.0,15.308316578487364
120.63318014144897,12.271074044193378,11.446253822623566,0.0,2.3285965545302726e-20,0.0,15.308316578487364
120.66647386550903,12.271074044193378,11.446253822623566,0.0,2.3285965545302726e-20,0.0,15.308316578487364
120.69988822937012,12.271074044193378,11.446253822623566,0.0,1.9793070713507316e-20,0.0,15.308316578487364
120.73317575454712,12.271074044193378,11.446253822623566,0.0,1.9793070713507316e-20,0.0,15.308316578487364
120.76647305488586,12.271074044193378,11.446253822623566,0.0,1.9793070713507316e-20,0.0,15.308316578487364
120.79983234405518,12.271074044193378,11.446253822623566,0.0,1.6824110106481217e-20,0.0,15.308316578487364
120.83321356773376,12.271074044193378,11.446253822623566,0.0,1.6824110106481217e-20,0.0,15.308316578487364
120.86658644676208,12.271074044193378,11.446253822623566,0.0,1.6824110106481217e-20,0.0,15.308316578487364
120.89987254142761,12.271074044193378,11.446253822623566,0.0,1.6824110106481217e-20,0.0,15.308316578487364
120.93317079544067,12.271074044193378,11.446253822623566,0.0,1.6824110106481217e-20,0.0,15.308316578487364
120.96657419204712,12.271074044193378,11.446253822623566,0.0,1.4300493590509032e-20,0.0,15.308316578487364
120.99985980987549,12.271074044193378,11.446253822623566,0.0,1.2155419551932678e-20,0.0,15.308316578487364
121.03321695327759,12.271074044193378,11.446253822623566,0.0,1.2155419551932678e-20,0.0,15.308316578487364
121.06658744812012,12.271074044193378,11.446253822623566,0.0,1.2155419551932678e-20,0.0,15.308316578487364
121.09986448287964,12.271074044193378,11.446253822623566,0.0,1.2155419551932678e-20,0.0,15.308316578487364
121.13337731361389,12.271074044193378,11.446253822623566,0.0,1.2155419551932678e-20,0.0,15.308316578487364
121.16662812232971,12.271074044193378,11.446253822623566,0.0,1.0332106619142775e-20,0.0,15.308316578487364
121.19992351531982,12.271074044193378,11.446253822623566,0.0,8.782290626271359e-21,0.0,15.308316578487364
121.23329019546509,12.271074044193378,11.446253822623566,0.0,8.782290626271359e-21,0.0,15.308316578487364
121.26660752296448,12.271074044193378,11.446253822623566,0.0,8.782290626271359e-21,0.0,15.308316578487364
121.30004096031189,12.271074044193378,11.446253822623566,0.0,7.464947032330655e-21,0.0,15.308316578487364
121.33332586288452,12.271074044193378,11.446253822623566,0.0,7.464947032330655e-21,0.0,15.308316578487364
121.36663722991943,12.271074044193378,11.446253822623566,0.0,7.464947032330655e-21,0.0,15.308316578487364
121.40013837814331,12.271074044193378,11.446253822623566,0.0,6.3452049774810565e-21,0.0,15.308316578487364
121.43355226516724,12.271074044193378,11.446253822623566,0.0,6.3452049774810565e-21,0.0,15.308316578487364
121.46652269363403,12.271074044193378,11.446253822623566,0.0,6.3452049774810565e-21,0.0,15.308316578487364
121.50033402442932,12.271074044193378,11.446253822623566,0.0,6.3452049774810565e-21,0.0,15.308316578487364
121.53348350524902,12.271074044193378,11.446253822623566,0.0,6.3452049774810565e-21,0.0,15.308316578487364
121.56654405593872,12.271074044193378,11.446253822623566,0.0,5.3934242308588984e-21,0.0,15.308316578487364
121.60008955001831,12.271074044193378,11.446253822623566,0.0,4.584410596230063e-21,0.0,15.308316578487364
121.63337278366089,12.271074044193378,11.446253822623566,0.0,4.584410596230063e-21,0.0,15.308316578487364
121.6664764881134,12.271074044193378,11.446253822623566,0.0,4.584410596230063e-21,0.0,15.308316578487364
121.69995713233948,12.271074044193378,11.446253822623566,0.0,3.896749006795554e-21,0.0,15.308316578487364
121.73331642150879,12.271074044193378,11.446253822623566,0.0,3.896749006795554e-21,0.0,15.308316578487364
121.76645421981812,12.271074044193378,11.446253822623566,0.0,3.896749006795554e-21,0.0,15.308316578487364
121.79996132850647,12.271074044193378,11.446253822623566,0.0,3.3122366557762206e-21,0.0,15.308316578487364
121.83337616920471,12.271074044193378,11.446253822623566,0.0,3.3122366557762206e-21,0.0,15.308316578487364
121.86639094352722,12.271074044193378,11.446253822623566,0.0,3.3122366557762206e-21,0.0,15.308316578487364
121.89995455741882,12.271074044193378,11.446253822623566,0.0,2.8154011574097877e-21,0.0,15.308316578487364
121.9330906867981,12.271074044193378,11.446253822623566,0.0,2.8154011574097877e-21,0.0,15.308316578487364
121.96643543243408,12.271074044193378,11.446253822623566,0.0,2.8154011574097877e-21,0.0,15.308316578487364
121.99992084503174,12.271074044193378,11.446253822623566,0.0,2.3930909837983196e-21,0.0,15.308316578487364
122.03311085700989,12.271074044193378,11.446253822623566,0.0,2.3930909837983196e-21,0.0,15.308316578487364
122.06638813018799,12.271074044193378,11.446253822623566,0.0,2.3930909837983196e-21,0.0,15.308316578487364
122.09978938102722,12.271074044193378,11.446253822623566,0.0,2.0341273362285717e-21,0.0,15.308316578487364
122.13328289985657,12.271074044193378,11.446253822623566,0.0,2.0341273362285717e-21,0.0,15.308316578487364
122.16662669181824,12.271074044193378,11.446253822623566,0.0,2.0341273362285717e-21,0.0,15.308316578487364
122.19991302490234,12.271074044193378,11.446253822623566,0.0,1.729008235794286e-21,0.0,15.308316578487364
122.23327016830444,12.271074044193378,11.446253822623566,0.0,1.729008235794286e-21,0.0,15.308316578487364
122.26647353172302,12.271074044193378,11.446253822623566,0.0,1.729008235794286e-21,0.0,15.308316578487364
122.2999620437622,12.271074044193378,11.446253822623566,0.0,1.4696570004251431e-21,0.0,15.308316578487364
122.33330774307251,12.271074044193378,11.446253822623566,0.0,1.4696570004251431e-21,0.0,15.308316578487364
122.36643886566162,12.271074044193378,11.446253822623566,0.0,1.4696570004251431e-21,0.0,15.308316578487364
122.39994049072266,12.271074044193378,11.446253822623566,0.0,1.2492084503613716e-21,0.0,15.308316578487364
122.43329048156738,12.271074044193378,11.446253822623566,0.0,1.2492084503613716e-21,0.0,15.308316578487364
122.46642112731934,12.271074044193378,11.446253822623566,0.0,1.2492084503613716e-21,0.0,15.308316578487364
122.49995994567871,12.271074044193378,11.446253822623566,0.0,1.0618271828071658e-21,0.0,15.308316578487364
122.53330898284912,12.271074044193378,11.446253822623566,0.0,1.0618271828071658e-21,0.0,15.308316578487364
122.56643199920654,12.271074044193378,11.446253822623566,0.0,1.0618271828071658e-21,0.0,15.308316578487364
122.5998592376709,12.271074044193378,11.446253822623566,0.0,9.02553105386091e-22,0.0,15.308316578487364
122.63337445259094,12.271074044193378,11.446253822623566,0.0,9.02553105386091e-22,0.0,15.308316578487364
122.66645455360413,12.271074044193378,11.446253822623566,0.0,9.02553105386091e-22,0.0,15.308316578487364
122.69992923736572,12.271074044193378,11.446253822623566,0.0,7.671701395781773e-22,0.0,15.308316578487364
122.73334169387817,12.271074044193378,11.446253822623566,0.0,7.671701395781773e-22,0.0,15.308316578487364
122.76649785041809,12.271074044193378,11.446253822623566,0.0,7.671701395781773e-22,0.0,15.308316578487364
122.80002665519714,12.271074044193378,11.446253822623566,0.0,6.520946186414507e-22,0.0,15.308316578487364
122.83338212966919,12.271074044193378,11.446253822623566,0.0,6.520946186414507e-22,0.0,15.308316578487364
122.86637210845947,12.271074044193378,11.446253822623566,0.0,6.520946186414507e-22,0.0,15.308316578487364
122.90002799034119,12.271074044193378,11.446253822623566,0.0,5.542804258452331e-22,0.0,15.308316578487364
122.93329644203186,12.271074044193378,11.446253822623566,0.0,5.542804258452331e-22,0.0,15.308316578487364
122.96640419960022,12.271074044193378,11.446253822623566,0.0,5.542804258452331e-22,0.0,15.308316578487364
122.99996376037598,12.271074044193378,11.446253822623566,0.0,4.711383619684481e-22,0.0,15.308316578487364
123.03336691856384,12.271074044193378,11.446253822623566,0.0,4.711383619684481e-22,0.0,15.308316578487364
123.06642603874207,12.271074044193378,11.446253822623566,0.0,4.711383619684481e-22,0.0,15.308316578487364
123.10003137588501,12.271074044193378,11.446253822623566,0.0,4.004676076731809e-22,0.0,15.308316578487364
123.13330054283142,12.271074044193378,11.446253822623566,0.0,4.004676076731809e-22,0.0,15.308316578487364
123.16641092300415,12.271074044193378,11.446253822623566,0.0,4.004676076731809e-22,0.0,15.308316578487364
123.19978022575378,12.271074044193378,11.446253822623566,0.0,3.4039746652220374e-22,0.0,15.308316578487364
123.23332595825195,12.271074044193378,11.446253822623566,0.0,3.4039746652220374e-22,0.0,15.308316578487364
123.26644277572632,12.271074044193378,11.446253822623566,0.0,3.4039746652220374e-22,0.0,15.308316578487364
123.29974293708801,12.271074044193378,11.446253822623566,0.0,2.8933784654387316e-22,0.0,15.308316578487364
123.33330607414246,12.271074044193378,11.446253822623566,0.0,2.8933784654387316e-22,0.0,15.308316578487364
123.3665337562561,12.271074044193378,11.446253822623566,0.0,2.8933784654387316e-22,0.0,15.308316578487364
123.39995741844177,12.271074044193378,11.446253822623566,0.0,2.4593716956229216e-22,0.0,15.308316578487364
123.43351578712463,12.271074044193378,11.446253822623566,0.0,2.4593716956229216e-22,0.0,15.308316578487364
123.4665219783783,12.271074044193378,11.446253822623566,0.0,2.4593716956229216e-22,0.0,15.308316578487364
123.49999403953552,12.271074044193378,11.446253822623566,0.0,2.0904659412794838e-22,0.0,15.308316578487364
123.53329515457153,12.271074044193378,11.446253822623566,0.0,2.0904659412794838e-22,0.0,15.308316578487364
123.5665020942688,12.271074044193378,11.446253822623566,0.0,2.0904659412794838e-22,0.0,15.308316578487364
123.60001349449158,12.271074044193378,11.446253822623566,0.0,2.0904659412794838e-22,0.0,15.308316578487364
123.63340449333191,12.271074044193378,11.446253822623566,0.0,1.776896050087561e-22,0.0,15.308316578487364
123.66661047935486,12.271074044193378,11.446253822623566,0.0,1.776896050087561e-22,0.0,15.308316578487364
123.69975447654724,12.271074044193378,11.446253822623566,0.0,1.776896050087561e-22,0.0,15.308316578487364
123.73339080810547,12.271074044193378,11.446253822623566,0.0,1.5103616425744265e-22,0.0,15.308316578487364
123.76660466194153,12.271074044193378,11.446253822623566,0.0,1.5103616425744265e-22,0.0,15.308316578487364
123.79995322227478,12.271074044193378,11.446253822623566,0.0,1.5103616425744265e-22,0.0,15.308316578487364
123.83338475227356,12.271074044193378,11.446253822623566,0.0,1.2838073961882627e-22,0.0,15.308316578487364
123.86643266677856,12.271074044193378,11.446253822623566,0.0,1.2838073961882627e-22,0.0,15.308316578487364
123.89993071556091,12.271074044193378,11.446253822623566,0.0,1.0912362867600234e-22,0.0,15.308316578487364
123.93329977989197,12.271074044193378,11.446253822623566,0.0,1.0912362867600234e-22,0.0,15.308316578487364
123.96640348434448,12.271074044193378,11.446253822623566,0.0,1.0912362867600234e-22,0.0,15.308316578487364
123.99989986419678,12.271074044193378,11.446253822623566,0.0,9.275508437460198e-23,0.0,15.308316578487364
124.03337407112122,12.271074044193378,11.446253822623566,0.0,9.275508437460198e-23,0.0,15.308316578487364
124.06650137901306,12.271074044193378,11.446253822623566,0.0,9.275508437460198e-23,0.0,15.308316578487364
124.10018754005432,12.271074044193378,11.446253822623566,0.0,9.275508437460198e-23,0.0,15.308316578487364
124.13334321975708,12.271074044193378,11.446253822623566,0.0,7.884182171841168e-23,0.0,15.308316578487364
124.16643905639648,12.271074044193378,11.446253822623566,0.0,7.884182171841168e-23,0.0,15.308316578487364
124.20010018348694,12.271074044193378,11.446253822623566,0.0,6.701554846064993e-23,0.0,15.308316578487364
124.23335647583008,12.271074044193378,11.446253822623566,0.0,6.701554846064993e-23,0.0,15.308316578487364
124.26664471626282,12.271074044193378,11.446253822623566,0.0,6.701554846064993e-23,0.0,15.308316578487364
124.29994583129883,12.271074044193378,11.446253822623566,0.0,6.701554846064993e-23,0.0,15.308316578487364
124.33354663848877,12.271074044193378,11.446253822623566,0.0,5.696321619155243e-23,0.0,15.308316578487364
124.36660504341125,12.271074044193378,11.446253822623566,0.0,5.696321619155243e-23,0.0,15.308316578487364
124.40014505386353,12.271074044193378,11.446253822623566,0.0,4.8418733762819575e-23,0.0,15.308316578487364
124.43328905105591,12.271074044193378,11.446253822623566,0.0,4.8418733762819575e-23,0.0,15.308316578487364
124.46642303466797,12.271074044193378,11.446253822623566,0.0,4.8418733762819575e-23,0.0,15.308316578487364
124.49973797798157,12.271074044193378,11.446253822623566,0.0,4.8418733762819575e-23,0.0,15.308316578487364
124.53345155715942,12.271074044193378,11.446253822623566,0.0,4.1155923698396645e-23,0.0,15.308316578487364
124.56636214256287,12.271074044193378,11.446253822623566,0.0,4.1155923698396645e-23,0.0,15.308316578487364
124.599778175354,12.271074044193378,11.446253822623566,0.0,3.498253514363714e-23,0.0,15.308316578487364
124.63339829444885,12.271074044193378,11.446253822623566,0.0,3.498253514363714e-23,0.0,15.308316578487364
124.66676259040833,12.271074044193378,11.446253822623566,0.0,3.498253514363714e-23,0.0,15.308316578487364
124.6999499797821,12.271074044193378,11.446253822623566,0.0,2.973515487209157e-23,0.0,15.308316578487364
124.73338890075684,12.271074044193378,11.446253822623566,0.0,2.973515487209157e-23,0.0,15.308316578487364
124.76703929901123,12.271074044193378,11.446253822623566,0.0,2.973515487209157e-23,0.0,15.308316578487364
124.79996800422668,12.271074044193378,11.446253822623566,0.0,2.5274881641277836e-23,0.0,15.308316578487364
124.8333191871643,12.271074044193378,11.446253822623566,0.0,2.5274881641277836e-23,0.0,15.308316578487364
124.86647081375122,12.271074044193378,11.446253822623566,0.0,2.5274881641277836e-23,0.0,15.308316578487364
124.89996838569641,12.271074044193378,11.446253822623566,0.0,2.148364939508616e-23,0.0,15.308316578487364
124.93315863609314,12.271074044193378,11.446253822623566,0.0,2.148364939508616e-23,0.0,15.308316578487364
124.96670317649841,12.271074044193378,11.446253822623566,0.0,2.148364939508616e-23,0.0,15.308316578487364
125.00016188621521,12.271074044193378,11.446253822623566,0.0,1.8261101985823235e-23,0.0,15.308316578487364
125.033438205719,12.271074044193378,11.446253822623566,0.0,1.8261101985823235e-23,0.0,15.308316578487364
125.06668877601624,12.271074044193378,11.446253822623566,0.0,1.8261101985823235e-23,0.0,15.308316578487364
125.10002422332764,12.271074044193378,11.446253822623566,0.0,1.8261101985823235e-23,0.0,15.308316578487364
125.13350820541382,12.271074044193378,11.446253822623566,0.0,1.8261101985823235e-23,0.0,15.308316578487364
125.16645288467407,12.271074044193378,11.446253822623566,0.0,1.5521936687949747e-23,0.0,15.308316578487364
125.20008206367493,12.271074044193378,11.446253822623566,0.0,1.3193646184757284e-23,0.0,15.308316578487364
125.23335647583008,12.271074044193378,11.446253822623566,0.0,1.3193646184757284e-23,0.0,15.308316578487364
125.26672196388245,12.271074044193378,11.446253822623566,0.0,1.3193646184757284e-23,0.0,15.308316578487364
125.30015921592712,12.271074044193378,11.446253822623566,0.0,1.3193646184757284e-23,0.0,15.308316578487364
125.3336386680603,12.271074044193378,11.446253822623566,0.0,1.3193646184757284e-23,0.0,15.308316578487364
125.3664619922638,12.271074044193378,11.446253822623566,0.0,1.1214599257043692e-23,0.0,15.308316578487364
125.40021562576294,12.271074044193378,11.446253822623566,0.0,9.532409368487138e-24,0.0,15.308316578487364
125.43313837051392,12.271074044193378,11.446253822623566,0.0,9.532409368487138e-24,0.0,15.308316578487364
125.46646618843079,12.271074044193378,11.446253822623566,0.0,9.532409368487138e-24,0.0,15.308316578487364
125.50005745887756,12.271074044193378,11.446253822623566,0.0,8.102547963214068e-24,0.0,15.308316578487364
125.5334119796753,12.271074044193378,11.446253822623566,0.0,8.102547963214068e-24,0.0,15.308316578487364
125.56666254997253,12.271074044193378,11.446253822623566,0.0,8.102547963214068e-24,0.0,15.308316578487364
125.60006999969482,12.271074044193378,11.446253822623566,0.0,8.102547963214068e-24,0.0,15.308316578487364
125.63335847854614,12.271074044193378,11.446253822623566,0.0,6.887165768731958e-24,0.0,15.308316578487364
125.66641688346863,12.271074044193378,11.446253822623566,0.0,6.887165768731958e-24,0.0,15.308316578487364
125.69979429244995,12.271074044193378,11.446253822623566,0.0,6.887165768731958e-24,0.0,15.308316578487364
125.73324298858643,12.271074044193378,11.446253822623566,0.0,6.887165768731958e-24,0.0,15.308316578487364
125.76689004898071,12.271074044193378,11.446253822623566,0.0,5.8540909034221634e-24,0.0,15.308316578487364
125.80002927780151,12.271074044193378,11.446253822623566,0.0,4.975977267908838e-24,0.0,15.308316578487364
125.83339929580688,12.271074044193378,11.446253822623566,0.0,4.975977267908838e-24,0.0,15.308316578487364
125.86644434928894,12.271074044193378,11.446253822623566,0.0,4.975977267908838e-24,0.0,15.308316578487364
125.90003728866577,12.271074044193378,11.446253822623566,0.0,4.229580677722513e-24,0.0,15.308316578487364
125.93327164649963,12.271074044193378,11.446253822623566,0.0,4.229580677722513e-24,0.0,15.308316578487364
125.96637415885925,12.271074044193378,11.446253822623566,0.0,4.229580677722513e-24,0.0,15.308316578487364
125.9999451637268,12.271074044193378,11.446253822623566,0.0,3.5951435760641355e-24,0.0,15.308316578487364
126.03332734107971,12.271074044193378,11.446253822623566,0.0,3.5951435760641355e-24,0.0,15.308316578487364
126.06643056869507,12.271074044193378,11.446253822623566,0.0,3.5951435760641355e-24,0.0,15.308316578487364
