Timestamp,X,Y,V_cmd_scaled,V_real,Steering,CTE
0.0,1.180529803113086,0.13161431608801066,,0.0,0.0,0.19577953327072117
0.03310728073120117,1.180529803113086,0.13161431608801066,,0.0,0.0,0.19577953327072117
0.0663764476776123,1.180529803113086,0.13161431608801066,,0.0,0.0,0.19577953327072117
0.09975075721740723,1.180529803113086,0.13161431608801066,,0.0,0.0,0.19577953327072117
0.1332848072052002,1.180529803113086,0.13161431608801066,,0.0,0.0,0.19577953327072117
0.16673874855041504,1.180529803113086,0.13161431608801066,,0.0,0.0,0.19577953327072117
0.19977807998657227,1.180529803113086,0.13161431608801066,,0.0,0.0,0.19577953327072117
0.23327851295471191,1.180529803113086,0.13161431608801066,,0.0,0.0,0.19577953327072117
0.26653528213500977,1.180529803113086,0.13161431608801066,,0.0,0.0,0.19577953327072117
0.30004310607910156,1.180529803113086,0.13161431608801066,,0.0,0.0,0.19577953327072117
0.3330974578857422,1.180529803113086,0.13161431608801066,,0.0,0.0,0.19577953327072117
0.3665657043457031,1.180529803113086,0.13161431608801066,,0.0,0.0,0.19577953327072117
0.4000067710876465,1.180529803113086,0.13161431608801066,,0.0,0.0,0.19577953327072117
0.43300628662109375,1.180529803113086,0.13161431608801066,,0.0,0.0,0.19577953327072117
0.46676039695739746,1.180529803113086,0.13161431608801066,,0.0,0.0,0.19577953327072117
0.4997086524963379,1.180529803113086,0.13161431608801066,,0.0,0.0,0.19577953327072117
0.5333154201507568,1.180529803113086,0.13161431608801066,,0.0,0.0,0.19577953327072117
0.5662760734558105,1.180529803113086,0.13161431608801066,,0.0,0.0,0.19577953327072117
0.5999817848205566,1.180529803113086,0.13161431608801066,,0.0,0.0,0.19577953327072117
0.6335790157318115,1.180529803113086,0.13161431608801066,,0.0,0.0,0.19577953327072117
0.6666097640991211,1.180529803113086,0.13161431608801066,,0.0,0.0,0.19577953327072117
0.7002091407775879,1.180529803113086,0.13161431608801066,,0.0,0.0,0.19577953327072117
0.7334442138671875,1.180529803113086,0.13161431608801066,,0.0,0.0,0.19577953327072117
0.7664875984191895,1.180529803113086,0.13161431608801066,,0.0,0.0,0.19577953327072117
0.7997746467590332,1.180529803113086,0.13161431608801066,,0.0,0.0,0.19577953327072117
0.8330974578857422,1.180529803113086,0.13161431608801066,,0.0,0.0,0.19577953327072117
0.8666892051696777,1.180529803113086,0.13161431608801066,,0.0,0.0,0.19577953327072117
0.900170087814331,1.180529803113086,0.13161431608801066,,0.0,0.0,0.19577953327072117
0.9331803321838379,1.180529803113086,0.13161431608801066,,0.0,0.0,0.19577953327072117
0.9666626453399658,1.180529803113086,0.13161431608801066,,0.0,0.0,0.19577953327072117
1.000255823135376,1.180529803113086,0.13161431608801066,,0.0,0.0,0.19577953327072117
1.0331041812896729,1.180529803113086,0.13161431608801066,,0.0,0.0,0.19577953327072117
1.0665786266326904,1.180529803113086,0.13161431608801066,,0.0,0.0,0.19577953327072117
1.1001920700073242,1.180529803113086,0.13161431608801066,,0.0,0.0,0.19577953327072117
1.1331732273101807,1.180529803113086,0.13161431608801066,,0.0,0.0,0.19577953327072117
1.1664814949035645,1.180529803113086,0.13161431608801066,,0.0,0.0,0.19577953327072117
1.200058937072754,1.180529803113086,0.13161431608801066,,0.0,0.0,0.19577953327072117
1.2332119941711426,1.180529803113086,0.13161431608801066,,0.0,0.0,0.19577953327072117
1.2665331363677979,1.180529803113086,0.13161431608801066,,0.0,0.0,0.19577953327072117
1.2999160289764404,1.180529803113086,0.13161431608801066,,0.0,0.0,0.19577953327072117
1.3331654071807861,1.180529803113086,0.13161431608801066,,0.0,0.0,0.19577953327072117
1.3665404319763184,1.180529803113086,0.13161431608801066,,0.0,0.0,0.19577953327072117
1.4001049995422363,1.180529803113086,0.13161431608801066,,0.0,0.0,0.19577953327072117
1.433349847793579,1.180529803113086,0.13161431608801066,,0.0,0.0,0.19577953327072117
1.4665122032165527,1.180529803113086,0.13161431608801066,,0.0,0.0,0.19577953327072117
1.5000407695770264,1.180529803113086,0.13161431608801066,,0.0,0.0,0.19577953327072117
1.5333154201507568,1.180529803113086,0.13161431608801066,,0.0,0.0,0.19577953327072117
1.5669586658477783,1.180529803113086,0.13161431608801066,,0.0,0.0,0.19577953327072117
1.5998189449310303,1.180529803113086,0.13161431608801066,,0.0,0.0,0.19577953327072117
1.6333680152893066,1.180529803113086,0.13161431608801066,,0.0,0.0,0.19577953327072117
1.6667656898498535,1.180529803113086,0.13161431608801066,,0.0,0.0,0.19577953327072117
1.7014875411987305,1.180529803113086,0.13161431608801066,,0.0,0.0,0.19577953327072117
1.7331631183624268,1.180529803113086,0.13161431608801066,,0.0,0.0,0.19577953327072117
1.7664828300476074,1.180529803113086,0.13161431608801066,,0.0,0.0,0.19577953327072117
1.8001651763916016,1.180529803113086,0.13161431608801066,,0.0,0.0,0.19577953327072117
1.8332371711730957,1.180529803113086,0.13161431608801066,,0.0,0.0,0.19577953327072117
1.866382122039795,1.180529803113086,0.13161431608801066,,0.0,0.0,0.19577953327072117
1.900012731552124,1.180529803113086,0.13161431608801066,,0.0,0.0,0.19577953327072117
1.9332242012023926,1.180529803113086,0.13161431608801066,,0.0,0.0,0.19577953327072117
1.966733455657959,1.180529803113086,0.13161431608801066,,0.0,0.0,0.19577953327072117
1.9996674060821533,1.180529803113086,0.13161431608801066,,0.0,0.0,0.19577953327072117
2.0334856510162354,1.180529803113086,0.13161431608801066,,0.0,0.0,0.19577953327072117
2.0667660236358643,1.180529803113086,0.13161431608801066,,0.0,0.0,0.19577953327072117
2.1000266075134277,1.180529803113086,0.13161431608801066,,0.0,0.0,0.19577953327072117
2.13342547416687,1.180529803113086,0.13161431608801066,,0.0,0.0,0.19577953327072117
2.166522979736328,1.180529803113086,0.13161431608801066,,0.0,0.0,0.19577953327072117
2.2000529766082764,1.180529803113086,0.13161431608801066,,0.0,0.0,0.19577953327072117
2.233255624771118,1.180529803113086,0.13161431608801066,,0.0,0.0,0.19577953327072117
2.2668046951293945,1.180529803113086,0.13161431608801066,,0.0,0.0,0.19577953327072117
2.299882173538208,1.180529803113086,0.13161431608801066,,0.0,0.0,0.19577953327072117
2.334477424621582,1.180529803113086,0.13161431608801066,,0.0,0.0,0.19577953327072117
2.367572069168091,1.180529803113086,0.13161431608801066,,0.0,0.0,0.19577953327072117
2.3998234272003174,1.180529803113086,0.13161431608801066,,0.0,0.0,0.19577953327072117
2.4334022998809814,1.180529803113086,0.13161431608801066,,0.0,0.0,0.19577953327072117
2.4665305614471436,1.180529803113086,0.13161431608801066,,0.0,0.0,0.19577953327072117
2.500495195388794,1.180529803113086,0.13161431608801066,,0.0,0.0,0.19577953327072117
2.5333125591278076,1.180529803113086,0.13161431608801066,,0.0,0.0,0.19577953327072117
2.5667052268981934,1.180529803113086,0.13161431608801066,,0.0,0.0,0.19577953327072117
2.6001291275024414,1.180529803113086,0.13161431608801066,,0.0,0.0,0.19577953327072117
2.63311767578125,1.180529803113086,0.13161431608801066,,0.0,0.0,0.19577953327072117
2.6666417121887207,1.180529803113086,0.13161431608801066,,0.0,0.0,0.19577953327072117
2.7000014781951904,1.180529803113086,0.13161431608801066,,0.0,0.0,0.19577953327072117
2.7330775260925293,1.180529803113086,0.13161431608801066,,0.0,0.0,0.19577953327072117
2.76644229888916,1.180529803113086,0.13161431608801066,,0.0,0.0,0.19577953327072117
2.800086736679077,1.180529803113086,0.13161431608801066,,0.0,0.0,0.19577953327072117
2.8337132930755615,1.180529803113086,0.13161431608801066,,0.0,0.0,0.19577953327072117
2.8665478229522705,1.180529803113086,0.13161431608801066,,0.0,0.0,0.19577953327072117
2.899930238723755,1.180529803113086,0.13161431608801066,,0.0,0.0,0.19577953327072117
2.9332711696624756,1.180529803113086,0.13161431608801066,,0.0,0.0,0.19577953327072117
2.9667704105377197,1.180529803113086,0.13161431608801066,,0.0,0.0,0.19577953327072117
3.0002481937408447,1.180529803113086,0.13161431608801066,,0.0,0.0,0.19577953327072117
3.0331525802612305,1.180529803113086,0.13161431608801066,,0.0,0.0,0.19577953327072117
3.0671026706695557,1.180529803113086,0.13161431608801066,,0.0,0.0,0.19577953327072117
3.0999810695648193,1.180529803113086,0.13161431608801066,,0.0,0.0,0.19577953327072117
3.133246898651123,1.180529803113086,0.13161431608801066,,0.0,0.0,0.19577953327072117
3.1664438247680664,1.180529803113086,0.13161431608801066,,0.0,0.0,0.19577953327072117
3.199948310852051,1.180529803113086,0.13161431608801066,,0.0,0.0,0.19577953327072117
3.233492136001587,1.180529803113086,0.13161431608801066,,0.0,0.0,0.19577953327072117
3.266594648361206,1.180529803113086,0.13161431608801066,0.4,0.0,0.0,0.19577953327072117
3.2999508380889893,1.180529803113086,0.13161431608801066,0.4,0.0,0.06966233998537064,0.19577953327072117
3.333165168762207,1.180529803113086,0.13161431608801066,0.4,0.0,0.06966233998537064,0.19577953327072117
3.366546392440796,1.180529803113086,0.13161431608801066,0.4,0.0,0.06966233998537064,0.19577953327072117
3.39983868598938,1.180529803113086,0.13161431608801066,0.4,0.0,0.06966233998537064,0.19577953327072117
3.433120012283325,1.180529803113086,0.13161431608801066,0.4,0.0,0.06966233998537064,0.19577953327072117
3.4663898944854736,1.180529803113086,0.13161431608801066,0.4,0.0,0.06872022897005081,0.19577953327072117
3.4997496604919434,1.180529803113086,0.13161431608801066,0.4,0.0,0.06872022897005081,0.19577953327072117
3.5331761837005615,1.180529803113086,0.13161431608801066,0.4,0.0,0.06872022897005081,0.19577953327072117
3.566779613494873,1.180529803113086,0.13161431608801066,0.4,0.0,0.06872022897005081,0.19577953327072117
3.6000468730926514,1.180529803113086,0.13161431608801066,0.4,0.0,0.06872022897005081,0.19577953327072117
3.633397102355957,1.180529803113086,0.13161431608801066,0.4,0.0,0.06872022897005081,0.19577953327072117
3.666253089904785,1.180529803113086,0.13161431608801066,0.4,0.0,0.06803702563047409,0.19577953327072117
3.6998753547668457,1.180529803113086,0.13161431608801066,0.4,0.0,0.06803702563047409,0.19577953327072117
3.7333614826202393,1.180529803113086,0.13161431608801066,0.4,0.0,0.06803702563047409,0.19577953327072117
3.7663071155548096,1.180529803113086,0.13161431608801066,0.4,0.0,0.06671225279569626,0.19577953327072117
3.799753427505493,1.180529803113086,0.13161431608801066,0.4,0.0,0.06671059876680374,0.19577953327072117
3.8332138061523438,1.180529803113086,0.13161431608801066,0.4,0.0,0.06671059876680374,0.19577953327072117
3.866624116897583,1.180529803113086,0.13161431608801066,0.4,0.0,0.06671051681041718,0.19577953327072117
3.89974308013916,1.180529803113086,0.13161431608801066,0.4,0.0,0.06674575060606003,0.19577953327072117
3.9335215091705322,1.180529803113086,0.13161431608801066,0.4,0.0,0.06674575060606003,0.19577953327072117
3.966416835784912,1.180529803113086,0.13161431608801066,0.4,0.0,0.06678814440965652,0.19577953327072117
3.999980926513672,1.180529803113086,0.13161431608801066,0.4,0.0,0.06677491962909698,0.19577953327072117
4.033288955688477,1.180529803113086,0.13161431608801066,0.4,0.0,0.06677491962909698,0.19577953327072117
4.066676616668701,1.180529803113086,0.13161431608801066,0.4,0.05839217178703529,0.06674855202436447,0.19577953327072117
4.099965572357178,1.180529803113086,0.13161431608801066,0.4,0.05839217178703529,0.0667186826467514,0.19577953327072117
4.133318901062012,1.180529803113086,0.13161431608801066,0.4,0.05839217178703529,0.0667186826467514,0.19577953327072117
4.16634726524353,1.180529803113086,0.13161431608801066,0.4,0.06186101367537401,0.06668834388256073,0.19577953327072117
4.199841260910034,1.180529803113086,0.13161431608801066,0.4,0.06186101367537401,0.06679711490869522,0.19577953327072117
4.233222246170044,1.180529803113086,0.13161431608801066,0.4,0.06186101367537401,0.06684202700853348,0.19577953327072117
4.266355276107788,1.180529803113086,0.13161431608801066,0.4,0.06827837116880067,0.06803559511899948,0.19577953327072117
4.300054550170898,1.180529803113086,0.13161431608801066,0.4,0.06827837116880067,0.06802042573690414,0.19577953327072117
4.333306312561035,1.180529803113086,0.13161431608801066,0.4,0.06827837116880067,0.06802042573690414,0.19577953327072117
4.366372346878052,1.180529803113086,0.13161431608801066,0.4,0.07720196692655204,0.06802042573690414,0.19577953327072117
4.4000327587127686,1.180529803113086,0.13161431608801066,0.4,0.07720196692655204,0.06795213371515274,0.19577953327072117
4.433282136917114,1.180529803113086,0.13161431608801066,0.4,0.07720196692655204,0.06795213371515274,0.19577953327072117
4.466370344161987,1.180529803113086,0.13161431608801066,0.4,0.08825586520897945,0.0679471418261528,0.19577953327072117
4.499996662139893,1.180529803113086,0.13161431608801066,0.4,0.08825586520897945,0.06794430315494537,0.19577953327072117
4.533314943313599,1.180529803113086,0.13161431608801066,0.4,0.08825586520897945,0.06794430315494537,0.19577953327072117
4.566406011581421,1.180529803113086,0.13161431608801066,0.4,0.10112052063738147,0.06794377416372299,0.19577953327072117
4.599972486495972,1.180529803113086,0.13161431608801066,0.4,0.10112052063738147,0.06757038086652756,0.19577953327072117
4.633112907409668,1.180529803113086,0.13161431608801066,0.4,0.10112052063738147,0.0674261823296547,0.19577953327072117
4.666294097900391,1.180529803113086,0.13161431608801066,0.4,0.11552431963986193,0.0671260729432106,0.19577953327072117
4.699917793273926,1.180529803113086,0.13161431608801066,0.4,0.11552431963986193,0.06662627309560776,0.19577953327072117
4.733319520950317,1.180529803113086,0.13161431608801066,0.4,0.11552431963986193,0.06662627309560776,0.19577953327072117
4.766436338424683,1.180529803113086,0.13161431608801066,0.4,0.13123639068030904,0.0664684846997261,0.19577953327072117
4.800025701522827,1.180529803113086,0.13161431608801066,0.4,0.13123639068030904,0.06589236855506897,0.19577953327072117
4.833341836929321,1.180529803113086,0.13161431608801066,0.4,0.13123639068030904,0.06566502898931503,0.19577953327072117
4.866451025009155,1.180529803113086,0.13161431608801066,0.4,0.13123639068030904,0.06566502898931503,0.19577953327072117
4.9000866413116455,1.180529803113086,0.13161431608801066,0.4,0.1480604929530278,0.06617703288793564,0.19577953327072117
4.933321952819824,1.180529803113086,0.13161431608801066,0.4,0.1480604929530278,0.0661068707704544,0.19577953327072117
4.967031240463257,1.180529803113086,0.13161431608801066,0.4,0.1480604929530278,0.0661068707704544,0.19577953327072117
4.999983072280884,1.180529803113086,0.13161431608801066,0.4,0.16582982177317748,0.06536219269037247,0.19577953327072117
5.033244609832764,1.180529803113086,0.13161431608801066,0.4,0.16582982177317748,0.06515469402074814,0.19577953327072117
5.06645393371582,1.180529803113086,0.13161431608801066,0.4,0.18440259315864346,0.06470603495836258,0.19577953327072117
5.100019693374634,1.180529803113086,0.13161431608801066,0.4,0.18440259315864346,0.06424085795879364,0.19577953327072117
5.133293390274048,1.180529803113086,0.13161431608801066,0.4,0.18440259315864346,0.06424085795879364,0.19577953327072117
5.1664440631866455,1.180529803113086,0.13161431608801066,0.4,0.18440259315864346,0.06424085795879364,0.19577953327072117
5.199742794036865,1.180529803113086,0.13161431608801066,0.4,0.20365829072462824,0.06416590511798859,0.19577953327072117
5.233347177505493,1.180529803113086,0.13161431608801066,0.4,0.20365829072462824,0.06398659944534302,0.19577953327072117
5.266735553741455,1.180529803113086,0.13161431608801066,0.4,0.20365829072462824,0.06398659944534302,0.19577953327072117
5.299821376800537,1.180529803113086,0.13161431608801066,0.4,0.22349447554405405,0.06310249865055084,0.19577953327072117
5.333306074142456,1.180529803113086,0.13161431608801066,0.4,0.22349447554405405,0.06310249865055084,0.19577953327072117
5.366694927215576,1.180529803113086,0.13161431608801066,0.4,0.22349447554405405,0.06310249865055084,0.19577953327072117
5.399951696395874,1.180529803113086,0.13161431608801066,0.4,0.2438240745289047,0.06170390173792839,0.19577953327072117
5.4333579540252686,1.180529803113086,0.13161431608801066,0.4,0.2438240745289047,0.06170390173792839,0.19577953327072117
5.466665029525757,1.180529803113086,0.13161431608801066,0.4,0.2438240745289047,0.06170390173792839,0.19577953327072117
5.499980926513672,1.180529803113086,0.13161431608801066,0.4,0.2645730755543665,0.06130285933613777,0.19577953327072117
5.533545017242432,1.180529803113086,0.13161431608801066,0.4,0.2645730755543665,0.06130285933613777,0.19577953327072117
5.5669169425964355,1.180529803113086,0.13161431608801066,0.4,0.2645730755543665,0.06130285933613777,0.19577953327072117
5.599749326705933,1.180529803113086,0.13161431608801066,0.4,0.28567856831434774,0.06041842699050903,0.19577953327072117
5.633314847946167,1.180529803113086,0.13161431608801066,0.4,0.28567856831434774,0.06035851314663887,0.19577953327072117
5.666198253631592,1.180529803113086,0.13161431608801066,0.4,0.30708707904867055,0.060386862605810165,0.19577953327072117
5.699735403060913,1.180529803113086,0.13161431608801066,0.4,0.30708707904867055,0.059362996369600296,0.19577953327072117
5.733296871185303,1.180529803113086,0.13161431608801066,0.4,0.30708707904867055,0.059016741812229156,0.19577953327072117
5.766664505004883,1.180529803113086,0.13161431608801066,0.4,0.30708707904867055,0.059016741812229156,0.19577953327072117
5.799721717834473,1.180529803113086,0.13161431608801066,0.4,0.3287531550611837,0.05801249295473099,0.19577953327072117
5.833502769470215,1.180529803113086,0.13161431608801066,0.4,0.3287531550611837,0.05848119780421257,0.19577953327072117
5.866703271865845,1.180529803113086,0.13161431608801066,0.4,0.3287531550611837,0.05848119780421257,0.19577953327072117
5.8997602462768555,1.180529803113086,0.13161431608801066,0.4,0.35063816156015853,0.05842113494873047,0.19577953327072117
5.933363676071167,1.180529803113086,0.13161431608801066,0.4,0.35063816156015853,0.05769268423318863,0.19577953327072117
5.96671199798584,1.180529803113086,0.13161431608801066,0.4,0.35063816156015853,0.05769268423318863,0.19577953327072117
6.000004291534424,1.180529803113086,0.13161431608801066,0.4,0.3727092589726259,0.05628170073032379,0.19577953327072117
6.033225774765015,1.180529803113086,0.13161431608801066,0.4,0.3727092589726259,0.05537063255906105,0.19577953327072117
6.066642999649048,1.180529803113086,0.13161431608801066,0.4,0.3727092589726259,0.05537063255906105,0.19577953327072117
6.099942445755005,1.180529803113086,0.13161431608801066,0.4,0.3949385336615619,0.05475444719195366,0.19577953327072117
6.133280515670776,1.180529803113086,0.13161431608801066,0.4,0.3949385336615619,0.05434458702802658,0.19577953327072117
6.166607618331909,1.180529803113086,0.13161431608801066,0.4,0.3949385336615619,0.05434458702802658,0.19577953327072117
6.199846506118774,1.180529803113086,0.13161431608801066,0.4,0.41730225903549617,0.05434458702802658,0.19577953327072117
6.2333033084869385,1.180529803113086,0.13161431608801066,0.4,0.41730225903549617,0.052628293633461,0.19577953327072117
6.266615390777588,1.180529803113086,0.13161431608801066,0.4,0.4397802674916791,0.052012667059898376,0.19577953327072117
6.2999587059021,1.180529803113086,0.13161431608801066,0.4,0.4397802674916791,0.05107802897691727,0.19577953327072117
6.333055734634399,1.180529803113086,0.13161431608801066,0.4,0.4397802674916791,0.05107802897691727,0.19577953327072117
6.366814851760864,1.180529803113086,0.13161431608801066,0.4,0.4397802674916791,0.05107802897691727,0.19577953327072117
6.400038957595825,1.180529803113086,0.13161431608801066,0.4,0.4397802674916791,0.05107802897691727,0.19577953327072117
6.433054208755493,1.180529803113086,0.13161431608801066,0.4,0.46235541656777324,0.04878942668437958,0.19577953327072117
6.466559886932373,1.180529803113086,0.13161431608801066,0.4,0.46235541656777324,0.048000920563936234,0.19577953327072117
6.500017166137695,1.180529803113086,0.13161431608801066,0.4,0.46235541656777324,0.048000920563936234,0.19577953327072117
6.5332818031311035,1.180529803113086,0.13161431608801066,0.4,0.48501313517079214,0.04608336091041565,0.19577953327072117
6.56633996963501,1.180529803113086,0.13161431608801066,0.4,0.5077410378716968,0.0451306514441967,0.19577953327072117
6.599750280380249,1.180529803113086,0.13161431608801066,0.4,0.5077410378716968,0.04328886419534683,0.19577953327072117
6.633055686950684,1.180529803113086,0.13161431608801066,0.4,0.5077410378716968,0.0427556112408638,0.19577953327072117
6.666698217391968,1.180529803113086,0.13161431608801066,0.4,0.5077410378716968,0.0427556112408638,0.19577953327072117
6.699986457824707,1.180529803113086,0.13161431608801066,0.4,0.5077410378716968,0.0427556112408638,0.19577953327072117
6.7330052852630615,1.180529803113086,0.13161431608801066,0.4,0.5305285970558045,0.03948197886347771,0.19577953327072117
6.766398191452026,1.180529803113086,0.13161431608801066,0.4,0.5305285970558045,0.03948197886347771,0.19577953327072117
6.799801588058472,1.180529803113086,0.13161431608801066,0.4,0.5305285970558045,0.03948197886347771,0.19577953327072117
6.832997798919678,1.180529803113086,0.13161431608801066,0.4,0.5533668642506349,0.03577147424221039,0.19577953327072117
6.866392612457275,1.180529803113086,0.13161431608801066,0.4,0.5762482332545793,0.03475414216518402,0.19577953327072117
6.899727821350098,1.180529803113086,0.13161431608801066,0.4,0.5762482332545793,0.03266981989145279,0.19577953327072117
6.933232069015503,1.180529803113086,0.13161431608801066,0.4,0.5762482332545793,0.03220592811703682,0.19577953327072117
6.966599464416504,1.180529803113086,0.13161431608801066,0.4,0.599166238796271,0.03123282827436924,0.19577953327072117
7.000054597854614,1.180529803113086,0.13161431608801066,0.4,0.599166238796271,0.029830725863575935,0.19577953327072117
7.033392667770386,1.180529803113086,0.13161431608801066,0.4,0.599166238796271,0.02966669388115406,0.19577953327072117
7.066471815109253,1.180529803113086,0.13161431608801066,0.4,0.6221153853950475,0.02932490035891533,0.19577953327072117
7.0998241901397705,1.180529803113086,0.13161431608801066,0.4,0.6221153853950475,0.02680998109281063,0.19577953327072117
7.133103370666504,1.180529803113086,0.13161431608801066,0.4,0.6221153853950475,0.02616974711418152,0.19577953327072117
7.166661262512207,1.180529803113086,0.13161431608801066,0.4,0.6221153853950475,0.023958921432495117,0.19577953327072117
7.199868440628052,1.180529803113086,0.13161431608801066,0.4,0.6221153853950475,0.023958921432495117,0.19577953327072117
7.233055353164673,1.180529803113086,0.13161431608801066,0.4,0.6450910018923462,0.02164662629365921,0.19577953327072117
7.266296863555908,1.180529803113086,0.13161431608801066,0.4,0.6680891178033889,0.01951700448989868,0.19577953327072117
7.299800872802734,1.180529803113086,0.13161431608801066,0.4,0.6680891178033889,0.016117755323648453,0.19577953327072117
7.333348274230957,1.180529803113086,0.13161431608801066,0.4,0.6680891178033889,0.015355488285422325,0.19577953327072117
7.366441488265991,1.180529803113086,0.13161431608801066,0.4,0.6680891178033889,0.015355488285422325,0.19577953327072117
7.399715185165405,1.180529803113086,0.13161431608801066,0.4,0.6680891178033889,0.015355488285422325,0.19577953327072117
7.433083534240723,1.180529803113086,0.13161431608801066,0.4,0.691106358216114,0.015355488285422325,0.19577953327072117
7.466345548629761,1.180529803113086,0.13161431608801066,0.4,0.714139854455269,0.010621590539813042,0.19577953327072117
7.499982595443726,1.180529803113086,0.13161431608801066,0.4,0.714139854455269,0.00584652042016387,0.19577953327072117
7.532891750335693,1.2124383684753959,0.1388916175895588,0.4,0.714139854455269,0.005477295257151127,0.19357172265554082
7.566675186157227,1.2443469338377058,0.14616891909110696,0.4,0.714139854455269,0.003663924988359213,0.19218784640251577
7.59996771812439,1.2762554992000157,0.1534462205926551,0.4,0.714139854455269,0.003663924988359213,0.1887950256393747
7.633171558380127,1.3081640645623256,0.16072352209420326,0.4,0.7371871681468893,0.003663924988359213,0.18485467747643308
7.666382789611816,1.3400726299246355,0.16800082359575141,0.4,0.7602462266731056,-0.009420160204172134,0.1819581879554944
7.699994325637817,1.3719811952869454,0.1752781250972996,0.4,0.7602462266731056,-0.011892504058778286,0.17695011615686118
7.733278036117554,1.4038897606492553,0.18255542659884774,0.4,0.7602462266731056,-0.015118584968149662,0.1713963155096302
7.766743898391724,1.4357983260115652,0.1898327281003959,0.4,0.7602462266731056,-0.015118584968149662,0.1673624574429708
7.799806833267212,1.4677068913738751,0.19711002960194404,0.4,0.7602462266731056,-0.015118584968149662,0.15998615854882037
7.833231449127197,1.499615456736185,0.2043873311034922,0.4,0.7602462266731056,-0.015118584968149662,0.15329611355258885
7.866597890853882,1.531524022098495,0.21166463260504037,0.4,0.8044849325487595,-0.01903740130364895,0.14765163236378456
7.899784326553345,1.5634325874608046,0.21894193410658852,0.4,0.8044849325487595,-0.022482413798570633,0.1380776676733817
7.9330456256866455,1.5953411528231145,0.22621923560813667,0.4,0.8044849325487595,-0.024872563779354095,0.13152952563537768
7.966320753097534,1.6272497181854244,0.23349653710968482,0.4,0.8224791471527861,-0.02532724291086197,0.12160929535594381
7.999788999557495,1.6591582835477343,0.24077383861123297,0.4,0.8224791471527861,-0.027734534814953804,0.12008270750329274
8.033249855041504,1.6910668489100442,0.24805114011278112,0.4,0.8224791471527861,-0.027734534814953804,0.127252205823412
8.066415309906006,1.7229754142723541,0.25532844161432927,0.4,0.9121808880710749,-0.030076123774051666,0.141804874576924
8.099740982055664,1.754883979634664,0.2626057431158774,0.4,0.9121808880710749,-0.03219467028975487,0.1617601692070108
8.133325099945068,1.786792544996974,0.26988304461742557,0.4,0.9121808880710749,-0.03219467028975487,0.18538153508705998
8.16659140586853,1.8187011103592838,0.2771603461189737,0.4,0.9121808880710749,-0.03213619813323021,0.2114438603550347
8.19989824295044,1.8506096757215937,0.2844376476205219,0.4,0.9663135008134606,-0.03401382640004158,0.23915043368912056
8.233269929885864,1.8825182410839036,0.2917149491220701,0.4,0.9663135008134606,-0.036062344908714294,0.2679917631323768
8.2667236328125,1.9144268064462135,0.2989922506236182,0.4,1.009811311275443,-0.03586341068148613,0.29763815548608
8.299726963043213,1.9463353718085235,0.3062695521251664,0.4,1.009811311275443,-0.037986449897289276,0.32787130008093485
8.333184003829956,1.9782439371708334,0.31354685362671453,0.4,1.009811311275443,-0.037986449897289276,0.35854279877529177
8.366411447525024,2.0101525025331433,0.3208241551282627,0.4,1.0553698338417663,-0.04018682986497879,0.38954912271974995
8.3999342918396,2.042061067895453,0.32810145662981083,0.4,1.0553698338417663,-0.04253939911723137,0.4208162672605287
8.433001041412354,2.073969633257763,0.335378758131359,0.4,1.0553698338417663,-0.042603716254234314,0.45229014348280144
8.466281175613403,2.105878198620073,0.34265605963290713,0.4,1.0914062255596786,-0.044933218508958817,0.48393041680964005
8.5,2.137786763982383,0.3499333611344553,0.4,1.0914062255596786,-0.0469839833676815,0.5157064611352676
8.533243417739868,2.169695329344693,0.35721066263600343,0.4,1.0914062255596786,-0.04690658673644066,0.547594641245713
8.566370248794556,2.2016038947070027,0.3644879641375516,0.4,1.0853541555507222,-0.048959918320178986,0.5795764483712493
8.599902153015137,2.266753356648998,0.37778109816842287,0.4,1.0853541555507222,-0.050164926797151566,0.6450507039808941
8.633318185806274,2.2999942532286837,0.383796930697746,0.4,1.0853541555507222,-0.05200391635298729,0.678500594761631
8.666444778442383,2.3332351498083694,0.38981276322706915,0.4,1.114464709690454,-0.05120904743671417,0.7119817401945161
8.699753999710083,2.3664760463880548,0.39582859575639223,0.4,1.114464709690454,-0.05283186957240105,0.7454899292021453
8.733355522155762,2.39971694296774,0.40184442828571537,0.4,1.114464709690454,-0.05489183962345123,0.7790216721029731
8.766439437866211,2.432957839547426,0.4078602608150385,0.4,1.114464709690454,-0.05461159348487854,0.8125740529719675
8.799949169158936,2.4661987361271116,0.41387609334436165,0.4,1.114464709690454,-0.05461159348487854,0.846144616725387
8.833292484283447,2.499439632706797,0.4198919258736848,0.4,1.114464709690454,-0.05461159348487854,0.8797312817879661
8.8663911819458,2.5326805292864822,0.42590775840300793,0.4,1.1357398388208872,-0.05461159348487854,0.9133322718442222
8.899939775466919,2.565921425866168,0.43192359093233107,0.4,1.159460566650306,-0.06145641952753067,0.9469460619913066
8.933288335800171,2.5991623224458538,0.43793942346165415,0.4,1.159460566650306,-0.06145641952753067,0.9805713358764081
8.966381311416626,2.632403219025539,0.4439552559909773,0.4,1.159460566650306,-0.0617058202624321,1.0142069512959013
9.000118970870972,2.6656441156052244,0.44997108852030043,0.4,1.1895961057342859,-0.063341423869133,1.0478519123732586
9.033353328704834,2.69888501218491,0.4559869210496236,0.4,1.1895961057342859,-0.06299631297588348,1.0815053468959588
9.066426038742065,2.732125908764596,0.4620027535789467,0.4,1.1895961057342859,-0.06299631297588348,1.115166487730727
9.099750518798828,2.7653668053442813,0.46801858610826985,0.4,1.219894250504926,-0.06450121849775314,1.148834657487189
9.132978439331055,2.7986077019239666,0.474034418637593,0.4,1.219894250504926,-0.06391443312168121,1.1825092557872907
9.166386127471924,2.8318485985036523,0.48005025116691613,0.4,1.219894250504926,-0.06391443312168121,1.2161897486389217
9.199829816818237,2.865089495083338,0.4860660836962392,0.4,1.273745292855514,-0.06522978097200394,1.2498756595194096
9.233008861541748,2.8983303916630234,0.49208191622556235,0.4,1.273745292855514,-0.06432105600833893,1.283566561856703
9.266409397125244,2.9315712882427087,0.4980977487548855,0.4,1.273745292855514,-0.06432105600833893,1.317262072659454
9.299736976623535,2.9648121848223945,0.5041135812842086,0.4,1.3241148943555623,-0.06441157311201096,1.3509618470965081
9.333276271820068,2.9980530814020803,0.5101294138135317,0.4,1.3241148943555623,-0.06530025601387024,1.3846655738649036
9.366413354873657,3.0312939779817656,0.5161452463428549,0.4,1.3241148943555623,-0.06530025601387024,1.4183729712158641
9.399711847305298,3.064534874561451,0.522161078872178,0.4,1.297031891580578,-0.06447820365428925,1.4520837835323759
9.433259725570679,3.0977757711411367,0.5281769114015011,0.4,1.297031891580578,-0.06378569453954697,1.4857977783711234
9.466885566711426,3.1310166677208224,0.5341927439308243,0.4,1.297031891580578,-0.06378569453954697,1.519514743896984
9.50009274482727,3.1967816615105438,0.5422078303569466,0.4,1.3472039030657887,-0.06227255240082741,1.5857660558077329
9.533385276794434,3.2293057587205793,0.544207084253746,0.4,1.3472039030657887,-0.06265129894018173,1.6182997944800028
9.566596031188965,3.2618298559306154,0.5462063381505452,0.4,1.3472039030657887,-0.06265129894018173,1.6508355744007244
9.599714279174805,3.294353953140651,0.5482055920473444,0.4,1.4175141268877192,-0.05034219101071358,1.6833732772118197
9.63304877281189,3.326878050350687,0.5502048459441438,0.4,1.4175141268877192,-0.05034219101071358,1.7159127935258538
9.666318893432617,3.3594021475607225,0.552204099840943,0.4,1.4137112895325525,-0.04713821783661842,1.7484540220925109
9.699897527694702,3.3919262447707585,0.5542033537377422,0.4,1.4137112895325525,-0.04428542032837868,1.7809968690562603
9.73310661315918,3.424450341980794,0.5562026076345414,0.4,1.4137112895325525,-0.04387705773115158,1.813541247293777
9.766405820846558,3.45697443919083,0.5582018615313408,0.4,1.4137112895325525,-0.04387705773115158,1.846087075821311
9.799711227416992,3.4894985364008657,0.56020111542814,0.4,1.4244409663812243,-0.03818103298544884,1.8786342792635378
9.833133935928345,3.5220226336109017,0.5622003693249392,0.4,1.4244409663812243,-0.03717536851763725,1.9111827873765843
9.866490840911865,3.5545467308209373,0.5641996232217386,0.4,1.4244409663812243,-0.03717536851763725,1.9437325346188887
9.89964246749878,3.6282450758495886,0.5641914181703708,0.4,1.4476100013503677,-0.0334898978471756,2.0170175185418744
9.933185815811157,3.6694193236682042,0.5621839592222038,0.4,1.4476100013503677,-0.0334898978471756,2.0577710572415477
9.96663761138916,3.7105935714868195,0.5601765002740368,0.4,1.4476100013503677,-0.027323700487613678,2.098542940968064
9.999998569488525,3.7517678193054347,0.5581690413258698,0.4,1.4705123598208523,-0.023562999442219734,2.1393321208504537
10.033266305923462,3.79294206712405,0.5561615823777027,0.4,1.4705123598208523,-0.014552081003785133,2.180137626084148
10.066620111465454,3.8341163149426656,0.5541541234295357,0.4,1.4705123598208523,-0.011325824074447155,2.2209585568359587
10.099671602249146,3.875290562761281,0.5521466644813688,0.4,1.5084509475761685,-0.007072616834193468,2.261794077905329
10.13332486152649,3.916464810579896,0.5501392055332018,0.4,1.5084509475761685,-0.005748494528234005,2.302643413049898
10.166659355163574,3.9576390583985113,0.5481317465850348,0.4,1.5084509475761685,-0.005748494528234005,2.3435058398959163
10.199761152267456,3.998813306217127,0.5461242876368678,0.4,1.5719183241632357,0.002287807874381542,2.3843806853646843
10.233267545700073,4.039987554035743,0.5441168286887008,0.4,1.5719183241632357,0.003385380608960986,2.4252673215552503
10.266685247421265,4.081161801854358,0.5421093697405338,0.4,1.5719183241632357,0.003385380608960986,2.4661651620313476
10.30223822593689,4.122336049672973,0.5401019107923668,0.4,1.5877083334905164,0.0063857147470116615,2.507073658467206
10.333271980285645,4.225043633902983,0.530759461737626,0.4,1.5877083334905164,0.009043334051966667,2.6088658723689893
10.366625547409058,4.286576970314377,0.5234244716310523,0.4,1.5877083334905164,0.009043334051966667,2.669789849121064
10.400028228759766,4.348110306725771,0.5160894815244785,0.4,1.6179537245771485,0.019553549587726593,2.7307608544264195
10.433256387710571,4.409643643137166,0.5087544914179047,0.4,1.6179537245771485,0.024751244112849236,2.791775807045599
10.466527462005615,4.47117697954856,0.5014195013113311,0.4,1.6179537245771485,0.024751244112849236,2.852831887209982
10.49965214729309,4.532710315959954,0.49408451120475727,0.4,1.6343831549494792,0.027417439967393875,2.9139265096598757
10.533324003219604,4.594243652371349,0.4867495210981835,0.4,1.6343831549494792,0.03204634040594101,2.9750572999279647
10.566603183746338,4.655776988782743,0.47941453099160974,0.4,1.6343831549494792,0.03435249254107475,3.0362220734245247
10.599823951721191,4.717310325194138,0.472079540885036,0.4,1.6593617437614356,0.03435249254107475,3.0974188169483203
10.633023500442505,4.778843661605531,0.4647445507784622,0.4,1.6593617437614356,0.03740445524454117,3.1586456723032894
10.666371583938599,4.888232364594357,0.45219108143417425,0.4,1.6838889440455205,0.038803961127996445,3.267573043616586
10.699718952178955,4.936087731171789,0.44697260219646,0.4,1.6838889440455205,0.0417364127933979,3.315258659914263
10.733224630355835,4.983943097749219,0.4417541229587458,0.4,1.6838889440455205,0.0417364127933979,3.3629571966016596
10.766595602035522,5.031798464326651,0.43653564372103154,0.4,1.6838889440455205,0.0417364127933979,3.410668111599971
10.800057172775269,5.079653830904082,0.4313171644833173,0.4,1.6838889440455205,0.0417364127933979,3.458390892606929
10.833162546157837,5.127509197481514,0.42609868524560307,0.4,1.7011815013514455,0.04609530791640282,3.5061250550885696
10.866379976272583,5.1753645640589445,0.4208802060078889,0.4,1.7164005013447328,0.03954975679516792,3.553870140430672
10.899788856506348,5.223219930636376,0.41566172677017466,0.4,1.7164005013447328,0.04087815433740616,3.601625714235345
10.933073282241821,5.271075297213807,0.4104432475324604,0.4,1.7164005013447328,0.04053303599357605,3.649391364749664
10.966343641281128,5.318930663791238,0.4052247682947462,0.4,1.7290764881974012,0.04223879054188728,3.697166701414639
10.999908685684204,5.36678603036867,0.40000628905703195,0.4,1.7290764881974012,0.04161088541150093,3.7449513535239176
11.033262729644775,5.4146413969461005,0.3947878098193177,0.4,1.7290764881974012,0.04216068983078003,3.7927449689827117
11.066844940185547,5.462496763523532,0.3895693305816035,0.4,1.7290764881974012,0.04216068983078003,3.840547213158348
11.099830627441406,5.510352130100963,0.38435085134388924,0.4,1.7290764881974012,0.04216068983078003,3.8883577678146666
11.13310170173645,5.558207496678395,0.379132372106175,0.4,1.7356884667561634,0.042649079114198685,3.9361763301232577
11.166268110275269,5.606062863255826,0.3739138928684608,0.4,1.7444306062306156,0.042335301637649536,3.984002611745148
11.199902057647705,5.653918229833257,0.36869541363074654,0.4,1.7444306062306156,0.04258032888174057,4.031836337977196
11.233038425445557,5.737724466204598,0.36306892917468764,0.4,1.7444306062306156,0.04197786748409271,4.11562721932396
11.266411304473877,5.773675335998507,0.362660923956343,0.4,1.7444306062306156,0.04197786748409271,4.151577247330074
11.299961805343628,5.8096262057924175,0.3622529187379983,0.4,1.7444306062306156,0.04197786748409271,4.187527329543252
11.333022117614746,5.845577075586327,0.36184491351965364,0.4,1.750473888028565,0.040774814784526825,4.2234774645792665
11.366587162017822,5.8815279453802365,0.361436908301309,0.4,1.750473888028565,0.03884138911962509,4.259427651100623
11.40003776550293,5.917478815174146,0.3610289030829643,0.4,1.750473888028565,0.03884138911962509,4.295377887814602
11.43290376663208,5.953429684968056,0.36062089786461965,0.4,1.7570849353593656,0.03705436363816261,4.331328173471398
11.466500043869019,5.989380554761966,0.360212892646275,0.4,1.7570849353593656,0.036386724561452866,4.36727850686236
11.500025987625122,6.025331424555875,0.3598048874279303,0.4,1.7570849353593656,0.036386724561452866,4.4032288868183045
11.532943964004517,6.061282294349785,0.35939688220958566,0.4,1.746921094998605,0.035138607025146484,4.439179312207921
11.5663583278656,6.097233164143695,0.358988876991241,0.4,1.7638645396184562,0.03507577255368233,4.475129781936254
11.600186824798584,6.133184033937605,0.3585808717728963,0.4,1.7638645396184562,0.033337198197841644,4.5110802949432465
11.633198738098145,6.169134903731514,0.35817286655455166,0.4,1.7638645396184562,0.03312527388334274,4.547030850202367
11.666321277618408,6.205085773525424,0.357764861336207,0.4,1.7666458472193953,0.03204457834362984,4.582981446719293
11.699709177017212,6.241036643319333,0.35735685611786233,0.4,1.7666458472193953,0.031110165640711784,4.618932083530658
11.733047008514404,6.2769875131132435,0.35694885089951767,0.4,1.7666458472193953,0.030564917251467705,4.654882759702855
11.766429662704468,6.312938382907153,0.356540845681173,0.4,1.7666458472193953,0.030564917251467705,4.690833474330894
11.799964189529419,6.3488892527010625,0.35613284046282834,0.4,1.7666458472193953,0.030564917251467705,4.7267842265373226
11.835999011993408,6.384840122494972,0.3557248352444837,0.4,1.7619855538563078,0.030564917251467705,4.762735015471174
11.86914610862732,6.420790992288882,0.355316830026139,0.4,1.760712656961146,0.02825060859322548,4.798685840306988
11.89977502822876,6.456741862082792,0.35490882480779434,0.4,1.760712656961146,0.022737428545951843,4.83463670024385
11.933071374893188,6.5649297853055915,0.35829098147753446,0.4,1.760712656961146,0.021314753219485283,4.942825720267935
11.966562509536743,6.637166838734481,0.36208114336561925,0.4,1.760712656961146,0.021314753219485283,5.0150666795740415
12.00005030632019,6.709403892163371,0.3658713052537041,0.4,1.760712656961146,0.021314753219485283,5.087310351711976
12.033103704452515,6.78164094559226,0.3696614671417889,0.4,1.760712656961146,0.021314753219485283,5.15955662272722
12.066278219223022,6.85387799902115,0.37345162902987367,0.4,1.747246504152544,0.006305863615125418,5.231805384955681
12.099796056747437,6.926115052450039,0.37724179091795845,0.4,1.747246504152544,0.0031500719487667084,5.304056536595801
12.133223056793213,6.998352105878929,0.3810319528060433,0.4,1.747246504152544,0.002011008793488145,5.376309981315111
12.166436195373535,7.0705891593078185,0.3848221146941281,0.4,1.747246504152544,0.002011008793488145,5.44856562788802
12.199957370758057,7.142826212736709,0.38861227658221287,0.4,1.747246504152544,0.002011008793488145,5.5208233898620165
12.23314619064331,7.215063266165598,0.39240243847029765,0.4,1.747246504152544,0.002011008793488145,5.5930831852496805
12.26636528968811,7.287300319594488,0.3961926003583825,0.4,1.75503486028444,-0.0031227513682097197,5.66534493624425
12.299760818481445,7.359537373023377,0.3999827622464673,0.4,1.75503486028444,-0.009129224345088005,5.737608568956623
12.333259582519531,7.4879623537401665,0.4107056250969364,0.4,1.75503486028444,-0.010152610950171947,5.8661217206116
12.366393804550171,7.544150281028066,0.41763832605932083,0.4,1.75503486028444,-0.011800635606050491,5.922376408517317
12.400049924850464,7.600338208315965,0.4245710270217052,0.4,1.75503486028444,-0.011800635606050491,5.9786378798456115
12.433208703994751,7.6565261356038645,0.43150372798408954,0.4,1.75503486028444,-0.011800635606050491,6.03490594487754
12.46688985824585,7.712714062891764,0.43843642894647394,0.4,1.7745199709336474,-0.016894374042749405,6.091180420882541
12.499802827835083,7.768901990179663,0.4453691299088583,0.4,1.7745199709336474,-0.018594330176711082,6.147461131800544
12.53329086303711,7.8250899174675626,0.45230183087124265,0.4,1.7745199709336474,-0.02145579643547535,6.203747907941225
12.566419839859009,7.881277844755463,0.45923453183362706,0.4,1.7574915439235297,-0.024665405973792076,6.260040585699341
12.59986162185669,7.937465772043362,0.4661672327960114,0.4,1.7574915439235297,-0.028115220367908478,6.31633900728514
12.633302450180054,7.9936536993312615,0.47309993375839576,0.4,1.7574915439235297,-0.02947608195245266,6.3726430204689635
12.666492700576782,8.04984162661916,0.48003263472078017,0.4,1.7524699751106523,-0.03246176615357399,6.428952478339132
12.699765682220459,8.10602955390706,0.4869653356831645,0.4,1.7524699751106523,-0.03528709337115288,6.485267239072344
12.733312606811523,8.16221748119496,0.49389803664554893,0.4,1.7524699751106523,-0.03544815257191658,6.5415871657158435
12.766433477401733,8.218405408482859,0.5008307376079333,0.4,1.7524699751106523,-0.03674706444144249,6.597912125980655
12.7997145652771,8.274593335770758,0.5077634385703177,0.4,1.7483750837141239,-0.03920939564704895,6.654241992045224
12.83316946029663,8.330781263058658,0.514696139532702,0.4,1.7483750837141239,-0.04038076475262642,6.71057664036888
12.866346597671509,8.435732153256787,0.528290800747044,0.4,1.755561114833716,-0.04169750213623047,6.815830361762709
12.900057077407837,8.484495116167018,0.5349527609990016,0.4,1.755561114833716,-0.043344397097826004,6.86474908225516
12.933250188827515,8.533258079077248,0.5416147212509592,0.4,1.755561114833716,-0.04313952848315239,6.913672021498567
12.966601133346558,8.582021041987478,0.5482766815029169,0.4,1.7606285887188675,-0.043744951486587524,6.962599090563342
12.999903202056885,8.630784004897707,0.5549386417548745,0.4,1.7606285887188675,-0.046345002949237823,7.011530202994723
13.03330397605896,8.679546967807939,0.561600602006832,0.4,1.7606285887188675,-0.046584486961364746,7.0604652747275365
13.066459894180298,8.728309930718169,0.5682625622587897,0.4,1.779071472216227,-0.046584486961364746,7.109404224004419
13.09983205795288,8.777072893628398,0.5749245225107473,0.4,1.779071472216227,-0.04786478728055954,7.158346971297405
13.133373260498047,8.825835856538628,0.5815864827627049,0.4,1.779071472216227,-0.04867314547300339,7.207293439232647
13.16643738746643,8.87459881944886,0.5882484430146625,0.4,1.779071472216227,-0.04924089089035988,7.256243552518174
13.19978380203247,8.92336178235909,0.5949104032666201,0.4,1.779071472216227,-0.04924089089035988,7.305197237874521
13.233087062835693,8.97212474526932,0.6015723635185778,0.4,1.779071472216227,-0.04924089089035988,7.354154423968118
13.266378164291382,9.02088770817955,0.6082343237705353,0.4,1.7749755244254513,-0.04924089089035988,7.403115041347294
13.299739360809326,9.06965067108978,0.614896284022493,0.4,1.7709736425200415,-0.05155208706855774,7.452079022380775
13.333200693130493,9.11841363400001,0.6215582442744506,0.4,1.7709736425200415,-0.0529877133667469,7.501046301198589
13.366719484329224,9.16717659691024,0.6282202045264083,0.4,1.7709736425200415,-0.05290841683745384,7.5500168136352395
13.400003671646118,9.215939559820471,0.6348821647783658,0.4,1.7669649955699844,-0.05263203755021095,7.598990497175069
13.433037519454956,9.314670074647701,0.6440627417044622,0.4,1.7669649955699844,-0.053191691637039185,7.697994150945577
13.466911554336548,9.364637626564702,0.646581358378601,0.4,1.7669649955699844,-0.053191691637039185,7.748021064288752
13.499983549118042,9.414605178481702,0.6490999750527396,0.4,1.756793403980175,-0.05330629646778107,7.798048029903453
13.533100366592407,9.464572730398702,0.6516185917268784,0.4,1.756793403980175,-0.05268780514597893,7.848075046790078
13.566453218460083,9.514540282315703,0.6541372084010172,0.4,1.756793403980175,-0.05268780514597893,7.898102113974354
13.60028862953186,9.564507834232703,0.656655825075156,0.4,1.7613291503045239,-0.05076621472835541,7.948129230506525
13.632975101470947,9.614475386149703,0.6591744417492947,0.4,1.7613291503045239,-0.04931215941905975,7.998156395460606
13.666455268859863,9.664442938066703,0.6616930584234334,0.4,1.7613291503045239,-0.04874991998076439,8.04818360793363
13.700155019760132,9.714410489983704,0.6642116750975722,0.4,1.7755910603452365,-0.0480990968644619,8.09821086704495
13.733307838439941,9.764378041900704,0.666730291771711,0.4,1.7755910603452365,-0.0473591648042202,8.148238171935526
13.766561508178711,9.814345593817704,0.6692489084458497,0.4,1.7755910603452365,-0.0473591648042202,8.19826552176731
13.800314664840698,9.864313145734705,0.6717675251199885,0.4,1.784851889321963,-0.045128826051950455,8.248292915722567
13.833104848861694,9.914280697651705,0.6742861417941272,0.4,1.784851889321963,-0.044806309044361115,8.298320353003286
13.866537809371948,9.964248249568705,0.6768047584682659,0.4,1.784851889321963,-0.044806309044361115,8.348347832830585
13.899764776229858,10.014215801485705,0.6793233751424047,0.4,1.7953252253684344,-0.04039053991436958,8.398375354444141
13.933259725570679,10.064183353402706,0.6818419918165435,0.4,1.7953252253684344,-0.04039053991436958,8.448402917101637
13.96659231185913,10.114150905319706,0.6843606084906823,0.4,1.7953252253684344,-0.04039053991436958,8.498430520078234
14.001830577850342,10.164118457236706,0.6868792251648209,0.4,1.796942993042424,-0.03420882299542427,8.54845816266606
14.033286333084106,10.214086009153707,0.6893978418389597,0.4,1.796942993042424,-0.03420882299542427,8.598485844173723
14.066672086715698,10.324931633052685,0.6914854878269812,0.4,1.796942993042424,-0.03420882299542427,8.709329084336598
14.099953651428223,10.385809705034665,0.6910545171408637,0.4,1.7879982909475074,-0.025283584371209145,8.770145493884458
14.133298397064209,10.446687777016644,0.6906235464547464,0.4,1.7879982909475074,-0.02461284026503563,8.83096277419967
14.166475772857666,10.507565848998624,0.6901925757686291,0.4,1.789674446218135,-0.012020095251500607,8.891780907414821
14.199753046035767,10.568443920980602,0.6897616050825118,0.4,1.789674446218135,-0.007499730214476585,8.952599876147772
14.23423981666565,10.629321992962582,0.6893306343963944,0.4,1.789674446218135,-0.004643421620130539,9.013419663485298
14.26637887954712,10.739421037192903,0.6852896715651512,0.4,1.7914460623870019,-0.0006042916793376207,9.123296664449672
14.299964189529419,10.788642009441245,0.6816796794200252,0.4,1.7914460623870019,0.007231136783957481,9.17235625991752
14.333300590515137,10.837862981689588,0.6780696872748992,0.4,1.7914460623870019,0.011045549064874649,9.221418988552813
14.3663010597229,10.88708395393793,0.6744596951297733,0.4,1.79399258869704,0.015930771827697754,9.270484800610019
14.399746179580688,10.936304926186274,0.6708497029846473,0.4,1.79399258869704,0.024860281497240067,9.319553647388117
14.4332754611969,10.985525898434616,0.6672397108395214,0.4,1.79399258869704,0.026336103677749634,9.368625481203397
14.466578722000122,11.034746870682959,0.6636297186943955,0.4,1.79399258869704,0.026336103677749634,9.417700255363128
14.499809980392456,11.083967842931301,0.6600197265492694,0.4,1.7978915570047416,0.037405453622341156,9.46677792414001
14.533304691314697,11.133188815179643,0.6564097344041435,0.4,1.7978915570047416,0.042522646486759186,9.515858442747414
14.566577672958374,11.182409787427986,0.6527997422590176,0.4,1.8016392853023306,0.048506297171115875,9.564941767315394
14.599914312362671,11.231630759676328,0.6491897501138916,0.4,1.8016392853023306,0.059581458568573,9.614027854867418
14.63325309753418,11.28085173192467,0.6455797579687657,0.4,1.8016392853023306,0.059581458568573,9.663116663297787
14.666549682617188,11.330072704173013,0.6419697658236397,0.4,1.794505049737474,0.059581458568573,9.712208151349767
14.699695825576782,11.379293676421355,0.6383597736785137,0.4,1.794505049737474,0.08213287591934204,9.761302278594341
14.733412265777588,11.4285146486697,0.6347497815333878,0.4,1.794505049737474,0.08219221234321594,9.810399005409618
14.7666654586792,11.477735620918041,0.6311397893882619,0.4,1.794505049737474,0.08219221234321594,9.859498292960836
14.79988980293274,11.526956593166384,0.6275297972431358,0.4,1.794505049737474,0.0877138003706932,9.908600103180975
14.833214282989502,11.630559283671476,0.6237110211885828,0.4,1.8014491065886156,0.09700259566307068,10.01206078367989
14.86654543876648,11.684941001928227,0.6235022372791557,0.4,1.8014491065886156,0.09700259566307068,10.066417446590474
14.899882793426514,11.739322720184976,0.6232934533697286,0.4,1.8014491065886156,0.09700259566307068,10.120774383004685
14.933231353759766,11.793704438441726,0.6230846694603015,0.4,1.778126562002832,0.10485579818487167,10.175131588539246
14.966550350189209,11.848086156698477,0.6228758855508744,0.4,1.778126562002832,0.10632969439029694,10.229489058904026
14.999948263168335,11.902467874955226,0.6226671016414473,0.4,1.778126562002832,0.10632969439029694,10.283846789899567
15.03298807144165,11.956849593211977,0.6224583177320202,0.4,1.7731316981775644,0.10526284575462341,10.338204777414727
15.066490888595581,12.057721140036376,0.6300230287141392,0.4,1.7749565372306795,0.10364605486392975,10.439239443690866
15.099884033203125,12.104210968604026,0.6377965236056854,0.4,1.7749565372306795,0.10236039012670517,10.485919974759115
15.133315801620483,12.150700797171675,0.6455700184972315,0.4,1.7749565372306795,0.1009758710861206,10.532604556051623
15.166440725326538,12.197190625739324,0.6533435133887777,0.4,1.7749565372306795,0.1009758710861206,10.579293133949584
15.199731826782227,12.243680454306974,0.6611170082803238,0.4,1.7749565372306795,0.1009758710861206,10.625985655772
15.233031749725342,12.290170282874623,0.6688905031718699,0.4,1.7787623976532474,0.09289867430925369,10.672682069755382
15.266415119171143,12.336660111442272,0.6766639980634161,0.4,1.7793957475961764,0.07140804082155228,10.719382325033932
15.299734115600586,12.383149940009922,0.6844374929549623,0.4,1.7793957475961764,0.06427661329507828,10.766086371620275
15.33322787284851,12.429639768577571,0.6922109878465085,0.4,1.7793957475961764,0.06219383701682091,10.812794160386668
15.366276741027832,12.47612959714522,0.6999844827380546,0.4,1.7924219258456853,0.057705655694007874,10.859505643046662
15.400052070617676,12.52261942571287,0.7077579776296008,0.4,1.7924219258456853,0.051025692373514175,10.906220772137285
15.433414697647095,12.56910925428052,0.7155314725211469,0.4,1.7924219258456853,0.048449065536260605,10.95293950100161
15.466643571853638,12.615599082848169,0.723304967412693,0.4,1.7924219258456853,0.048449065536260605,10.999661783771817
15.499815464019775,12.662088911415818,0.7310784623042392,0.4,1.7924219258456853,0.048449065536260605,11.046387575352638
15.532940149307251,12.708578739983468,0.7388519571957853,0.4,1.7791255630921885,0.041359249502420425,11.093116831405238
15.566458702087402,12.755068568551117,0.7466254520873316,0.4,1.7791255630921885,0.041359249502420425,11.139849508331496
15.600040435791016,12.801558397118766,0.7543989469788777,0.4,1.7791255630921885,0.041359249502420425,11.18658556325865
15.632993936538696,12.848048225686416,0.7621724418704239,0.4,1.7713792176872634,0.037063512951135635,11.233324954024361
15.666427373886108,12.940540895986443,0.7908306236135751,0.4,1.7624533558184483,0.04056254401803017,11.326823845491182
15.699972152709961,12.986543737718819,0.8117153104651804,0.4,1.7624533558184483,0.04408020153641701,11.373612257004712
15.733289003372192,13.032546579451196,0.8325999973167856,0.4,1.7624533558184483,0.04202796518802643,11.420432477878089
15.766294240951538,13.078549421183574,0.8534846841683907,0.4,1.7639720831868448,0.04789762571454048,11.467284118484299
15.799981832504272,13.12455226291595,0.8743693710199959,0.4,1.7639720831868448,0.02579723671078682,11.514166795278607
15.833082675933838,13.170555104648328,0.8952540578716012,0.4,1.7639720831868448,0.02368144690990448,11.561080130685687
15.866955280303955,13.216557946380705,0.9161387447232063,0.4,1.7639720831868448,0.02368144690990448,11.608023752989093
15.900243043899536,13.262560788113081,0.9370234315748115,0.4,1.7639720831868448,0.02368144690990448,11.654997296223078
15.933440446853638,13.308563629845459,0.9579081184264167,0.4,1.7628348121281445,0.02368144690990448,11.70200040006666
15.96643877029419,13.354566471577836,0.9787928052780219,0.4,1.7766107097536885,0.03426368534564972,11.749032709739893
15.999871969223022,13.400569313310212,0.9996774921296271,0.4,1.7766107097536885,0.0476643368601799,11.796093875902324
16.033385515213013,13.44657215504259,1.0205621789812322,0.4,1.7766107097536885,0.05184099078178406,11.843183554553535
16.066670179367065,13.492574996774968,1.0414468658328375,0.4,1.7766107097536885,0.05184099078178406,11.890301406935784
16.09998869895935,13.538577838507344,1.0623315526844426,0.4,1.7766107097536885,0.05184099078178406,11.937447099438618
16.132996797561646,13.584580680239721,1.0832162395360478,0.4,1.7760925550790072,0.053949564695358276,11.984620303505514
16.169405937194824,13.630583521972099,1.1041009263876531,0.4,1.7788608023522416,0.0657617598772049,12.0318206955424
16.199708938598633,13.676586363704475,1.1249856132392582,0.4,1.7788608023522416,0.06783030927181244,12.07904795682809
16.23296880722046,13.770465527438533,1.1750262641647249,0.4,1.7788608023522416,0.07630645483732224,12.176005404174898
16.266648054122925,13.818341849440216,1.2041822282385861,0.4,1.7788608023522416,0.07630645483732224,12.225763981432147
16.29972791671753,13.866218171441897,1.2333381923124476,0.4,1.7788608023522416,0.07630645483732224,12.275576837027652
16.333221673965454,13.914094493443578,1.262494156386309,0.4,1.7788608023522416,0.07630645483732224,12.325443312869318
16.366427183151245,13.96197081544526,1.2916501204601702,0.4,1.7666978477485495,0.08040473610162735,12.375362760769447
16.400025844573975,14.009847137446942,1.3208060845340317,0.4,1.7666978477485495,0.09414900839328766,12.425334542273793
16.434829711914062,14.057723459448624,1.349962048607893,0.4,1.7666978477485495,0.09718538075685501,12.475358028493789
16.466407299041748,14.143211158961064,1.4142576147994155,0.4,1.7666978477485495,0.09718538075685501,12.565831786744253
16.49985146522522,14.180822536471824,1.4493972169170763,0.4,1.7666978477485495,0.09718538075685501,12.606311672512687
16.53328824043274,14.218433913982583,1.4845368190347374,0.4,1.7666978477485495,0.09718538075685501,12.646871482347615
16.56668734550476,14.256045291493342,1.5196764211523983,0.4,1.76593220143047,0.12609349191188812,12.687510449738182
16.59995412826538,14.2936566690041,1.5548160232700594,0.4,1.7794169327550826,0.13001592457294464,12.728227816476428
16.633275508880615,14.331268046514861,1.5899556253877205,0.4,1.7794169327550826,0.12156318873167038,12.769022832571942
16.66640543937683,14.36887942402562,1.6250952275053814,0.4,1.7794169327550826,0.13207542896270752,12.80989475616694
16.699730396270752,14.406490801536378,1.6602348296230425,0.4,1.7794169327550826,0.13207542896270752,12.85084285345181
16.73320960998535,14.444102179047139,1.6953744317407033,0.4,1.7794169327550826,0.13207542896270752,12.89186639858109
16.766297578811646,14.481713556557898,1.7305140338583644,0.4,1.7956222043914678,0.14380066096782684,12.932964673589941
16.79969882965088,14.519324934068656,1.7656536359760255,0.4,1.7956222043914678,0.15214021503925323,12.974136968311111
16.833039045333862,14.556936311579417,1.8007932380936864,0.4,1.7956222043914678,0.15278591215610504,13.015382580292414
16.866291999816895,14.594547689090176,1.8359328402113475,0.4,1.8010111512891749,0.1544778198003769,13.056700814714713
16.900304317474365,14.632159066600934,1.8710724423290084,0.4,1.8010111512891749,0.15158408880233765,13.098090984310462
16.933379411697388,14.669770444111693,1.9062120444466695,0.4,1.8010111512891749,0.15158408880233765,13.139552409282768
16.96644639968872,14.707381821622453,1.9413516465643306,0.4,1.7853857521526528,0.15158408880233765,13.181084417225039
16.99977207183838,14.766910521632688,2.0246978214856184,0.4,1.7853857521526528,0.15158408880233765,13.250426743012268
17.033058643341064,14.788827844132166,2.0729043942892456,0.4,1.7853857521526528,0.1615617573261261,13.278320379581004
17.066505670547485,14.810745166631643,2.1211109670928727,0.4,1.7909226301308467,0.16251665353775024,13.306366289075005
17.099926233291626,14.83266248913112,2.1693175398965,0.4,1.7909226301308467,0.1652829349040985,13.3345635106906
17.1333429813385,14.854579811630597,2.2175241127001266,0.4,1.7909226301308467,0.16222330927848816,13.362911086571847
17.166292190551758,14.876497134130073,2.265730685503754,0.4,1.7852224507472954,0.13334313035011292,13.391408061887383
17.199764728546143,14.89841445662955,2.313937258307381,0.4,1.7852224507472954,0.13377231359481812,13.420053484905118
17.23317527770996,14.920331779129027,2.362143831111008,0.4,1.7852224507472954,0.13063108921051025,13.448846407064796
17.266419649124146,14.942249101628505,2.4103504039146353,0.4,1.7855805611037847,0.12906187772750854,13.477785883048425
17.300028562545776,14.964166424127981,2.4585569767182625,0.4,1.7855805611037847,0.12856927514076233,13.506870970848619
17.333033561706543,14.98608374662746,2.506763549521889,0.4,1.7855805611037847,0.12856927514076233,13.536100731834885
17.366551160812378,15.008001069126935,2.5549701223255163,0.4,1.7855805611037847,0.12856927514076233,13.565474230817834
17.399725675582886,15.029918391626412,2.6031766951291435,0.4,1.7855805611037847,0.12856927514076233,13.5949905361114
17.43308925628662,15.05183571412589,2.6513832679327707,0.4,1.7855805611037847,0.12856927514076233,13.624648719593047
17.466514110565186,15.073753036625366,2.6995898407363974,0.4,1.7899608441255987,0.12856927514076233,13.654447856762
17.499818325042725,15.095670359124844,2.7477964135400246,0.4,1.7961122740159778,0.12856927514076233,13.684387026795548
17.533008813858032,15.118931492456468,2.8439970776493535,0.4,1.7961122740159778,0.11189977824687958,13.72441046209406
17.566633939743042,15.120275303288615,2.891991168955055,0.4,1.7870320166334028,0.11189977824687958,13.734516253975858
17.599721670150757,15.121619114120763,2.939985260260756,0.4,1.7870320166334028,0.0674714595079422,13.744782333913944
17.63309955596924,15.12296292495291,2.987979351566458,0.4,1.7870320166334028,0.06417302787303925,13.755208343019536
17.666288137435913,15.124306735785058,3.0359734428721596,0.4,1.7923219549394844,0.054824475198984146,13.765793917908672
17.699686765670776,15.125650546617205,3.083967534177861,0.4,1.7923219549394844,0.04122544452548027,13.776538690761335
17.733227491378784,15.126994357449354,3.1319616254835623,0.4,1.7923219549394844,0.03712479770183563,13.78744228938103
17.766428470611572,15.1283381682815,3.179955716789264,0.4,1.7923219549394844,0.03712479770183563,13.798504337254684
17.799734354019165,15.129681979113649,3.227949808094966,0.4,1.772883393470116,0.01949373260140419,13.809724453612963
17.833076238632202,15.131025789945797,3.275943899400667,0.4,1.772883393470116,0.016404207795858383,13.821102253490896
17.866429328918457,15.132369600777944,3.3239379907063684,0.4,1.772883393470116,0.016404207795858383,13.832637347788813
17.899937629699707,15.133713411610092,3.37193208201207,0.4,1.7605232264871602,-0.00019706867169588804,13.844329343333623
17.933070182800293,15.135057222442239,3.419926173317772,0.4,1.7605232264871602,-0.0030120706651359797,13.856177842940326
17.96641778945923,15.136401033274387,3.4679202646234732,0.4,1.7605232264871602,-0.009426438249647617,13.868182445473817
17.999892473220825,15.137744844106534,3.5159143559291746,0.4,1.7541796948176533,-0.018484612926840782,13.880342745910903
18.03338360786438,15.139088654938682,3.5639084472348763,0.4,1.7541796948176533,-0.02170662023127079,13.892658335402567
18.066391229629517,15.140432465770829,3.611902538540578,0.4,1.7541796948176533,-0.02170662023127079,13.905128801336396
18.099709510803223,15.13844538165443,3.705789256857404,0.4,1.7660451812930582,-0.032956887036561966,13.925489646375762
18.1329824924469,15.13511448670588,3.751681883868529,0.4,1.7660451812930582,-0.032956887036561966,13.933373224824354
18.16638994216919,15.131783591757333,3.7975745108796537,0.4,1.7660451812930582,-0.032956887036561966,13.94140421224979
18.19969367980957,15.128452696808784,3.8434671378907788,0.4,1.7697134873037255,-0.033049460500478745,13.949582354055277
18.23304772377014,15.125121801860237,3.8893597649019034,0.4,1.7697134873037255,-0.03257408365607262,13.957907391581122
18.266780614852905,15.121790906911688,3.9352523919130284,0.4,1.7697134873037255,-0.03257408365607262,13.966379062143833
18.300062656402588,15.11846001196314,3.981145018924153,0.4,1.7844521677387275,-0.03684041276574135,13.97499709907572
18.333308696746826,15.115129117014593,4.027037645935278,0.4,1.7844521677387275,-0.03681064769625664,13.98376123176487
18.3666033744812,15.111798222066044,4.072930272946403,0.4,1.7844521677387275,-0.03681064769625664,13.992671185695595
18.399543046951294,15.108467327117497,4.118822899957528,0.4,1.7936846463145573,-0.038833990693092346,14.00172668248926
18.433037519454956,15.105136432168948,4.164715526968652,0.4,1.7936846463145573,-0.038833990693092346,14.010927439945503
18.466591596603394,15.1018055372204,4.210608153979777,0.4,1.7936846463145573,-0.038833990693092346,14.020273172083858
18.499707221984863,15.098474642271853,4.256500780990902,0.4,1.7905186801085375,-0.038833990693092346,14.029763589185713
18.533100366592407,15.095143747323304,4.302393408002027,0.4,1.7905186801085375,-0.04309379309415817,14.039398397836646
18.566440105438232,15.091812852374757,4.348286035013151,0.4,1.7905186801085375,-0.04309379309415817,14.049177300969102
18.60014009475708,15.088481957426207,4.394178662024276,0.4,1.7847056511339157,-0.04488527774810791,14.059099997905381
18.634310722351074,15.08515106247766,4.4400712890354015,0.4,1.7847056511339157,-0.04568800702691078,14.069166184400943
18.666690349578857,15.081820167529111,4.485963916046526,0.4,1.7847056511339157,-0.04568800702691078,14.07937555268802
18.699755430221558,15.074655887436217,4.584644317549116,0.4,1.7799380185999039,-0.046898018568754196,14.101809732089734
18.733030319213867,15.07082250229187,4.637432092040581,0.4,1.7799380185999039,-0.04649917781352997,14.114079803124211
18.76668429374695,15.066989117147523,4.690219866532046,0.4,1.7799380185999039,-0.04649917781352997,14.126537514402163
18.7996609210968,15.063155732003175,4.743007641023512,0.4,1.7824763305338376,-0.04637874290347099,14.139182369946973
18.83326506614685,15.059322346858828,4.795795415514977,0.4,1.7824763305338376,-0.02155851386487484,14.15201386811721
18.866631031036377,15.055488961714481,4.848583190006442,0.4,1.7824763305338376,-0.02155851386487484,14.16503150169809
18.89965581893921,15.051655576570134,4.901370964497907,0.4,1.7785634223730884,-0.02155851386487484,14.178234757993378
18.933376789093018,15.04643382512646,5.006118094661171,0.4,1.7785634223730884,-0.019832443445920944,14.207235050852013
18.96663498878479,15.045045458827131,5.05807745033297,0.4,1.7785634223730884,-0.019832443445920944,14.223019800145218
18.999731063842773,15.043657092527804,5.11003680600477,0.4,1.7839095551572985,-0.017851300537586212,14.238976792062466
19.03355383872986,15.042268726228476,5.161996161676568,0.4,1.7839095551572985,-0.014630208723247051,14.255105448184862
19.066746950149536,15.040880359929147,5.213955517348367,0.4,1.7839095551572985,-0.014630208723247051,14.271405186499734
19.099812269210815,15.03949199362982,5.265914873020166,0.4,1.7839095551572985,-0.014630208723247051,14.287875421490732
19.133163452148438,15.038103627330493,5.317874228691966,0.4,1.78489820508833,-0.012254719622433186,14.304515564227684
19.166752099990845,15.036715261031164,5.369833584363764,0.4,1.78489820508833,-0.00923173502087593,14.32132502245622
19.20005965232849,15.035326894731837,5.421792940035563,0.4,1.78489820508833,-0.00923173502087593,14.338303200687136
19.23305916786194,15.033938528432508,5.473752295707362,0.4,1.7912887045510484,-0.00845650490373373,14.355449500285419
19.26662802696228,15.03255016213318,5.5257116513791615,0.4,1.7912887045510484,-0.007368589285761118,14.372763319558992
19.300082445144653,15.031161795833853,5.57767100705096,0.4,1.7912887045510484,-0.007368589285761118,14.39024405384709
19.33336877822876,15.029773429534524,5.629630362722759,0.4,1.7723520148287795,-0.0031990129500627518,14.407891095608276
19.366615295410156,15.028385063235197,5.681589718394558,0.4,1.7723520148287795,-0.0031990129500627518,14.425703834508065
19.400091886520386,15.02699669693587,5.733549074066357,0.4,1.7723520148287795,-0.0031990129500627518,14.443681657506119
19.433413982391357,15.02560833063654,5.785508429738156,0.4,1.76935070669333,0.0017745340010151267,14.461823948943035
19.466549158096313,15.02413640948293,5.884217092406437,0.4,1.7648917317396113,0.003112186910584569,14.497817654582134
19.49982762336731,15.024052854628646,5.930966399402918,0.4,1.7648917317396113,0.006220419891178608,14.515634228614587
19.53334665298462,15.023969299774361,5.977715706399399,0.4,1.7648917317396113,0.0067879376001656055,14.533579338267415
19.566670894622803,15.023885744920078,6.024465013395881,0.4,1.7648917317396113,0.0067879376001656055,14.551652508009932
19.60013723373413,15.023802190065794,6.071214320392362,0.4,1.7648917317396113,0.0067879376001656055,14.569853261285857
19.633236408233643,15.02371863521151,6.117963627388844,0.4,1.7748035284878885,0.0067879376001656055,14.588181120561421
19.666847944259644,15.023635080357227,6.164712934385325,0.4,1.7748035284878885,0.0067879376001656055,14.606635607373084
19.700042009353638,15.023551525502942,6.211462241381806,0.4,1.7748035284878885,0.0067879376001656055,14.625216242374881
19.733150482177734,15.023467970648658,6.258211548378288,0.4,1.775076777286328,0.013285149820148945,14.643922545385337
19.76658272743225,15.023384415794375,6.30496085537477,0.4,1.775076777286328,0.01416092924773693,14.662754035433998
19.799943208694458,15.023300860940092,6.351710162371251,0.4,1.775076777286328,0.01416092924773693,14.681710230807553
19.8330819606781,15.023217306085806,6.398459469367732,0.4,1.7943009481036565,0.016550902277231216,14.700790649095524
19.86688494682312,15.023133751231523,6.445208776364214,0.4,1.7843650159942193,0.017283333465456963,14.719994807235558
19.90007972717285,15.02305019637724,6.491958083360696,0.4,1.7843650159942193,0.017619628459215164,14.73932222155827
19.933260917663574,15.022966641522956,6.538707390357176,0.4,1.7843650159942193,0.018223408609628677,14.758772407831659
19.966596603393555,15.022883086668672,6.585456697353658,0.4,1.7843650159942193,0.018617475405335426,14.778344881305108
20.000052213668823,15.022799531814387,6.63220600435014,0.4,1.7843650159942193,0.018617475405335426,14.798039156752923
20.033154487609863,15.022715976960104,6.678955311346621,0.4,1.7836376469027517,0.020577458664774895,14.81785474851744
20.06646990776062,15.022457276262136,6.780903145155389,0.4,1.7836376469027517,0.020569534972310066,14.861416722168043
20.09963846206665,15.022282130418452,6.836101671967676,0.4,1.7711385997074438,0.02174505405128002,14.885209470311374
20.133174180984497,15.022106984574767,6.891300198779963,0.4,1.7711385997074438,0.022359231486916542,14.909168614521587
20.16663098335266,15.021931838731083,6.94649872559225,0.4,1.7711385997074438,0.022900139912962914,14.933293353895525
20.199857473373413,15.021756692887399,7.001697252404537,0.4,1.7804602504493798,0.022477127611637115,14.957582887179386
20.23302912712097,15.021581547043715,7.056895779216824,0.4,1.7804602504493798,0.02311100997030735,14.98203641285989
20.266544103622437,15.02140640120003,7.112094306029111,0.4,1.7804602504493798,0.02311100997030735,15.006653129254179
20.299934148788452,15.021231255356346,7.167292832841397,0.4,1.7804602504493798,0.02311100997030735,15.031432234598455
20.3329975605011,15.021056109512662,7.222491359653684,0.4,1.7804053172368468,0.023699721321463585,15.05637292713532
20.366610288619995,15.020880963668978,7.277689886465971,0.4,1.7804053172368468,0.02375771291553974,15.08147440519984
20.39975142478943,15.020705817825293,7.332888413278258,0.4,1.789377612915874,0.02430148236453533,15.106735867304327
20.433411836624146,15.020530671981609,7.388086940090545,0.4,1.789377612915874,0.02414768934249878,15.132156512221805
20.46666169166565,15.020355526137925,7.443285466902832,0.4,1.789377612915874,0.02414768934249878,15.1577355390682
20.499736309051514,15.02018038029424,7.498483993715119,0.4,1.789377612915874,0.02414768934249878,15.183472147383226
20.533292293548584,15.020005234450556,7.553682520527406,0.4,1.789377612915874,0.02414768934249878,15.209365537209953
20.566646337509155,15.019522241962155,7.654497735751697,0.4,1.789377612915874,0.02414768934249878,15.256916329395285
20.599690198898315,15.019214395317439,7.700114424163702,0.4,1.797697832620715,0.02414768934249878,15.278523693856856
20.633102416992188,15.018906548672724,7.745731112575706,0.4,1.797697832620715,0.02414768934249878,15.300236553706767
20.66672444343567,15.018598702028008,7.79134780098771,0.4,1.797697832620715,0.02414768934249878,15.322054460452964
20.699729204177856,15.018290855383292,7.836964489399714,0.4,1.797697832620715,0.02414768934249878,15.343976965990624
20.733014583587646,15.017983008738575,7.882581177811718,0.4,1.797697832620715,0.02414768934249878,15.366003622629977
20.76657748222351,15.017675162093859,7.928197866223723,0.4,1.792542351713436,0.024303443729877472,15.388133983123712
20.79983878135681,15.017367315449144,7.973814554635727,0.4,1.7831303722041576,0.0225552786141634,15.410367600693974
20.833324432373047,15.017059468804428,8.01943124304773,0.4,1.7831303722041576,0.021653007715940475,15.43270402905896
20.8664870262146,15.016751622159711,8.065047931459734,0.4,1.7831303722041576,0.02077723853290081,15.45514282245911
20.89970088005066,15.016443775514995,8.11066461987174,0.4,1.7792927998872774,0.020054997876286507,15.477683535682866
20.93318223953247,15.016135928870279,8.156281308283743,0.4,1.7792927998872774,0.01988581009209156,15.50032572409206
20.966660737991333,15.015828082225564,8.201897996695747,0.4,1.7792927998872774,0.01943737082183361,15.523068943646875
21.00014638900757,15.015520235580848,8.247514685107753,0.4,1.7782856106453493,0.018562685698270798,15.545912750930407
21.03310513496399,15.015212388936131,8.293131373519756,0.4,1.7782856106453493,0.018208399415016174,15.56885670317283
21.06669807434082,15.014904542291415,8.33874806193176,0.4,1.7782856106453493,0.017537277191877365,15.59190035827516
21.100464344024658,15.014596695646699,8.384364750343764,0.4,1.7779498260729614,0.01612042635679245,15.615043274832603
21.13449263572693,15.014288849001984,8.429981438755767,0.4,1.7779498260729614,0.015836842358112335,15.638285012157546
21.166455507278442,15.013981002357268,8.475598127167773,0.4,1.7839950456326494,0.014771013520658016,15.661625130302099
21.200005054473877,15.011507892146374,8.58437017957437,0.4,1.7839950456326494,0.013245086185634136,15.71619193501135
21.23302912712097,15.009342628580198,8.647525543568964,0.4,1.7839950456326494,0.013245086185634136,15.747512729829921
21.266416311264038,15.007177365014021,8.710680907563557,0.4,1.7839950456326494,0.012680505402386189,15.779024430899717
21.30003809928894,15.005012101447845,8.773836271558151,0.4,1.7961578870822708,0.01138867437839508,15.810725896758823
21.33330488204956,15.002846837881668,8.836991635552744,0.4,1.7961578870822708,0.01138867437839508,15.842615988235188
21.366405248641968,15.000681574315491,8.900146999547339,0.4,1.8012930394819406,0.01127302274107933,15.874693568559538
21.399747133255005,14.99561596101625,9.009993010126296,0.4,1.8012930394819406,0.01014264952391386,15.92983827899327
21.433233976364136,14.992715611283188,9.056683656710662,0.4,1.8012930394819406,0.01014264952391386,15.95282341873662
21.466904401779175,14.989815261550124,9.103374303295027,0.4,1.8009749824724026,0.00867530982941389,15.975912472247645
21.49996590614319,14.98691491181706,9.150064949879393,0.4,1.8009749824724026,0.0068560088984668255,15.99910498963796
21.53329300880432,14.984014562083997,9.196755596463758,0.4,1.8009749824724026,0.006339389365166426,16.022400521613882
21.566473484039307,14.981114212350933,9.243446243048124,0.4,1.7874363137913998,0.007383326999843121,16.045798619501035
21.599998235702515,14.978213862617869,9.290136889632489,0.4,1.7874363137913998,0.006722376681864262,16.069298835268576
21.633160829544067,14.975313512884806,9.336827536216854,0.4,1.7874363137913998,0.006584472954273224,16.092900721552986
21.66675639152527,14.972413163151742,9.38351818280122,0.4,1.7874363137913998,0.006426830310374498,16.116603831681523
21.699760913848877,14.969512813418678,9.430208829385585,0.4,1.7874363137913998,0.006426830310374498,16.1404077196952
21.733293533325195,14.966612463685614,9.476899475969951,0.4,1.7874363137913998,0.006426830310374498,16.16431194037146
21.766425132751465,14.963712113952552,9.523590122554316,0.4,1.7944867495151595,0.006426830310374498,16.188316049246396
21.799835920333862,14.960811764219487,9.57028076913868,0.4,1.7921543993483424,0.0026365946978330612,16.2124196026366
21.833086729049683,14.957911414486423,9.616971415723047,0.4,1.7921543993483424,0.0016614669002592564,16.23662215766065
21.86656141281128,14.95501106475336,9.663662062307411,0.4,1.7921543993483424,0.0016614669002592564,16.26092327226016
21.900314331054688,14.952110715020297,9.710352708891778,0.4,1.801185474702023,0.0001756593701429665,16.285322505220506
21.933149576187134,14.949210365287232,9.757043355476142,0.4,1.801185474702023,0.0001756593701429665,16.30981941619112
21.96671986579895,14.94631001555417,9.803734002060509,0.4,1.801185474702023,0.0001756593701429665,16.334413565705457
21.999764680862427,14.938628925506489,9.912732247616624,0.4,1.79594045271859,-0.0006546069635078311,16.391464511655645
22.033234119415283,14.933848185191872,9.975039846588375,0.4,1.79594045271859,-0.00241741887293756,16.42399851799841
22.066767692565918,14.929067444877255,10.037347445560126,0.4,1.79594045271859,-0.00241741887293756,16.45670550220477
22.099782466888428,14.924286704562638,10.099655044531877,0.4,1.7991136361870173,-0.0016075947787612677,16.489584434973327
22.133284330368042,14.919505964248021,10.161962643503628,0.4,1.7991136361870173,-0.0021486112382262945,16.522634289805836
22.166703701019287,14.914725223933404,10.224270242475379,0.4,1.7991136361870173,-0.0021486112382262945,16.55585404308566
22.19974994659424,14.906110006967044,10.330238675357831,0.4,1.7905371059980792,-0.0025065294466912746,16.61235178595982
22.233464241027832,14.902275530315302,10.373899509268533,0.4,1.7905371059980792,-0.0027117342688143253,16.63554427009359
22.266748189926147,14.898441053663559,10.417560343179234,0.4,1.7905371059980792,-0.0027117342688143253,16.65881977834153
22.29981279373169,14.894606577011816,10.461221177089936,0.4,1.7980763544101304,-0.002345516113564372,16.68217796318994
22.33332324028015,14.890772100360074,10.504882011000639,0.4,1.7980763544101304,-0.001967033604159951,16.70561847783778
22.366407871246338,14.88693762370833,10.54854284491134,0.4,1.7980763544101304,-0.0018025561003014445,16.729140976208793
22.400132417678833,14.883103147056588,10.592203678822042,0.4,1.7885280428740156,-0.0017377621261402965,16.7527451129634
22.43310809135437,14.879268670404844,10.635864512732743,0.4,1.7885280428740156,-0.0009795903461053967,16.77643054351038
22.467198133468628,14.875434193753103,10.679525346643445,0.4,1.7885280428740156,-0.00017241791647393256,16.800196924018326
22.499757528305054,14.87159971710136,10.723186180554146,0.4,1.780238535973901,0.0004928430425934494,16.824043911426873
22.533114910125732,14.867765240449616,10.766847014464847,0.4,1.780238535973901,0.0004928430425934494,16.847971163457704
22.566526651382446,14.863930763797875,10.810507848375549,0.4,1.780238535973901,0.0004928430425934494,16.87197833862535
22.599733114242554,14.860096287146131,10.85416868228625,0.4,1.7731924551088032,0.003365521552041173,16.896065096247753
22.633224725723267,14.856261810494388,10.897829516196952,0.4,1.7731924551088032,0.005580591503530741,16.920231096456636
22.66668462753296,14.852427333842645,10.941490350107653,0.4,1.7731924551088032,0.007751459255814552,16.944476000207636
22.69975471496582,14.848592857190903,10.985151184018356,0.4,1.7813388170684512,0.0107355248183012,16.96879946929025
22.7330379486084,14.84475838053916,11.028812017929058,0.4,1.7813388170684512,0.0107355248183012,16.99320116633754
22.766716480255127,14.840923903887417,11.072472851839759,0.4,1.7813388170684512,0.0107355248183012,17.017680754835656
22.799824476242065,14.837089427235675,11.11613368575046,0.4,1.778203583257969,0.013910426758229733,17.042237899133145
22.833317518234253,14.826809524630683,11.222676716497768,0.4,1.778203583257969,0.013891858980059624,17.101774189916462
22.86649489402771,14.820364098677434,11.285558913334372,0.4,1.778203583257969,0.013891858980059624,17.13683819796175
22.899696350097656,14.813918672724185,11.348441110170977,0.4,1.7823895972485284,0.023740816861391068,17.172063295706156
22.93308138847351,14.807473246770936,11.411323307007581,0.4,1.7823895972485284,0.021456679329276085,17.20744849385711
22.966702461242676,14.801027820817687,11.474205503844187,0.4,1.7823895972485284,0.021456679329276085,17.242992806764775
22.999801874160767,14.794582394864438,11.537087700680791,0.4,1.7768419991836146,0.022963598370552063,17.27869525247574
23.033154249191284,14.781962086777789,11.64888587343458,0.4,1.7768419991836146,0.03114912286400795,17.34167699252389
23.066438913345337,14.77578720464439,11.697801849351764,0.4,1.7768419991836146,0.03114912286400795,17.36889673755074
23.09978747367859,14.76961232251099,11.746717825268947,0.4,1.7733406354893564,0.034024953842163086,17.396213629698494
23.133321046829224,14.76343744037759,11.79563380118613,0.4,1.7733406354893564,0.04393196478486061,17.42362721204322
23.166933059692383,14.75726255824419,11.844549777103312,0.4,1.7733406354893564,0.04727451130747795,17.45113702891983
23.199732065200806,14.75108767611079,11.893465753020497,0.4,1.7710582447269054,0.04976901039481163,17.478742625937358
23.232986211776733,14.744912793977392,11.94238172893768,0.4,1.7710582447269054,0.04976901039481163,17.506443549993836
23.266558170318604,14.738737911843991,11.991297704854862,0.4,1.7710582447269054,0.04976901039481163,17.53423934929087
23.299900770187378,14.73256302971059,12.040213680772045,0.4,1.7710582447269054,0.049595143646001816,17.562129573347836
23.333022117614746,14.726388147577191,12.089129656689229,0.4,1.7639149497463134,0.06829153001308441,17.590113773015673
23.366395950317383,14.720213265443792,12.138045632606412,0.4,1.7639149497463134,0.07302948832511902,17.618191500490372
23.399842500686646,14.714038383310392,12.186961608523594,0.4,1.7639149497463134,0.07302948832511902,17.64636230932611
23.43305468559265,14.707863501176991,12.235877584440779,0.4,1.7684231167722428,0.08720161765813828,17.674625754448037
23.46645736694336,14.701688619043592,12.284793560357961,0.4,1.7684231167722428,0.08720161765813828,17.702981392164684
23.500041246414185,14.695513736910193,12.333709536275144,0.4,1.7684231167722428,0.08720161765813828,17.731428780180092
23.533165454864502,14.689338854776793,12.382625512192327,0.4,1.7763309479630816,0.11013452708721161,17.759967477605564
23.56810450553894,14.683163972643392,12.431541488109511,0.4,1.7763309479630816,0.12375804781913757,17.788597044971095
23.599841356277466,14.66732182209348,12.524082905452408,0.4,1.7735132892823628,0.1304241269826889,17.83996441390287
23.63302183151245,14.657654553676968,12.56770834687812,0.4,1.7735132892823628,0.1441076099872589,17.86269484692156
23.666479110717773,14.647987285260456,12.611333788303835,0.4,1.7735132892823628,0.15027600526809692,17.88550802660053
23.69979453086853,14.638320016843943,12.654959229729547,0.4,1.7721589319702535,0.16205474734306335,17.908403636711512
23.73323678970337,14.628652748427433,12.698584671155261,0.4,1.7721589319702535,0.16050675511360168,17.931381361501654
23.766528367996216,14.61898548001092,12.742210112580974,0.4,1.7721589319702535,0.17539963126182556,17.95444088570491
23.799724340438843,14.609318211594408,12.785835554006688,0.4,1.7782055751732633,0.1877066195011139,17.977581894553328
23.833016872406006,14.599650943177895,12.8294609954324,0.4,1.7782055751732633,0.1949775516986847,18.000804073788135
23.866416215896606,14.563929157328902,12.911333907803144,0.4,1.7782055751732633,0.20021913945674896,18.03198285549633
23.899852514266968,14.537874639896419,12.949581378748173,0.4,1.7621852863769556,0.21111594140529633,18.039973883428207
23.933198928833008,14.511820122463938,12.987828849693202,0.4,1.7621852863769556,0.21781352162361145,18.04808004033821
23.966920375823975,14.485765605031457,13.026076320638232,0.4,1.7621852863769556,0.21781352162361145,18.056301171169086
24.000058889389038,14.459711087598974,13.064323791583261,0.4,1.7621852863769556,0.21781352162361145,18.06463711894856
24.033276796340942,14.433656570166493,13.10257126252829,0.4,1.7605355454148623,0.2036738097667694,18.07308772480372
24.06656765937805,14.40760205273401,13.140818733473319,0.4,1.7632958758630897,0.2036738097667694,18.081652827975443
24.100016593933105,14.381547535301529,13.179066204418348,0.4,1.7632958758630897,0.20513500273227692,18.090332265833
24.133012771606445,14.355493017869048,13.217313675363377,0.4,1.7632958758630897,0.20945389568805695,18.09912587388875
24.16650366783142,14.329438500436565,13.255561146308407,0.4,1.7632958758630897,0.20945389568805695,18.108033485812996
24.19973349571228,14.303383983004084,13.293808617253436,0.4,1.7632958758630897,0.20945389568805695,18.11705493344889
24.233629941940308,14.277329465571603,13.332056088198465,0.4,1.768330509207545,0.2046889066696167,18.12619004682753
24.266571283340454,14.25127494813912,13.370303559143494,0.4,1.768330509207545,0.20796193182468414,18.135438654183112
24.30006718635559,14.225220430706639,13.408551030088523,0.4,1.768330509207545,0.20796193182468414,18.144800581968184
24.333432912826538,14.199165913274156,13.446798501033552,0.4,1.76992159508687,0.20213761925697327,18.154275654869064
24.36695647239685,14.173111395841675,13.485045971978582,0.4,1.76992159508687,0.19633306562900543,18.163863695821302
24.400017261505127,14.147056878409193,13.523293442923611,0.4,1.76992159508687,0.19633306562900543,18.173564526025245
24.434627771377563,14.12100236097671,13.56154091386864,0.4,1.7867103644874036,0.19584129750728607,18.183377964961732
24.466667890548706,14.048169048489623,13.615806133330864,0.4,1.7867103644874036,0.19584129750728607,18.172950323561768
24.499930381774902,14.001390253435018,13.631823881848058,0.4,1.7781731830620302,0.18547724187374115,18.152708676878575
24.532918214797974,13.95461145838041,13.647841630365253,0.4,1.7781731830620302,0.18077769875526428,18.13257926497139
24.566928386688232,13.907832663325806,13.663859378882448,0.4,1.7781731830620302,0.14707182347774506,18.112562462036863
24.599966287612915,13.861053868271199,13.679877127399644,0.4,1.7781731830620302,0.14707182347774506,18.092658641829615
24.632938623428345,13.814275073216594,13.695894875916839,0.4,1.7686618316230427,0.14707182347774506,18.072868177636487
24.666658878326416,13.767496278161987,13.711912624434033,0.4,1.7686618316230427,0.12143129855394363,18.053191442250533
24.700010061264038,13.720717483107382,13.727930372951228,0.4,1.7612709512775706,0.11352530866861343,18.03362880794486
24.733237504959106,13.673938688052775,13.743948121468422,0.4,1.7612709512775706,0.11352530866861343,18.014180646446242
24.76667857170105,13.627159892998169,13.759965869985617,0.4,1.7612709512775706,0.09908616542816162,17.99484732890853
24.799923419952393,13.580381097943564,13.775983618502812,0.4,1.7699914441509845,0.08944077044725418,17.975629225885903
24.833308219909668,13.533602302888957,13.792001367020006,0.4,1.7699914441509845,0.08304035663604736,17.95652670730587
24.86661148071289,13.486823507834352,13.808019115537201,0.4,1.7699914441509845,0.08304035663604736,17.93754014244214
24.899996042251587,13.440044712779745,13.824036864054397,0.4,1.7699914441509845,0.08304035663604736,17.918669899887266
24.933242797851562,13.39326591772514,13.840054612571592,0.4,1.7699914441509845,0.08304035663604736,17.899916347525128
24.966759204864502,13.346487122670533,13.856072361088787,0.4,1.7782710735654714,0.04032198712229729,17.881279852503216
25.000027894973755,13.299708327615928,13.872090109605981,0.4,1.7898182530226252,0.02993425354361534,17.862760781204738
25.032984256744385,13.203445071987266,13.883755941329007,0.4,1.7898182530226252,0.02993425354361534,17.80883919584181
25.066709280014038,13.153960611413213,13.879404024534837,0.4,1.7898182530226252,0.016495641320943832,17.773386744549164
25.099722385406494,13.104476150839158,13.875052107740668,0.4,1.799113029277955,0.008629406802356243,17.738002552184852
25.133059978485107,13.054991690265103,13.870700190946499,0.4,1.799113029277955,0.008629406802356243,17.702687028057433
25.166488647460938,13.005507229691048,13.86634827415233,0.4,1.799113029277955,-0.014660008251667023,17.66744058395063
25.199739456176758,12.956022769116995,13.86199635735816,0.4,1.8001626263655164,-0.022181805223226547,17.632263634132027
25.2332763671875,12.90653830854294,13.857644440563991,0.4,1.8001626263655164,-0.02715984918177128,17.597156595361646
25.266536474227905,12.857053847968885,13.853292523769822,0.4,1.8001626263655164,-0.034154776483774185,17.562119886900366
25.299808740615845,12.807569387394832,13.848940606975653,0.4,1.7964585683878949,-0.04182438179850578,17.52715393051818
25.333348035812378,12.758084926820777,13.844588690181485,0.4,1.7964585683878949,-0.04182438179850578,17.49225915050233
25.366481065750122,12.708600466246722,13.840236773387316,0.4,1.7945242137678352,-0.04804637283086777,17.457435973665273
25.399962663650513,12.659116005672667,13.835884856593147,0.4,1.7945242137678352,-0.051608484238386154,17.422684829352466
25.433110237121582,12.609631545098614,13.831532939798977,0.4,1.7945242137678352,-0.051608484238386154,17.388006149449993
25.46646499633789,12.560147084524559,13.827181023004808,0.4,1.7945242137678352,-0.05560827627778053,17.353400368392045
25.499865770339966,12.510662623950504,13.822829106210639,0.4,1.7967824594651653,-0.05761363357305527,17.31886792316818
25.533047437667847,12.461178163376449,13.81847718941647,0.4,1.7967824594651653,-0.05783570557832718,17.284409253330427
25.570729732513428,12.411693702802395,13.8141252726223,0.4,1.7967824594651653,-0.059839025139808655,17.250024801000183
25.599880695343018,12.313109819330244,13.804901465677824,0.4,1.794972963277932,-0.059839025139808655,17.181312860629312
25.632989168167114,12.264010396432147,13.800029575527518,0.4,1.794972963277932,-0.059718791395425797,17.146983666851526
25.667003870010376,12.214910973534048,13.795157685377212,0.4,1.794972963277932,-0.03951651230454445,17.112727868607184
25.70008897781372,12.16581155063595,13.790285795226906,0.4,1.7946489861797024,-0.03603339195251465,17.07854590754207
25.73303532600403,12.116712127737854,13.785413905076599,0.4,1.7946489861797024,-0.03603339195251465,17.044438227889007
25.766445875167847,12.067612704839757,13.780542014926292,0.4,1.7946489861797024,-0.03075973317027092,17.010405276474497
25.799717664718628,12.018513281941658,13.775670124775985,0.4,1.8000971947619655,-0.027750074863433838,16.976447502725172
25.833049774169922,11.969413859043561,13.770798234625678,0.4,1.8000971947619655,-0.027750074863433838,16.94256535867403
25.86650037765503,11.920314436145464,13.765926344475371,0.4,1.8000971947619655,-0.027750074863433838,16.908759298966437
25.899930238723755,11.871215013247367,13.761054454325066,0.4,1.8068094771898928,-0.027750074863433838,16.875029780865923
25.933124542236328,11.82211559034927,13.75618256417476,0.4,1.8068094771898928,-0.009851150214672089,16.841377264259734
25.9664466381073,11.773016167451171,13.751310674024452,0.4,1.8068094771898928,-0.002528449986129999,16.80780221166416
26.000102519989014,11.723916744553074,13.746438783874146,0.4,1.8068094771898928,-0.002528449986129999,16.77430508822961
26.033174753189087,11.674817321654977,13.741566893723839,0.4,1.8068094771898928,-0.002528449986129999,16.740886361745428
26.06655263900757,11.62571789875688,13.736695003573534,0.4,1.7943902183870617,0.003410633886232972,16.707546502644472
26.1035099029541,11.576618475858782,13.731823113423227,0.4,1.7903379269452897,0.01164618693292141,16.674285984007412
26.134185791015625,11.527519052960685,13.72695122327292,0.4,1.7903379269452897,0.02457069605588913,16.64110528156678
26.1664879322052,11.430940169575342,13.720575875701872,0.4,1.7903379269452897,0.028843017295002937,16.578659287764587
26.200003147125244,11.383460709088096,13.719072418281131,0.4,1.780389400679149,0.03253774717450142,16.549398019066196
26.233270406723022,11.335981248600852,13.717568960860389,0.4,1.780389400679149,0.03253774717450142,16.52022151565366
26.266457319259644,11.288501788113606,13.716065503439648,0.4,1.780389400679149,0.03253774717450142,16.491130227433313
26.300220012664795,11.24102232762636,13.714562046018907,0.4,1.7815591895930682,0.0504920557141304,16.46212460617305
26.33414578437805,11.193542867139115,13.713058588598166,0.4,1.7815591895930682,0.05595044791698456,16.433205105495286
26.36664843559265,11.146063406651871,13.711555131177423,0.4,1.7815591895930682,0.06146954372525215,16.404372180869625
26.400449752807617,11.098583946164625,13.710051673756682,0.4,1.7887107045217017,0.0669708102941513,16.37562628960514
26.43312954902649,11.004998581940017,13.706685984918812,0.4,1.7887107045217017,0.0669708102941513,16.31889360743868
26.46666932106018,10.958892678202654,13.704823753501682,0.4,1.7887107045217017,0.0669708102941513,16.290901643620202
26.499752044677734,10.91278677446529,13.702961522084552,0.4,1.793922281738955,0.06497284770011902,16.262992424453817
26.533173322677612,10.866680870727928,13.70109929066742,0.4,1.793922281738955,0.06497284770011902,16.235166376668506
26.56670045852661,10.820574966990565,13.69923705925029,0.4,1.793922281738955,0.06497284770011902,16.20742392864775
26.599710702896118,10.774469063253202,13.69737482783316,0.4,1.794883280485282,0.07156803458929062,16.179765510421657
26.63297176361084,10.728363159515839,13.69551259641603,0.4,1.794883280485282,0.0714917927980423,16.152191553658824
26.66667652130127,10.682257255778476,13.6936503649989,0.4,1.794883280485282,0.0714917927980423,16.124702491657796
26.699752807617188,10.636151352041113,13.69178813358177,0.4,1.8000361817800832,0.06861463934183121,16.097298759338273
26.732966899871826,10.590045448303751,13.689925902164639,0.4,1.8000361817800832,0.06815718859434128,16.069980793231906
26.766418933868408,10.543939544566388,13.688063670747509,0.4,1.8000361817800832,0.06815718859434128,16.042749031472813
26.799747705459595,10.497833640829025,13.686201439330379,0.4,1.7852507964475925,0.06562020629644394,16.0156039137877
26.8332417011261,10.451727737091662,13.684339207913249,0.4,1.7852507964475925,0.06477134674787521,15.988545881485676
26.86669111251831,10.4056218333543,13.682476976496119,0.4,1.7852507964475925,0.06477134674787521,15.961575377447671
26.901204824447632,10.359515929616936,13.680614745078989,0.4,1.7918485703480471,0.061582427471876144,15.934692846115535
26.93301558494568,10.313410025879573,13.678752513661857,0.4,1.7918485703480471,0.061582427471876144,15.907898733480735
26.967448234558105,10.26730412214221,13.676890282244727,0.4,1.7918485703480471,0.061582427471876144,15.881193487072718
27.000053644180298,10.221198218404847,13.675028050827597,0.4,1.7910393206700068,0.05519668385386467,15.854577555946879
27.033113479614258,10.126289894369153,13.666496774175615,0.4,1.7910393206700068,0.051266465336084366,15.796112974067261
27.066420555114746,10.07748747407082,13.659827728940762,0.4,1.7910393206700068,0.051266465336084366,15.764263752488288
27.100046157836914,10.028685053772488,13.65315868370591,0.4,1.7775167434568193,0.02933111973106861,15.732504267640255
27.133004903793335,9.979882633474157,13.646489638471056,0.4,1.7775167434568193,0.026279142126441002,15.700835064078733
27.16642713546753,9.931080213175825,13.639820593236204,0.4,1.7775167434568193,0.020558033138513565,15.669256689207444
27.199967622756958,9.882277792877492,13.63315154800135,0.4,1.7788572678124634,0.012175485491752625,15.637769693275409
27.233253717422485,9.83347537257916,13.626482502766498,0.4,1.7788572678124634,0.012175485491752625,15.606374629373606
27.266568660736084,9.784672952280829,13.619813457531645,0.4,1.7788572678124634,0.012175485491752625,15.575072053431152
27.29986000061035,9.735870531982496,13.613144412296792,0.4,1.7918774969823212,0.012175485491752625,15.543862524210983
27.333040952682495,9.687068111684164,13.60647536706194,0.4,1.7918774969823212,0.0019207776058465242,15.512746603305034
27.366522073745728,9.638265691385833,13.599806321827087,0.4,1.7918774969823212,0.0019207776058465242,15.48172485512889
27.399827003479004,9.589463271087501,13.593137276592234,0.4,1.7871614611847584,-0.010507535189390182,15.450797846915938
27.433265447616577,9.540660850789168,13.586468231357381,0.4,1.7871614611847584,-0.019002139568328857,15.419966148710937
27.46676206588745,9.491858430490836,13.579799186122528,0.4,1.7871614611847584,-0.025633633136749268,15.389230333363102
27.499751091003418,9.443056010192505,13.573130140887676,0.4,1.7875756041644626,-0.030446043238043785,15.358590976518563
27.535643815994263,9.394253589894173,13.566461095652823,0.4,1.7875756041644626,-0.030446043238043785,15.32804865661231
27.569140434265137,9.34545116959584,13.55979205041797,0.4,1.7875756041644626,-0.030446043238043785,15.297603954859536
27.599793672561646,9.232172290189865,13.540018224465522,0.4,1.7875756041644626,-0.030446043238043785,15.223597054149687
27.633406400680542,9.16769583108222,13.526913443747924,0.4,1.7875756041644626,-0.030446043238043785,15.180096252249752
27.666528463363647,9.103219371974575,13.513808663030328,0.4,1.7860197626586247,-0.04040113091468811,15.136756425540195
27.699835777282715,9.038742912866931,13.500703882312733,0.4,1.7788869872156947,-0.052994389086961746,15.093578960697535
27.73335075378418,8.974266453759288,13.487599101595137,0.4,1.7788869872156947,-0.052994389086961746,15.050565255086054
27.766512632369995,8.909789994651643,13.47449432087754,0.4,1.7788869872156947,-0.052994389086961746,15.007716716759724
27.799863815307617,8.845313535543998,13.461389540159944,0.4,1.7788869872156947,-0.052994389086961746,14.96503476446107
27.833075046539307,8.780837076436354,13.448284759442348,0.4,1.7783742751105467,-0.06414645910263062,14.922520827616927
27.86674189567566,8.71636061732871,13.43517997872475,0.4,1.7783742751105467,-0.06970369815826416,14.880176346330947
27.90007710456848,8.651884158221065,13.422075198007155,0.4,1.7783742751105467,-0.06970369815826416,14.838002771372784
27.93311858177185,8.58740769911342,13.40897041728956,0.4,1.772821928035871,-0.07406644523143768,14.796001564163856
27.966452836990356,8.522931240005777,13.395865636571964,0.4,1.772821928035871,-0.07406644523143768,14.75417419675956
27.999797582626343,8.458454780898133,13.382760855854366,0.4,1.772821928035871,-0.07406644523143768,14.712522151827853
28.033199548721313,8.334952012415819,13.356883833848842,0.4,1.7797230533483317,-0.07613219320774078,14.6325450605173
28.066546201705933,8.275925703041151,13.344111592560912,0.4,1.7797230533483317,-0.08061470091342926,14.594191535024878
28.099762201309204,8.216899393666482,13.331339351272984,0.4,1.7797230533483317,-0.08061470091342926,14.555987518701926
28.133028030395508,8.157873084291815,13.318567109985056,0.4,1.7754426473405318,-0.0681297704577446,14.517934191850866
28.16654872894287,8.098846774917146,13.305794868697127,0.4,1.7754426473405318,-0.06911773979663849,14.480032742501328
28.199812412261963,8.039820465542478,13.293022627409197,0.4,1.7781349386801208,-0.06824833899736404,14.442284366387486
28.23324489593506,7.938101186965292,13.285253630453115,0.4,1.7781349386801208,-0.06643030792474747,14.390390654292165
28.2665593624115,7.895408217762774,13.29025687478496,0.4,1.7781349386801208,-0.06571515649557114,14.376205345098644
28.299895763397217,7.852715248560257,13.295260119116806,0.4,1.7781349386801208,-0.06571515649557114,14.362134678030722
28.33306908607483,7.81002227935774,13.300263363448652,0.4,1.7727052131172176,-0.05909770354628563,14.348178990362815
28.366807222366333,7.7673293101552225,13.305266607780498,0.4,1.7727052131172176,-0.05601554736495018,14.334338617921352
28.400034427642822,7.724636340952705,13.310269852112341,0.4,1.7635804519339093,-0.05080832168459892,14.32061389505074
28.43324899673462,7.6819433717501875,13.315273096444187,0.4,1.7635804519339093,-0.05030298978090286,14.30700515457919
28.46660304069519,7.63925040254767,13.320276340776033,0.4,1.7635804519339093,-0.047609347850084305,14.293512727784487
28.499712705612183,7.596557433345153,13.325279585107879,0.4,1.7477593475377096,-0.043509580194950104,14.280136944359638
28.533289194107056,7.553864464142635,13.330282829439724,0.4,1.7477593475377096,-0.042257800698280334,14.26687813237848
28.566681385040283,7.511171494940118,13.33528607377157,0.4,1.7477593475377096,-0.042257800698280334,14.253736618261188
28.600024938583374,7.468478525737601,13.340289318103416,0.4,1.7477593475377096,-0.042257800698280334,14.240712726739726
28.63303828239441,7.425785556535084,13.345292562435262,0.4,1.7522626655730928,-0.03892192617058754,14.227806780823252
28.66648507118225,7.383092587332566,13.350295806767107,0.4,1.7522626655730928,-0.02851487137377262,14.215019101763449
28.699817895889282,7.340399618130049,13.355299051098953,0.4,1.7522626655730928,-0.02851487137377262,14.202350009019836
28.733372926712036,7.297706648927532,13.360302295430799,0.4,1.752361480873205,-0.02213895134627819,14.189799820225021
28.766418933868408,7.255013679725014,13.365305539762643,0.4,1.752361480873205,-0.015684442594647408,14.177368851149943
28.799855709075928,7.212320710522497,13.370308784094489,0.4,1.752361480873205,-0.015684442594647408,14.165057415669082
28.832966566085815,7.16962774131998,13.375312028426334,0.4,1.7651934678179446,-0.015684442594647408,14.15286582572565
28.868118286132812,7.126934772117462,13.38031527275818,0.4,1.7651934678179446,-0.011442062444984913,14.140794391296788
28.901142835617065,7.084241802914945,13.385318517090026,0.4,1.766734783622459,0.00525435758754611,14.128843420358749
28.9329833984375,6.980100525355025,13.400397711315536,0.4,1.766734783622459,0.009752344340085983,14.10285768587095
28.966426849365234,6.918652216997622,13.410473661209203,0.4,1.766734783622459,0.009752344340085983,14.088963142593071
28.9997501373291,6.857203908640219,13.420549611102867,0.4,1.766734783622459,0.009752344340085983,14.075330361930948
29.033063650131226,6.795755600282817,13.430625560996532,0.4,1.766734783622459,0.010768531821668148,14.061960105204996
29.066672325134277,6.734307291925414,13.440701510890198,0.4,1.7696058809060484,0.057023219764232635,14.04885312194526
29.09972357749939,6.672858983568012,13.450777460783863,0.4,1.7677969822838844,0.06558320671319962,14.036010149694883
29.133074283599854,6.6114106752106085,13.46085341067753,0.4,1.7677969822838844,0.06558320671319962,14.023431913815426
29.166430234909058,6.549962366853205,13.470929360571194,0.4,1.7677969822838844,0.0800262838602066,14.011119127294172
29.199745893478394,6.488514058495803,13.481005310464859,0.4,1.75975533991441,0.08567219972610474,13.999072490553536
29.232993125915527,6.4270657501384,13.491081260358525,0.4,1.75975533991441,0.08567219972610474,13.987292691262645
29.266415119171143,6.365617441780998,13.50115721025219,0.4,1.75975533991441,0.10036282986402512,13.975780404151267
29.30004644393921,6.304169133423595,13.511233160145855,0.4,1.7585568119689072,0.1055656149983406,13.964536290826135
29.33335256576538,6.2427208250661925,13.521309110039521,0.4,1.7585568119689072,0.1055656149983406,13.953560999589829
29.36643934249878,6.131111043379764,13.534184036899912,0.4,1.7585568119689072,0.1047138124704361,13.929181809332897
29.399760007858276,6.0809495700507386,13.536983013866637,0.4,1.771413430768585,0.10955552011728287,13.91567639788944
29.433032274246216,6.030788096721714,13.539781990833363,0.4,1.771413430768585,0.10955552011728287,13.902339420380342
29.46663808822632,5.980626623392689,13.54258096780009,0.4,1.771413430768585,0.1111191064119339,13.889171362018052
29.49996566772461,5.930465150063663,13.545379944766815,0.4,1.773669452027464,0.10046514868736267,13.876172703699702
29.53329110145569,5.880303676734638,13.548178921733541,0.4,1.773669452027464,0.10046514868736267,13.863343921927937
29.566429376602173,5.830142203405613,13.550977898700268,0.4,1.773669452027464,0.09542860835790634,13.85068548873192
29.599971771240234,5.779980730076587,13.553776875666992,0.4,1.7824380328269804,0.09280344098806381,13.838197871588587
29.633380889892578,5.729819256747562,13.556575852633719,0.4,1.7824380328269804,0.09096205234527588,13.825881533344123
29.666680574417114,5.679657783418536,13.559374829600443,0.4,1.7824380328269804,0.09096205234527588,13.81373693213572
29.699787616729736,5.629496310089511,13.56217380656717,0.4,1.7824380328269804,0.09096205234527588,13.801764521313642
29.733251810073853,5.579334836760486,13.564972783533896,0.4,1.7824380328269804,0.09096205234527588,13.7899647493636
29.7663676738739,5.52917336343146,13.567771760500621,0.4,1.787810021373566,0.07140437513589859,13.778338059829515
29.800021648406982,5.479011890102435,13.570570737467348,0.4,1.7720834865913822,0.06306196749210358,13.766884891236643
29.833351135253906,5.42885041677341,13.573369714434074,0.4,1.7720834865913822,0.06306196749210358,13.755605677015101
29.866307497024536,5.378688943444384,13.576168691400799,0.4,1.7720834865913822,0.057177841663360596,13.744500845423874
29.899763345718384,5.293068065187057,13.572125580268997,0.4,1.7647864053311189,0.044358693063259125,13.717450835819474
29.93315863609314,5.257608660258755,13.565283492170469,0.4,1.7647864053311189,0.044358693063259125,13.701407072992222
29.966418981552124,5.222149255330453,13.558441404071939,0.4,1.7647864053311189,0.031542662531137466,13.68543979905991
29.99978542327881,5.18668985040215,13.55159931597341,0.4,1.7741069537102108,0.02532956935465336,13.669549282060457
30.033263444900513,5.151230445473848,13.544757227874882,0.4,1.7741069537102108,0.018599631264805794,13.653735789988064
30.066515684127808,5.115771040545545,13.537915139776354,0.4,1.7741069537102108,0.004912847187370062,13.637999590777865
30.100003957748413,5.080311635617243,13.531073051677826,0.4,1.7835903986821904,-0.003942554350942373,13.622340952290406
30.133314609527588,5.0448522306889405,13.524230963579296,0.4,1.7835903986821904,-0.005912087857723236,13.606760142295967
30.166670560836792,5.009392825760639,13.517388875480767,0.4,1.7835903986821904,-0.0146438367664814,13.591257428458741
30.19970417022705,4.973933420832337,13.51054678738224,0.4,1.7898301849169964,-0.022303184494376183,13.575833078320848
30.2329683303833,4.938474015904034,13.50370469928371,0.4,1.7898301849169964,-0.02610780857503414,13.560487359286205
30.266311168670654,4.903014610975732,13.496862611185183,0.4,1.7898301849169964,-0.031725458800792694,13.54522053860424
30.30005407333374,4.867555206047429,13.490020523086653,0.4,1.8012044765211737,-0.04029151424765587,13.530032883353469
30.33306360244751,4.832095801119127,13.483178434988124,0.4,1.8012044765211737,-0.04029151424765587,13.514924660424903
30.36649441719055,4.7966363961908245,13.476336346889596,0.4,1.8012044765211737,-0.04029151424765587,13.499896136505306
30.39975118637085,4.761176991262523,13.469494258791068,0.4,1.7915338308572362,-0.04029151424765587,13.484947578060343
30.433166027069092,4.72571758633422,13.46265217069254,0.4,1.7915338308572362,-0.04029151424765587,13.470079251317525
30.4666531085968,4.690258181405918,13.455810082594011,0.4,1.7915338308572362,-0.04029151424765587,13.455291422249061
30.499738693237305,4.654798776477615,13.448967994495481,0.4,1.7915338308572362,-0.04029151424765587,13.440584356554524
30.533018350601196,4.619339371549313,13.442125906396953,0.4,1.7915338308572362,-0.05570515990257263,13.425958319643412
30.566701650619507,4.58387996662101,13.435283818298425,0.4,1.7915338308572362,-0.05570515990257263,13.411413576617527
30.600021839141846,4.5484205616927085,13.428441730199896,0.4,0.0,-0.05570515990257263,13.39695039225325
30.633283138275146,4.512961156764407,13.421599642101368,0.4,0.0,-0.05570515990257263,13.38256903098366
30.666688203811646,4.477501751836104,13.414757554002838,0.4,0.0,-0.05570515990257263,13.368269756880512
30.700082063674927,4.442042346907802,13.40791546590431,0.4,0.0,-0.05570515990257263,13.354052833636096
30.733367681503296,4.406582941979499,13.401073377805782,0.4,0.0,-0.05570515990257263,13.33991852454494
30.766627550125122,4.371123537051197,13.394231289707253,0.4,0.0,-0.05570515990257263,13.325867092485389
30.800068616867065,4.335664132122894,13.387389201608725,0.4,0.0,-0.05570515990257263,13.311898799901073
30.83353900909424,4.3002047271945925,13.380547113510195,0.4,0.0,-0.05570515990257263,13.298013908782206
30.866743326187134,4.26474532226629,13.373705025411667,0.4,0.0,-0.05570515990257263,13.284212680646801
30.89996910095215,4.170818360419449,13.356713475647387,0.4,0.0,-0.06032732501626015,13.249172470647991
30.93322467803955,4.1123508035009095,13.346564013981636,0.4,0.0,-0.06032732501626015,13.228081406962882
30.96669030189514,4.053883246582371,13.336414552315883,0.4,0.0,-0.06032732501626015,13.207223296176444
30.999810218811035,3.995415689663832,13.326265090650132,0.4,0.0,-0.06032732501626015,13.186599243719465
31.033225536346436,3.936948132745293,13.316115628984381,0.4,1.7991837336820393,-0.06032732501626015,13.166210349505587
31.066434860229492,3.8784805758267544,13.30596616731863,0.4,1.7991837336820393,-0.07695547491312027,13.146057707691744
31.099758625030518,3.8200130189082153,13.295816705652879,0.4,1.7991837336820393,-0.07695547491312027,13.126142406436982
31.133235692977905,3.7615454619896767,13.285667243987126,0.4,1.7991837336820393,-0.07695547491312027,13.106465527659745
31.166573524475098,3.7030779050711375,13.275517782321375,0.4,1.7991837336820393,-0.07695547491312027,13.087028146793735
31.19973087310791,3.644610348152599,13.265368320655623,0.4,1.8002733457686935,-0.07695547491312027,13.067831332542443
31.233275651931763,3.5861427912340598,13.255218858989872,0.4,1.8002733457686935,-0.07695547491312027,13.048876146632427
31.266424655914307,3.527675234315521,13.24506939732412,0.4,1.8002733457686935,-0.07695547491312027,13.030163643565485
31.29971671104431,3.469207677396982,13.234919935658368,0.4,1.8002733457686935,-0.07695547491312027,13.011694870369771
31.33311629295349,3.410740120478443,13.224770473992617,0.4,1.8002733457686935,-0.07695547491312027,12.993470866350012
31.36645483970642,3.352272563559904,13.214621012326866,0.4,1.8002733457686935,-0.07695547491312027,12.975492662836905
31.40278911590576,3.2938050066413656,13.204471550661115,0.4,1.781636659760739,-0.07819771021604538,12.957761282935813
31.43414282798767,3.2353374497228264,13.194322088995362,0.4,1.781636659760739,-0.07819771021604538,12.9402777412749
31.47049045562744,3.1768698928042873,13.18417262732961,0.4,1.781636659760739,-0.07819771021604538,12.923043043752783
31.50000286102295,3.0562464077931817,13.17225553542321,0.4,1.781636659760739,-0.07819771021604538,12.897243051977405
31.533241033554077,2.9940904797006143,13.170487905182561,0.4,1.781636659760739,-0.07819771021604538,12.888721880690051
31.566572904586792,2.9319345516080473,13.168720274941911,0.4,1.781636659760739,-0.07819771021604538,12.880495256844934
31.60017991065979,2.8697786235154803,13.166952644701261,0.4,1.7796708442073321,-0.03897792845964432,12.87256374516198
31.633357048034668,2.8076226954229133,13.165185014460612,0.4,1.7796708442073321,-0.03897792845964432,12.864927891470664
31.66641330718994,2.745466767330346,13.163417384219963,0.4,1.7796708442073321,-0.03897792845964432,12.857588222526358
31.699894189834595,2.683310839237779,13.161649753979313,0.4,1.7796708442073321,-0.03897792845964432,12.850545245832357
31.734431266784668,2.621154911145212,13.159882123738663,0.4,1.7796708442073321,-0.03897792845964432,12.843799449467753
31.76711082458496,2.5589989830526445,13.158114493498013,0.4,1.7904010107377473,-0.03897792845964432,12.837351301921245
31.800116539001465,2.4968430549600775,13.156346863257365,0.4,1.787987753009874,-0.03897792845964432,12.831201251931073
31.833110570907593,2.3791754451661706,13.166370763721101,0.4,1.787987753009874,-0.03897792845964432,12.8337233098155
31.86667037010193,2.3236637634648303,13.178162294425487,0.4,1.787987753009874,-0.03897792845964432,12.842342212610728
31.900263786315918,2.2681520817634904,13.189953825129873,0.4,1.787987753009874,-0.03897792845964432,12.851205943128779
31.933040618896484,2.2126404000621505,13.201745355834259,0.4,1.787987753009874,-0.03897792845964432,12.860313995140897
31.96664261817932,2.1571287183608105,13.213536886538645,0.4,1.787987753009874,-0.03897792845964432,12.869665849917336
31.99975037574768,2.10161703665947,13.225328417243032,0.4,0.0,-0.03897792845964432,12.879260976369862
32.03340530395508,2.0461053549581303,13.237119947947418,0.4,0.0,-0.03897792845964432,12.889098831196923
32.06673789024353,1.9905936732567904,13.248911478651804,0.4,0.0,-0.03897792845964432,12.898931819231423
32.10013151168823,1.9350819915554502,13.26070300935619,0.4,0.0,-0.03897792845964432,12.909004743013968
32.13376021385193,1.87957030985411,13.272494540060576,0.4,1.7910530257264816,0.0029575256630778313,12.919319099981113
32.16647410392761,1.8240586281527702,13.284286070764962,0.4,1.7820378872096634,0.0029575256630778313,12.92987431234812
32.19972515106201,1.76854694645143,13.296077601469348,0.4,1.7820378872096634,0.0029575256630778313,12.940669790745224
32.2330207824707,1.71303526475009,13.307869132173733,0.4,1.7820378872096634,0.0029575256630778313,12.951704934374302
32.266393184661865,1.65752358304875,13.31966066287812,0.4,1.7820378872096634,0.0029575256630778313,12.962979131167673
32.29998207092285,1.6020119013474101,13.331452193582505,0.4,1.7820378872096634,0.0029575256630778313,12.974344076464627
32.3332953453064,1.54650021964607,13.343243724286891,0.4,1.7888574343541817,0.05526050180196762,12.985852540124135
32.36668634414673,1.4909885379447299,13.355035254991277,0.4,1.7888574343541817,0.05526050180196762,12.997598599249306
32.399738073349,1.43547685624339,13.366826785695665,0.4,1.7888574343541817,0.05526050180196762,13.009581610281323
32.43316173553467,1.3799651745420498,13.37861831640005,0.4,1.7888574343541817,0.05526050180196762,13.021800919071667
32.46654796600342,1.32445349284071,13.390409847104436,0.4,1.7888574343541817,0.05526050180196762,13.034255861049559
32.501208782196045,1.2689418111393698,13.402201377808822,0.4,1.7958681440879416,0.05526050180196762,13.046945761390946
32.534287214279175,1.2134301294380299,13.413992908513208,0.4,1.7958681440879416,0.05526050180196762,13.059814216709087
32.56643748283386,1.1102669427867289,13.43692823228898,0.4,1.7958681440879416,0.05526050180196762,13.08503693275717
32.59977316856384,1.062615437836768,13.448072025360364,0.4,1.7958681440879416,0.05526050180196762,13.097508560662812
32.633501291275024,1.0149639328868072,13.45921581843175,0.4,1.7958681440879416,0.05526050180196762,13.110150996908773
32.6664662361145,0.9673124279368464,13.470359611503135,0.4,1.7958681440879416,0.05526050180196762,13.122963747833666
32.69979691505432,0.9196609229868855,13.481503404574518,0.4,0.0,0.05526050180196762,13.135946315064672
32.73303532600403,0.8720094180369248,13.492647197645903,0.4,0.0,0.05526050180196762,13.149098195604964
32.76649069786072,0.8243579130869639,13.503790990717288,0.4,0.0,0.05526050180196762,13.162418881921297
32.79982924461365,0.7767064081370031,13.514934783788673,0.4,0.0,0.05526050180196762,13.175736048367199
32.83299779891968,0.7290549031870422,13.526078576860058,0.4,1.7897730217996601,0.08215462416410446,13.189196972076122
32.86641812324524,0.6814033982370814,13.537222369931444,0.4,1.7897730217996601,0.08215462416410446,13.202825561988503
32.89973330497742,0.6337518932871206,13.548366163002829,0.4,1.7897730217996601,0.08215462416410446,13.216621299427025
32.933175563812256,0.5861003883371598,13.559509956074214,0.4,1.7897730217996601,0.08215462416410446,13.230583661529648
32.966493129730225,0.538448883387199,13.570653749145599,0.4,1.7897730217996601,0.08215462416410446,13.24471212133727
32.9998517036438,0.49079737843723814,13.581797542216982,0.4,1.7897730217996601,0.08215462416410446,13.259006147881431
33.03547501564026,0.4431458734872773,13.592941335288367,0.4,1.785979704609956,0.08215462416410446,13.273465206271979
33.066548109054565,0.39549436853731645,13.604085128359753,0.4,1.785979704609956,0.08215462416410446,13.288021066730543
33.10378360748291,0.3478428635873556,13.615228921431138,0.4,1.785979704609956,0.08215462416410446,13.302618263889851
33.1332733631134,0.26020056391163937,13.631126116343044,0.4,1.785979704609956,0.08215462416410446,13.325309661409731
33.166693925857544,0.22020976918588403,13.635879518183563,0.4,1.785979704609956,0.08215462416410446,13.333356954725609
33.19999313354492,0.1802189744601287,13.640632920024084,0.4,1.785979704609956,0.08215462416410446,13.341520959350314
33.233007192611694,0.14022817973437335,13.645386321864603,0.4,0.0,0.08215462416410446,13.349801461161187
33.26668953895569,0.10023738500861801,13.650139723705124,0.4,0.0,0.08215462416410446,13.358198243514831
33.29988646507263,0.060246590282862666,13.654893125545643,0.4,0.0,0.08215462416410446,13.36671108727378
33.3332257270813,0.020255795557107326,13.659646527386164,0.4,0.0,0.08215462416410446,13.37533977083336
33.366392850875854,-0.019734999168648015,13.664399929226683,0.4,0.0,0.08215462416410446,13.38395491646097
33.40125846862793,-0.059725793894403356,13.669153331067204,0.4,1.790447255308325,0.10822653025388718,13.392657321722123
33.4348840713501,-0.0997165886201587,13.673906732907723,0.4,1.790447255308325,0.1730274260044098,13.401475097364402
33.46658110618591,-0.19688424654555234,13.67101865549191,0.4,1.790447255308325,0.17653976380825043,13.40903071120537
33.4999897480011,-0.25406110974519064,13.663377176235578,0.4,1.7801354455988947,0.17653976380825043,13.407901448377958
33.53323674201965,-0.3112379729448289,13.655735696979244,0.4,1.7801354455988947,0.19057898223400116,13.407020290003434
33.566643476486206,-0.36841483614446724,13.648094217722912,0.4,1.7801354455988947,0.19375605881214142,13.406387285003108
33.600027084350586,-0.42559169934410557,13.640452738466578,0.4,1.7796089068306835,0.1956695020198822,13.405784980536202
33.633039236068726,-0.48276856254374384,13.632811259210245,0.4,1.7796089068306835,0.1977415829896927,13.405420223244244
33.66689872741699,-0.5399454257433821,13.625169779953913,0.4,1.7796089068306835,0.20031794905662537,13.405303687382196
33.70002579689026,-0.5971222889430204,13.617528300697579,0.4,1.7701423599680228,0.20636846125125885,13.405435379423556
33.73305654525757,-0.6542991521426588,13.609886821441247,0.4,1.7701423599680228,0.20341074466705322,13.405815292052925
33.766443490982056,-0.7114760153422971,13.602245342184913,0.4,1.7701423599680228,0.203813835978508,13.406443404168026
33.799946784973145,-0.7686528785419353,13.59460386292858,0.4,1.773976578602322,0.20978695154190063,13.407202150660385
33.83303236961365,-0.8258297417415736,13.586962383672248,0.4,1.773976578602322,0.20978695154190063,13.40810056210837
33.86812472343445,-0.883006604941212,13.579320904415914,0.4,1.773976578602322,0.20786409080028534,13.409247071716225
33.8999981880188,-0.9401834681408502,13.571679425159582,0.4,1.7750676382612645,0.20887811481952667,13.410641615852343
33.933310985565186,-1.0436344663287893,13.527748542748219,0.4,1.7750676382612645,0.2076084166765213,13.384109450625266
33.96667528152466,-1.0899086013170902,13.491459139593191,0.4,1.7750676382612645,0.20680119097232819,13.356108276565484
33.99983263015747,-1.1361827363053911,13.455169736438162,0.4,1.7839733753145444,0.18274976313114166,13.328131630192901
34.03327822685242,-1.182456871293692,13.418880333283134,0.4,1.7839733753145444,0.18181200325489044,13.30035614714345
34.06689715385437,-1.228731006281993,13.382590930128105,0.4,1.7839733753145444,0.18055316805839539,13.272783090319269
34.099879026412964,-1.2750051412702939,13.346301526973077,0.4,1.7839733753145444,0.18055316805839539,13.245413723896068
34.13356614112854,-1.3212792762585948,13.310012123818048,0.4,1.7839733753145444,0.18055316805839539,13.218249313142186
34.16677641868591,-1.3675534112468957,13.27372272066302,0.4,1.7799226314838976,0.17592507600784302,13.191291124233977
34.2002489566803,-1.4138275462351966,13.23743331750799,0.4,1.7878399564121572,0.18234752118587494,13.16441666614838
34.23316764831543,-1.4601016812234975,13.201143914352963,0.4,1.7878399564121572,0.18234752118587494,13.13766849517232
34.26640009880066,-1.5063758162117984,13.164854511197934,0.4,1.7878399564121572,0.16279351711273193,13.11112951849771
34.29973363876343,-1.5526499512000993,13.128565108042906,0.4,1.7793067782924878,0.1677001565694809,13.08480100900664
34.33343505859375,-1.5989240861884002,13.092275704887877,0.4,1.7793067782924878,0.1677001565694809,13.05868423971117
34.36666202545166,-1.6451982211767011,13.055986301732847,0.4,1.7793067782924878,0.1567981094121933,13.03278048354844
34.39999794960022,-1.7057701039367725,12.97481557950326,0.4,1.7847148497832046,0.14988212287425995,12.966114449727762
34.43329215049744,-1.720067851708543,12.9299342604287,0.4,1.7847148497832046,0.14988212287425995,12.92528739962377
34.46653485298157,-1.7343655994803135,12.88505294135414,0.4,1.7847148497832046,0.14945653080940247,12.884503184798914
34.49973726272583,-1.7486633472520838,12.84017162227958,0.4,1.7918266209193594,0.12342161685228348,12.843762213311962
34.532994747161865,-1.7629610950238543,12.79529030320502,0.4,1.7918266209193594,0.12342161685228348,12.803064897980224
34.566484451293945,-1.7772588427956248,12.75040898413046,0.4,1.7918266209193594,0.12342161685228348,12.762411656441468
34.599889039993286,-1.7915565905673954,12.7055276650559,0.4,1.7923214793637494,0.10009466111660004,12.7218029112166
34.63328695297241,-1.8058543383391659,12.66064634598134,0.4,1.7923214793637494,0.08381370455026627,12.681239089773195
34.66715145111084,-1.8201520861109364,12.61576502690678,0.4,1.7923214793637494,0.07429560273885727,12.640720624589829
34.69979238510132,-1.8344498338827067,12.57088370783222,0.4,1.7945632510328589,0.0692196935415268,12.60024795322124
34.733142375946045,-1.8487475816544772,12.52600238875766,0.4,1.7945632510328589,0.0692196935415268,12.559821518364341
34.76667261123657,-1.8630453294262477,12.4811210696831,0.4,1.7945632510328589,0.0692196935415268,12.519379720776172
34.79991555213928,-1.8773430771980182,12.43623975060854,0.4,1.799764156745524,0.0373399555683136,12.478947877013354
34.83317279815674,-1.8916408249697887,12.39135843153398,0.4,1.799764156745524,0.02969035692512989,12.438562986062218
34.86661171913147,-1.9059385727415592,12.34647711245942,0.4,1.799764156745524,0.026294689625501633,12.398225506742664
34.90007281303406,-1.9202363205133297,12.30159579338486,0.4,1.7975074059662368,0.017405612394213676,12.357935903322941
34.933109283447266,-1.9345340682851,12.2567144743103,0.4,1.7975074059662368,0.017405612394213676,12.317694645590887
34.96697211265564,-1.9488318160568705,12.211833155235741,0.4,1.7975074059662368,0.017405612394213676,12.27750220892609
34.99998164176941,-1.9661903027472152,12.110129340335199,0.4,1.785702968422077,0.010350593365728855,12.182956633853713
35.033276081085205,-1.9692510416657891,12.053306844509219,0.4,1.785702968422077,-0.0031152507290244102,12.128577158838194
35.06692123413086,-1.9723117805843633,11.996484348683238,0.4,1.785702968422077,-0.0031152507290244102,12.074220959620213
35.09999895095825,-1.9753725195029372,11.939661852857256,0.4,1.7854686748440989,-0.0018775955541059375,12.019888351972403
35.13322424888611,-1.9784332584215114,11.882839357031274,0.4,1.7854686748440989,-0.0018775955541059375,11.965579657264453
35.16676115989685,-1.9814939973400856,11.826016861205293,0.4,1.7854686748440989,-0.0018775955541059375,11.911230823739475
35.19974422454834,-1.9845547362586595,11.769194365379313,0.4,1.7734754628824652,-0.016143959015607834,11.85689796345508
35.23309397697449,-1.986656682927389,11.67138195359692,0.4,1.7734754628824652,-0.020484210923314095,11.762641404442718
35.266454458236694,-1.9856978906775447,11.630392037640508,0.4,1.7734754628824652,-0.02032952569425106,11.722700737480565
35.29981732368469,-1.9847390984277,11.589402121684097,0.4,1.775942505607513,-0.02402656525373459,11.682767417719575
35.33316206932068,-1.9837803061778556,11.548412205727686,0.4,1.775942505607513,-0.024874281138181686,11.64284152075936
35.366456747055054,-1.982821513928011,11.507422289771274,0.4,1.775942505607513,-0.024874281138181686,11.602923123225954
35.39973998069763,-1.9818627216781664,11.466432373814863,0.4,1.775004255271507,-0.021585939452052116,11.563012302789025
35.433006286621094,-1.980903929428322,11.42544245785845,0.4,1.775004255271507,-0.021585939452052116,11.523109138179441
35.466511249542236,-1.9799451371784773,11.38445254190204,0.4,1.775004255271507,-0.025959160178899765,11.483213709207199
35.49978828430176,-1.978986344928633,11.343462625945628,0.4,1.7833124524427917,-0.027488991618156433,11.44332609677969
35.5330171585083,-1.9780275526787883,11.302472709989216,0.4,1.7833124524427917,-0.027488991618156433,11.403446382920361
35.56653714179993,-1.9770687604289439,11.261482794032805,0.4,1.7833124524427917,-0.027488991618156433,11.363574650787717
35.59960341453552,-1.9761099681790992,11.220492878076394,0.4,1.7789272418068658,-0.030438562855124474,11.32371098469474
35.632872581481934,-1.9751511759292546,11.179502962119981,0.4,1.7789272418068658,-0.03136520832777023,11.283855470128675
35.66638922691345,-1.9741923836794102,11.13851304616357,0.4,1.7789272418068658,-0.030887912958860397,11.244008193771236
35.69984316825867,-1.9732335914295656,11.09752313020716,0.4,1.7855196173841361,-0.02981688641011715,11.204169243519218
35.733057498931885,-1.9722747991797211,11.056533214250747,0.4,1.7855196173841361,-0.02981688641011715,11.164338708505516
35.76642417907715,-1.9713160069298765,11.015543298294336,0.4,1.7855196173841361,-0.02981688641011715,11.124516679120612
35.80148673057556,-1.9703572146800319,10.974553382337923,0.4,1.77334532194708,-0.02981688641011715,11.08470324703445
35.833242654800415,-1.9693984224301875,10.933563466381512,0.4,1.77334532194708,-0.02957695908844471,11.04489850521882
35.87146067619324,-1.9684396301803428,10.892573550425102,0.4,1.77334532194708,-0.02957695908844471,11.005102547970152
35.89976143836975,-1.9674808379304984,10.851583634468689,0.4,1.7680269915636733,-0.028199167922139168,10.965278414056502
35.93320965766907,-1.9653491640582192,10.755815789432832,0.4,1.7680269915636733,-0.02765299193561077,10.872277260740818
35.96664810180664,-1.9641762824357847,10.701037860353386,0.4,1.7680269915636733,-0.02765299193561077,10.819115954749106
36.0000524520874,-1.9630034008133501,10.64625993127394,0.4,1.7680269915636733,-0.02765299193561077,10.765970984752027
36.03328537940979,-1.9618305191909156,10.591482002194493,0.4,1.764807226445905,-0.01782979629933834,10.71284259387159
36.066797494888306,-1.960657637568481,10.536704073115047,0.4,1.764807226445905,-0.015368785709142685,10.659731030000119
36.10010361671448,-1.9594847559460464,10.4819261440356,0.4,1.7618969840013845,-0.012231292203068733,10.60663654591579
36.133426904678345,-1.9583118743236119,10.427148214956155,0.4,1.7618969840013845,-0.012231292203068733,10.55355939940154
36.16669034957886,-1.9571389927011773,10.372370285876709,0.4,1.7618969840013845,-0.012231292203068733,10.500499853367351
36.20004057884216,-1.9559661110787427,10.317592356797263,0.4,1.7618969840013845,-0.012231292203068733,10.44745817597611
36.23334860801697,-1.9547932294563082,10.262814427717817,0.4,1.762111630387005,-0.006883352529257536,10.39443464077308
36.267011404037476,-1.9536203478338736,10.208036498638371,0.4,1.762111630387005,-0.0006426446489058435,10.341429526819189
36.2999541759491,-1.952447466211439,10.153258569558925,0.4,1.762111630387005,-0.0006426446489058435,10.288443118828194
36.337382316589355,-1.9512745845890045,10.098480640479478,0.4,1.7806789418229776,0.003130116732791066,10.235475707307877
36.36651396751404,-1.95010170296657,10.043702711400032,0.4,1.7806789418229776,0.003130116732791066,10.182527588705433
36.40153741836548,-1.9489288213441354,9.988924782320586,0.4,1.7806789418229776,0.003130116732791066,10.129542351788523
36.43301486968994,-1.9472915877960546,9.890145029480953,0.4,1.777816131393734,0.004676619544625282,10.034152749659599
36.466501235961914,-1.9468272358704086,9.846143205720766,0.4,1.777816131393734,0.004676619544625282,9.991756180075008
36.499770164489746,-1.9463628839447624,9.802141381960578,0.4,1.777816131393734,0.004676619544625282,9.949373571882141
36.53323578834534,-1.9458985320191162,9.75813955820039,0.4,1.7846618945801827,0.02179534360766411,9.907005104263366
36.56650495529175,-1.94543418009347,9.714137734440204,0.4,1.7846618945801827,0.0250647384673357,9.864650959419082
36.59981679916382,-1.944969828167824,9.670135910680017,0.4,1.7846618945801827,0.0250647384673357,9.822311322630185
36.63414669036865,-1.9445054762421778,9.62613408691983,0.4,1.77938049924598,0.02751021273434162,9.779986382322027
36.666680335998535,-1.9440411243165316,9.582132263159641,0.4,1.77938049924598,0.033271919935941696,9.737676330129961
36.70348620414734,-1.9435767723908857,9.538130439399454,0.4,1.7632706928859732,0.038405537605285645,9.695381360966477
36.733190059661865,-1.9493394210949075,9.44103744794819,0.4,1.7632706928859732,0.04122697189450264,9.604075517081958
36.766456604003906,-1.9555664217245758,9.387946280257113,0.4,1.7632706928859732,0.0440949909389019,9.555086178037095
36.79976177215576,-1.961793422354244,9.334855112566036,0.4,1.7632706928859732,0.0440949909389019,9.506042443405828
36.83308982849121,-1.968020422983912,9.281763944874958,0.4,1.7615448619947358,0.04777137190103531,9.457046520832911
36.86643099784851,-1.9742474236135803,9.228672777183881,0.4,1.7615448619947358,0.04997045919299126,9.408099157311744
36.8999879360199,-1.9804744242432484,9.175581609492804,0.4,1.777768999367712,0.05145750567317009,9.359201114714297
36.93322205543518,-1.9867014248729165,9.122490441801727,0.4,1.777768999367712,0.0543973445892334,9.310353170142152
36.9666588306427,-1.9929284255025848,9.069399274110648,0.4,1.777768999367712,0.05673004314303398,9.261556116286828
36.999935150146484,-1.9991554261322528,9.01630810641957,0.4,1.777768999367712,0.05673004314303398,9.212810761799636
37.0330548286438,-2.005382426761921,8.963216938728493,0.4,1.7817600378001843,0.06241542100906372,9.164063115159662
37.06641101837158,-2.011609427391589,8.910125771037416,0.4,1.7817600378001843,0.06241542100906372,9.115302124574121
37.09995651245117,-2.017836428021257,8.857034603346339,0.4,1.7817600378001843,0.06241542100906372,9.06659405516473
37.13326978683472,-2.0240634286509254,8.803943435655261,0.4,1.7910494516779616,0.0719776451587677,9.017939764451674
37.16711688041687,-2.0302904292805937,8.750852267964184,0.4,1.7910494516779616,0.07431503385305405,8.969340127604495
37.19985604286194,-2.0365174299102615,8.697761100273107,0.4,1.7910494516779616,0.07431503385305405,8.920796037870222
37.233187198638916,-2.037047964435486,8.591637135085913,0.4,1.7956500536801512,0.07754665613174438,8.820132159976
37.26693677902222,-2.031351498331042,8.538604337589796,0.4,1.7956500536801512,0.08153786510229111,8.767946356423089
37.29998016357422,-2.0256550322265983,8.48557154009368,0.4,1.7826499611763604,0.10994099825620651,8.71577450106734
37.333373069763184,-2.0199585661221544,8.432538742597563,0.4,1.7826499611763604,0.10742967575788498,8.663616845894733
37.366676568984985,-2.01426210001771,8.379505945101446,0.4,1.7826499611763604,0.10931344330310822,8.61147364892671
37.399986267089844,-2.0085656339132663,8.326473147605329,0.4,1.7826499611763604,0.10931344330310822,8.559345174399725
37.43290615081787,-2.0028691678088224,8.273440350109212,0.4,1.7831337818268649,0.10931344330310822,8.507231692951198
37.46639084815979,-1.9971727017043786,8.220407552613095,0.4,1.7831337818268649,0.11238553375005722,8.455133481812066
37.499998331069946,-1.9914762355999347,8.16737475511698,0.4,1.7824176557660834,0.11363346129655838,8.403050825006252
37.53336715698242,-1.9857797694954908,8.114341957620862,0.4,1.7824176557660834,0.11363346129655838,8.35098401355731
37.56650161743164,-1.9800833033910468,8.061309160124745,0.4,1.7824176557660834,0.11140302568674088,8.298933345702565
37.59970545768738,-1.974386837286603,8.008276362628628,0.4,1.7956843161677742,0.11238419264554977,8.246881598982863
37.63305068016052,-1.968690371182159,7.955243565132512,0.4,1.7956843161677742,0.11205300688743591,8.194792931970428
37.666364908218384,-1.9629939050777152,7.902210767636395,0.4,1.7956843161677742,0.11116199940443039,8.1427204386971
37.69971299171448,-1.9572974389732711,7.8491779701402775,0.4,1.7956843161677742,0.11116199940443039,8.090664431451302
37.73325538635254,-1.9516009728688273,7.796145172644161,0.4,1.7956843161677742,0.11116199940443039,8.038625230510478
37.766676902770996,-1.9234539589086284,7.691472283396435,0.4,1.7964677307969867,0.11165004223585129,7.93047433528051
37.79998779296875,-1.9010034110528735,7.639832191644827,0.4,1.808407369368918,0.09813447296619415,7.874348081709069
37.833285093307495,-1.8785528631971184,7.588192099893218,0.4,1.808407369368918,0.09813447296619415,7.818224459149149
37.86659073829651,-1.8561023153413636,7.5365520081416095,0.4,1.808407369368918,0.0916111171245575,7.7621035246710655
37.899980783462524,-1.8336517674856085,7.4849119163900015,0.4,1.8087565838205029,0.08635032176971436,7.705985337004882
37.93300747871399,-1.8112012196298535,7.433271824638393,0.4,1.8087565838205029,0.08635032176971436,7.649869956601077
37.96668267250061,-1.7887506717740986,7.381631732886784,0.4,1.8087565838205029,0.07849504053592682,7.593757445693902
37.999804973602295,-1.7663001239183436,7.329991641135176,0.4,1.8076658793490143,0.07369299978017807,7.537647868367538
38.03328514099121,-1.7438495760625887,7.278351549383567,0.4,1.8076658793490143,0.07369299978017807,7.481541290625217
38.06646251678467,-1.7213990282068337,7.226711457631959,0.4,1.8076658793490143,0.0665077269077301,7.425437780461478
38.099966049194336,-1.6989484803510786,7.17507136588035,0.4,1.7963322548832332,0.06252329051494598,7.369337407937676
38.133216857910156,-1.6764979324953238,7.123431274128741,0.4,1.7963322548832332,0.06094726547598839,7.313240245260974
38.166773557662964,-1.6540473846395687,7.071791182377133,0.4,1.7963322548832332,0.052370063960552216,7.25714070352886
38.19981002807617,-1.6315968367838138,7.020151090625524,0.4,1.7963322548832332,0.052370063960552216,7.201017038854808
38.23324275016785,-1.6091462889280588,6.968510998873915,0.4,1.7963322548832332,0.052370063960552216,7.144896293809271
38.26634216308594,-1.5866957410723037,6.916870907122307,0.4,1.7963322548832332,0.052370063960552216,7.08877853773497
38.29990887641907,-1.5642451932165489,6.8652308153706985,0.4,1.7885198160786968,0.052370063960552216,7.032663842184174
38.33304142951965,-1.5417946453607938,6.81359072361909,0.4,1.7885198160786968,0.052370063960552216,6.976552281007267
38.36707615852356,-1.519344097505039,6.761950631867482,0.4,1.7885198160786968,0.052370063960552216,6.920443930445575
38.39981722831726,-1.467304915439214,6.672927796885651,0.4,1.7885567637298931,0.044334616512060165,6.819491075767293
38.433085441589355,-1.437716281229144,6.63554505365543,0.4,1.7885567637298931,0.044334616512060165,6.774681901526197
38.46650004386902,-1.408127647019074,6.5981623104252085,0.4,1.7885567637298931,0.041803691536188126,6.729912117910242
38.49969172477722,-1.378539012809004,6.560779567194987,0.4,1.7992548580400514,0.04222337156534195,6.685182516300906
38.53323030471802,-1.3489503785989343,6.523396823964765,0.4,1.7992548580400514,0.023749401792883873,6.640472269945654
38.56638717651367,-1.3193617443888643,6.486014080734543,0.4,1.7992548580400514,0.027982281520962715,6.595699580740339
38.59973740577698,-1.2897731101787944,6.448631337504322,0.4,1.798722201963546,0.03188024088740349,6.550967857070514
38.63336443901062,-1.2601844759687244,6.411248594274101,0.4,1.798722201963546,0.0353521890938282,6.50627794387048
38.666668176651,-1.1937931311884629,6.335609690281538,0.4,1.798722201963546,0.03681553527712822,6.414015820522639
38.699705600738525,-1.1569904206182713,6.297353529519198,0.4,1.798722201963546,0.03681553527712822,6.366487447844456
38.73312735557556,-1.1201877100480795,6.259097368756856,0.4,1.798722201963546,0.03681553527712822,6.318890187970445
38.7666802406311,-1.083384999477888,6.220841207994515,0.4,1.7888168501527935,0.04076971858739853,6.271350140072412
38.79995656013489,-1.0465822889076963,6.182585047232174,0.4,1.7936656213365492,0.04144629091024399,6.223899733914946
38.833094120025635,-1.0097795783375048,6.144328886469833,0.4,1.7936656213365492,0.05009123310446739,6.176541035478514
38.86643385887146,-0.9729768677673132,6.106072725707492,0.4,1.7936656213365492,0.05009123310446739,6.12927617054058
38.900004386901855,-0.9361741571971215,6.067816564945151,0.4,1.7852992460447223,0.05990098789334297,6.082002257500289
38.93327522277832,-0.8993714466269298,6.02956040418281,0.4,1.7852992460447223,0.06461393088102341,6.034728828603113
38.96663022041321,-0.8625687360567382,5.991304243420469,0.4,1.7852992460447223,0.06766076385974884,5.987552801937664
39.000060081481934,-0.8257660254865467,5.953048082658127,0.4,1.7719439116476596,0.07506425678730011,5.940476498050707
39.03337907791138,-0.7889633149163551,5.9147919218957865,0.4,1.7719439116476596,0.07969857007265091,5.893502306649011
39.06654238700867,-0.7521606043461634,5.876535761133446,0.4,1.7719439116476596,0.08258869498968124,5.846610215364867
39.09999084472656,-0.7153578937759718,5.838279600371105,0.4,1.7764618290493066,0.08954977989196777,5.799631183648676
39.13338899612427,-0.6785551832057801,5.800023439608763,0.4,1.7764618290493066,0.08782541006803513,5.75275835308373
39.16643500328064,-0.6417524726355885,5.761767278846422,0.4,1.7764618290493066,0.08782541006803513,5.705994340891192
39.19974064826965,-0.5828206736201407,5.705785692907687,0.4,1.7796950115102468,0.09837332367897034,5.636440361910457
39.23320007324219,-0.5606915851748844,5.688060267731294,0.4,1.7796950115102468,0.09837332367897034,5.613588653168276
39.26676416397095,-0.5385624967296281,5.6703348425549,0.4,1.7796950115102468,0.09837332367897034,5.590647988874483
39.2999050617218,-0.5164334082843718,5.652609417378506,0.4,1.7788876536664988,0.10345227271318436,5.5677447282239125
39.33311200141907,-0.4943043198391155,5.634883992202113,0.4,1.7788876536664988,0.10345227271318436,5.544891843519604
39.36653399467468,-0.4721752313938592,5.617158567025719,0.4,1.7788876536664988,0.10345227271318436,5.522089960196366
39.39978337287903,-0.4500461429486029,5.599433141849325,0.4,1.792683814383127,0.10347224771976471,5.499339712654509
39.43303990364075,-0.4279170545033466,5.5817077166729305,0.4,1.792683814383127,0.10347224771976471,5.476641744387034
39.46657395362854,-0.4057879660580903,5.563982291496537,0.4,1.792683814383127,0.10347224771976471,5.453996708107966
39.501585960388184,-0.383658877612834,5.546256866320143,0.4,1.7822099629068937,0.10600205510854721,5.431405265881806
39.53300642967224,-0.3615297891675777,5.528531441143749,0.4,1.7822099629068937,0.10600205510854721,5.408787843842043
39.56647562980652,-0.3394007007223214,5.510806015967356,0.4,1.7822099629068937,0.10600205510854721,5.38614363036944
39.59977841377258,-0.2600662803842602,5.46419495843165,0.4,1.768624252602837,0.11167648434638977,5.321879144289812
39.63305950164795,-0.2028609484914553,5.435309326072338,0.4,1.768624252602837,0.11622690409421921,5.2806534314997355
39.666446685791016,-0.14565561659865037,5.406423693713026,0.4,1.768624252602837,0.10939110070466995,5.239470520564538
39.699737787246704,-0.08845028470584546,5.377538061353714,0.4,1.7685235770759076,0.10707314312458038,5.1986881377275465
39.73299717903137,-0.031244952813040516,5.348652428994401,0.4,1.7685235770759076,0.10707314312458038,5.158379496541613
39.7664110660553,0.025960379079764395,5.31976679663509,0.4,1.7685235770759076,0.10707314312458038,5.118152591475677
39.799816370010376,0.0831657109725693,5.290881164275778,0.4,1.7576845930241674,0.10634531080722809,5.078317000559831
39.83319354057312,0.14037104286537422,5.261995531916465,0.4,1.7576845930241674,0.10634531080722809,5.038981526680598
39.86648988723755,0.19757637475817913,5.233109899557154,0.4,1.7576845930241674,0.10650601983070374,4.999788234403079
39.89978241920471,0.2547817066509841,5.204224267197842,0.4,1.7657289449746731,0.10343416780233383,4.960957029418645
39.933032751083374,0.31198703854378895,5.175338634838529,0.4,1.7657289449746731,0.10545648634433746,4.92265381335196
39.966434478759766,0.3691923704365939,5.146453002479217,0.4,1.7657289449746731,0.10545648634433746,4.884569947300543
40.00355076789856,0.4263977023293988,5.117567370119906,0.4,1.7703118969051828,0.1017075851559639,4.846803652564189
40.03303623199463,0.5352449672523203,5.07956712771288,0.4,1.7703118969051828,0.10361462086439133,4.793065995597173
40.06651830673218,0.5868869002824368,5.070452517665168,0.4,1.7703118969051828,0.10361462086439133,4.776741656248549
40.0998809337616,0.6385288333125533,5.061337907617455,0.4,1.786955399985761,0.09640678763389587,4.760938982349716
40.13304901123047,0.6901707663426697,5.052223297569742,0.4,1.786955399985761,0.08376415073871613,4.745606629665111
40.16642689704895,0.7418126993727863,5.04310868752203,0.4,1.786955399985761,0.08376415073871613,4.73030058863876
40.19982194900513,0.7934546324029028,5.033994077474317,0.4,1.786955399985761,0.0760791003704071,4.715528068515523
40.23314905166626,0.8450965654330193,5.0248794674266035,0.4,1.7867066837676469,0.0760791003704071,4.7012940986249845
40.266435384750366,0.8967384984631357,5.015764857378891,0.4,1.7867066837676469,0.06857174634933472,4.687181930621382
40.29974675178528,0.9483804314932522,5.006650247331178,0.4,1.786408553935041,0.06546435505151749,4.673459463620515
40.333163022994995,1.0000223645233688,4.997535637283466,0.4,1.786408553935041,0.06546435505151749,4.660286707509691
40.36648368835449,1.0516642975534851,4.988421027235753,0.4,1.786408553935041,0.06546435505151749,4.647477247023308
40.399744749069214,1.1033062305836017,4.97930641718804,0.4,1.786408553935041,0.06546435505151749,4.6348226484795685
40.43300652503967,1.1549481636137182,4.970191807140328,0.4,1.7708922392686357,0.0497940368950367,4.622728321548413
40.46665716171265,1.2065900966438348,4.961077197092615,0.4,1.7708922392686357,0.04531712830066681,4.611198674700459
40.499754190444946,1.258232029673951,4.9519625870449016,0.4,1.7708922392686357,0.04531712830066681,4.599698333073367
40.532992124557495,1.3098739627040676,4.942847976997189,0.4,1.7665489186174554,0.03911517187952995,4.588697223405562
40.566412925720215,1.406256093843868,4.936049172566775,0.4,1.7665489186174554,0.03558449447154999,4.579733994487697
40.59981036186218,1.4509962919535517,4.938364978184074,0.4,1.7595616962700298,0.029517192393541336,4.581273067109051
40.6330509185791,1.4957364900632357,4.940680783801373,0.4,1.7595616962700298,0.028060145676136017,4.583249553224919
40.66646909713745,1.5404766881729195,4.942996589418672,0.4,1.7595616962700298,0.028060145676136017,4.585662887240966
40.69972014427185,1.5852168862826033,4.9453123950359705,0.4,1.7595616962700298,0.028060145676136017,4.588344258532975
40.73311185836792,1.629957084392287,4.94762820065327,0.4,1.7710534877636204,0.010352176614105701,4.591078474664412
40.76640605926514,1.6746972825019708,4.949944006270568,0.4,1.7710534877636204,0.00570161547511816,4.594247945290544
40.79971981048584,1.7194374806116546,4.952259811887868,0.4,1.7710534877636204,0.00570161547511816,4.597851770300013
40.83302116394043,1.7641776787213383,4.954575617505166,0.4,1.7711087532458243,-0.0011053257621824741,4.601772307439251
40.866469383239746,1.8089178768310221,4.956891423122466,0.4,1.7711087532458243,-0.0025114116724580526,4.6056847029495875
40.89973425865173,1.8536580749407061,4.959207228739764,0.4,1.7839037228453418,-0.00929043535143137,4.610029164009483
40.93300127983093,1.8983982730503899,4.961523034357063,0.4,1.7839037228453418,-0.010607040487229824,4.6148044703559465
40.96668243408203,1.9431384711600737,4.963838839974362,0.4,1.7839037228453418,-0.01368818897753954,4.620009286005991
40.99987554550171,1.9878786692697574,4.9661546455916605,0.4,1.7827252214429552,-0.01478451956063509,4.625642161096235
41.032989263534546,2.0326188673794414,4.96847045120896,0.4,1.7827252214429552,-0.018409762531518936,4.631701533864807
41.066625118255615,2.077359065489125,4.970786256826258,0.4,1.7827252214429552,-0.02025056630373001,4.6381857327693625
41.09997773170471,2.122099263598809,4.973102062443558,0.4,1.7827252214429552,-0.02025056630373001,4.64509297873466
41.13315463066101,2.1668394617084927,4.975417868060856,0.4,1.7702763170194085,-0.022454218938946724,4.652421387522835
41.16803431510925,2.2115796598181765,4.977733673678156,0.4,1.7702763170194085,-0.022504180669784546,4.660168972219234
41.199766397476196,2.31403828470421,4.986839169527938,0.4,1.7589142588345175,-0.023637501522898674,4.683239652429134
41.23304724693298,2.37175671148056,4.993628859760422,0.4,1.7589142588345175,-0.02316630631685257,4.698817222320971
41.26678514480591,2.42947513825691,5.000418549992906,0.4,1.7589142588345175,-0.02644837647676468,4.715059699393184
41.29975438117981,2.48719356503326,5.00720824022539,0.4,1.7676413713855557,-0.026091162115335464,4.731960236759108
41.33301782608032,2.54491199180961,5.013997930457874,0.4,1.7676413713855557,-0.025254424661397934,4.749511809550836
41.36646819114685,2.60263041858596,5.020787620690358,0.4,1.7676413713855557,-0.024451909586787224,4.767707227716733
41.400116205215454,2.66034884536231,5.027577310922842,0.4,1.7676413713855557,-0.024451909586787224,4.7865391487741835
41.43291711807251,2.71806727213866,5.034367001155327,0.4,1.7698561542214295,-0.023603904992341995,4.806000090474341
41.466506004333496,2.77578569891501,5.041156691387811,0.4,1.7698561542214295,-0.023603904992341995,4.826082443338161
41.49985933303833,2.83350412569136,5.047946381620295,0.4,1.7698561542214295,-0.023603904992341995,4.846778483025636
41.53285264968872,2.8912225524677098,5.054736071852779,0.4,1.7711316723014636,-0.023603904992341995,4.868080382502914
41.56644105911255,2.9489409792440595,5.061525762085263,0.4,1.7711316723014636,-0.01716320402920246,4.889980223974849
41.600080251693726,3.0066594060204097,5.068315452317747,0.4,1.777592567596417,-0.01360802911221981,4.912470010553398
41.63343524932861,3.06437783279676,5.075105142550231,0.4,1.777592567596417,-0.009293354116380215,4.935541677635177
41.666441679000854,3.1644587242027784,5.086772237394167,0.4,1.777592567596417,-0.006885011680424213,4.97680135489597
41.69972610473633,3.2068211888324476,5.09164964200562,0.4,1.7800490919448313,-0.004390839487314224,4.9947175550807685
41.73315072059631,3.2491836534621164,5.096527046617072,0.4,1.7800490919448313,-0.0026649856008589268,5.012932467023683
41.76666831970215,3.291546118091785,5.101404451228524,0.4,1.7800490919448313,0.001591191627085209,5.031442846522136
41.799787282943726,3.3339085827214543,5.106281855839977,0.4,1.7800490919448313,0.001591191627085209,5.050245444695523
41.83310890197754,3.376271047351123,5.111159260451429,0.4,1.7800490919448313,0.001591191627085209,5.069337009953815
41.866589307785034,3.418633511980792,5.1160366650628815,0.4,1.77554633805314,0.015526983886957169,5.0887142899044315
41.900120973587036,3.460995976610461,5.120914069674333,0.4,1.77554633805314,0.015526983886957169,5.108374033196681
41.933242082595825,3.5033584412401297,5.125791474285785,0.4,1.77554633805314,0.015526983886957169,5.1283129913032015
41.96679878234863,3.5457209058697985,5.130668878897238,0.4,1.77554633805314,0.015526983886957169,5.14852792023805
41.999839067459106,3.5880833704994677,5.13554628350869,0.4,1.77554633805314,0.015526983886957169,5.169015582211256
42.03359341621399,3.6304458351291364,5.140423688120142,0.4,1.77554633805314,0.015526983886957169,5.189772747219795
42.06923031806946,3.672808299758805,5.145301092731595,0.4,1.7823856860518439,0.015526983886957169,5.210796194575097
42.1002037525177,3.715170764388474,5.150178497343047,0.4,1.7659118227181658,0.027492359280586243,5.232082714367368
42.13366198539734,3.8074002718694633,5.164368439378697,0.4,1.7659118227181658,0.04388725385069847,5.282572165298926
42.166470766067505,3.8572673147207834,5.173680976802894,0.4,1.7659118227181658,0.04822590947151184,5.311842000688479
42.19973015785217,3.9071343575721036,5.182993514227091,0.4,1.7703806219399434,0.04822590947151184,5.341433243016093
42.23299169540405,3.9570014004234237,5.192306051651288,0.4,1.7703806219399434,0.04822590947151184,5.371340580297313
42.26648449897766,4.006868443274744,5.201618589075485,0.4,1.7703806219399434,0.0453425794839859,5.401558762073404
42.299912214279175,4.0567354861260645,5.210931126499682,0.4,1.7811167850551317,0.045930348336696625,5.432082600747827
42.333150148391724,4.106602528977384,5.220243663923879,0.4,1.7811167850551317,0.04939946532249451,5.462906972775081
42.36662268638611,4.156469571828705,5.2295562013480765,0.4,1.7811167850551317,0.048551883548498154,5.494026819708288
42.39984107017517,4.2063366146800245,5.238868738772274,0.4,1.7811167850551317,0.048551883548498154,5.5254371491118555
42.43328356742859,4.256203657531345,5.248181276196472,0.4,1.7811167850551317,0.048551883548498154,5.557133035345543
42.46672248840332,4.306070700382665,5.257493813620669,0.4,1.7941449708274226,0.0527256578207016,5.589109620226123
42.49976825714111,4.355937743233985,5.266806351044866,0.4,1.7816308038931667,0.055003125220537186,5.6213621135728
42.53334712982178,4.405804786085305,5.276118888469063,0.4,1.7816308038931667,0.055003125220537186,5.653885793642381
42.56655764579773,4.455671828936626,5.28543142589326,0.4,1.7816308038931667,0.06211031973361969,5.686676007460126
42.600027084350586,4.505538871787946,5.294743963317457,0.4,1.7883379714407428,0.0642256960272789,5.7197281710520285
42.63545846939087,4.555405914639266,5.3040565007416545,0.4,1.7883379714407428,0.06463249027729034,5.7530377695841475
42.66645526885986,4.605272957490586,5.313369038165852,0.4,1.7883379714407428,0.0677204504609108,5.786600357414474
42.69997763633728,4.716853717327296,5.338120206071837,0.4,1.7891826852125081,0.07057058066129684,5.865917305983339
42.733306646347046,4.778567434312686,5.353558836553625,0.4,1.7891826852125081,0.06971567124128342,5.911757339775657
42.76667094230652,4.8402811512980755,5.368997467035413,0.4,1.7891826852125081,0.0564897283911705,5.957923943497306
42.79999613761902,4.901994868283466,5.384436097517201,0.4,1.7786269557814078,0.0564897283911705,6.0044095843768215
42.833264112472534,4.963708585268855,5.39987472799899,0.4,1.7786269557814078,0.0564897283911705,6.05120690984572
42.86668109893799,5.0254223022542455,5.415313358480778,0.4,1.7786269557814078,0.0564897283911705,6.098308744473632
42.89999556541443,5.129296889591643,5.441566890449329,0.4,1.7799743903827803,0.0564897283911705,6.17847775783179
42.933321475982666,5.171457759943651,5.4523817919360935,0.4,1.7799743903827803,0.0564897283911705,6.211379550613308
42.96652913093567,5.2136186302956595,5.463196693422857,0.4,1.7799743903827803,0.0564897283911705,6.244411376719043
43.00004816055298,5.255779500647668,5.474011594909621,0.4,1.7921332827894227,0.06545890867710114,6.277571183490098
43.03335165977478,5.297940370999676,5.484826496396384,0.4,1.7921332827894227,0.06545890867710114,6.3108569535395365
43.06673049926758,5.340101241351684,5.495641397883149,0.4,1.7921332827894227,0.06545890867710114,6.344266704234415
43.09999966621399,5.382262111703692,5.506456299369912,0.4,1.7839967582796645,0.06462858617305756,6.377798487177413
43.133302450180054,5.424422982055701,5.517271200856676,0.4,1.7839967582796645,0.06996175646781921,6.411450387688703
43.16669464111328,5.466583852407709,5.52808610234344,0.4,1.7839967582796645,0.06996175646781921,6.445220524288579
43.19989633560181,5.508744722759717,5.538901003830204,0.4,1.797546879587569,0.06926992535591125,6.479107048181399
43.233295917510986,5.550905593111725,5.549715905316967,0.4,1.797546879587569,0.06926992535591125,6.5131081427413005
43.26672410964966,5.5930664634637335,5.560530806803731,0.4,1.797546879587569,0.06926992535591125,6.547222023000152
43.30001616477966,5.635227333815741,5.571345708290495,0.4,1.7899858523134249,0.08007427304983139,6.5814469351381515
43.33328652381897,5.677388204167749,5.582160609777259,0.4,1.7899858523134249,0.07890225201845169,6.615781155977469
43.36648178100586,5.719549074519757,5.592975511264022,0.4,1.7899858523134249,0.08322012424468994,6.650222992479259
43.39985728263855,5.7617099448717655,5.6037904127507865,0.4,1.7721118008988843,0.0875161662697792,6.684770781244412
43.43329429626465,5.803870815223774,5.61460531423755,0.4,1.7721118008988843,0.0875161662697792,6.719422888018305
43.46655058860779,5.846031685575782,5.625420215724314,0.4,1.7721118008988843,0.0875161662697792,6.754177707199857
43.49999213218689,5.88819255592779,5.636235117211077,0.4,1.7704473405610461,0.08899084478616714,6.789033661355111
43.533833503723145,5.930353426279798,5.647050018697842,0.4,1.7704473405610461,0.08899084478616714,6.823989200735598
43.566649436950684,6.043232811969066,5.68917543201912,0.4,1.7704473405610461,0.08899084478616714,6.928190932488811
43.599770069122314,6.113951327306325,5.720485943853634,0.4,1.7654769863383364,0.08925195038318634,6.9975105527966655
43.63334250450134,6.184669842643585,5.751796455688149,0.4,1.7654769863383364,0.1005522608757019,7.066996617312541
43.666635513305664,6.255388357980844,5.783106967522665,0.4,1.7654769863383364,0.09669960290193558,7.136644264277071
43.69997692108154,6.326106873318103,5.8144174793571795,0.4,1.7782495105018925,0.09473413228988647,7.206448808788999
43.73307394981384,6.437046089769891,5.872318786642341,0.4,1.7782495105018925,0.09113191068172455,7.322874859113287
43.766406774520874,6.477266790884419,5.8989095820929895,0.4,1.7782495105018925,0.08706381916999817,7.369366426578943
43.79972529411316,6.5174874919989465,5.925500377543637,0.4,1.787805340332789,0.07881182432174683,7.415880015651955
43.833250999450684,6.557708193113474,5.952091172994284,0.4,1.787805340332789,0.07481581717729568,7.462415214547155
43.86656141281128,6.597928894228003,5.978681968444931,0.4,1.787805340332789,0.0678810179233551,7.508971621498204
43.90028524398804,6.638149595342531,6.005272763895579,0.4,1.7959277956890505,0.04842912405729294,7.555548844460445
43.93303728103638,6.678370296457059,6.031863559346227,0.4,1.7959277956890505,0.042210862040519714,7.602146500824056
43.96670484542847,6.718590997571587,6.058454354796874,0.4,1.7959277956890505,0.03310351446270943,7.6487642171371055
44.00043559074402,6.758811698686115,6.085045150247522,0.4,1.782365715600674,0.017896106466650963,7.695401628838111
44.033464670181274,6.799032399800643,6.111635945698169,0.4,1.782365715600674,0.017896106466650963,7.7420583799977365
44.066657066345215,6.839253100915171,6.1382267411488165,0.4,1.782365715600674,0.017896106466650963,7.78873412306928
44.09987688064575,6.879473802029699,6.164817536599464,0.4,1.7815913573794047,-0.018680153414607048,7.835428518647598
44.13315391540527,6.9196945031442265,6.191408332050112,0.4,1.7815913573794047,-0.02897886373102665,7.882141235236151
44.1666738986969,6.959915204258754,6.217999127500759,0.4,1.7815913573794047,-0.038183197379112244,7.928871949021863
44.19988799095154,7.000135905373283,6.244589922951406,0.4,1.7626350119303382,-0.05326326563954353,7.975620343657483
44.233242988586426,7.040356606487811,6.271180718402054,0.4,1.7626350119303382,-0.059122081845998764,8.022386110051182
44.26665472984314,7.080577307602339,6.297771513852702,0.4,1.7626350119303382,-0.06635808944702148,8.069168946163098
44.2997465133667,7.162818119267053,6.35255605755839,0.4,1.7627389541266156,-0.06649396568536758,8.165183104023832
44.33332133293152,7.204838229817239,6.380749805813432,0.4,1.7627389541266156,-0.06649396568536758,8.214414512527958
44.36657738685608,7.246858340367424,6.408943554068473,0.4,1.7627389541266156,-0.06649396568536758,8.263662480963642
44.399967193603516,7.288878450917609,6.4371373023235146,0.4,1.7676836836371255,-0.07426217943429947,8.3129267150147
44.433305978775024,7.330898561467795,6.4653310505785555,0.4,1.7676836836371255,-0.07641246914863586,8.362206927204483
44.46702718734741,7.372918672017981,6.4935247988335965,0.4,1.7676836836371255,-0.07876142859458923,8.41150283670111
44.49983286857605,7.414938782568166,6.521718547088638,0.4,1.780558808441906,-0.08047288656234741,8.460814169129213
44.53321719169617,7.456958893118352,6.549912295343679,0.4,1.780558808441906,-0.08136628568172455,8.510140656387948
44.567084074020386,7.498979003668538,6.578106043598721,0.4,1.780558808441906,-0.08167354017496109,8.559482036475059
44.600013256073,7.540999114218724,6.606299791853762,0.4,1.780558808441906,-0.08167354017496109,8.608838053316715
44.63341450691223,7.5830192247689086,6.634493540108803,0.4,1.789594801487383,-0.07725387066602707,8.658208456602976
44.66641187667847,7.625039335319094,6.662687288363845,0.4,1.789594801487383,-0.07575955241918564,8.707593001628597
44.69973278045654,7.66705944586928,6.690881036618886,0.4,1.789594801487383,-0.07575955241918564,8.756991449139022
44.7334406375885,7.709079556419466,6.719074784873928,0.4,1.796321464056745,-0.07280079275369644,8.806403565181375
44.76670598983765,7.751099666969651,6.747268533128969,0.4,1.796321464056745,-0.06408604234457016,8.855829120960225
44.80006980895996,7.793119777519837,6.77546228138401,0.4,1.796321464056745,-0.06408604234457016,8.90526789269799
44.833255767822266,7.881221120270601,6.82411271879189,0.4,1.7813995180050874,-0.05668720602989197,9.001443839278005
44.86638164520264,7.927302352471179,6.8445694079447295,0.4,1.7813995180050874,-0.05086313933134079,9.048207672212518
44.89975309371948,7.973383584671757,6.865026097097568,0.4,1.7813995180050874,-0.05086313933134079,9.095010548618369
44.93337798118591,8.019464816872336,6.885482786250407,0.4,1.7795559947622372,-0.04154457524418831,9.14185186883149
44.96659541130066,8.065546049072914,6.905939475403246,0.4,1.7795559947622372,0.004216283559799194,9.188731044927836
44.99991035461426,8.111627281273492,6.926396164556085,0.4,1.7795559947622372,0.004216283559799194,9.235647500449975
45.03346514701843,8.157708513474072,6.946852853708923,0.4,1.7713982004179707,0.01643519103527069,9.282600670140862
45.06677031517029,8.20378974567465,6.967309542861762,0.4,1.7713982004179707,0.022117724642157555,9.329589999684643
45.09994292259216,8.249870977875227,6.987766232014601,0.4,1.7713982004179707,0.022117724642157555,9.376614945454264
45.13341474533081,8.295952210075805,7.00822292116744,0.4,1.7838895898000413,0.02725084498524666,9.423674974265682
45.166743755340576,8.342033442276385,7.028679610320278,0.4,1.7838895898000413,0.041012443602085114,9.470769563138509
45.19970774650574,8.388114674476963,7.049136299473117,0.4,1.7865289344316218,0.04614543542265892,9.517898199062893
45.23304629325867,8.434195906677541,7.069592988625956,0.4,1.7865289344316218,0.04636399820446968,9.565060378772472
45.26657509803772,8.480277138878119,7.090049677778795,0.4,1.7865289344316218,0.04636399820446968,9.612255608523203
45.29996061325073,8.526358371078697,7.110506366931634,0.4,1.794062361248182,0.051970224827528,9.659483403877921
45.33305811882019,8.572439603279276,7.130963056084473,0.4,1.794062361248182,0.053535204380750656,9.706743289496465
45.36649036407471,8.661232290982447,7.169501150902589,0.4,1.794062361248182,0.05524827912449837,9.797284216173397
45.400036334991455,8.703943746485038,7.187582556567866,0.4,1.7857231960168187,0.05745600536465645,9.840562157596688
45.43339252471924,8.74665520198763,7.205663962233144,0.4,1.7857231960168187,0.05721094086766243,9.883868248509364
45.46644592285156,8.789366657490222,7.223745367898421,0.4,1.7857231960168187,0.059427984058856964,9.927202120516286
45.49986720085144,8.832078112992814,7.241826773563699,0.4,1.7857231960168187,0.059427984058856964,9.970563411392487
45.53314137458801,8.874789568495405,7.259908179228976,0.4,1.7861796366772968,0.041592374444007874,10.013951764959627
45.56666898727417,8.917501023997998,7.277989584894254,0.4,1.7861796366772968,0.041592374444007874,10.057366830965323
45.59992837905884,8.96021247950059,7.296070990559531,0.4,1.775814201384853,0.04127711430191994,10.10080826496518
45.63323521614075,9.002923935003182,7.3141523962248085,0.4,1.775814201384853,0.04078938066959381,10.144275728207521
45.66677379608154,9.045635390505774,7.3322338018900854,0.4,1.775814201384853,0.041411351412534714,10.187768887520738
45.700031042099,9.088346846008365,7.350315207555363,0.4,1.775814201384853,0.041411351412534714,10.231287415203171
45.733272075653076,9.131058301510958,7.36839661322064,0.4,1.7715997968883244,0.040798988193273544,10.274830988915491
45.76664853096008,9.173769757013549,7.386478018885918,0.4,1.7715997968883244,0.040811687707901,10.318399291575476
45.800055742263794,9.216481212516141,7.404559424551195,0.4,1.767063621546982,0.041353490203619,10.361992011255193
45.83320665359497,9.259192668018734,7.422640830216473,0.4,1.767063621546982,0.041644416749477386,10.40560884108045
45.867002725601196,9.301904123521325,7.44072223588175,0.4,1.767063621546982,0.041493289172649384,10.449249479132494
45.900187969207764,9.344615579023918,7.458803641547028,0.4,1.767063621546982,0.041493289172649384,10.492913628351936
45.93342328071594,9.387327034526509,7.4768850472123045,0.4,1.767063621546982,0.041493289172649384,10.536600996444765
45.96644735336304,9.472902055773329,7.516515588015984,0.4,1.7657227828758866,0.04141022264957428,10.626493345786322
45.99987483024597,9.515765621517557,7.5380647231543865,0.4,1.7644096279110384,0.03497603163123131,10.672691218302775
46.03307342529297,9.558629187261785,7.5596138582927885,0.4,1.7644096279110384,0.03497603163123131,10.718904708757346
46.06674814224243,9.601492753006012,7.5811629934311915,0.4,1.7644096279110384,0.03212931379675865,10.765133616011958
46.099759578704834,9.64435631875024,7.6027121285695936,0.4,1.7747406244224355,0.030821755528450012,10.811377742302229
46.133089780807495,9.687219884494468,7.624261263707996,0.4,1.7747406244224355,0.02930413745343685,10.85763689316844
46.16646194458008,9.730083450238697,7.645810398846398,0.4,1.7747406244224355,0.02930413745343685,10.90391087738816
46.19977068901062,9.772947015982924,7.6673595339848,0.4,1.7747406244224355,0.02930413745343685,10.95019950691047
46.23310565948486,9.81581058172715,7.688908669123202,0.4,1.7747406244224355,0.02930413745343685,10.996502596791755
46.2667453289032,9.85867414747138,7.710457804261605,0.4,1.7790124770022828,0.026994887739419937,11.042819965133019
46.30005216598511,9.901537713215607,7.732006939400007,0.4,1.7652126212062504,0.02199595794081688,11.089151433018671
46.33309245109558,9.944401278959834,7.753556074538409,0.4,1.7652126212062504,0.02199595794081688,11.135496824456764
46.366570472717285,9.987264844704063,7.775105209676811,0.4,1.7652126212062504,0.01980304904282093,11.181855966320635
46.39977836608887,10.03012841044829,7.796654344815213,0.4,1.7642361536334734,0.014867779798805714,11.228228688291894
46.43304800987244,10.072991976192519,7.818203479953615,0.4,1.7642361536334734,0.014867779798805714,11.274614822804766
46.46943473815918,10.115855541936746,7.839752615092017,0.4,1.7642361536334734,0.008002775721251965,11.321014204991696
46.49985694885254,10.158719107680973,7.86130175023042,0.4,1.7479698097935055,0.004177876282483339,11.367426672630252
46.533180952072144,10.201582673425202,7.882850885368822,0.4,1.7479698097935055,0.004177876282483339,11.413852066091211
46.566669940948486,10.294894832921159,7.933762539982193,0.4,1.7479698097935055,-0.008097836747765541,11.517593858418651
46.599929094314575,10.34534342667289,7.963125059457161,0.4,1.755736958284441,-0.013605698011815548,11.574908159233853
46.633280754089355,10.39579202042462,7.9924875789321295,0.4,1.755736958284441,-0.012179811485111713,11.632232973003795
46.666661500930786,10.44624061417635,8.021850098407098,0.4,1.755736958284441,-0.01886596530675888,11.689568145064122
46.700061559677124,10.49668920792808,8.051212617882065,0.4,1.755736958284441,-0.01886596530675888,11.746913523742391
46.73327684402466,10.547137801679812,8.080575137357034,0.4,1.755736958284441,-0.01886596530675888,11.804268960286734
46.76645612716675,10.597586395431541,8.109937656832003,0.4,1.7617319871712773,-0.03581194952130318,11.86163430879652
46.79978346824646,10.648034989183271,8.139300176306971,0.4,1.7731583981713062,-0.03602387756109238,11.919009426154984
46.83302974700928,10.698483582935001,8.168662695781938,0.4,1.7731583981713062,-0.03602387756109238,11.976394171963737
46.866318464279175,10.748932176686733,8.198025215256907,0.4,1.7731583981713062,-0.07650728523731232,12.03378840847908
46.89996671676636,10.799380770438463,8.227387734731876,0.4,1.781396589718787,-0.09923798590898514,12.091192000550105
46.93310046195984,10.849829364190192,8.256750254206844,0.4,1.781396589718787,-0.09923798590898514,12.1486048155585
46.966654539108276,10.900277957941922,8.286112773681811,0.4,1.781396589718787,-0.15442529320716858,12.206026723359994
47.00000023841858,10.950726551693654,8.31547529315678,0.4,1.7857107000706829,-0.1779533326625824,12.263457596227434
47.033246755599976,11.047414033181234,8.360003047185957,0.4,1.7857107000706829,-0.19396181404590607,12.365943945446979
47.06665325164795,11.093652920917084,8.375168281740166,0.4,1.7857107000706829,-0.20601224899291992,12.411017882033228
47.09978675842285,11.139891808652933,8.390333516294376,0.4,1.7857107000706829,-0.20601224899291992,12.456118822190025
47.133281230926514,11.186130696388783,8.405498750848585,0.4,1.7857107000706829,-0.20601224899291992,12.501246473653774
47.16645002365112,11.232369584124632,8.420663985402793,0.4,1.7725538107113519,-0.20601224899291992,12.54640054819395
47.19976997375488,11.278608471860482,8.435829219957002,0.4,1.7762864748757767,-0.21918651461601257,12.591580761546911
47.233092308044434,11.324847359596331,8.450994454511212,0.4,1.7762864748757767,-0.21918651461601257,12.636786833350929
47.26663780212402,11.371086247332181,8.466159689065421,0.4,1.7762864748757767,-0.2307148426771164,12.682018487082438
47.2997841835022,11.417325135068031,8.48132492361963,0.4,1.77425597658303,-0.24555306136608124,12.727275449993467
47.333242416381836,11.463564022803881,8.496490158173838,0.4,1.77425597658303,-0.24555306136608124,12.772557453050203
47.366644859313965,11.509802910539731,8.511655392728047,0.4,1.77425597658303,-0.2488216608762741,12.817864230872724
47.39987063407898,11.556041798275581,8.526820627282257,0.4,1.77425597658303,-0.2488216608762741,12.86319552167582
47.43329644203186,11.602280686011431,8.541985861836466,0.4,1.77425597658303,-0.2488216608762741,12.908551067210897
47.466474771499634,11.64851957374728,8.557151096390674,0.4,1.77425597658303,-0.2488216608762741,12.953930612708966
47.499783992767334,11.69475846148313,8.572316330944883,0.4,1.7889622421615134,-0.24906599521636963,12.999333906824676
47.53328466415405,11.74099734921898,8.587481565499093,0.4,1.7889622421615134,-0.24906599521636963,13.044760701581351
47.566535234451294,11.78723623695483,8.602646800053302,0.4,1.7889622421615134,-0.24906599521636963,13.090210752317052
47.59985113143921,11.867969157196885,8.600596571542669,0.4,1.7889622421615134,-0.24906599521636963,13.151716308026094
47.63313150405884,11.902463189703091,8.583381108477827,0.4,1.7889622421615134,-0.24906599521636963,13.167842145078447
47.66644883155823,11.936957222209298,8.566165645412983,0.4,1.7889622421615134,-0.24906599521636963,13.184060986263033
47.69975304603577,11.971451254715504,8.548950182348142,0.4,1.7870216393014609,-0.24201935529708862,13.200372488766973
47.73315238952637,12.00594528722171,8.5317347192833,0.4,1.7870216393014609,-0.20789171755313873,13.21677630951599
47.76651692390442,12.040439319727916,8.514519256218458,0.4,1.7870216393014609,-0.20743851363658905,13.233272105199998
47.799975872039795,12.074933352234122,8.497303793153616,0.4,1.7908388764047898,-0.19930808246135712,13.24985953229844
47.83329391479492,12.109427384740329,8.480088330088773,0.4,1.7908388764047898,-0.19930808246135712,13.266538247105363
47.86665987968445,12.143921417246535,8.46287286702393,0.4,1.7908388764047898,-0.19930808246135712,13.283307905754242
47.89995980262756,12.178415449752741,8.445657403959089,0.4,1.7855848653161892,-0.19893114268779755,13.30016816424255
47.93330669403076,12.212909482258947,8.428441940894247,0.4,1.7855848653161892,-0.19893114268779755,13.317118678456053
47.966652154922485,12.247403514765152,8.411226477829405,0.4,1.7855848653161892,-0.18115614354610443,13.334159104192858
48.000028133392334,12.281897547271358,8.394011014764564,0.4,1.7800783033243772,-0.1843593418598175,13.351289097187193
48.033368825912476,12.316391579777564,8.37679555169972,0.4,1.7800783033243772,-0.1843593418598175,13.368508313132924
48.06672239303589,12.35088561228377,8.359580088634878,0.4,1.7800783033243772,-0.166759192943573,13.385816407706807
48.09998321533203,12.385379644789976,8.342364625570037,0.4,1.7766985413394643,-0.15588369965553284,13.403213036591474
48.133225202560425,12.419873677296183,8.325149162505195,0.4,1.7766985413394643,-0.15588369965553284,13.420697855498148
48.167410373687744,12.454367709802389,8.307933699440353,0.4,1.7766985413394643,-0.14796623587608337,13.43827052018911
48.20005989074707,12.488861742308595,8.29071823637551,0.4,1.7844057114117213,-0.1341363936662674,13.455930686499872
48.23442220687866,12.523355774814801,8.273502773310668,0.4,1.7844057114117213,-0.1341363936662674,13.473678010361105
48.26664090156555,12.573476084361323,8.200660412189192,0.4,1.7844057114117213,-0.1341363936662674,13.47170961582283
48.29975700378418,12.58910236140164,8.145033514132557,0.4,1.7828917485827522,-0.12703752517700195,13.452126113591403
48.333258867263794,12.604728638441955,8.089406616075923,0.4,1.7828917485827522,-0.11846986413002014,13.432762599090525
48.36662149429321,12.62035491548227,8.033779718019288,0.4,1.7828917485827522,-0.08394540846347809,13.413620025024036
48.39964938163757,12.635981192522587,7.978152819962653,0.4,1.7877620745299292,-0.07613306492567062,13.39469933864025
48.43325138092041,12.651607469562903,7.9225259219060185,0.4,1.7877620745299292,-0.07613306492567062,13.376001481536113
48.46664357185364,12.667233746603218,7.866899023849384,0.4,1.7877620745299292,-0.05855686590075493,13.35752738946045
48.49973726272583,12.682860023643535,7.811272125792749,0.4,1.794243319859659,-0.04523685947060585,13.339277992116331
48.533164262771606,12.69848630068385,7.755645227736116,0.4,1.794243319859659,-0.04056261479854584,13.321254212962652
48.56666088104248,12.714112577724167,7.700018329679481,0.4,1.794243319859659,-0.030137144029140472,13.303456969015022
48.59990119934082,12.729738854764483,7.6443914316228465,0.4,1.778679163918271,-0.018958261236548424,13.28588717064602
48.633140563964844,12.745365131804798,7.588764533566212,0.4,1.778679163918271,-0.015801578760147095,13.26854572138491
48.66716551780701,12.760991408845115,7.533137635509577,0.4,1.778679163918271,-0.008234163746237755,13.251433517716876
48.69964909553528,12.77661768588543,7.477510737452943,0.4,1.7825336776681597,0.0019025723449885845,13.23455144888189
48.73414611816406,12.792243962925745,7.421883839396308,0.4,1.7825336776681597,0.005011565517634153,13.217900396673304
48.766682386398315,12.807870239966062,7.366256941339674,0.4,1.7825336776681597,0.005011565517634153,13.201481235236217
48.80018854141235,12.81978334383186,7.2361594404186595,0.4,1.7794793779093467,0.011663002893328667,13.142997894175519
48.8332314491272,12.81607017065734,7.16168883755428,0.4,1.7794793779093467,0.01769345812499523,13.100988773082799
48.866565465927124,12.812356997482823,7.0872182346899,0.4,1.7794793779093467,0.05034556984901428,13.059270245127522
48.89992356300354,12.808643824308305,7.01274763182552,0.4,1.7794793779093467,0.05034556984901428,13.01784510411752
48.93320417404175,12.804930651133787,6.93827702896114,0.4,1.790411706478877,0.058226026594638824,12.976716159761374
48.96658134460449,12.801217477959268,6.863806426096761,0.4,1.790411706478877,0.058477822691202164,12.93588623728268
48.99990630149841,12.79750430478475,6.789335823232381,0.4,1.790411706478877,0.058477822691202164,12.89535817701544
49.03317618370056,12.793791131610233,6.714865220368002,0.4,1.7892976600979618,0.06649144738912582,12.855134833980177
49.06657600402832,12.790077958435713,6.640394617503622,0.4,1.7892976600979618,0.06811491400003433,12.815219077440466
49.099929332733154,12.786364785261195,6.565924014639243,0.4,1.7987572463391996,0.06805562973022461,12.775613790439568
49.133198976516724,12.782651612086678,6.491453411774863,0.4,1.7987572463391996,0.06789838522672653,12.736321869316793
49.1665678024292,12.77893843891216,6.416982808910483,0.4,1.7987572463391996,0.06752195209264755,12.697346223203368
49.19990539550781,12.77522526573764,6.342512206046103,0.4,1.7987572463391996,0.06752195209264755,12.65868977349743
49.233259201049805,12.770771773938678,6.21835845134374,0.4,1.788933358919307,0.06653231382369995,12.596498525998697
49.26640748977661,12.770031455314234,6.168675299505757,0.4,1.788933358919307,0.06547383964061737,12.572792704494063
49.30009317398071,12.769291136689787,6.118992147667774,0.4,1.788933358919307,0.06547383964061737,12.549238845131894
49.33324575424194,12.768550818065343,6.069308995829791,0.4,1.7954990747322555,0.061522506177425385,12.525837805171033
49.36659026145935,12.767810499440898,6.019625843991808,0.4,1.7954990747322555,0.05073675885796547,12.502590442705582
49.399921894073486,12.767070180816454,5.969942692153825,0.4,1.7954990747322555,0.05073675885796547,12.479497616567363
49.433199882507324,12.766329862192007,5.920259540315842,0.4,1.785817028864571,0.043284233659505844,12.456560186226548
49.46658110618591,12.765589543567563,5.870576388477859,0.4,1.785817028864571,0.0402076281607151,12.433779011690484
49.49991035461426,12.764849224943118,5.820893236639876,0.4,1.785817028864571,0.0402076281607151,12.411154953400656
49.53353023529053,12.764108906318674,5.771210084801893,0.4,1.7767200794049547,0.037444714456796646,12.38868887212787
49.566596269607544,12.763368587694227,5.72152693296391,0.4,1.7767200794049547,0.037444714456796646,12.3663816288656
49.59991645812988,12.762628269069783,5.671843781125927,0.4,1.7767200794049547,0.037444714456796646,12.34423408472153
49.63328695297241,12.761887950445338,5.622160629287944,0.4,1.7763589613770001,0.037444714456796646,12.32224710080728
49.66656017303467,12.761147631820894,5.57247747744996,0.4,1.7763589613770001,0.019889257848262787,12.300421538126345
49.69989585876465,12.760407313196447,5.522794325611977,0.4,1.785678047293379,0.010090971365571022,12.278758257460236
49.733216762542725,12.759666994572003,5.473111173773994,0.4,1.785678047293379,0.0025097450707107782,12.257258119252848
49.766629695892334,12.76120393607952,5.377086151505418,0.4,1.785678047293379,0.002271615667268634,12.218874795565709
49.7999472618103,12.763481196211481,5.330744281074826,0.4,1.785678047293379,0.002271615667268634,12.201980218924755
49.83312678337097,12.765758456343443,5.284402410644233,0.4,1.785013886648663,-0.01421017199754715,12.185238888347184
49.86658811569214,12.768035716475405,5.238060540213641,0.4,1.785013886648663,-0.0192653089761734,12.168651436329478
49.899906158447266,12.770312976607366,5.191718669783048,0.4,1.785013886648663,-0.0192653089761734,12.152218492991961
49.93315386772156,12.772590236739328,5.145376799352455,0.4,1.7911268707357058,-0.026447871699929237,12.13594068598251
49.966580390930176,12.77486749687129,5.099034928921863,0.4,1.7911268707357058,-0.026447871699929237,12.119818640379602
49.99992752075195,12.777144757003251,5.05269305849127,0.4,1.7911268707357058,-0.026447871699929237,12.103852978594771
50.03314733505249,12.779422017135213,5.006351188060678,0.4,1.7964963493041095,-0.045475952327251434,12.088044320274458
50.06656312942505,12.781017762570105,4.910294071451643,0.4,1.7964963493041095,-0.04866144806146622,12.052886049825796
50.09995985031128,12.780336247873034,4.8605788252732,0.4,1.7865779912034385,-0.05656912922859192,12.03355262756436
50.133195877075195,12.779654733175965,4.810863579094758,0.4,1.7865779912034385,-0.06028570607304573,12.014393854496644
50.16669774055481,12.778973218478896,4.761148332916316,0.4,1.7865779912034385,-0.06807126104831696,11.995410567458793
50.20004439353943,12.778291703781825,4.711433086737873,0.4,1.779795086714829,-0.0676083117723465,11.976603600903184
50.23319935798645,12.777610189084756,4.661717840559431,0.4,1.779795086714829,-0.07084037363529205,11.957973786756765
50.26671481132507,12.776928674387685,4.612002594380989,0.4,1.779795086714829,-0.07438081502914429,11.939521954278003
50.299954414367676,12.776247159690616,4.562287348202547,0.4,1.779795086714829,-0.07438081502914429,11.921248929912533
50.33327674865723,12.775565644993547,4.512572102024104,0.4,1.779795086714829,-0.07438081502914429,11.90315553714748
50.36640548706055,12.774884130296476,4.462856855845662,0.4,1.7865174486975306,-0.08153689652681351,11.885242596364554
50.39994955062866,12.774202615599407,4.413141609667219,0.4,1.7865174486975306,-0.08153689652681351,11.867510924691912
50.433350801467896,12.773521100902338,4.363426363488777,0.4,1.7865174486975306,-0.08153689652681351,11.849961335854859
50.4666383266449,12.772839586205267,4.313711117310335,0.4,1.7881555671640283,-0.09625160694122314,11.832594640025405
50.49988508224487,12.772158071508198,4.263995871131893,0.4,1.789547967860552,-0.10116559267044067,11.815411643670762
50.533204317092896,12.771476556811127,4.21428062495345,0.4,1.789547967860552,-0.10116559267044067,11.79841314940077
50.56669592857361,12.770795042114058,4.164565378775008,0.4,1.789547967860552,-0.10351961851119995,11.781599955814366
50.60011124610901,12.770113527416989,4.114850132596566,0.4,1.7935065819632676,-0.1067894846200943,11.7649728573451
50.634522676467896,12.769432012719918,4.065134886418123,0.4,1.7935065819632676,-0.1067894846200943,11.748532644105751
50.666712284088135,12.77491542661059,3.97220761040548,0.4,1.7935065819632676,-0.10842519253492355,11.72473409629163
50.69975543022156,12.781080355198332,3.9289955805712786,0.4,1.7948768198647815,-0.10845993459224701,11.71734583614058
50.73336696624756,12.787245283786074,3.8857835507370777,0.4,1.7948768198647815,-0.10845993459224701,11.710115619857572
50.76665782928467,12.793410212373816,3.8425715209028763,0.4,1.7948768198647815,-0.08507146686315536,11.703043740364185
50.799808979034424,12.799575140961558,3.799359491068675,0.4,1.789537443540433,-0.0864507183432579,11.696130484867897
50.833351850509644,12.8057400695493,3.7561474612344736,0.4,1.789537443540433,-0.0864507183432579,11.689376134805856
50.86792302131653,12.811904998137042,3.7129354314002723,0.4,1.789537443540433,-0.09158069640398026,11.682780965789568
50.899762868881226,12.818069926724784,3.6697234015660714,0.4,1.7859529051840304,-0.09676215797662735,11.6763452475505
50.93307185173035,12.824234855312525,3.62651137173187,0.4,1.7859529051840304,-0.0977100282907486,11.670069243886646
50.96671676635742,12.811649215837654,3.5281141755991494,0.4,1.7859529051840304,-0.10497700423002243,11.630759603013209
50.99983024597168,12.792898647775042,3.47292900930063,0.4,1.7859529051840304,-0.10497700423002243,11.597763892793102
51.033127784729004,12.77414807971243,3.417743843002111,0.4,1.7859529051840304,-0.10497700423002243,11.56496777581464
51.06626033782959,12.755397511649818,3.3625586767035918,0.4,1.7897570103105562,-0.1242029219865799,11.532372954906148
51.099727153778076,12.736646943587205,3.3073735104050725,0.4,1.7749525218487423,-0.12219082564115524,11.49998114169039
51.13308238983154,12.717896375524592,3.2521883441065533,0.4,1.7749525218487423,-0.12219082564115524,11.46779405640782
51.166380643844604,12.69914580746198,3.197003177808034,0.4,1.7749525218487423,-0.12392421066761017,11.435813427731961
51.1998028755188,12.680395239399369,3.141818011509515,0.4,1.780406684475562,-0.12392421066761017,11.40404099257675
51.23300266265869,12.661644671336756,3.0866328452109957,0.4,1.780406684475562,-0.12392421066761017,11.37247849589575
51.26638984680176,12.642894103274143,3.0314476789124765,0.4,1.780406684475562,-0.14461171627044678,11.341127690473103
51.2999963760376,12.62414353521153,2.9762625126139572,0.4,1.7896389382104076,-0.14674220979213715,11.309990336706058
51.33310031890869,12.605392967148918,2.921077346315438,0.4,1.7896389382104076,-0.14674220979213715,11.279068202379005
51.366475105285645,12.586642399086307,2.865892180016919,0.4,1.7896389382104076,-0.15166011452674866,11.248363062428865
51.40498733520508,12.567891831023694,2.8107070137183996,0.4,1.8009551957733652,-0.1649307757616043,11.217876698701724
51.43307185173035,12.521663157419388,2.7155488839473865,0.4,1.8009551957733652,-0.16434346139431,11.152245058191799
51.46643400192261,12.494185051877697,2.675575920474892,0.4,1.8009551957733652,-0.15488216280937195,11.11697835749501
51.49982953071594,12.466706946336004,2.635602957002398,0.4,1.8009551957733652,-0.15488216280937195,11.081811744125925
51.53300356864929,12.439228840794312,2.595629993529904,0.4,1.8009551957733652,-0.15488216280937195,11.046746173949506
51.566317319869995,12.41175073525262,2.55565703005741,0.4,1.7933165263073936,-0.15671227872371674,11.011782612241973
51.59973478317261,12.384272629710928,2.5156840665849156,0.4,1.8022600036644254,-0.15084509551525116,10.976922033751864
51.63296031951904,12.356794524169235,2.4757111031124217,0.4,1.8022600036644254,-0.1551724523305893,10.942165422760043
51.66684293746948,12.329316418627544,2.435738139639928,0.4,1.8022600036644254,-0.15615031123161316,10.907513773138668
51.69986081123352,12.265697624788832,2.369728081748829,0.4,1.7960733129117556,-0.15995126962661743,10.832599040317401
51.73324370384216,12.229556936491813,2.3436909873302243,0.4,1.7960733129117556,-0.15746091306209564,10.792262832431566
51.76669383049011,12.193416248194794,2.3176538929116197,0.4,1.7960733129117556,-0.15781404078006744,10.75195983435368
51.79979753494263,12.157275559897773,2.291616798493015,0.4,1.791595115196863,-0.16098736226558685,10.711690420941904
51.83336424827576,12.121134871600754,2.2655797040744106,0.4,1.791595115196863,-0.15227960050106049,10.671454972397859
51.86670970916748,12.084994183303735,2.239542609655806,0.4,1.791595115196863,-0.15227960050106049,10.631253874355748
51.89993596076965,12.048853495006716,2.213505515237201,0.4,1.793165352066129,-0.14715848863124847,10.591087517973113
51.93303442001343,12.012712806709697,2.1874684208185964,0.4,1.793165352066129,-0.14559467136859894,10.550956300023254
51.96645641326904,11.976572118412678,2.161431326399992,0.4,1.793165352066129,-0.14037804305553436,10.510860622989327
52.00008225440979,11.940431430115657,2.1353942319813872,0.4,1.7968415216796336,-0.13693419098854065,10.470800895160188
52.03358840942383,11.904290741818638,2.1093571375627826,0.4,1.7968415216796336,-0.13693419098854065,10.430777530727994
52.066497564315796,11.86815005352162,2.083320043144178,0.4,1.7968415216796336,-0.13693419098854065,10.390790949887561
52.1000189781189,11.8320093652246,2.0572829487255735,0.4,1.7876518771475105,-0.12928831577301025,10.350841578937588
52.13307499885559,11.795868676927581,2.031245854306969,0.4,1.7876518771475105,-0.12928831577301025,10.310929850383712
52.166518449783325,11.759727988630562,2.0052087598883643,0.4,1.7876518771475105,-0.12569186091423035,10.271056203043443
52.19977617263794,11.723587300333541,1.9791716654697598,0.4,1.7996130780587363,-0.11816859990358353,10.231221082153057
52.23344349861145,11.687446612036522,1.953134571051155,0.4,1.7996130780587363,-0.11816859990358353,10.191424939476418
52.26659655570984,11.651305923739503,1.9270974766325504,0.4,1.7996130780587363,-0.11816859990358353,10.151668233415792
52.29969573020935,11.571376468189023,1.8968651677504682,0.4,1.7889670475032458,-0.12028157711029053,10.068036405495125
52.332982540130615,11.527587700935559,1.8926699532869906,0.4,1.7889670475032458,-0.12028157711029053,10.024122032961136
52.36673879623413,11.483798933682095,1.888474738823513,0.4,1.7889670475032458,-0.10016312450170517,9.9802083201175
52.39998745918274,11.440010166428634,1.8842795243600354,0.4,1.7694246748188542,-0.07127435505390167,9.936295275710771
52.43301606178284,11.396221399175172,1.8800843098965578,0.4,1.7694246748188542,-0.06969580799341202,9.892382908642679
52.46665549278259,11.352432631921708,1.8758890954330802,0.4,1.7694246748188542,-0.0633879154920578,9.84847122797357
52.49996471405029,11.308643864668245,1.8716938809696027,0.4,1.7636537889381798,-0.05639951676130295,9.804560242925977
52.5335259437561,11.264855097414783,1.867498666506125,0.4,1.7636537889381798,-0.05639951676130295,9.760649962888236
52.56670689582825,11.221066330161321,1.8633034520426475,0.4,1.7636537889381798,-0.04352178797125816,9.716740397418235
52.59975624084473,11.177277562907857,1.8591082375791699,0.4,1.7564937887121865,-0.03243117779493332,9.672831556247257
52.632975339889526,11.133488795654394,1.8549130231156923,0.4,1.7564937887121865,-0.03243117779493332,9.62892344928393
52.666927099227905,11.089700028400932,1.8507178086522147,0.4,1.7564937887121865,-0.03243117779493332,9.585016086618277
52.70001029968262,11.04591126114747,1.846522594188737,0.4,1.7530961409835548,-0.027355695143342018,9.541109478525874
52.73329019546509,11.002122493894007,1.8423273797252595,0.4,1.7530961409835548,-0.027355695143342018,9.497203635472145
52.76658630371094,10.958333726640543,1.838132165261782,0.4,1.7530961409835548,-0.0010374735575169325,9.453298568116757
52.8003363609314,10.914544959387081,1.8339369507983043,0.4,1.7622623659761947,0.0011729449033737183,9.409394287318143
52.83306431770325,10.87075619213362,1.8297417363348267,0.4,1.7622623659761947,0.0011729449033737183,9.365490804138147
52.86639857292175,10.766062036715406,1.8326384620571023,0.4,1.7622623659761947,0.0011729449033737183,9.262579106557368
52.90006136894226,10.705156648550656,1.8397304022428556,0.4,1.7680590731341441,0.0011729449033737183,9.203600255976534
52.93303680419922,10.644251260385907,1.846822342428609,0.4,1.7680590731341441,0.05015821382403374,9.144652161905109
52.96641540527344,10.583345872221157,1.8539142826143622,0.4,1.7680590731341441,0.060701850801706314,9.08573542298621
53.00000238418579,10.522440484056407,1.8610062228001154,0.4,1.761452374939675,0.06909994781017303,9.02685065316931
53.0330011844635,10.461535095891657,1.8680981629858686,0.4,1.761452374939675,0.07029547542333603,8.967998482191343
53.0666286945343,10.400629707726907,1.8751901031716218,0.4,1.761452374939675,0.0728696957230568,8.9091795560756
53.09976649284363,10.339724319562158,1.8822820433573753,0.4,1.7698854911221478,0.07875525206327438,8.850394537649203
53.133049726486206,10.278818931397408,1.8893739835431285,0.4,1.7698854911221478,0.07875525206327438,8.791644107079884
53.166425943374634,10.217913543232658,1.8964659237288817,0.4,1.7698854911221478,0.07875525206327438,8.73292896243295
53.19980788230896,10.157008155067908,1.9035578639146349,0.4,1.7698854911221478,0.07875525206327438,8.674249820249253
53.23317551612854,10.096102766903158,1.910649804100388,0.4,1.756760914830468,0.08467483520507812,8.615607416145096
53.26643657684326,10.03519737873841,1.9177417442861415,0.4,1.756760914830468,0.08820129930973053,8.557002505434996
53.29979658126831,9.97429199057366,1.9248336844718947,0.4,1.756760914830468,0.08820129930973053,8.498435863778308
53.33297920227051,9.865543439756086,1.9337598382450918,0.4,1.7567053190252242,0.08496323972940445,8.393257224390402
53.36666917800903,9.817700277103265,1.9355940518325356,0.4,1.7567053190252242,0.08496323972940445,8.346620060080335
53.39992833137512,9.769857114450442,1.9374282654199795,0.4,1.7567053190252242,0.08496323972940445,8.299997029215941
53.433014154434204,9.722013951797619,1.9392624790074233,0.4,1.7607339518095653,0.07132760435342789,8.253388371314879
53.46644926071167,9.674170789144798,1.9410966925948672,0.4,1.7607339518095653,0.06624777615070343,8.206794331261268
53.499797344207764,9.626327626491975,1.942930906182311,0.4,1.7607339518095653,0.06624777615070343,8.160215159454605
53.53299379348755,9.578484463839152,1.9447651197697549,0.4,1.77066236821689,0.06137414649128914,8.113651111963566
53.56646370887756,9.53064130118633,1.9465993333571987,0.4,1.77066236821689,0.05955825746059418,8.067102450684924
53.59978628158569,9.482798138533507,1.9484335469446425,0.4,1.77066236821689,0.05955825746059418,8.020569443507737
53.63297915458679,9.434954975880684,1.9502677605320862,0.4,1.77433186456665,0.05654187500476837,7.974052364483036
53.66652965545654,9.387111813227861,1.95210197411953,0.4,1.77433186456665,0.050307318568229675,7.927551493999218
53.69999122619629,9.33926865057504,1.9539361877069739,0.4,1.7895051620259237,0.04703008010983467,7.881067118963345
53.73292565345764,9.291425487922217,1.9557704012944177,0.4,1.7895051620259237,0.04281780868768692,7.834599532988611
53.76656746864319,9.243582325269394,1.9576046148818615,0.4,1.7895051620259237,0.04259949177503586,7.788149036588202
53.799970388412476,9.195739162616572,1.9594388284693054,0.4,1.7895051620259237,0.04259949177503586,7.741715937375794
53.83294415473938,9.14789599996375,1.9612730420567492,0.4,1.776646313845391,0.031148890033364296,7.69530055027295
53.866413593292236,9.100052837310926,1.963107255644193,0.4,1.776646313845391,0.027087368071079254,7.648903197723724
53.89974665641785,9.052209674658105,1.964941469231637,0.4,1.776646313845391,0.027087368071079254,7.602524209916696
53.93329906463623,8.949277867897422,1.9612267622577693,0.4,1.7764697027457879,0.026689093559980392,7.50116217731822
53.966634035110474,8.89418922378956,1.9556778416964575,0.4,1.7764697027457879,0.026689093559980392,7.446165849457151
54.00001311302185,8.839100579681698,1.950128921135146,0.4,1.7764697027457879,0.026689093559980392,7.391175062415485
54.033188819885254,8.784011935573838,1.9445800005738345,0.4,1.7630512630882305,-0.0038112967740744352,7.33618994079224
54.06641459465027,8.728923291465978,1.9390310800125228,0.4,1.7630512630882305,-0.0048993052914738655,7.2812106129371115
54.099958658218384,8.673834647358117,1.9334821594512113,0.4,1.7673420989240387,-0.017653029412031174,7.22623721109215
54.13334560394287,8.618746003250255,1.9279332388898995,0.4,1.7673420989240387,-0.02277548424899578,7.171269871539891
54.1663761138916,8.523510836094914,1.908699316916804,0.4,1.7673420989240387,-0.024809561669826508,7.074135372201696
54.19995665550232,8.483364313047431,1.89501431550502,0.4,1.7673420989240387,-0.024809561669826508,7.031964914959869
54.23304033279419,8.44321778999995,1.8813293140932361,0.4,1.7702955410068082,-0.03118172474205494,6.989797415617336
54.266438484191895,8.40307126695247,1.8676443126814521,0.4,1.7702955410068082,-0.03547331318259239,6.947632928031526
54.299721240997314,8.362924743904987,1.8539593112696682,0.4,1.7702955410068082,-0.03547331318259239,6.905471507371375
54.33285427093506,8.322778220857506,1.8402743098578842,0.4,1.7949198338153223,-0.03547331318259239,6.863313210157378
54.36639761924744,8.282631697810025,1.8265893084461002,0.4,1.7949198338153223,-0.03188274800777435,6.8211580943030885
54.399786949157715,8.242485174762542,1.8129043070343163,0.4,1.7949198338153223,-0.03188274800777435,6.779006219158172
54.432984352111816,8.202338651715062,1.7992193056225323,0.4,1.808565914737047,-0.03188274800777435,6.7368576455530595
54.466410636901855,8.16219212866758,1.7855343042107483,0.4,1.808565914737047,-0.03794487938284874,6.6947124358452585
54.49970889091492,8.122045605620098,1.7718493027989644,0.4,1.8078506948169109,-0.03913303464651108,6.652570653967414
54.53289079666138,8.081899082572617,1.7581643013871804,0.4,1.8078506948169109,-0.03992275893688202,6.610432365477211
54.56649971008301,8.041752559525136,1.7444792999753964,0.4,1.8078506948169109,-0.0404379703104496,6.568297637609133
54.59970951080322,8.001606036477654,1.7307942985636124,0.4,1.8078506948169109,-0.0404379703104496,6.5261665393282495
54.632970333099365,7.961459513430173,1.7171092971518285,0.4,1.8078506948169109,-0.0404379703104496,6.484039141386063
54.66658353805542,7.921312990382691,1.7034242957400445,0.4,1.7949283691811926,-0.039784450083971024,6.441915516378512
54.69979286193848,7.88116646733521,1.6897392943282605,0.4,1.7949283691811926,-0.039784450083971024,6.399795738806267
54.733046531677246,7.841019944287728,1.6760542929164766,0.4,1.7949283691811926,-0.039784450083971024,6.357679885137372
54.76748871803284,7.800873421240246,1.6623692915046926,0.4,1.790968797214718,-0.03932645916938782,6.315568033872387
54.800925731658936,7.7607268981927655,1.6486842900929086,0.4,1.790968797214718,-0.03932645916938782,6.273460265612114
54.833040952682495,7.647049199242975,1.6220968736088504,0.4,1.790968797214718,-0.03932645916938782,6.156743686362534
54.86636233329773,7.573518023340667,1.609194458536576,0.4,1.7892508609401752,-0.03580709546804428,6.0821317305948135
54.90005683898926,7.499986847438359,1.5962920434643015,0.4,1.7892508609401752,-0.03580709546804428,6.007520833866507
54.9331374168396,7.426455671536051,1.5833896283920272,0.4,1.7892508609401752,-0.03580709546804428,5.932911036132308
54.966683864593506,7.352924495633742,1.570487213319753,0.4,1.806262198162218,-0.058130498975515366,5.858302379381718
54.999770641326904,7.233343791811572,1.5519093033821463,0.4,1.809968424947104,-0.05795732140541077,5.7374731455944525
55.03315305709839,7.187294263891712,1.5462338085168137,0.4,1.809968424947104,-0.05795732140541077,5.691254250795268
55.066444873809814,7.14124473597185,1.5405583136514813,0.4,1.809968424947104,-0.05198320001363754,5.645038293802809
55.099711179733276,7.095195208051989,1.534882818786149,0.4,1.8112108546756711,-0.05049261450767517,5.598825347368167
55.13289928436279,7.049145680132128,1.5292073239208164,0.4,1.8112108546756711,-0.04923873394727707,5.552615486659564
55.16652154922485,7.003096152212267,1.523531829055484,0.4,1.8112108546756711,-0.0452098548412323,5.506408789363373
55.199788331985474,6.957046624292405,1.5178563341901514,0.4,1.8112108546756711,-0.0452098548412323,5.460205335790221
55.233214139938354,6.910997096372545,1.512180839324819,0.4,1.8112108546756711,-0.0452098548412323,5.414005208986505
55.26625728607178,6.864947568452683,1.5065053444594867,0.4,1.804722188837816,-0.03778838366270065,5.367808494851621
55.2998321056366,6.818898040532822,1.500829849594154,0.4,1.800594359630975,-0.03203243017196655,5.321615282261268
55.33304166793823,6.772848512612961,1.4951543547288217,0.4,1.800594359630975,-0.03203243017196655,5.275425663197173
55.36627149581909,6.7267989846931,1.4894788598634894,0.4,1.800594359630975,-0.027954494580626488,5.229239732883665
55.40006637573242,6.680749456773238,1.4838033649981568,0.4,1.8036765043930034,-0.021384194493293762,5.183057589931479
55.43307971954346,6.634699928853378,1.4781278701328244,0.4,1.8036765043930034,-0.021384194493293762,5.1368793364892875
55.46638059616089,6.588650400933516,1.4724523752674918,0.4,1.8036765043930034,-0.010231051594018936,5.090705078403398
55.49969983100891,6.542600873013655,1.4667768804021595,0.4,1.7924209598873733,-0.004644883330911398,5.044534925386174
55.53330397605896,6.496551345093794,1.4611013855368271,0.4,1.7924209598873733,-0.004644883330911398,4.998368991193713
55.56888484954834,6.450501817173933,1.4554258906714945,0.4,1.7924209598873733,-0.004061504732817411,4.952207393813393
55.59970283508301,6.340666421681021,1.4456372187435123,0.4,1.7903984781647238,-0.004061504732817411,4.842965673613974
55.63339686393738,6.276880554107971,1.4415240416808623,0.4,1.7903984781647238,-0.004061504732817411,4.779903244918381
55.66652584075928,6.213094686534921,1.4374108646182124,0.4,1.7903984781647238,0.013760826550424099,4.716863858117431
55.69976091384888,6.149308818961871,1.4332976875555623,0.4,1.7919747684943934,0.013760826550424099,4.653848449563314
55.733033418655396,6.085522951388821,1.4291845104929124,0.4,1.7919747684943934,0.013760826550424099,4.590858006652617
55.766273975372314,6.021737083815771,1.4250713334302625,0.4,1.7919747684943934,0.019703399389982224,4.527893571324884
55.80004644393921,5.918902668535676,1.4158704930985848,0.4,1.7973037834462027,0.022213539108633995,4.425824380469575
55.833107709884644,5.8798541208286315,1.410782829829557,0.4,1.7973037834462027,0.022213539108633995,4.386696932865293
55.86643433570862,5.840805573121586,1.405695166560529,0.4,1.7973037834462027,0.0217918548732996,4.347574020261388
55.900033712387085,5.801757025414542,1.4006075032915013,0.4,1.7973037834462027,0.0217918548732996,4.308455766198013
55.93301320075989,5.762708477707497,1.3955198400224735,0.4,1.7973037834462027,0.0217918548732996,4.269342298728128
55.96644735336304,5.723659930000451,1.3904321767534458,0.4,1.7973037834462027,0.0217918548732996,4.230233750624732
55.99978804588318,5.684611382293407,1.385344513484418,0.4,1.79705491526068,0.020565010607242584,4.191130259599568
56.03316783905029,5.645562834586362,1.38025685021539,0.4,1.79705491526068,0.017105577513575554,4.152031968534059
56.06647229194641,5.606514286879317,1.3751691869463623,0.4,1.79705491526068,0.016431093215942383,4.112939025723289
56.10001301765442,5.567465739172272,1.3700815236773345,0.4,1.7757790361294221,0.01588727906346321,4.073851585133852
56.13305068016052,5.528417191465227,1.3649938604083067,0.4,1.7757790361294221,0.01588727906346321,4.034769806676546
56.16643261909485,5.489368643758183,1.359906197139279,0.4,1.7757790361294221,0.01588727906346321,3.99569385649488
56.199806213378906,5.450320096051137,1.354818533870251,0.4,1.7738246536486288,0.017060833051800728,3.956623907270476
56.23303508758545,5.411271548344093,1.3497308706012232,0.4,1.7738246536486288,0.017060833051800728,3.9175601385465417
56.26643347740173,5.372223000637048,1.3446432073321954,0.4,1.7738246536486288,0.017060833051800728,3.878502737070639
56.29973602294922,5.3331744529300025,1.3395555440631677,0.4,1.7666132815186122,0.018574511632323265,3.8394518971581366
56.33354115486145,5.294125905222958,1.33446788079414,0.4,1.7666132815186122,0.01925083063542843,3.8004078210777763
56.36713457107544,5.255077357515913,1.329380217525112,0.4,1.7666132815186122,0.019261198118329048,3.7613707194609494
56.399850368499756,5.2160288098088685,1.3242925542560842,0.4,1.7802560139716284,0.02073482610285282,3.7223408117363963
56.432971715927124,5.112611929283315,1.316756577287501,0.4,1.7802560139716284,0.02073482610285282,3.6205826930918192
56.466431856155396,5.048243596464808,1.3143082635879455,0.4,1.7802560139716284,0.02073482610285282,3.5579070720076342
56.499751806259155,4.9838752636463,1.31185994988839,0.4,1.7813590898444678,-0.004735805559903383,3.4952946916658507
56.5331346988678,4.919506930827791,1.3094116361888346,0.4,1.7813590898444678,-0.004735805559903383,3.432749012548488
56.56647992134094,4.855138598009283,1.3069633224892792,0.4,1.7813590898444678,-0.0033580369781702757,3.370273748189808
56.60028028488159,4.790770265190775,1.3045150087897237,0.4,1.7922696247653553,-0.0026329359970986843,3.307872888328956
56.63328266143799,4.677252819061501,1.3008515595772334,0.4,1.7922696247653553,-0.0028427073266357183,3.1982132690560583
56.666611433029175,4.628103705750734,1.2996364240642988,0.4,1.7922696247653553,-0.0028427073266357183,3.1509317584730154
56.69993543624878,4.578954592439967,1.298421288551364,0.4,1.7913104958775101,-0.0033228015527129173,3.1037087496297966
56.73300576210022,4.5298054791292,1.2972061530384293,0.4,1.7913104958775101,-0.004345899447798729,3.056546954046406
56.76643085479736,4.480656365818433,1.2959910175254945,0.4,1.7913104958775101,-0.0027468721382319927,3.0094492495869183
56.799827337265015,4.431507252507666,1.2947758820125597,0.4,1.7918827730781774,-0.002876831917092204,2.962418693091047
56.83334684371948,4.382358139196899,1.293560746499625,0.4,1.7918827730781774,-0.003821529680863023,2.915458534141477
56.86671590805054,4.333209025886132,1.2923456109866902,0.4,1.7918827730781774,-0.006182224489748478,2.868572230083909
56.8998646736145,4.284059912575366,1.2911304754737554,0.4,1.777973514862139,-0.007686464581638575,2.8217634624301646
56.93301868438721,4.234910799264599,1.2899153399608208,0.4,1.777973514862139,-0.007686464581638575,2.775036154789748
56.96643042564392,4.185761685953832,1.288700204447886,0.4,1.777973514862139,-0.012418431229889393,2.7283944924921997
56.99998950958252,4.136612572643065,1.2874850689349513,0.4,1.7845355073867015,-0.014445733278989792,2.6818429440816187
57.03329086303711,4.087463459332298,1.2862699334220165,0.4,1.7845355073867015,-0.017518842592835426,2.6353862848861564
57.066702127456665,4.038314346021531,1.2850547979090816,0.4,1.7845355073867015,-0.024047542363405228,2.5890296228894045
57.10001277923584,3.989165232710764,1.283839662396147,0.4,1.7851701013416967,-0.02764393575489521,2.5427784271577303
57.13330698013306,3.940016119399997,1.2826245268832122,0.4,1.7851701013416967,-0.03105171211063862,2.4966385591081726
57.16702198982239,3.89086700608923,1.2814093913702775,0.4,1.7851701013416967,-0.0348811075091362,2.4506163069358333
57.19996237754822,3.8076166455656573,1.2807069735060674,0.4,1.7838883642120649,-0.0348811075091362,2.373478346150578
57.23334527015686,3.7735153983528513,1.2812196911547924,0.4,1.7838883642120649,-0.0413525253534317,2.342318197549612
57.26659393310547,3.7394141511400454,1.2817324088035171,0.4,1.7838883642120649,-0.0413525253534317,2.3112412105576867
57.30017352104187,3.70531290392724,1.282245126452242,0.4,1.7838883642120649,-0.0447683222591877,2.2802507853457636
57.3333466053009,3.671211656714434,1.2827578441009668,0.4,1.7965008131108162,-0.04841841012239456,2.249350499731309
57.366639375686646,3.637110409501628,1.2832705617496918,0.4,1.7965008131108162,-0.05582956597208977,2.2185441201595975
57.39991879463196,3.603009162288822,1.2837832793984165,0.4,1.7965008131108162,-0.05582956597208977,2.1878356134384656
57.4333758354187,3.568907915076016,1.2842959970471415,0.4,1.8011509213701615,-0.06710324436426163,2.1572291592796358
57.466397762298584,3.53480666786321,1.2848087146958662,0.4,1.8011509213701615,-0.06671041250228882,2.1267291637029606
57.4997296333313,3.5007054206504042,1.2853214323445912,0.4,1.8011509213701615,-0.06671041250228882,2.0963402733632672
57.5332088470459,3.4666041734375987,1.285834149993316,0.4,1.7963446876225502,-0.08146964758634567,2.066067390862789
57.56654953956604,3.432502926224793,1.2863468676420409,0.4,1.7963446876225502,-0.0846647247672081,2.0359156911154455
57.59974503517151,3.3492042094140646,1.290775885197748,0.4,1.7829802368857743,-0.08428514748811722,1.9643200611484324
57.63322448730469,3.300006739816143,1.2946921851047304,0.4,1.7829802368857743,-0.08428514748811722,1.9231174709685999
57.6665825843811,3.2508092702182205,1.2986084850117128,0.4,1.7829802368857743,-0.08957605063915253,1.8823070335359064
57.699888706207275,3.2016118006202983,1.3025247849186952,0.4,1.7829809109438237,-0.09080620855093002,1.8419148152649256
57.733198404312134,3.1524143310223764,1.3064410848256778,0.4,1.7829809109438237,-0.08891406655311584,1.8019689402777472
57.766589641571045,3.103216861424454,1.3103573847326602,0.4,1.7829809109438237,-0.08891406655311584,1.762499757049228
57.799909591674805,3.0540193918265324,1.3142736846396426,0.4,1.7829809109438237,-0.08891406655311584,1.7235400147113118
57.833311319351196,3.00482192222861,1.318189984546625,0.4,1.7767375684941569,-0.0980277955532074,1.685125048138312
57.866697549819946,2.955624452630688,1.3221062844536073,0.4,1.7767375684941569,-0.10133000463247299,1.6472929703774093
57.899906158447266,2.906426983032766,1.3260225843605897,0.4,1.7767375684941569,-0.10133000463247299,1.6100848702742687
57.93313002586365,2.8572295134348438,1.3299388842675721,0.4,1.7801028321327863,-0.10585390776395798,1.573545012243688
57.9667067527771,2.8080320438369215,1.3338551841745545,0.4,1.7801028321327863,-0.11361390352249146,1.537721034019977
57.9999897480011,2.7588345742389997,1.3377714840815371,0.4,1.7847844482169992,-0.11361390352249146,1.5026641368641056
58.03416872024536,2.7096371046410774,1.3416877839885195,0.4,1.7847844482169992,-0.11807072907686234,1.468429261083838
58.06657838821411,2.660439635043155,1.345604083895502,0.4,1.7847844482169992,-0.11807072907686234,1.43507523783128
58.09996056556702,2.6112421654452334,1.3495203838024843,0.4,1.7847844482169992,-0.11807072907686234,1.402664905993368
58.13331866264343,2.476154599775561,1.37615097728957,0.4,1.7922326637769188,-0.13361835479736328,1.3312234806615035
58.16659188270569,2.390264503703811,1.398865270869673,0.4,1.7922326637769188,-0.11460694670677185,1.2960439077389736
58.1999351978302,2.3043744076320607,1.4215795644497762,0.4,1.7922326637769188,-0.11460694670677185,1.266131810508766
58.23318409919739,2.21848431156031,1.4442938580298792,0.4,1.7892844949515447,-0.11652364581823349,1.2418678705277852
58.266592025756836,2.0911365649665785,1.488368709075641,0.4,1.7892844949515447,-0.11837257444858551,1.226589566216629
58.299933433532715,2.0496789144445975,1.5097292665412996,0.4,1.7892844949515447,-0.11837257444858551,1.231351289729599
58.33310508728027,2.008221263922616,1.5310898240069581,0.4,1.7944967246515302,-0.11920997500419617,1.237853001729239
58.36657166481018,1.9667636134006348,1.5524503814726167,0.4,1.7944967246515302,-0.12888872623443604,1.246067465856292
58.39990043640137,1.9253059628786535,1.5738109389382753,0.4,1.7944967246515302,-0.12888872623443604,1.2559610764052556
58.433236598968506,1.883848312356672,1.5951714964039339,0.4,1.781496189407616,-0.11868971586227417,1.2674945135300066
58.46657943725586,1.8423906618346908,1.6165320538695924,0.4,1.781496189407616,-0.11868971586227417,1.2806234726165144
58.4999053478241,1.8009330113127096,1.637892611335251,0.4,1.7903048542610276,-0.12332770973443985,1.2952994386658963
58.53320527076721,1.759475360790728,1.6592531688009096,0.4,1.7903048542610276,-0.12942562997341156,1.311470477519065
58.56655740737915,1.7180177102687468,1.6806137262665681,0.4,1.7903048542610276,-0.1293325126171112,1.3290820183134207
58.599892139434814,1.6765600597467656,1.7019742837322267,0.4,1.7933694459787959,-0.12892359495162964,1.3480776052617147
58.63319206237793,1.6351024092247841,1.7233348411978853,0.4,1.7933694459787959,-0.12754037976264954,1.3681357576395172
58.666619300842285,1.5936447587028029,1.7446953986635438,0.4,1.7933694459787959,-0.12597505748271942,1.3879840354767279
58.69990277290344,1.5521871081808216,1.7660559561292024,0.4,1.7933694459787959,-0.12597505748271942,1.4090968506631336
58.73326349258423,1.5107294576588401,1.787416513594861,0.4,1.7933694459787959,-0.12597505748271942,1.4299709813646324
58.7665650844574,1.469271807136859,1.8087770710605195,0.4,1.7954540226556484,-0.12554773688316345,1.4518486992172939
58.79990315437317,1.4278141566148776,1.8301376285261781,0.4,1.7928898604705492,-0.11636629700660706,1.473977403498873
58.83314633369446,1.3863565060928962,1.8514981859918367,0.4,1.7928898604705492,-0.11636629700660706,1.4965918885765637
58.866674184799194,1.3113492487063743,1.9135903154415423,0.4,1.7928898604705492,-0.11558456718921661,1.5621368066828125
58.899720191955566,1.2777996418418334,1.9543218874255894,0.4,1.80120356932544,-0.09377630800008774,1.6049627496792982
58.93300795555115,1.2442500349772927,1.9950534594096365,0.4,1.80120356932544,-0.09377630800008774,1.6481203226327563
58.966415882110596,1.210700428112752,2.035785031393684,0.4,1.80120356932544,-0.07918111234903336,1.6910837215348977
59.000033140182495,1.1771508212482114,2.0765166033777307,0.4,1.7865032390027715,-0.06528344005346298,1.7345884188359069
59.033318519592285,1.1436012143836707,2.117248175361778,0.4,1.7865032390027715,-0.06528344005346298,1.7785946942552984
59.06649398803711,1.1100516075191298,2.157979747345825,0.4,1.7865032390027715,-0.04244871437549591,1.8222033674459222
59.09977865219116,1.0765020006545891,2.198711319329872,0.4,1.7865032390027715,-0.04244871437549591,1.86628327252061
59.13301634788513,1.0429523937900484,2.239442891313919,0.4,1.7865032390027715,-0.04244871437549591,1.9108036708158505
59.16661334037781,1.0094027869255076,2.2801744632979664,0.4,1.7815526893356397,-0.0335104838013649,1.955296411732214
59.19992136955261,0.9758531800609669,2.3209060352820132,0.4,1.7756103011744087,0.01908113621175289,1.999868889206525
59.23324418067932,0.9423035731964262,2.3616376072660605,0.4,1.7756103011744087,0.01908113621175289,2.0448316225189607
59.266414403915405,0.9087539663318855,2.4023691792501074,0.4,1.7756103011744087,0.029556581750512123,2.090159426705298
59.2999062538147,0.8752043594673448,2.4431007512341547,0.4,1.769518618670861,0.07428246736526489,2.1351888484726422
59.33327031135559,0.841654752602804,2.483832323218202,0.4,1.769518618670861,0.07428246736526489,2.1805355317416
59.366366386413574,0.7707930682257166,2.5526434689260733,0.4,1.769518618670861,0.10855618864297867,2.2602134208612448
59.399741411209106,0.73348099071317,2.580723042649898,0.4,1.765381341109346,0.13241101801395416,2.294155016007675
59.43326425552368,0.6961689132006232,2.6088026163737226,0.4,1.765381341109346,0.13241101801395416,2.328538398713383
59.466302156448364,0.6588568356880766,2.6368821900975474,0.4,1.765381341109346,0.17081822454929352,2.363284402214359
59.49971580505371,0.6215447581755299,2.664961763821372,0.4,1.7774744436795835,0.1803094744682312,2.3978195618380242
59.5333092212677,0.5842326806629832,2.6930413375451963,0.4,1.7774744436795835,0.1803094744682312,2.432760868580004
59.566702365875244,0.5469206031504366,2.721120911269021,0.4,1.7774744436795835,0.1816161572933197,2.468091072759028
59.59959554672241,0.5096085256378899,2.7492004849928455,0.4,1.776653286821601,0.18765608966350555,2.5032774435343317
59.633054971694946,0.4722964481253432,2.77728005871667,0.4,1.776653286821601,0.18765608966350555,2.538724346600496
59.66676092147827,0.43498437061279654,2.805359632440495,0.4,1.776653286821601,0.18765608966350555,2.5745302414060087
59.70025563240051,0.3976722931002499,2.833439206164319,0.4,1.7695379459988894,0.18765608966350555,2.6103786755819796
59.73308753967285,0.36036021558770315,2.8615187798881436,0.4,1.7695379459988894,0.1985011100769043,2.646284807383199
59.76641798019409,0.3230481380751565,2.8895983536119685,0.4,1.7695379459988894,0.1985011100769043,2.682523260070408
59.799901247024536,0.2857360605626098,2.917677927335793,0.4,1.7695379459988894,0.1985011100769043,2.7189814089970405
59.83302545547485,0.2484239830500632,2.9457575010596178,0.4,1.7695379459988894,0.1985011100769043,2.755305600298485
59.86638832092285,0.21111190553751646,2.973837074783442,0.4,1.7695379459988894,0.1985011100769043,2.7919382705888185
59.89976143836975,0.17379982802496974,3.0019166485072666,0.4,1.7589804118447436,0.1985011100769043,2.828867435865173
59.93318319320679,0.13648775051242312,3.0299962222310914,0.4,1.7589804118447436,0.1985011100769043,2.865656520604947
59.96646523475647,0.0991756729998764,3.058075795954916,0.4,1.7589804118447436,0.1985011100769043,2.9026492531296633
59.999672174453735,0.06186359548732978,3.0861553696787407,0.4,1.7637084332726587,0.1985011100769043,2.9399182618706194
60.03302764892578,0.024551517974783055,3.114234943402565,0.4,1.7637084332726587,0.1985011100769043,2.977212997435819
60.06653189659119,-0.01276055953776356,3.1423145171263895,0.4,1.7637084332726587,0.1985011100769043,3.0145352955830154
60.09978723526001,-0.05007263705031029,3.1703940908502144,0.4,1.7637084332726587,0.1985011100769043,3.052115687798942
60.132957220077515,-0.08738471456285701,3.198473664574039,0.4,1.7674670883447603,0.1985011100769043,3.0898553865046625
60.16654562950134,-0.12469679207540363,3.2265532382978632,0.4,1.7674670883447603,0.1985011100769043,3.127479957195275
60.19974756240845,-0.16200886958795035,3.254632812021688,0.4,1.7674670883447603,0.1985011100769043,3.1653462311384
60.23306465148926,-0.19932094710049708,3.2827123857455125,0.4,1.7674670883447603,0.1985011100769043,3.203445637198111
60.266414165496826,-0.2366330246130437,3.310791959469337,0.4,1.7674670883447603,0.1985011100769043,3.2413707153385065
60.29972767829895,-0.2739451021255903,3.3388715331931618,0.4,1.7726565292418415,0.1985011100769043,3.2794999666745976
60.33314847946167,-0.3112571796381369,3.366951106916986,0.4,1.7726565292418415,0.1985011100769043,3.317848287031964
60.366424322128296,-0.34856925715068376,3.3950306806408106,0.4,1.7726565292418415,0.1985011100769043,3.3560984850333826
60.399791955947876,-0.3858813346632304,3.4231102543646355,0.4,1.7726565292418415,0.1985011100769043,3.3944700943951096
60.433125495910645,-0.423193412175777,3.4511898280884603,0.4,1.7781082065708624,0.1985011100769043,3.433048020261259
60.46644330024719,-0.46050548968832383,3.4792694018122847,0.4,1.7781082065708624,0.1985011100769043,3.4715572017898726
60.49973654747009,-0.49781756720087045,3.507348975536109,0.4,1.7781082065708624,0.1985011100769043,3.5101525639510185
60.5329647064209,-0.5351296447134171,3.535428549259934,0.4,1.7781082065708624,0.1985011100769043,3.5489426518756715
60.56637406349182,-0.5724417222259637,3.5635081229837584,0.4,1.7781082065708624,0.1985011100769043,3.587643459346282
60.59971809387207,-0.6097537997385105,3.591587696707583,0.4,1.7781082065708624,0.1985011100769043,3.6264457481643944
60.633036851882935,-0.6470658772510571,3.6196672704314077,0.4,0.0,0.1985011100769043,3.665432204330984
60.66643047332764,-0.6843779547636037,3.647746844155232,0.4,0.0,0.1985011100769043,3.7042561948899073
60.69973945617676,-0.7216900322761506,3.6758264178790565,0.4,1.768259717416716,0.1985011100769043,3.743250158978726
60.734100580215454,-0.7590021097886972,3.7039059916028814,0.4,1.768259717416716,0.1985011100769043,3.7822954895368297
60.7664098739624,-0.7963141873012438,3.731985565326706,0.4,1.768259717416716,0.1985011100769043,3.8212964152842233
60.80203557014465,-0.8336262648137904,3.76006513905053,0.4,1.7772327110773853,0.1985011100769043,3.8604682000937514
60.83323574066162,-0.919347747607066,3.7463727858050975,0.4,1.7772327110773853,0.1985011100769043,3.876760109502348
60.86659479141235,-0.9677571528877948,3.70460085883584,0.4,1.7772327110773853,0.1985011100769043,3.8540421301049985
60.899906158447266,-1.0161665581685237,3.6628289318665823,0.4,1.7772327110773853,0.1985011100769043,3.8310571374343962
60.93323493003845,-1.0645759634492524,3.6210570048973247,0.4,1.7772327110773853,0.1985011100769043,3.8075667447694084
60.96642351150513,-1.1129853687299813,3.579285077928067,0.4,1.7765345351569408,0.24906599521636963,3.7823851060019424
60.99999523162842,-1.1613947740107102,3.5375131509588096,0.4,1.787821869092124,0.24906599521636963,3.756694864567601
61.033026933670044,-1.2098041792914391,3.495741223989552,0.4,1.787821869092124,0.24906599521636963,3.7319233981469346
61.06647706031799,-1.2582135845721678,3.453969297020294,0.4,1.787821869092124,0.24906599521636963,3.7080891201007096
61.0997519493103,-1.3066229898528967,3.4121973700510364,0.4,1.787821869092124,0.24906599521636963,3.685210214409304
61.13422393798828,-1.3550323951336256,3.370425443081779,0.4,1.785968924705511,0.24906599521636963,3.6633045812447538
61.16883158683777,-1.4034418004143543,3.3286535161125212,0.4,1.785968924705511,0.24906599521636963,3.6423897806736236
61.19984221458435,-1.4518512056950832,3.2868815891432637,0.4,1.785968924705511,0.24906599521636963,3.622482974776723
61.233083963394165,-1.5250658898429614,3.1908119830702883,0.4,1.785968924705511,0.24906599521636963,3.564446196935167
61.266491174697876,-1.5498711687101105,3.136514303966571,0.4,1.785968924705511,0.24906599521636963,3.525867445293301
61.29975748062134,-1.5746764475772599,3.0822166248628533,0.4,1.771992812226079,0.24906599521636963,3.487883724028669
61.333115577697754,-1.599481726444409,3.027918945759136,0.4,1.771992812226079,0.24905744194984436,3.450514683716118
61.36640214920044,-1.6242870053115583,2.9736212666554183,0.4,1.771992812226079,0.24905744194984436,3.4137805102801257
61.39979648590088,-1.6490922841787077,2.919323587551701,0.4,1.771992812226079,0.24905744194984436,3.377701917254954
61.43304204940796,-1.6738975630458568,2.865025908447983,0.4,1.771992812226079,0.24905744194984436,3.3423001347752415
61.46646499633789,-1.6987028419130061,2.8107282293442655,0.4,1.771992812226079,0.24905744194984436,3.307596894973881
61.49973249435425,-1.7235081207801553,2.756430550240548,0.4,1.7693922686698682,0.24905744194984436,3.2736144134571767
61.53303074836731,-1.7483133996473046,2.7021328711368304,0.4,1.7693922686698682,0.24905744194984436,3.2403753665246473
61.56641459465027,-1.7731186785144537,2.6478351920331127,0.4,1.7693922686698682,0.24905744194984436,3.207902863803137
61.59976840019226,-1.797923957381603,2.5935375129293954,0.4,1.7693922686698682,0.24905744194984436,3.1762204159731184
61.633018255233765,-1.8227292362487524,2.5392398338256776,0.4,1.7693922686698682,0.24905744194984436,3.1453518972801726
61.66640853881836,-1.8475345151159015,2.4849421547219603,0.4,1.7693922686698682,0.23803378641605377,3.1153215025475256
61.6998176574707,-1.8495191954651518,2.3825201875933075,0.4,0.0,0.23803378641605377,3.0339450382591466
61.733054399490356,-1.8266985969472527,2.334395899568372,0.4,0.0,0.23803378641605377,2.9817735986500407
61.766629219055176,-1.8038779984293538,2.286271611543437,0.4,0.0,0.23803378641605377,2.9296413680969184
61.799931049346924,-1.7810573999114547,2.238147323518502,0.4,1.7755070271791022,0.23803378641605377,2.877550477637602
61.833128213882446,-1.7582368013935556,2.1900230354935664,0.4,1.7755070271791022,0.23803378641605377,2.825503213707117
61.86671423912048,-1.7354162028756566,2.1418987474686313,0.4,1.7755070271791022,0.23803378641605377,2.773502032379884
61.89971733093262,-1.7125956043577577,2.0937744594436962,0.4,1.7755070271791022,0.23803378641605377,2.72154957518519
61.93298101425171,-1.6897750058398586,2.0456501714187607,0.4,1.7755070271791022,0.23803378641605377,2.6696486866992957
61.96652674674988,-1.6669544073219595,1.9975258833938256,0.4,1.7755070271791022,0.23803378641605377,2.617802434147601
62.000006675720215,-1.6441338088040605,1.9494015953688903,0.4,1.7806178508647423,0.10134841501712799,2.566014129285375
62.03322458267212,-1.6213132102861616,1.901277307343955,0.4,1.7806178508647423,0.10134841501712799,2.5142873528665137
62.06667375564575,-1.5984926117682625,1.85315301931902,0.4,1.7806178508647423,0.10134841501712799,2.4626259820577836
62.0999219417572,-1.5756720132503634,1.8050287312940847,0.4,1.7806178508647423,0.10134841501712799,2.411034221212314
62.13327217102051,-1.5528514147324644,1.7569044432691494,0.4,1.7806178508647423,0.10134841501712799,2.3595166364823372
62.16638731956482,-1.5300308162145653,1.7087801552442143,0.4,1.7806178508647423,0.10134841501712799,2.308078194829243
62.19997000694275,-1.5072102176966664,1.660655867219279,0.4,1.76553653642284,0.10134841501712799,2.256724308081241
62.23353838920593,-1.4843896191787673,1.6125315791943438,0.4,1.76553653642284,0.10134841501712799,2.2054608827980924
62.266371726989746,-1.4615690206608682,1.5644072911694087,0.4,1.76553653642284,0.10134841501712799,2.154294376831906
62.299752950668335,-1.4387484221429694,1.5162830031444734,0.4,1.7778665228376782,0.10134841501712799,2.1032318636269856
62.33312439918518,-1.4159278236250703,1.468158715119538,0.4,1.7778665228376782,0.08924271911382675,2.052281105485152
62.36671543121338,-1.3931072251071712,1.420034427094603,0.4,1.7778665228376782,0.08924271911382675,2.0014506372419274
62.39993095397949,-1.3702866265892721,1.3719101390696677,0.4,1.7778665228376782,0.08924271911382675,1.9507498620607724
62.433043479919434,-1.347466028071373,1.3237858510447325,0.4,1.7778665228376782,0.08924271911382675,1.9001891613661441
62.46634078025818,-1.324645429553474,1.2756615630197974,0.4,1.7778665228376782,0.08924271911382675,1.849780021312227
62.499727964401245,-1.3018248310355751,1.227537274994862,0.4,1.7833171905521998,0.08924271911382675,1.7995351786357499
62.53320360183716,-1.279004232517676,1.1794129869699268,0.4,1.7833171905521998,0.08924271911382675,1.7494687892839305
62.566981077194214,-1.2561836339997772,1.1312886989449915,0.4,1.7833171905521998,0.08924271911382675,1.6995966238607343
62.60029649734497,-1.233363035481878,1.0831644109200564,0.4,1.7821399479465758,0.08924271911382675,1.6499362947181555
62.632972717285156,-1.1660975945576522,1.010074039989836,0.4,1.7821399479465758,0.08924271911382675,1.5508972633163738
62.66688108444214,-1.1216527521513255,0.985107957084551,0.4,1.7821399479465758,0.08924271911382675,1.5013785726131037
62.69993448257446,-1.0772079097449987,0.9601418741792659,0.4,1.7821399479465758,0.08924271911382675,1.4519608169181482
62.733307123184204,-1.0327630673386718,0.9351757912739809,0.4,1.7821399479465758,0.08924271911382675,1.4026546645749216
62.766682624816895,-0.9883182249323451,0.9102097083686957,0.4,1.7821399479465758,0.08924271911382675,1.3534723125599095
62.79999613761902,-0.9438733825260184,0.8852436254634106,0.4,1.7661365505647306,0.12980102002620697,1.3044277643101079
62.833287954330444,-0.8994285401196915,0.8602775425581255,0.4,1.7661365505647306,0.12980102002620697,1.2555371688501207
62.86673140525818,-0.8549836977133647,0.8353114596528405,0.4,1.7661365505647306,0.12980102002620697,1.206819237106204
62.89985013008118,-0.810538855307038,0.8103453767475555,0.4,1.7661365505647306,0.12980102002620697,1.1582957559964286
62.93298363685608,-0.7660940129007112,0.7853792938422703,0.4,1.770138035373481,0.12980102002620697,1.1099922271319693
62.966657400131226,-0.7216491704943844,0.7604132109369852,0.4,1.770138035373481,0.12980102002620697,1.0619386652965197
62.9997763633728,-0.6772043280880576,0.7354471280317001,0.4,1.770138035373481,0.12980102002620697,1.0141706030222095
63.033037185668945,-0.6327594856817308,0.7104810451264151,0.4,1.770138035373481,0.12980102002620697,0.9667303625320889
63.066596031188965,-0.5883146432754041,0.68551496222113,0.4,1.770138035373481,0.12980102002620697,0.9196686763572681
63.0997519493103,-0.5438698008690772,0.6605488793158449,0.4,1.778222234010176,0.1340017169713974,0.8730467646858034
63.13305902481079,-0.4994249584627505,0.6355827964105598,0.4,1.778222234010176,0.13110214471817017,0.8269390128711316
63.16663312911987,-0.45498011605642374,0.6106167135052747,0.4,1.778222234010176,0.13110214471817017,0.7814364384340723
63.199859857559204,-0.4105352736500969,0.5856506305999897,0.4,1.778222234010176,0.13110214471817017,0.736651194420458
63.23325252532959,-0.36609043124377016,0.5606845476947045,0.4,1.778222234010176,0.13110214471817017,0.6927224233370541
63.266255617141724,-0.3216455888374433,0.5357184647894195,0.4,1.7848336397097415,0.13110214471817017,0.6498238438001085
63.30002188682556,-0.2772007464311166,0.5107523818841344,0.4,1.7954831552924633,0.13110214471817017,0.6081734939740866
63.333263874053955,-0.23275590402478974,0.4857862989788493,0.4,1.7954831552924633,0.13110214471817017,0.5680460088746883
63.36673641204834,-0.1883110616184629,0.46082021607356427,0.4,1.7954831552924633,0.13110214471817017,0.5297875387819067
63.400012731552124,-0.14386621921213627,0.43585413316827915,0.4,1.7954831552924633,0.13110214471817017,0.4935755668061087
63.433318853378296,-0.09942137680580942,0.410888050262994,0.4,1.7954831552924633,0.13110214471817017,0.45643580442986176
63.46643853187561,-0.005526241900077583,0.38356651299658534,0.4,1.7954831552924633,0.13110214471817017,0.40134848199603285
63.50001907348633,0.04392405059932734,0.3812110586354617,0.4,1.8093049011342424,0.13110214471817017,0.3833334148489967
63.533263206481934,0.09337434309873227,0.37885560427433806,0.4,1.8093049011342424,0.13110214471817017,0.36499087556968246
63.56649470329285,0.14282463559813718,0.37650014991321445,0.4,1.8093049011342424,0.13110214471817017,0.34640271297185815
63.59980010986328,0.1922749280975421,0.37414469555209084,0.4,1.7944300236067552,0.13110214471817017,0.32765331864940034
63.633031606674194,0.24172522059694704,0.3717892411909672,0.4,1.7944300236067552,0.13110214471817017,0.30883013815236876
63.66650390625,0.2911755130963519,0.36943378682984357,0.4,1.7944300236067552,0.13110214471817017,0.2900243729086564
63.6996488571167,0.34062580559575684,0.36707833246871996,0.4,1.7785776989616775,0.13110214471817017,0.27133193202258493
63.733291149139404,0.39007609809516175,0.3647228781075963,0.4,1.7785776989616775,0.04367595911026001,0.252243842932619
63.766698360443115,0.43952639059456666,0.3623674237464727,0.4,1.7785776989616775,0.04367595911026001,0.23288585563087896
63.7997772693634,0.48897668309397163,0.3600119693853491,0.4,1.7785776989616775,0.04367595911026001,0.21372660363298557
63.83335328102112,0.5384269755933766,0.35765651502422546,0.4,1.7762035170560455,0.026471171528100967,0.19485516078724574
63.86650633811951,0.5878772680927815,0.3553010606631018,0.4,1.7762035170560455,0.021614793688058853,0.17636691657335501
63.90003204345703,0.6373275605921864,0.3529456063019782,0.4,1.7762035170560455,0.021614793688058853,0.15836659596951383
63.93302869796753,0.6867778530915913,0.3505901519408546,0.4,1.7762035170560455,0.021614793688058853,0.14097302808620454
63.966428995132446,0.7362281455909963,0.3482346975797309,0.4,1.7760066044276361,0.021614793688058853,0.12432675391619026
63.99989438056946,0.7856784380904012,0.3458792432186073,0.4,1.7747985761269864,0.021614793688058853,0.10860219621772255
64.03327012062073,0.8875905473201543,0.35069161403486726,0.4,1.7747985761269864,-0.0037732375785708427,0.08689913020421648
64.06664824485779,0.9400523640505026,0.35785943921225083,0.4,1.7747985761269864,-0.024477973580360413,0.0808285508707041
64.09999871253967,0.9925141807808509,0.36502726438963445,0.4,1.783918114594825,-0.035135358572006226,0.07560033548783733
64.13361358642578,1.0449759975111992,0.372195089567018,0.4,1.783918114594825,-0.035135358572006226,0.07139286055755494
64.16665363311768,1.0974378142415473,0.3793629147444016,0.4,1.783918114594825,-0.044050171971321106,0.06828640228443528
64.19994068145752,1.1498996309718956,0.38653073992178516,0.4,1.782390570241182,-0.046581558883190155,0.0663614882516363
64.2335467338562,1.202361447702244,0.3936985650991688,0.4,1.782390570241182,-0.046581558883190155,0.06529018002781531
64.26694846153259,1.254823264432592,0.40086639027655235,0.4,1.782390570241182,-0.06138335168361664,0.06495879026628419
64.29993414878845,1.3072850811629404,0.4080342154539359,0.4,1.7781436419354972,-0.06958998739719391,0.0655921368235541
64.333322763443,1.3597468978932885,0.4152020406313195,0.4,1.7781436419354972,-0.07213430851697922,0.06725992922932328
64.36632347106934,1.4122087146236368,0.42236986580870306,0.4,1.7781436419354972,-0.07213430851697922,0.070074944485888
64.4000174999237,1.4646705313539852,0.42953769098608663,0.4,1.7723657266954533,-0.07448475807905197,0.0741871705588262
64.43329429626465,1.5171323480843335,0.43670551616347025,0.4,1.7723657266954533,-0.07448475807905197,0.07976950677309327
64.46665620803833,1.5695941648146816,0.4438733413408538,0.4,1.7723657266954533,-0.07448475807905197,0.08699967074252588
64.50000739097595,1.62205598154503,0.4510411665182374,0.4,1.7635520516170353,-0.07410019636154175,0.09604421292628912
64.53343057632446,1.674517798275378,0.458208991695621,0.4,1.7635520516170353,-0.07869689166545868,0.11575753359593369
64.56673336029053,1.7269796150057264,0.4653768168730046,0.4,1.7635520516170353,-0.07869689166545868,0.15225755218261405
64.599928855896,1.8297597248210473,0.4734878026928067,0.4,1.7630848326242656,-0.07865844666957855,0.23908261235432596
64.63302373886108,1.8800780179060197,0.4744309633352252,0.4,1.7630848326242656,-0.07865844666957855,0.2842788661304061
64.66643786430359,1.9303963109909923,0.4753741239776438,0.4,1.7630848326242656,-0.07865844666957855,0.33095935138408633
64.69998931884766,1.9807146040759647,0.47631728462006234,0.4,1.767110469888043,-0.03222869709134102,0.3785754233316341
64.73315167427063,2.0310328971609373,0.4772604452624809,0.4,1.767110469888043,-0.03222869709134102,0.4268140700291429
64.76661825180054,2.08135119024591,0.4782036059048994,0.4,1.767110469888043,-0.03222869709134102,0.4754858462046199
64.80034899711609,2.131669483330882,0.47914676654731797,0.4,1.7759089664891794,-0.019760074093937874,0.5244701801332176
64.8332211971283,2.1819877764158546,0.48008992718973653,0.4,1.7759089664891794,-0.019760074093937874,0.5736870140581722
64.8667151927948,2.232306069500827,0.48103308783215504,0.4,1.7759089664891794,-0.019760074093937874,0.6230812552877502
64.89970326423645,2.2826243625858,0.4819762484745736,0.4,1.783561130694562,-0.01605694368481636,0.6726138205723257
64.93296074867249,2.332942655670772,0.48291940911699216,0.4,1.783561130694562,-0.01605694368481636,0.7222562515484428
64.96650385856628,2.3832609487557446,0.48386256975941067,0.4,1.783561130694562,0.0003073262923862785,0.7719873538592974
64.99975991249084,2.433579241840717,0.4848057304018292,0.4,1.79162644911889,0.0003073262923862785,0.8217910296897368
65.0330023765564,2.4838975349256898,0.4857488910442478,0.4,1.79162644911889,0.009883856400847435,0.8716548392456276
65.06643581390381,2.5342158280106624,0.48669205168666635,0.4,1.79162644911889,0.009883856400847435,0.9215690215193267
65.09976601600647,2.5845341210956345,0.48763521232908486,0.4,1.7750672870332818,0.018887188285589218,0.9715258125288395
65.1332893371582,2.684124355595439,0.48285358094388187,0.4,1.7750672870332818,0.01898675225675106,1.0696878423813556
65.1664252281189,2.733396297010271,0.47712878891626037,0.4,1.7750672870332818,0.01898675225675106,1.117982185657952
65.19971489906311,2.782668238425103,0.4714039968886388,0.4,1.7831058662986747,0.030225316062569618,1.1663864066713379
65.23298716545105,2.8319401798399353,0.46567920486101727,0.4,1.7831058662986747,0.03532067686319351,1.2148873720620823
65.26641511917114,2.8812121212547672,0.4599544128333958,0.4,1.7831058662986747,0.0390174463391304,1.2634739407020792
65.29973769187927,2.930484062669599,0.4542296208057742,0.4,1.7817001591894537,0.041404351592063904,1.3121366033228636
65.33316230773926,2.979756004084431,0.4485048287781527,0.4,1.7817001591894537,0.04367583245038986,1.3608671969134882
65.36657047271729,3.029027945499263,0.4427800367505311,0.4,1.7817001591894537,0.04367583245038986,1.4096586765596062
65.39997124671936,3.078299886914095,0.43705524472290963,0.4,1.783627265846121,0.046296413987874985,1.4585049317960768
65.43327236175537,3.127571828328927,0.4313304526952881,0.4,1.783627265846121,0.046296413987874985,1.5074006377391076
65.46662640571594,3.1768437697437593,0.42560566066766653,0.4,1.783627265846121,0.046296413987874985,1.5563411336041182
65.49967932701111,3.2261157111585907,0.41988086864004504,0.4,1.784658259173829,0.05336172133684158,1.6053223229461195
65.53330445289612,3.275387652573423,0.4141560766124235,0.4,1.784658259173829,0.0547359436750412,1.6543405912505422
65.56666731834412,3.324659593988255,0.40843128458480193,0.4,1.784658259173829,0.0547359436750412,1.703392737473761
65.6000144481659,3.373931535403087,0.4027064925571804,0.4,1.797415386969941,0.057416558265686035,1.7524759168692174
65.63326930999756,3.423203476817919,0.3969817005295589,0.4,1.797415386969941,0.059969112277030945,1.8015875929978948
65.66668581962585,3.5252856558868446,0.38803609835793934,0.4,1.797415386969941,0.062040865421295166,1.9034672506037391
65.69995641708374,3.5780958935409384,0.38481528821394134,0.4,1.7876193363610209,0.06434944272041321,1.9562180020871043
65.73320698738098,3.630906131195032,0.38159447806994334,0.4,1.7876193363610209,0.06472864001989365,2.0089770428993203
65.76666021347046,3.683716368849126,0.37837366792594535,0.4,1.7876193363610209,0.0668434351682663,2.061743736680547
65.7999370098114,3.7365266065032197,0.37515285778194735,0.4,1.7876193363610209,0.0668434351682663,2.114517510503179
65.83323860168457,3.7893368441573134,0.37193204763794935,0.4,1.7973306711628,0.05118359997868538,2.167297847169556
65.86664509773254,3.8421470818114076,0.36871123749395135,0.4,1.7973306711628,0.048765040934085846,2.2200842786041144
65.89999914169312,3.8949573194655014,0.36549042734995335,0.4,1.7973306711628,0.048765040934085846,2.2728763801629515
65.93315505981445,3.947767557119595,0.36226961720595535,0.4,1.7912763329549148,0.04799608886241913,2.3256737657157043
65.96665215492249,4.0005777947736885,0.3590488070619574,0.4,1.7912763329549148,0.04799608886241913,2.3784760833802845
65.99998021125793,4.053388032427783,0.3558279969179594,0.4,1.7912763329549148,0.04799608886241913,2.4312830118116455
66.03352117538452,4.106198270081876,0.3526071867739614,0.4,1.7745095251522776,0.04513853043317795,2.484094256962468
66.06659483909607,4.159008507735971,0.3493863766299634,0.4,1.7745095251522776,0.04438391327857971,2.536909549247286
66.09997534751892,4.211818745390064,0.3461655664859654,0.4,1.7740463850261827,0.04216042906045914,2.5897286410526386
66.13337779045105,4.264628983044158,0.3429447563419674,0.4,1.7740463850261827,0.04132389277219772,2.6425513045450515
66.16666507720947,4.317439220698252,0.3397239461979694,0.4,1.7740463850261827,0.04132389277219772,2.6953773297360972
66.19994139671326,4.370249458352346,0.3365031360539714,0.4,1.7740463850261827,0.04132389277219772,2.748206522770071
66.2342541217804,4.4230596960064394,0.3332823259099734,0.4,1.7761676262880473,0.03881305083632469,2.8010387044049865
66.26669120788574,4.475869933660533,0.3300615157659754,0.4,1.7761676262880473,0.03516329452395439,2.853873708661913
66.29997253417969,4.588907551551261,0.32762861101312596,0.4,1.7761676262880473,0.03516329452395439,2.9669286209310894
66.33302164077759,4.649134931787895,0.32841651640427444,0.4,1.7752823288971702,0.032113879919052124,3.0271464688058107
66.36659550666809,4.709362312024529,0.329204421795423,0.4,1.7752823288971702,0.020593006163835526,3.0873648896359946
66.40000867843628,4.769589692261164,0.32999232718657145,0.4,1.7752823288971702,0.020593006163835526,3.147583850536918
66.4331705570221,4.829817072497798,0.33078023257772,0.4,1.7852832359687743,0.014958766289055347,3.2078033210929084
66.46650266647339,4.890044452734432,0.33156813796886847,0.4,1.7852832359687743,0.013137386180460453,3.2680232731299075
66.49995827674866,5.000130446970581,0.33568219200621147,0.4,1.7838978075978726,0.013137386180460453,3.3780805026023275
66.53325319290161,5.049989060970095,0.33900834065240587,0.4,1.7838978075978726,0.008695943281054497,3.427921185873536
66.56692790985107,5.09984767496961,0.34233448929860033,0.4,1.7838978075978726,0.006517671514302492,3.477765564319828
66.59991645812988,5.149706288969124,0.34566063794479474,0.4,1.7838978075978726,0.006517671514302492,3.5276134813052478
66.6328980922699,5.199564902968639,0.3489867865909892,0.4,1.7747418571394267,0.0006212373846210539,3.5774647889132027
66.66669464111328,5.249423516968153,0.35231293523718366,0.4,1.7747418571394267,0.0006212373846210539,3.6273193473487524
66.70025038719177,5.299282130967668,0.35563908388337806,0.4,1.7710351884685462,-0.005825126077979803,3.6771770243893496
66.73322868347168,5.349140744967182,0.3589652325295725,0.4,1.7710351884685462,-0.0073899682611227036,3.7270376948795114
66.76641011238098,5.398999358966696,0.362291381175767,0.4,1.7710351884685462,-0.00791258830577135,3.776901240265383
66.80005168914795,5.448857972966211,0.3656175298219614,0.4,1.7710351884685462,-0.00791258830577135,3.8267675481655714
66.83317422866821,5.498716586965726,0.36894367846815584,0.4,1.759299136424659,-0.014241243712604046,3.8766365119749913
66.8665976524353,5.5485752009652405,0.37226982711435025,0.4,1.759299136424659,-0.01678529754281044,3.926508030498811
66.90001845359802,5.598433814964754,0.3755959757605447,0.4,1.759299136424659,-0.01678529754281044,3.976382007613857
66.93312740325928,5.648292428964269,0.3789221244067391,0.4,1.7638926281183778,-0.01830241084098816,4.026258351955114
66.96649813652039,5.698151042963784,0.3822482730529336,0.4,1.7638926281183778,-0.01830241084098816,4.0761369766251665
66.9999349117279,5.748009656963298,0.38557442169912803,0.4,1.7638926281183778,-0.01830241084098816,4.126017798924663
67.03646850585938,5.797868270962812,0.38890057034532244,0.4,1.7784637848646805,-0.025844670832157135,4.175900740102049
67.06646513938904,5.899373949247121,0.3975290510278591,0.4,1.7784637848646805,-0.025767512619495392,4.277480245553934
67.10021448135376,5.951021013531913,0.4028313830642013,0.4,1.7784637848646805,-0.029033606871962547,4.32918012740527
67.1329894065857,6.002668077816707,0.4081337151005435,0.4,1.7817435581421484,-0.029033606871962547,4.380885180860805
67.16661763191223,6.0543151421015,0.4134360471368857,0.4,1.7817435581421484,-0.02708577737212181,4.432595224944347
67.19981575012207,6.105962206386293,0.4187383791732279,0.4,1.7925964228183837,-0.02708577737212181,4.484310087010213
67.23331594467163,6.157609270671086,0.4240407112095701,0.4,1.7925964228183837,-0.029887257143855095,4.536029602270272
67.26676988601685,6.20925633495588,0.4293430432459123,0.4,1.7925964228183837,-0.029887257143855095,4.58775361335277
67.3001036643982,6.260903399240673,0.43464537528225455,0.4,1.7925964228183837,-0.029887257143855095,4.6394819698905065
67.33324193954468,6.312550463525466,0.4399477073185967,0.4,1.7925964228183837,-0.029887257143855095,4.691214528136111
67.366779088974,6.364197527810259,0.44525003935493895,0.4,1.8016479156987668,-0.03239238262176514,4.74295115060234
67.39998936653137,6.415844592095053,0.4505523713912811,0.4,1.7820245547764249,-0.03690682351589203,4.794691705725545
67.43303322792053,6.4674916563798455,0.45585470342762335,0.4,1.7820245547764249,-0.03690682351589203,4.846436067550579
67.4666657447815,6.519138720664639,0.4611570354639656,0.4,1.7820245547764249,-0.03583388775587082,4.89818411543558
67.49973249435425,6.570785784949432,0.46645936750030775,0.4,1.7787864603097465,-0.03583388775587082,4.949935733775164
67.53326082229614,6.622432849234226,0.47176169953665,0.4,1.7787864603097465,-0.03583388775587082,5.00169081174073
67.566575050354,6.6740799135190185,0.47706403157299215,0.4,1.7787864603097465,-0.03583388775587082,5.053449243036632
67.59986090660095,6.7744839717008976,0.4827685682615586,0.4,1.7833186479785819,-0.03583388775587082,5.1539628417687
67.63297724723816,6.823240965597982,0.48317077291378285,0.4,1.7833186479785819,-0.03583388775587082,5.20271488412713
67.6666579246521,6.871997959495068,0.4835729775660071,0.4,1.7833186479785819,-0.03483719751238823,5.251467049229995
67.69995450973511,6.920754953392153,0.48397518221823127,0.4,1.7983580225869842,-0.034623946994543076,5.300219333690233
67.73308539390564,6.969511947289239,0.4843773868704555,0.4,1.7983580225869842,-0.034551508724689484,5.348971734244256
67.76668930053711,7.0182689411863235,0.48477959152267974,0.4,1.7983580225869842,-0.03519748896360397,5.397724247746377
67.79993772506714,7.067025935083409,0.485181796174904,0.4,1.8100141173904154,-0.03595943748950958,5.446476871163533
67.8333044052124,7.115782928980495,0.4855840008271282,0.4,1.8100141173904154,-0.03595943748950958,5.495229601570289
67.86669111251831,7.164539922877579,0.48598620547935245,0.4,1.8100141173904154,-0.0368218794465065,5.543982436144105
67.90002512931824,7.213296916774665,0.4863884101315767,0.4,1.8108160880164434,-0.037911489605903625,5.592735372160855
67.93311738967896,7.26205391067175,0.48679061478380087,0.4,1.8108160880164434,-0.0378720723092556,5.6414884069905735
67.9666359424591,7.310810904568836,0.4871928194360251,0.4,1.8108160880164434,-0.038511112332344055,5.690241538093421
67.9999463558197,7.3595678984659205,0.48759502408824934,0.4,1.8108160880164434,-0.038511112332344055,5.738994763015858
68.03329277038574,7.408324892363006,0.4879972287404736,0.4,1.8108160880164434,-0.038511112332344055,5.787748079387012
68.06627082824707,7.457081886260092,0.4883994333926978,0.4,1.802912379374929,-0.03842977434396744,5.83650148491522
68.0998375415802,7.505838880157176,0.48880163804492205,0.4,1.794806690274306,-0.038776978850364685,5.885254977384753
68.13327360153198,7.554595874054262,0.4892038426971463,0.4,1.794806690274306,-0.038776978850364685,5.934008554652697
68.16657662391663,7.603352867951347,0.48960604734937047,0.4,1.794806690274306,-0.038977257907390594,5.982762214645981
68.20170140266418,7.652109861848432,0.4900082520015947,0.4,1.7859222704529818,-0.038977257907390594,6.031515955358561
68.23324728012085,7.7008668557455175,0.49041045665381894,0.4,1.7859222704529818,-0.038977257907390594,6.080269774848732
68.26660561561584,7.814502713481358,0.49409056147695735,0.4,1.7859222704529818,-0.038223426789045334,6.193959513581582
68.29998135566711,7.879381577320111,0.49736846164787146,0.4,1.795020954668882,-0.017383864149451256,6.258895890842291
68.33317446708679,7.944260441158866,0.5006463618187856,0.4,1.795020954668882,-0.017383864149451256,6.323832786540322
68.36644101142883,8.00913930499762,0.5039242619896998,0.4,1.795020954668882,-0.015809571370482445,6.388770184867133
68.40003108978271,8.074018168836373,0.5072021621606139,0.4,1.7888794686990424,-0.01418796181678772,6.453708070650328
68.43329048156738,8.138897032675128,0.5104800623315281,0.4,1.7888794686990424,-0.01418796181678772,6.518646429321983
68.46651124954224,8.203775896513882,0.5137579625024422,0.4,1.7888794686990424,-0.01418796181678772,6.583585246888837
68.49998235702515,8.268654760352636,0.5170358626733563,0.4,1.7884288632211442,-0.013651064597070217,6.648524509904249
68.53331708908081,8.333533624191391,0.5203137628442706,0.4,1.7884288632211442,-0.013651064597070217,6.713464205441764
68.56640815734863,8.398412488030145,0.5235916630151847,0.4,1.7884288632211442,-0.012957783415913582,6.7784043210702
68.60003304481506,8.463291351868898,0.5268695631860988,0.4,1.7981054900411135,-0.012957783415913582,6.843344844830163
68.63341808319092,8.528170215707654,0.5301474633570129,0.4,1.7981054900411135,-0.010593355633318424,6.90828576521188
68.66706609725952,8.593049079546407,0.5334253635279271,0.4,1.7981054900411135,-0.009739914909005165,6.973227071134257
68.70036387443542,8.697533119907929,0.5377361129909015,0.4,1.7948834446065691,-0.009739914909005165,7.0777873925564
68.73323583602905,8.737138296430695,0.5387689622829617,0.4,1.7948834446065691,-0.009739914909005165,7.117406033201663
68.76687264442444,8.776743472953463,0.5398018115750218,0.4,1.7948834446065691,-0.009739914909005165,7.157024673860688
68.79999852180481,8.81634864947623,0.5408346608670821,0.4,1.7936189637897506,-0.006135538220405579,7.196643314533246
68.83337903022766,8.855953825998998,0.5418675101591424,0.4,1.7936189637897506,-0.006135538220405579,7.236261955219114
68.86664700508118,8.895559002521765,0.5429003594512025,0.4,1.7936189637897506,-0.006135538220405579,7.275880595918074
68.90001702308655,8.935164179044532,0.5439332087432627,0.4,1.7948856233700834,-0.0031388276256620884,7.315499236629916
68.93326091766357,8.9747693555673,0.5449660580353229,0.4,1.7948856233700834,-0.0031388276256620884,7.35511787735443
68.9667317867279,9.014374532090066,0.5459989073273832,0.4,1.7948856233700834,-0.0031388276256620884,7.394736518091411
69.0000536441803,9.111702093876088,0.546767769375518,0.4,1.780525937610259,-0.0022586348932236433,7.492051670490651
69.03335309028625,9.169424479139343,0.5465037821315926,0.4,1.780525937610259,-0.0022586348932236433,7.549748586921435
69.0667314529419,9.227146864402597,0.5462397948876672,0.4,1.780525937610259,-0.0022586348932236433,7.6074458989231175
69.10001111030579,9.284869249665851,0.5459758076437418,0.4,1.771789046602747,-3.1510175176663324e-05,7.665143597563035
69.13304805755615,9.342591634929105,0.5457118203998162,0.4,1.771789046602747,-3.1510175176663324e-05,7.722841674175414
69.16668391227722,9.40031402019236,0.5454478331558908,0.4,1.771789046602747,-3.1510175176663324e-05,7.780540120351474
69.20004057884216,9.458036405455614,0.5451838459119654,0.4,1.7768505200443814,0.0035584140568971634,7.838238927929974
69.23330283164978,9.515758790718866,0.54491985866804,0.4,1.7768505200443814,0.004136819392442703,7.895938088988173
69.26671648025513,9.57348117598212,0.5446558714241146,0.4,1.7768505200443814,0.004136819392442703,7.953637595833185
69.30000162124634,9.631203561245375,0.5443918841801892,0.4,1.7811527724697704,0.006010010372847319,8.011337440993698
69.33340549468994,9.688925946508629,0.5441278969362638,0.4,1.7811527724697704,0.006723623722791672,8.06903761721206
69.36666893959045,9.746648331771883,0.5438639096923383,0.4,1.7811527724697704,0.006723623722791672,8.126738117436703
69.39993739128113,9.804370717035138,0.5435999224484129,0.4,1.7835088713232234,0.007365135010331869,8.184438934814866
69.4332799911499,9.862093102298392,0.5433359352044875,0.4,1.7835088713232234,0.007365135010331869,8.242140062685651
69.46665120124817,9.919815487561646,0.5430719479605621,0.4,1.7835088713232234,0.007365135010331869,8.299841494573354
69.4996964931488,10.005181985339922,0.5404921878616429,0.4,1.7860318816319103,0.009461143054068089,8.385128829810162
69.5333034992218,10.032826097854946,0.538176415006649,0.4,1.7860318816319103,0.009461143054068089,8.41271545700278
69.5666766166687,10.060470210369967,0.5358606421516552,0.4,1.7860318816319103,0.009461143054068089,8.440303095742163
69.59960913658142,10.08811432288499,0.5335448692966613,0.4,1.7812387566176162,0.010855939239263535,8.467891736141723
69.63339591026306,10.115758435400013,0.5312290964416675,0.4,1.7812387566176162,0.008394214324653149,8.495481368442942
69.66668152809143,10.143402547915034,0.5289133235866736,0.4,1.7812387566176162,0.008394214324653149,8.523071983013306
69.69996571540833,10.171046660430058,0.5265975507316798,0.4,1.772655105900626,0.007115890271961689,8.550663570344286
69.7331600189209,10.19869077294508,0.524281777876686,0.4,1.772655105900626,0.007115890271961689,8.578256121049355
69.76666617393494,10.226334885460103,0.5219660050216921,0.4,1.772655105900626,0.007115890271961689,8.605849625862046
69.80005741119385,10.253978997975125,0.5196502321666983,0.4,1.7691747288683568,0.007115890271961689,8.633444075634031
69.83322644233704,10.281623110490147,0.5173344593117045,0.4,1.7691747288683568,0.008130383677780628,8.661039461333273
69.8667368888855,10.30926722300517,0.5150186864567107,0.4,1.7691747288683568,0.008130383677780628,8.688635774042163
69.89998435974121,10.336911335520192,0.5127029136017168,0.4,1.7638749401162996,0.010574784129858017,8.716233004955736
69.9333188533783,10.364555448035215,0.510387140746723,0.4,1.7638749401162996,0.011713857762515545,8.743831145379893
69.96670174598694,10.392199560550237,0.5080713678917291,0.4,1.7638749401162996,0.011713857762515545,8.771430186729672
69.99963068962097,10.419843673065259,0.5057555950367353,0.4,1.7630991247070154,0.011713857762515545,8.79903012052754
70.03339719772339,10.447487785580282,0.5034398221817414,0.4,1.7630991247070154,0.022374717518687248,8.826630938401731
70.06729173660278,10.475131898095304,0.5011240493267476,0.4,1.7630991247070154,0.022359725087881088,8.85423263208459
70.10017323493958,10.502776010610328,0.49880827647175374,0.4,1.7630991247070154,0.03038812056183815,8.881835193410987
70.13325810432434,10.58772112101579,0.49752941788901683,0.4,1.7693773653858007,0.03926646336913109,8.966748854118116
70.16670656204224,10.645022118906228,0.49856633216127383,0.4,1.7693773653858007,0.03926646336913109,9.02405909568861
70.20002698898315,10.702323116796668,0.49960324643353077,0.4,1.7693773653858007,0.03926646336913109,9.0813693389947
70.23318457603455,10.759624114687107,0.5006401607057878,0.4,1.780957785361778,0.055323198437690735,9.13867958400373
70.26672625541687,10.816925112577547,0.5016770749780447,0.4,1.780957785361778,0.055006809532642365,9.195989830683867
70.29978847503662,10.874226110467985,0.5027139892503016,0.4,1.780957785361778,0.055006809532642365,9.253300079004056
70.33301901817322,10.931527108358425,0.5037509035225586,0.4,1.7825626428565544,0.05363453924655914,9.310610328934015
70.36642026901245,10.988828106248864,0.5047878177948155,0.4,1.7825626428565544,0.05363453924655914,9.367920580444197
70.39973735809326,11.046129104139304,0.5058247320670726,0.4,1.7825626428565544,0.05363453924655914,9.425230833505779
70.43310546875,11.103430102029744,0.5068616463393295,0.4,1.775514830147893,0.05393026024103165,9.48254108809063
70.4665355682373,11.160731099920183,0.5078985606115864,0.4,1.775514830147893,0.05363903567194939,9.539851344171295
70.49977040290833,11.218032097810623,0.5089354748838434,0.4,1.7666623947876512,0.059696126729249954,9.597161601720982
70.53303837776184,11.275333095701061,0.5099723891561003,0.4,1.7666623947876512,0.0629015639424324,9.654471860713524
70.56644916534424,11.332634093591501,0.5110093034283574,0.4,1.7666623947876512,0.0629015639424324,9.711782121123385
70.59992480278015,11.38993509148194,0.5120462177006143,0.4,1.7666623947876512,0.0629015639424324,9.769092382925615
70.63329458236694,11.499127028156192,0.5189790238687588,0.4,1.7615660140532825,0.07033368945121765,9.87838301783647
70.66665887832642,11.551017966940002,0.5248749157646463,0.4,1.7615660140532825,0.07800896465778351,9.930365954641273
70.69996213912964,11.602908905723814,0.5307708076605339,0.4,1.7615660140532825,0.07800896465778351,9.982351416437675
70.732994556427,11.654799844507624,0.5366666995564213,0.4,1.7579278588067375,0.07294048368930817,10.034339363981578
70.76645612716675,11.706690783291435,0.5425625914523089,0.4,1.7579278588067375,0.07294048368930817,10.086329758836138
70.79975914955139,11.758581722075247,0.5484584833481965,0.4,1.7579278588067375,0.07294048368930817,10.138322563351146
70.83320045471191,11.810472660859057,0.5543543752440839,0.4,1.7730468467609524,0.07654804736375809,10.190317740643057
70.86668801307678,11.862363599642869,0.5602502671399715,0.4,1.7730468467609524,0.07674293965101242,10.242315254575622
70.90004205703735,11.914254538426679,0.566146159035859,0.4,1.7712421295438034,0.07571116834878922,10.294315069741096
70.9333803653717,11.96614547721049,0.5720420509317465,0.4,1.7712421295438034,0.07225923985242844,10.346317151442005
70.96651244163513,12.018036415994303,0.5779379428276341,0.4,1.7712421295438034,0.06956933438777924,10.398321465673465
70.99992895126343,12.069927354778113,0.5838338347235216,0.4,1.7712421295438034,0.06956933438777924,10.450327979106032
71.03388905525208,12.121818293561924,0.5897297266194091,0.4,1.77690596682753,0.06727895885705948,10.502336659069037
71.06671643257141,12.173709232345734,0.5956256185152966,0.4,1.77690596682753,0.06727895885705948,10.554347473534431
71.10004758834839,12.225600171129546,0.6015215104111842,0.4,1.77690596682753,0.06727895885705948,10.606360391101093
71.13482642173767,12.277491109913356,0.6074174023070716,0.4,1.7746958236948116,0.05546485260128975,10.65837538097959
71.16646409034729,12.373927102960407,0.625028811843494,0.4,1.7746958236948116,0.05546485260128975,10.755212328632748
71.19997882843018,12.418472157223645,0.6367443294840287,0.4,1.7746958236948116,0.05546485260128975,10.80004267854575
71.23294687271118,12.463017211486886,0.6484598471245635,0.4,1.7592887186674802,0.049214545637369156,10.84488333331767
71.2666437625885,12.507562265750124,0.6601753647650983,0.4,1.7592887186674802,0.03214103356003761,10.889734165651557
71.2999632358551,12.552107320013363,0.671890882405633,0.4,1.75911411542831,0.03214103356003761,10.934595050310373
71.33320641517639,12.596652374276601,0.6836064000461678,0.4,1.75911411542831,0.028791146352887154,10.979465864076046
71.36664628982544,12.64119742853984,0.6953219176867025,0.4,1.75911411542831,0.027807269245386124,11.024346485709527
71.3999879360199,12.68574248280308,0.7070374353272373,0.4,1.75911411542831,0.027807269245386124,11.069236795911753
71.43365144729614,12.730287537066319,0.7187529529677721,0.4,1.7558437449755107,0.027807269245386124,11.114136677285517
71.46649551391602,12.774832591329558,0.7304684706083068,0.4,1.7558437449755107,0.02737092413008213,11.159046014298239
71.50000977516174,12.819377645592796,0.7421839882488416,0.4,1.7528037669490055,0.031401585787534714,11.203964693245577
71.53329992294312,12.863922699856037,0.7538995058893763,0.4,1.7528037669490055,0.03256981074810028,11.248892602215891
71.56644654273987,12.908467754119275,0.7656150235299111,0.4,1.7528037669490055,0.03256981074810028,11.293829631055493
71.59981679916382,12.953012808382514,0.7773305411704459,0.4,1.768517926587463,0.04073941335082054,11.338775671334737
71.63316011428833,12.997557862645753,0.7890460588109807,0.4,1.768517926587463,0.04923132434487343,11.383730616314836
71.66673588752747,13.042102916908991,0.8007615764515154,0.4,1.768517926587463,0.052677348256111145,11.428694360915461
71.70014214515686,13.086647971172232,0.81247709409205,0.4,1.768517926587463,0.052677348256111145,11.47366680168305
71.73335385322571,13.13119302543547,0.8241926117325848,0.4,1.768517926587463,0.052677348256111145,11.518647836759852
71.76643109321594,13.214879612786499,0.8562688055141424,0.4,1.7741567890785988,0.05258157476782799,11.603606892204645
71.79971742630005,13.254021145874287,0.8766294816551652,0.4,1.7793834274321056,0.06027324125170708,11.643606396738173
71.83311629295349,13.293162678962076,0.8969901577961878,0.4,1.7793834274321056,0.06027324125170708,11.683635571558876
71.86653709411621,13.332304212049864,0.9173508339372106,0.4,1.7793834274321056,0.06552274525165558,11.723694112749632
71.90001463890076,13.371445745137654,0.9377115100782334,0.4,1.776714944161493,0.08024067431688309,11.76378172031153
71.93359422683716,13.410587278225442,0.9580721862192562,0.4,1.776714944161493,0.08024067431688309,11.803898098104783
71.96694707870483,13.449728811313232,0.9784328623602789,0.4,1.776714944161493,0.09079334139823914,11.844042953790675
72.00001549720764,13.48887034440102,0.9987935385013016,0.4,1.7594439922144063,0.10075841099023819,11.88421599877443
72.03306913375854,13.52801187748881,1.0191542146423243,0.4,1.7594439922144063,0.10439261049032211,11.924416948149057
72.06643509864807,13.5671534105766,1.0395148907833471,0.4,1.7594439922144063,0.10831121355295181,11.964645520640117
72.09975147247314,13.606294943664388,1.0598755669243698,0.4,1.7616742872650348,0.11324046552181244,12.0049014385514
72.13304114341736,13.645436476752177,1.0802362430653927,0.4,1.7616742872650348,0.11324046552181244,12.04518442771152
72.1664092540741,13.684578009839965,1.1005969192064153,0.4,1.7616742872650348,0.12634587287902832,12.085494217421374
72.19969964027405,13.723719542927755,1.1209575953474382,0.4,1.7542041649595541,0.1304520070552826,12.125830540402488
72.23434090614319,13.762861076015543,1.1413182714884609,0.4,1.7542041649595541,0.1347510814666748,12.16619313274619
72.26647710800171,13.802002609103333,1.1616789476294835,0.4,1.7542041649595541,0.1347510814666748,12.206581733863674
72.2997555732727,13.841144142191121,1.1820396237705064,0.4,1.7732638278319763,0.14746230840682983,12.246996086436818
72.3330283164978,13.927140566810165,1.239112398931889,0.4,1.7732638278319763,0.14746230840682983,12.336756315832986
72.3666136264801,13.973995458341417,1.275824497952249,0.4,1.7732638278319763,0.15688495337963104,12.386166364951096
72.39993166923523,14.02085034987267,1.3125365969726088,0.4,1.7699523056516304,0.1208689734339714,12.435665014883462
72.4330792427063,14.067705241403925,1.3492486959929688,0.4,1.7699523056516304,0.1208689734339714,12.485251211837786
72.4665880203247,14.114560132935177,1.3859607950133288,0.4,1.7699523056516304,0.12379852682352066,12.534923916847164
72.49999856948853,14.16141502446643,1.4226728940336888,0.4,1.785695815900948,0.12697993218898773,12.584682105549867
72.53354907035828,14.208269915997684,1.4593849930540488,0.4,1.785695815900948,0.12697993218898773,12.634524767971953
72.56639075279236,14.255124807528937,1.4960970920744088,0.4,1.785695815900948,0.13374437391757965,12.684450908312751
72.59976530075073,14.30197969906019,1.5328091910947685,0.4,1.7789585166605042,0.1415414810180664,12.73445954473316
72.63311219215393,14.348834590591444,1.5695212901151285,0.4,1.7789585166605042,0.1415414810180664,12.784549709146761
72.66665244102478,14.395689482122696,1.6062333891354885,0.4,1.7789585166605042,0.1415414810180664,12.834720447013767
72.699777841568,14.44254437365395,1.6429454881558485,0.4,1.7677683863319926,0.14307427406311035,12.884970817137766
72.73317885398865,14.489399265185204,1.6796575871762083,0.4,1.7677683863319926,0.14307427406311035,12.935299891465224
72.76637721061707,14.536254156716456,1.7163696861965683,0.4,1.7677683863319926,0.14307427406311035,12.985706754887788
72.799720287323,14.607395390168639,1.7928115075593207,0.4,1.7648475751406014,0.15651127696037292,13.06464974457711
72.8333568572998,14.63168173208957,1.8325412299017132,0.4,1.7648475751406014,0.1604977548122406,13.09321272902697
72.86639857292175,14.655968074010499,1.8722709522441057,0.4,1.7648475751406014,0.1604977548122406,13.12187878091821
72.89970684051514,14.680254415931428,1.9120006745864981,0.4,1.7634055381944205,0.1623709797859192,13.15064722624525
72.93349933624268,14.704540757852358,1.9517303969288906,0.4,1.7634055381944205,0.1376439332962036,13.179517394490395
72.96651649475098,14.728827099773287,1.991460119271283,0.4,1.7634055381944205,0.1376439332962036,13.208488618637652
72.99981355667114,14.753113441694216,2.0311898416136756,0.4,1.7659955328673398,0.14070355892181396,13.237560235185654
73.03310942649841,14.777399783615147,2.070919563956068,0.4,1.7659955328673398,0.14076673984527588,13.266731584159654
73.06639909744263,14.801686125536076,2.1106492862984605,0.4,1.7659955328673398,0.14076673984527588,13.296002009122617
73.09977173805237,14.825972467457005,2.1503790086408525,0.4,1.7817255117038417,0.13885727524757385,13.325370857185499
73.13302063941956,14.850258809377934,2.190108730983245,0.4,1.7817255117038417,0.13885727524757385,13.354837479016627
73.16668963432312,14.874545151298864,2.2298384533256375,0.4,1.7817255117038417,0.13885727524757385,13.384401228850262
73.19972467422485,14.898831493219793,2.26956817566803,0.4,1.7806135788310544,0.13178575038909912,13.414061464494345
73.23319816589355,14.923117835140722,2.3092978980104224,0.4,1.7806135788310544,0.13178575038909912,13.44381754733746
73.266441822052,14.947404177061653,2.349027620352815,0.4,1.7806135788310544,0.12718817591667175,13.47366884235499
73.29976654052734,14.971690518982582,2.3887573426952073,0.4,1.773511241537384,0.12454049289226532,13.503614718114525
73.33316564559937,14.995976860903511,2.4284870650376,0.4,1.773511241537384,0.12454049289226532,13.533654546780534
73.36664199829102,15.020263202824442,2.4682167873799923,0.4,1.773511241537384,0.12127290666103363,13.563787704118283
73.39973211288452,15.057189506064699,2.562932769990787,0.4,1.7680813021682236,0.12127290666103363,13.615302854824895
73.43297386169434,15.069829467384027,2.6179190302591895,0.4,1.7680813021682236,0.1058025136590004,13.636792337071684
73.46667218208313,15.082469428703355,2.672905290527592,0.4,1.7680813021682236,0.07293003052473068,13.658481071301889
73.50000023841858,15.095109390022682,2.727891550795994,0.4,1.7590430802968053,0.07293003052473068,13.680368109838561
73.53297209739685,15.10774935134201,2.7828778110643966,0.4,1.7590430802968053,0.07293003052473068,13.702452502422503
73.56679821014404,15.120389312661338,2.837864071332799,0.4,1.7590430802968053,0.05536183714866638,13.724733296369823
73.59984064102173,15.133029273980666,2.8928503316012013,0.4,1.7641085856457444,0.050669483840465546,13.747209536727851
73.63310050964355,15.146675813214676,2.99802253208125,0.4,1.7641085856457444,0.050669483840465546,13.78040621405289
73.66692209243774,15.147682391129358,3.048208472292896,0.4,1.7641085856457444,0.04006865248084068,13.791106829417368
73.70001888275146,15.14868896904404,3.0983944125045424,0.4,1.778820790857359,0.03426310047507286,13.801981706265416
73.73324680328369,15.149695546958721,3.1485803527161886,0.4,1.778820790857359,0.03426310047507286,13.813030433013463
73.76667976379395,15.150702124873401,3.198766292927835,0.4,1.778820790857359,0.03426310047507286,13.824252592824504
73.79999828338623,15.151708702788083,3.248952233139481,0.4,1.778820790857359,0.03426310047507286,13.835647763681395
73.83303332328796,15.152715280702765,3.2991381733511274,0.4,1.778820790857359,0.03426310047507286,13.847215518460638
73.86655855178833,15.153721858617446,3.3493241135627736,0.4,1.778820790857359,0.03426310047507286,13.858955425006611
73.89956903457642,15.154728436532128,3.39951005377442,0.4,1.7830009447552184,0.03426310047507286,13.87086704620628
73.93304944038391,15.15573501444681,3.449695993986066,0.4,1.7830009447552184,0.029184920713305473,13.882949940064272
73.96638321876526,15.156741592361492,3.499881934197712,0.4,1.7830009447552184,-0.0058893668465316296,13.895203659778357
73.99979209899902,15.157748170276173,3.550067874409358,0.4,1.7809172074998485,-0.011676585301756859,13.907627753815284
74.0330560207367,15.158754748190853,3.6002538146210044,0.4,1.7809172074998485,-0.011676585301756859,13.920221765986936
74.06667900085449,15.159761326105535,3.6504397548326506,0.4,1.7809172074998485,-0.011676585301756859,13.932985235526804
74.09995555877686,15.160767904020217,3.700625695044297,0.4,1.7716012997256472,-0.011676585301756859,13.9459176971667
74.13305854797363,15.161774481934899,3.750811635255943,0.4,1.7716012997256472,-0.011760884895920753,13.959018681213765
74.16645693778992,15.160724286787607,3.8373835570303014,0.4,1.7716012997256472,-0.033452652394771576,13.979314151873709
74.20035862922668,15.158667513725632,3.873769538593013,0.4,1.7813738717481036,-0.04485996812582016,13.986432021823937
74.23317551612854,15.156610740663659,3.910155520155725,0.4,1.7813738717481036,-0.047411274164915085,13.993641183958056
74.26670694351196,15.154553967601686,3.9465415017184373,0.4,1.7813738717481036,-0.05021488666534424,14.00094149725551
74.30001664161682,15.152497194539711,3.9829274832811494,0.4,1.7777130534524233,-0.02790142595767975,14.008332819208542
74.33305525779724,15.150440421477738,4.0193134648438615,0.4,1.7777130534524233,-0.02790142595767975,14.015815005835313
74.36664080619812,15.148383648415765,4.055699446406574,0.4,1.7777130534524233,-0.03180081024765968,14.02338791169313
74.39993953704834,15.14632687535379,4.092085427969286,0.4,1.7777130534524233,-0.03180081024765968,14.031051389891743
74.43408608436584,15.144270102291816,4.128471409531997,0.4,1.7780701997894333,-0.033068642020225525,14.038805292106751
74.46646308898926,15.142213329229843,4.164857391094709,0.4,1.7780701997894333,-0.033068642020225525,14.04664946859305
74.49999952316284,15.140156556167868,4.201243372657421,0.4,1.7780701997894333,-0.033068642020225525,14.054583768198391
74.53326487541199,15.135623322189458,4.297007081017795,0.4,1.7780701997894333,-0.033068642020225525,14.076740275854357
74.56700110435486,15.13314686127302,4.356384807815456,0.4,1.7780701997894333,-0.033068642020225525,14.09110898550187
74.60004448890686,15.130670400356582,4.415762534613117,0.4,1.7870458788967387,-0.033068642020225525,14.105713444676224
74.63325023651123,15.128193939440145,4.475140261410779,0.4,1.7870458788967387,-0.033068642020225525,14.120552921891704
74.66677641868591,15.125717478523706,4.5345179882084405,0.4,1.7870458788967387,-0.033068642020225525,14.135626676987677
74.70031142234802,15.123241017607269,4.593895715006101,0.4,1.7870458788967387,-0.033068642020225525,14.15093396129682
74.73364281654358,15.120764556690832,4.653273441803763,0.4,1.7815803280094695,-0.00723582087084651,14.166474017813973
74.76647424697876,15.118288095774393,4.7126511686014245,0.4,1.7815803280094695,-0.0038332296535372734,14.18224608136559
74.80000376701355,15.115811634857955,4.772028895399086,0.4,1.7815803280094695,-0.0038332296535372734,14.198249378779684
74.83296871185303,15.113335173941518,4.831406622196747,0.4,1.7922842351111898,-0.0014770198613405228,14.214483129056164
74.86691737174988,15.11085871302508,4.8907843489944085,0.4,1.7922842351111898,-0.0014770198613405228,14.23094654353756
74.89997100830078,15.108382252108642,4.95016207579207,0.4,1.7922842351111898,-0.0014770198613405228,14.247638826079976
74.93322396278381,15.105905791192205,5.009539802589732,0.4,1.7838649046115413,0.002966676838696003,14.264559173224255
74.9664978981018,15.103429330275766,5.0689175293873925,0.4,1.7838649046115413,0.004012004006654024,14.281706774367251
75.00002312660217,15.10018101823275,5.176386897012252,0.4,1.7838649046115413,0.004012004006654024,14.314479719296116
75.03341317176819,15.099409167106172,5.224478537839449,0.4,1.7643073639360294,0.007229791954159737,14.330023517267074
75.06663227081299,15.098637315979593,5.272570178666647,0.4,1.7643073639360294,0.008546289056539536,14.345711734872491
75.09998774528503,15.097865464853015,5.320661819493845,0.4,1.7645940585674955,0.009295863099396229,14.36154389883039
75.13347172737122,15.097093613726436,5.368753460321042,0.4,1.7645940585674955,0.009295863099396229,14.377519533610439
75.16663074493408,15.096321762599858,5.4168451011482395,0.4,1.7645940585674955,0.009295863099396229,14.393638161493788
75.19999599456787,15.09554991147328,5.464936741975437,0.4,1.7645940585674955,0.009295863099396229,14.40989930263269
75.23342514038086,15.094778060346702,5.513028382802634,0.4,1.766832333090036,0.010540670715272427,14.426302475109868
75.26647615432739,15.09352988393487,5.613305440627712,0.4,1.766832333090036,0.010868632234632969,14.461296346934347
75.29971170425415,15.093053558649618,5.665490857625592,0.4,1.7671738875844434,0.012408548966050148,14.47991008462857
75.33334541320801,15.092577233364366,5.7176762746234715,0.4,1.7671738875844434,0.01350958738476038,14.49868777418376
75.36665654182434,15.092100908079114,5.769861691621351,0.4,1.7671738875844434,0.014591061510145664,14.517628779413982
75.39973092079163,15.091624582793862,5.8220471086192305,0.4,1.7671738875844434,0.014591061510145664,14.536732461930319
75.433030128479,15.09114825750861,5.874232525617111,0.4,1.7814262975052535,0.014744480140507221,14.555998181226677
75.46640491485596,15.090671932223358,5.92641794261499,0.4,1.7814262975052535,0.014744480140507221,14.575425294765019
75.49986863136292,15.090195606938106,5.97860335961287,0.4,1.7814262975052535,0.014744480140507221,14.595013158059968
75.53297328948975,15.089719281652856,6.03078877661075,0.4,1.7810530151399218,0.015852881595492363,14.61476112476278
75.56641387939453,15.089242956367604,6.08297419360863,0.4,1.7810530151399218,0.015850823372602463,14.634668546744651
75.59990239143372,15.088766631082352,6.135159610606509,0.4,1.7810530151399218,0.017458271235227585,14.654734774179401
75.63323426246643,15.0882903057971,6.187345027604389,0.4,1.7679010101425368,0.016531236469745636,14.674959155625436
75.66644740104675,15.087813980511848,6.239530444602269,0.4,1.7679010101425368,0.016225211322307587,14.695341038107033
75.69998335838318,15.087337655226596,6.2917158616001485,0.4,1.7641798159546882,0.015627922490239143,14.715879767194913
75.73341107368469,15.086861329941344,6.343901278598029,0.4,1.7641798159546882,0.015627922490239143,14.736574687086094
75.76655626296997,15.086385004656092,6.396086695595908,0.4,1.7641798159546882,0.015912000089883804,14.757425140682997
75.7999837398529,15.08551343194236,6.490202357997787,0.4,1.756420585392968,0.016088318079710007,14.795408322367985
75.83299612998962,15.08511818451388,6.532132603401786,0.4,1.756420585392968,0.016088318079710007,14.812485419660918
75.86637806892395,15.0847229370854,6.574062848805785,0.4,1.756420585392968,0.016088318079710007,14.829661418695277
75.89989829063416,15.08432768965692,6.6159930942097835,0.4,1.756420585392968,0.016088318079710007,14.8469359762212
75.9329948425293,15.08393244222844,6.657923339613783,0.4,1.756420585392968,0.016088318079710007,14.864308748619422
75.96661257743835,15.083537194799959,6.699853585017782,0.4,1.768470264565326,0.01516211312264204,14.881779391926113
75.99980592727661,15.083141947371479,6.741783830421781,0.4,1.7689997345744821,0.014049445278942585,14.89934756185753
76.03315758705139,15.082746699943,6.78371407582578,0.4,1.7689997345744821,0.014049445278942585,14.917012913834443
76.06641149520874,15.08235145251452,6.825644321229779,0.4,1.7689997345744821,0.015789728611707687,14.934775103006318
76.0999231338501,15.081956205086039,6.867574566633778,0.4,1.7773413993782359,0.015789728611707687,14.952633784275317
76.13311743736267,15.081560957657558,6.909504812037777,0.4,1.7773413993782359,0.015789728611707687,14.97058861232003
76.16662073135376,15.081165710229078,6.951435057441776,0.4,1.7773413993782359,0.016332635655999184,14.988639241619001
76.19997692108154,15.080770462800597,6.993365302845775,0.4,1.7773413993782359,0.016332635655999184,15.00678532647403
76.23316025733948,15.080375215372118,7.035295548249774,0.4,1.7773413993782359,0.016332635655999184,15.02502652103323
76.26650476455688,15.079979967943638,7.077225793653773,0.4,1.7779277359207912,0.016306793317198753,15.043362479313853
76.29997777938843,15.079584720515157,7.119156039057772,0.4,1.7923882105825264,0.014114155434072018,15.061792855224907
76.33322167396545,15.079189473086677,7.1610862844617715,0.4,1.7923882105825264,0.014114155434072018,15.080317302589513
76.36652278900146,15.078794225658196,7.203016529865771,0.4,1.7923882105825264,0.013742252252995968,15.098935475167034
76.40005564689636,15.078398978229718,7.244946775269769,0.4,1.7790101840712949,0.012523134239017963,15.117647026674979
76.43325328826904,15.078003730801237,7.286877020673768,0.4,1.7790101840712949,0.011559671722352505,15.136451610810655
76.4666473865509,15.074715636834053,7.391676595690775,0.4,1.7790101840712949,0.01069648191332817,15.181817703379492
76.5000159740448,15.07182279029535,7.454545925303783,0.4,1.77206163494438,0.012932012788951397,15.208500902013244
76.53298282623291,15.068929943756645,7.517415254916791,0.4,1.77206163494438,0.012932012788951397,15.235397350799962
76.56668591499329,15.066037097217942,7.5802845845297995,0.4,1.77206163494438,0.011387672275304794,15.262505922335349
76.59998822212219,15.063144250679239,7.6431539141428075,0.4,1.7653748787616261,0.01082220021635294,15.289825488350571
76.63331818580627,15.060251404140535,7.706023243755816,0.4,1.7653748787616261,0.010737577453255653,15.317354919875761
76.66665720939636,15.05735855760183,7.768892573368824,0.4,1.7653748787616261,0.008548562414944172,15.345093087401057
76.69998979568481,15.054465711063127,7.831761902981832,0.4,1.7771220664951874,0.007202934008091688,15.373038861035234
76.73296570777893,15.051572864524424,7.89463123259484,0.4,1.7771220664951874,0.006240517366677523,15.401191110661841
76.76658272743225,15.04868001798572,7.957500562207848,0.4,1.7771220664951874,0.006149670574814081,15.429548706092913
76.79996228218079,15.045787171447017,8.020369891820856,0.4,1.7821640763778313,0.006149670574814081,15.458110517220133
76.83326458930969,15.042894324908312,8.083239221433864,0.4,1.7821640763778313,0.006149670574814081,15.48687541416357
76.86651372909546,15.040001478369609,8.146108551046872,0.4,1.7821640763778313,0.0032217195257544518,15.515842267417861
76.89996290206909,15.033488587352181,8.247512338711497,0.4,1.7995446629065581,0.001650744117796421,15.561394676254553
76.93331384658813,15.029868542873455,8.286046796763113,0.4,1.7995446629065581,0.001650744117796421,15.577858334039192
76.9666473865509,15.02624849839473,8.32458125481473,0.4,1.7995446629065581,0.001650744117796421,15.594400671362264
77.00005316734314,15.022628453916006,8.363115712866346,0.4,1.799835746572161,-0.004369258414953947,15.61102143810366
77.03329062461853,15.01900840943728,8.401650170917963,0.4,1.799835746572161,-0.004369258414953947,15.627720384023991
77.0663092136383,15.015388364958556,8.440184628969579,0.4,1.799835746572161,-0.0003368329198565334,15.644497258777754
77.09972500801086,15.011768320479831,8.478719087021195,0.4,1.8005167729239664,-0.0003368329198565334,15.661351811926359
77.1331684589386,15.008148276001105,8.517253545072812,0.4,1.8005167729239664,-0.004388316068798304,15.678283792951069
77.16639518737793,15.00452823152238,8.555788003124428,0.4,1.8005167729239664,-0.004373735748231411,15.695292951265802
77.19972920417786,15.000908187043656,8.594322461176045,0.4,1.8005167729239664,-0.004373735748231411,15.712379036229827
77.23318910598755,14.99728814256493,8.632856919227661,0.4,1.8005167729239664,-0.004373735748231411,15.729541797160328
77.26656579971313,14.993668098086205,8.671391377279278,0.4,1.8005167729239664,-0.004373735748231411,15.746780983344873
77.30005645751953,14.99004805360748,8.709925835330894,0.4,1.7958923824904927,-0.004373735748231411,15.764096344053739
77.3331937789917,14.986428009128755,8.74846029338251,0.4,1.7958923824904927,-0.004373735748231411,15.781487628552128
77.36660194396973,14.98280796465003,8.786994751434127,0.4,1.7958923824904927,-0.004373735748231411,15.798954586112274
77.40003037452698,14.979187920171304,8.825529209485744,0.4,1.7958923824904927,-0.004373735748231411,15.816496966025406
77.43346285820007,14.97556787569258,8.86406366753736,0.4,1.7958923824904927,-0.004373735748231411,15.834114517613623
77.46669888496399,14.971947831213855,8.902598125588977,0.4,1.7958923824904927,-0.004373735748231411,15.85180699024161
77.50004982948303,14.968327786735129,8.941132583640593,0.4,1.8113240986930326,-0.011664392426609993,15.869574133328271
77.533118724823,14.964707742256405,8.97966704169221,0.4,1.8113240986930326,-0.011664392426609993,15.88741569635822
77.5667519569397,14.96108769777768,9.018201499743826,0.4,1.8113240986930326,-0.011664392426609993,15.905331428893144
77.60142278671265,14.957467653298954,9.056735957795443,0.4,1.8258049396770228,-0.015524040907621384,15.923321080583069
77.63322305679321,14.947369466839488,9.164236178326503,0.4,1.8258049396770228,-0.015524040907621384,15.9738963397619
77.66645646095276,14.940891324858747,9.233201940805946,0.4,1.8258049396770228,-0.01728845201432705,16.006642009061363
77.6999900341034,14.934413182878007,9.30216770328539,0.4,1.8240648448656427,-0.017865272238850594,16.03961997755786
77.73319578170776,14.927935040897266,9.371133465764833,0.4,1.8240648448656427,-0.017865272238850594,16.072828815368318
77.7665057182312,14.921456898916524,9.440099228244277,0.4,1.8240648448656427,-0.017865272238850594,16.106267094433484
77.7997453212738,14.914978756935783,9.50906499072372,0.4,1.81859659610438,-0.017865272238850594,16.139933388702797
77.8330192565918,14.908500614955043,9.578030753203164,0.4,1.81859659610438,-0.017865272238850594,16.173826274315292
77.86656594276428,14.902022472974302,9.646996515682607,0.4,1.81859659610438,-0.017865272238850594,16.20794432977655
77.8997745513916,14.89554433099356,9.715962278162051,0.4,1.804322548417167,-0.017128946259617805,16.242286136131685
77.93338060379028,14.88906618901282,9.784928040641494,0.4,1.804322548417167,-0.017128946259617805,16.276850277134432
77.96641802787781,14.88258804703208,9.853893803120938,0.4,1.804322548417167,-0.017128946259617805,16.311635339412256
77.99991273880005,14.876109905051338,9.922859565600382,0.4,1.8018156441231756,-0.019089285284280777,16.34663991262761
78.03326225280762,14.863739241614693,10.043545208291,0.4,1.8018156441231756,-0.019237661734223366,16.40758483510098
78.06673550605774,14.85784672015879,10.095265088502174,0.4,1.8018156441231756,-0.019237661734223366,16.433431707102887
78.09978914260864,14.851954198702886,10.14698496871335,0.4,1.7984706808123643,-0.01956210471689701,16.459402618522635
78.13303995132446,14.846061677246983,10.198704848924523,0.4,1.7984706808123643,-0.022856945171952248,16.485496983132826
78.1664605140686,14.840169155791079,10.250424729135698,0.4,1.7984706808123643,-0.022856945171952248,16.511714215633983
78.19976139068604,14.834276634335176,10.302144609346874,0.4,1.8031721931053117,-0.023091046139597893,16.53805373169085
78.23326253890991,14.828384112879272,10.353864489558047,0.4,1.8031721931053117,-0.022640081122517586,16.564514947967968
78.26667308807373,14.822491591423368,10.405584369769223,0.4,1.8031721931053117,-0.022640081122517586,16.59109728216465
78.299889087677,14.816599069967463,10.457304249980396,0.4,1.7979760475502191,-0.02279624715447426,16.617800153049274
78.33325982093811,14.81070654851156,10.509024130191571,0.4,1.7979760475502191,-0.02279624715447426,16.644622980492954
78.36662578582764,14.804814027055656,10.560744010402747,0.4,1.7979760475502191,-0.02279624715447426,16.671565185502534
78.39972400665283,14.798921505599752,10.61246389061392,0.4,1.8074346913817452,-0.022817986086010933,16.69862619025297
78.4330804347992,14.793028984143849,10.664183770825096,0.4,1.8074346913817452,-0.022288920357823372,16.725805418119062
78.46667003631592,14.787136462687945,10.71590365103627,0.4,1.8074346913817452,-0.022288920357823372,16.753102293706558
78.50049352645874,14.781243941232042,10.767623531247445,0.4,1.8085368548618652,-0.022288920357823372,16.780516242882612
78.53745460510254,14.775351419776138,10.819343411458618,0.4,1.8085368548618652,-0.01984298601746559,16.808046692805647
78.56641960144043,14.764109085227885,10.917458374648378,0.4,1.8085368548618652,-0.01984298601746559,16.86054145354034
78.59972143173218,14.758759272135535,10.963853457626962,0.4,1.8086064833478823,-0.01490501407533884,16.88548244050181
78.63316345214844,14.753409459043185,11.010248540605549,0.4,1.8086064833478823,-0.01490501407533884,16.91051562309344
78.66644763946533,14.748059645950836,11.056643623584133,0.4,1.8086064833478823,-0.01490501407533884,16.93564059248214
78.6997344493866,14.742709832858486,11.103038706562717,0.4,1.8086064833478823,-0.01490501407533884,16.96085694076275
78.73297047615051,14.737360019766136,11.149433789541302,0.4,1.7925355527802218,-0.006573446560651064,16.98616426097312
78.76649570465088,14.732010206673786,11.195828872519888,0.4,1.7925355527802218,0.0005040531395934522,17.011562147108958
78.80013728141785,14.726660393581437,11.242223955498472,0.4,1.795959308097779,0.00363405654206872,17.037050194138356
78.83298850059509,14.717647621290293,11.334277458374752,0.4,1.795959308097779,0.00363405654206872,17.08911444201983
78.86665272712708,14.713984662091502,11.379935878272448,0.4,1.795959308097779,0.00363405654206872,17.115682482547353
78.89998936653137,14.71032170289271,11.425594298170143,0.4,1.795959308097779,0.00363405654206872,17.142331740211457
78.93329691886902,14.706658743693916,11.471252718067838,0.4,1.7997367105897868,0.008888401091098785,17.169061836824376
78.96667385101318,14.702995784495123,11.516911137965533,0.4,1.7997367105897868,0.008856303989887238,17.195872395406187
78.99979186058044,14.699332825296331,11.562569557863227,0.4,1.7997367105897868,0.008856303989887238,17.222763040193094
79.03330087661743,14.69566986609754,11.608227977760924,0.4,1.7946222821759805,0.020528990775346756,17.24973339664545
79.06643152236938,14.692006906898746,11.653886397658619,0.4,1.7946222821759805,0.02380671724677086,17.276783091455556
79.09999823570251,14.688343947699952,11.699544817556314,0.4,1.7946222821759805,0.02380671724677086,17.303911752555234
79.13329768180847,14.68468098850116,11.74520323745401,0.4,1.8051043170968935,0.023770729079842567,17.331119009123125
79.16644191741943,14.681018029302368,11.790861657351705,0.4,1.8051043170968935,0.03904927521944046,17.358404491591795
79.20000505447388,14.677355070103575,11.8365200772494,0.4,1.8051043170968935,0.03904927521944046,17.38576783165456
79.23328614234924,14.673692110904781,11.882178497147095,0.4,1.8179164939040506,0.0483052134513855,17.41320866227216
79.26655769348145,14.67002915170599,11.92783691704479,0.4,1.8179164939040506,0.0483052134513855,17.440726617679132
79.29972124099731,14.666366192507198,11.973495336942486,0.4,1.8103352611347305,0.07098307460546494,17.468321333389987
79.33300161361694,14.662703233308404,12.019153756840181,0.4,1.8103352611347305,0.08311786502599716,17.495992446205197
79.36650943756104,14.65904027410961,12.064812176737876,0.4,1.8103352611347305,0.08300367742776871,17.52373959421693
79.3997871875763,14.655377314910819,12.110470596635572,0.4,1.7956527137960039,0.10366276651620865,17.55156241681459
79.43300247192383,14.651714355712027,12.156129016533267,0.4,1.7956527137960039,0.11800825595855713,17.579460554690122
79.46637344360352,14.640946826768845,12.259849707878313,0.4,1.7956527137960039,0.1252211183309555,17.641308258658764
79.4997615814209,14.633842257024456,12.317911979325665,0.4,1.788202369296177,0.12454532831907272,17.675311534028726
79.53332281112671,14.626737687280068,12.375974250773016,0.4,1.788202369296177,0.12454532831907272,17.70944273480873
79.56664180755615,14.619633117535678,12.434036522220365,0.4,1.788202369296177,0.12454532831907272,17.743701122779434
79.59975981712341,14.612528547791289,12.492098793667717,0.4,1.788202369296177,0.16191604733467102,17.77808596267136
79.63315033912659,14.6054239780469,12.550161065115068,0.4,1.796178549260722,0.16978606581687927,17.81259652218885
79.66667199134827,14.577326450722678,12.654506875292478,0.4,1.796178549260722,0.16978606581687927,17.86380985756921
79.69999980926514,14.556333493142846,12.700790414022537,0.4,1.796178549260722,0.16978606581687927,17.880516725257525
79.73299288749695,14.535340535563012,12.747073952752594,0.4,1.8013106023336243,0.16978606581687927,17.8973523136103
79.7663791179657,14.514347577983179,12.793357491482652,0.4,1.8013106023336243,0.17611484229564667,17.91431625971866
79.79992151260376,14.493354620403345,12.83964103021271,0.4,1.8109628313253077,0.17611484229564667,17.931408199285396
79.83290553092957,14.472361662823513,12.88592456894277,0.4,1.8109628313253077,0.19118861854076385,17.94862776665752
79.8664128780365,14.451368705243679,12.932208107672828,0.4,1.8109628313253077,0.1946626603603363,17.965974594858743
79.89971446990967,14.430375747663845,12.978491646402887,0.4,1.8087607003032224,0.19925621151924133,17.983448315621807
79.93295645713806,14.409382790084013,13.024775185132944,0.4,1.8087607003032224,0.19925621151924133,18.001048559420717
79.96642804145813,14.38838983250418,13.071058723863002,0.4,1.8087607003032224,0.2114282101392746,18.018774955502803
79.9998152256012,14.367396874924346,13.117342262593061,0.4,1.8087607003032224,0.2114282101392746,18.036627131920707
80.03311252593994,14.346403917344514,13.16362580132312,0.4,1.8087607003032224,0.2114282101392746,18.054604715564167
80.06639003753662,14.32541095976468,13.209909340053178,0.4,1.8130460832862512,0.21569561958312988,18.072707332191715
80.09974813461304,14.304418002184846,13.256192878783237,0.4,1.8009054282298842,0.22496624290943146,18.090934606462188
80.13300704956055,14.283425044605012,13.302476417513294,0.4,1.8009054282298842,0.22611430287361145,18.1092861619661
80.16638612747192,14.26243208702518,13.348759956243352,0.4,1.8009054282298842,0.22801999747753143,18.127761621256862
80.19975233078003,14.196153018042649,13.42190752752751,0.4,1.7912796398096404,0.22801999747753143,18.134244706853575
80.23305749893188,14.15086690663995,13.448771560081608,0.4,1.7912796398096404,0.22832150757312775,18.12227369712906
80.26639819145203,14.105580795237252,13.475635592635708,0.4,1.7912796398096404,0.22832150757312775,18.11044786402387
80.2999153137207,14.060294683834552,13.502499625189808,0.4,1.7912796398096404,0.22832150757312775,18.098767492115584
80.33307027816772,14.015008572431855,13.529363657743906,0.4,1.7912796398096404,0.22832150757312775,18.087232863211966
80.36640071868896,13.969722461029155,13.556227690298005,0.4,1.7943714557895334,0.18995405733585358,18.07584425631932
80.3999924659729,13.924436349626458,13.583091722852105,0.4,1.7911891892094758,0.18035389482975006,18.06460194761101
80.43330836296082,13.879150238223758,13.609955755406203,0.4,1.7911891892094758,0.18035389482975006,18.053506210396165
80.46662878990173,13.83386412682106,13.636819787960302,0.4,1.7911891892094758,0.17373205721378326,18.042557315088583
80.50002145767212,13.788578015418361,13.6636838205144,0.4,1.7911891892094758,0.1622973382472992,18.0317555291758
80.53321480751038,13.743291904015663,13.6905478530685,0.4,1.7911891892094758,0.1622973382472992,18.021101117188422
80.56672978401184,13.698005792612964,13.7174118856226,0.4,1.7928203149768496,0.14968425035476685,18.01059434066959
80.59996819496155,13.652719681210266,13.744275918176697,0.4,1.7886566248577755,0.14936400949954987,18.000235458144747
80.63304567337036,13.607433569807567,13.771139950730797,0.4,1.7886566248577755,0.14936400949954987,17.99002472509155
80.66644072532654,13.56214745840487,13.798003983284897,0.4,1.7886566248577755,0.12567530572414398,17.9799623939101
80.70020651817322,13.51686134700217,13.824868015838994,0.4,1.7839901146428525,0.11655295640230179,17.970048713893338
80.73323678970337,13.4286678335463,13.85181784015208,0.4,1.7839901146428525,0.11561798304319382,17.93206892151496
80.76667380332947,13.385760431493129,13.851903631911066,0.4,1.7839901146428525,0.11561798304319382,17.90391227714513
80.79988837242126,13.342853029439956,13.851989423670052,0.4,1.7737796655611582,0.061673544347286224,17.875814273886256
80.83327507972717,13.299945627386784,13.852075215429037,0.4,1.7737796655611582,0.04213126748800278,17.847775188696925
80.86661410331726,13.257038225333611,13.852161007188023,0.4,1.7737796655611582,0.031852707266807556,17.81979529969629
80.89997744560242,13.21413082328044,13.852246798947009,0.4,1.7769815673092784,0.031852707266807556,17.791874886163985
80.93326449394226,13.171223421227268,13.852332590705995,0.4,1.7769815673092784,0.004994659684598446,17.76401422853995
80.96663570404053,13.128316019174095,13.85241838246498,0.4,1.7769815673092784,-0.005265267565846443,17.736213608424123
80.99999833106995,13.085408617120924,13.852504174223967,0.4,1.76444027948649,-0.011441810987889767,17.708473308576064
81.03315687179565,13.042501215067752,13.852589965982952,0.4,1.76444027948649,-0.011441810987889767,17.68079361291441
81.06664752960205,12.99959381301458,13.852675757741936,0.4,1.76444027948649,-0.027728214859962463,17.65317480651629
81.09994006156921,12.956686410961407,13.852761549500922,0.4,1.7691298101930188,-0.03429175168275833,17.625617175616583
81.13329458236694,12.913779008908236,13.852847341259908,0.4,1.7691298101930188,-0.03429175168275833,17.59812100760708
81.1665358543396,12.870871606855063,13.852933133018894,0.4,1.7691298101930188,-0.035881757736206055,17.57068659103551
81.19996857643127,12.82796420480189,13.85301892477788,0.4,1.771208048254982,-0.035881757736206055,17.5433142156045
81.2332673072815,12.78505680274872,13.853104716536865,0.4,1.771208048254982,-0.05109080672264099,17.516004172170355
81.26655530929565,12.742149400695547,13.853190508295851,0.4,1.771208048254982,-0.05065929517149925,17.488756752741743
81.29984712600708,12.699241998642375,13.853276300054837,0.4,1.7793051870538685,-0.05065929517149925,17.461572250478273
81.33357954025269,12.656334596589202,13.853362091813823,0.4,1.7793051870538685,-0.05381092056632042,17.434450959688927
81.36829042434692,12.613427194536031,13.853447883572809,0.4,1.7793051870538685,-0.05381092056632042,17.407393175830375
81.39979600906372,12.527594443254344,13.85034456252985,0.4,1.7746538557541962,-0.05108260363340378,17.350910731017567
81.43322515487671,12.484669094025831,13.847155449727904,0.4,1.7746538557541962,-0.05108260363340378,17.32147902774064
81.4667284488678,12.441743744797318,13.84396633692596,0.4,1.7746538557541962,-0.05108260363340378,17.292104375502447
81.49981260299683,12.398818395568803,13.840777224124013,0.4,1.7834482180891196,-0.009921086020767689,17.26278706554004
81.53321623802185,12.355893046340288,13.837588111322068,0.4,1.7834482180891196,-0.0074472506530582905,17.233527390501802
81.56681251525879,12.312967697111775,13.834398998520124,0.4,1.7834482180891196,-0.0074472506530582905,17.204325644449685
81.60036158561707,12.270042347883262,13.831209885718177,0.4,1.765427438194515,-0.007209639996290207,17.17518212286134
81.63853526115417,12.227116998654747,13.828020772916233,0.4,1.765427438194515,0.0038580114487558603,17.146097122632202
81.66641211509705,12.184191649426232,13.824831660114286,0.4,1.765427438194515,0.008241446688771248,17.1170709420774
81.69970798492432,12.08765619103688,13.820412902733686,0.4,1.7742182264080548,0.008570019155740738,17.054183787921833
81.73302412033081,12.03404608187604,13.819183258155032,0.4,1.7742182264080548,0.008570019155740738,17.020365043397668
81.76643776893616,11.9804359727152,13.817953613576377,0.4,1.7742182264080548,0.008570019155740738,16.986648252685722
81.79985880851746,11.926825863554361,13.81672396899772,0.4,1.7710237075829227,0.03174731880426407,16.953034024093988
81.83363342285156,11.873215754393522,13.815494324419067,0.4,1.7710237075829227,0.035177432000637054,16.91952296890684
81.86667084693909,11.819605645232683,13.814264679840411,0.4,1.7710237075829227,0.035177432000637054,16.886115701377385
81.89992094039917,11.765995536071843,13.813035035261757,0.4,1.7727311399891916,0.044680047780275345,16.852812838719284
81.93305802345276,11.712385426911002,13.811805390683102,0.4,1.7727311399891916,0.047979749739170074,16.81961500109795
81.9664397239685,11.658775317750163,13.810575746104446,0.4,1.7727311399891916,0.047979749739170074,16.786522811621147
81.99977779388428,11.605165208589323,13.809346101525792,0.4,1.7774778573284424,0.050510719418525696,16.753536896328935
82.03300189971924,11.551555099428484,13.808116456947136,0.4,1.7774778573284424,0.050510719418525696,16.720657884183055
82.0664291381836,11.497944990267644,13.806886812368482,0.4,1.7774778573284424,0.050510719418525696,16.687886407055597
82.099937915802,11.444334881106805,13.805657167789827,0.4,1.7865423878048965,0.06230168417096138,16.65522309971707
82.13505816459656,11.390724771945965,13.80442752321117,0.4,1.7865423878048965,0.06230168417096138,16.622668599823772
82.16854596138,11.337114662785126,13.803197878632517,0.4,1.7865423878048965,0.06230168417096138,16.59022354790451
82.19961476325989,11.238279932228112,13.800414162414581,0.4,1.7756022135600618,0.07281000167131424,16.530277093258622
82.2333402633667,11.193055310831937,13.798860090775303,0.4,1.7756022135600618,0.07254715263843536,16.50274348258119
82.26643800735474,11.14783068943576,13.797306019136023,0.4,1.7756022135600618,0.06586460769176483,16.475288145792153
82.29970073699951,11.102606068039586,13.795751947496745,0.4,1.784774648507356,0.06611748039722443,16.44791147486273
82.33302283287048,11.057381446643411,13.794197875857465,0.4,1.784774648507356,0.06821087747812271,16.420613863251305
82.36640453338623,11.012156825247237,13.792643804218185,0.4,1.784774648507356,0.06821087747812271,16.393395705896896
82.40046691894531,10.966932203851062,13.791089732578907,0.4,1.77479340353482,0.06707460433244705,16.36625739921241
82.4373893737793,10.921707582454886,13.789535660939627,0.4,1.77479340353482,0.06707460433244705,16.33919934107756
82.46998763084412,10.876482961058711,13.78798158930035,0.4,1.77479340353482,0.06707460433244705,16.312221930831555
82.49980449676514,10.77982441990492,13.781851592355935,0.4,1.7638811559863274,0.07018208503723145,16.25251510219856
82.53339719772339,10.728390500147304,13.777275667050802,0.4,1.7638811559863274,0.07071913033723831,16.219802655143504
82.56648850440979,10.676956580389687,13.772699741745667,0.4,1.7638811559863274,0.07071913033723831,16.187188822361843
82.59984183311462,10.625522660632072,13.768123816440532,0.4,1.7655325975183758,0.05966037139296532,16.1546742011153
82.63318490982056,10.574088740874455,13.7635478911354,0.4,1.7655325975183758,0.05741598829627037,16.12225939165948
82.6667320728302,10.52265482111684,13.758971965830264,0.4,1.7655325975183758,0.05741598829627037,16.089944997237012
82.69955444335938,10.471220901359223,13.75439604052513,0.4,1.7662425544429492,0.055744607001543045,16.057731624070087
82.73363304138184,10.419786981601607,13.749820115219997,0.4,1.7662425544429492,0.05451739579439163,16.025619881352387
82.76657056808472,10.36835306184399,13.745244189914862,0.4,1.7662425544429492,0.05451739579439163,15.993610381240414
82.80021047592163,10.316919142086375,13.74066826460973,0.4,1.7631170127988727,0.05451739579439163,15.961703738844221
82.8332769870758,10.265485222328758,13.736092339304594,0.4,1.7631170127988727,0.053084395825862885,15.929900572217454
82.86641144752502,10.214051302571143,13.73151641399946,0.4,1.7631170127988727,0.047154925763607025,15.898201502346813
82.90014958381653,10.162617382813526,13.726940488694327,0.4,1.77728418555985,0.04579029977321625,15.866607153140809
82.93318963050842,10.11118346305591,13.722364563389192,0.4,1.77728418555985,0.04579029977321625,15.83511815141787
82.9666633605957,10.059749543298294,13.717788638084057,0.4,1.77728418555985,0.04579029977321625,15.80373512689378
83.00013089179993,10.008315623540678,13.713212712778924,0.4,1.77728418555985,0.04579029977321625,15.772458712168408
83.03330111503601,9.911392435881455,13.701329003082131,0.4,1.7817815512995443,0.04579029977321625,15.711042687785469
83.0669493675232,9.865903167979848,13.694021218690473,0.4,1.7817815512995443,0.04579029977321625,15.680872857139121
83.1003167629242,9.82041390007824,13.686713434298815,0.4,1.7808346545818186,0.04579029977321625,15.650780496209173
83.13302302360535,9.774924632176633,13.679405649907157,0.4,1.7808346545818186,0.04579029977321625,15.620766052716313
83.16641235351562,9.729435364275027,13.672097865515498,0.4,1.7808346545818186,0.006744043901562691,15.590829976665166
83.20044207572937,9.68394609637342,13.66479008112384,0.4,1.7786422556164163,0.0065445671789348125,15.560972720343733
83.23304319381714,9.638456828471814,13.657482296732182,0.4,1.7786422556164163,0.0065445671789348125,15.531194738322498
83.26689791679382,9.592967560570205,13.650174512340524,0.4,1.7786422556164163,-0.007131739053875208,15.501496487453231
83.30185961723328,9.547478292668599,13.642866727948865,0.4,1.761689254281551,-0.011963559314608574,15.471878426867475
83.33329272270203,9.43979188762381,13.619961656084302,0.4,1.761689254281551,-0.015479780733585358,15.397256702226318
83.36665034294128,9.377594750480627,13.604364368611396,0.4,1.761689254281551,-0.015479780733585358,15.352307817119017
83.39997172355652,9.315397613337446,13.58876708113849,0.4,1.761689254281551,-0.015479780733585358,15.307495555687247
83.43331623077393,9.253200476194264,13.573169793665587,0.4,1.7625421074556056,-0.035962652415037155,15.262821121329
83.46673035621643,9.19100333905108,13.557572506192681,0.4,1.7625421074556056,-0.04001801833510399,15.218285727849869
83.49983620643616,9.1288062019079,13.541975218719775,0.4,1.7597114697180054,-0.04561436548829079,15.173890599505523
83.5333034992218,9.066609064764716,13.52637793124687,0.4,1.7597114697180054,-0.05256547033786774,15.129636971042489
83.56670999526978,9.004411927621534,13.510780643773964,0.4,1.7597114697180054,-0.05256547033786774,15.085526087737216
83.60001182556152,8.942214790478353,13.495183356301059,0.4,1.7597114697180054,-0.05256547033786774,15.041559205433293
83.63304162025452,8.88001765333517,13.479586068828153,0.4,1.780373226198497,-0.056502148509025574,14.997737590576808
83.66681408882141,8.817820516191988,13.46398878135525,0.4,1.780373226198497,-0.06706687062978745,14.954062520249703
83.70038199424744,8.755623379048806,13.448391493882344,0.4,1.780373226198497,-0.06706687062978745,14.9105352822011
83.73292374610901,8.693426241905623,13.432794206409438,0.4,1.767843515825577,-0.07194258272647858,14.867157174876484
83.76650214195251,8.595716098944974,13.421658638291518,0.4,1.767843515825577,-0.07194258272647858,14.811107208586513
83.80039858818054,8.560203093127507,13.426120357646504,0.4,1.7871987443427244,-0.07303883135318756,14.798360368900362
83.83310890197754,8.52469008731004,13.430582077001489,0.4,1.7871987443427244,-0.07248563319444656,14.785689183547781
83.86644530296326,8.489177081492572,13.435043796356474,0.4,1.7871987443427244,-0.07248563319444656,14.773093847199592
83.89983582496643,8.453664075675105,13.43950551571146,0.4,1.7871987443427244,-0.07248563319444656,14.760574554023792
83.93342447280884,8.41815106985764,13.443967235066445,0.4,1.7765937218532581,-0.07248563319444656,14.748131497673407
83.96728348731995,8.382638064040172,13.448428954421429,0.4,1.7765937218532581,-0.07311008125543594,14.735764871274304
84.00035786628723,8.347125058222705,13.452890673776414,0.4,1.7765937218532581,-0.07459567487239838,14.723474867412948
84.03338479995728,8.311612052405238,13.4573523931314,0.4,1.7695740368230066,-0.07459567487239838,14.711261678124119
84.06749415397644,8.27609904658777,13.461814112486385,0.4,1.7695740368230066,-0.07671604305505753,14.69912549487858
84.10015869140625,8.240586040770303,13.46627583184137,0.4,1.7668159832940058,-0.07444659620523453,14.687066508570702
84.13382077217102,8.13886754923378,13.466926586725425,0.4,1.7668159832940058,-0.07444828748703003,14.642093100964923
84.16666626930237,8.072662063514723,13.463115622254493,0.4,1.7668159832940058,-0.0739152804017067,14.609327809075124
84.19995760917664,8.006456577795669,13.459304657783562,0.4,1.7782602843005015,-0.023120960220694542,14.576790561309643
84.23297834396362,7.940251092076613,13.455493693312631,0.4,1.7782602843005015,-0.022425075992941856,14.544482888130982
84.26637864112854,7.874045606357557,13.4516827288417,0.4,1.7782602843005015,-0.022425075992941856,14.512406322783379
84.2997612953186,7.8078401206385015,13.447871764370769,0.4,1.7782602843005015,-0.022425075992941856,14.480562401079943
84.33328032493591,7.741634634919446,13.444060799899837,0.4,1.7782602843005015,-0.022425075992941856,14.448952661184691
84.36660814285278,7.67542914920039,13.440249835428906,0.4,1.7815705826625963,-0.01964978501200676,14.417578643389506
84.39970445632935,7.609223663481334,13.436438870957975,0.4,1.7978260985876895,-0.011798669584095478,14.386441889885951
84.4330906867981,7.543018177762279,13.432627906487044,0.4,1.7978260985876895,-0.011061486788094044,14.355543944531963
84.46675109863281,7.476812692043223,13.428816942016113,0.4,1.7978260985876895,-0.005564033519476652,14.324886352613424
84.49976992607117,7.410607206324167,13.425005977545181,0.4,1.7978260985876895,-0.005564033519476652,14.2944706606006
84.53317785263062,7.344401720605111,13.42119501307425,0.4,1.7978260985876895,-0.005564033519476652,14.264298415899441
84.5668876171112,7.233625280525788,13.417320151413701,0.4,1.8075673979052205,0.0018555507995188236,14.216660825552541
84.6000006198883,7.18905432616552,13.417256254224084,0.4,1.7934734721453374,0.007594992872327566,14.199068303844484
84.63322758674622,7.1444833718052525,13.417192357034466,0.4,1.7934734721453374,0.007594992872327566,14.181594039944619
84.66645455360413,7.099912417444984,13.417128459844848,0.4,1.7934734721453374,0.014630317687988281,14.164238471532993
84.70008778572083,7.055341463084717,13.41706456265523,0.4,1.7864367349403194,0.01798272132873535,14.147002035457149
84.73326873779297,7.010770508724449,13.417000665465615,0.4,1.7864367349403194,0.01798272132873535,14.129885167690253
84.76643204689026,6.966199554364181,13.416936768275997,0.4,1.7864367349403194,0.027110248804092407,14.112888303288884
84.79993009567261,6.921628600003913,13.41687287108638,0.4,1.7709161931231228,0.03288877382874489,14.096011876350495
84.83306789398193,6.877057645643645,13.416808973896762,0.4,1.7709161931231228,0.03400728851556778,14.079256319970566
84.86664414405823,6.78265162647875,13.422829648237581,0.4,1.7709161931231228,0.03400728851556778,14.049892911035386
84.90002107620239,6.732816561674122,13.428914219768018,0.4,1.7627535533165966,0.04724602401256561,14.037331774869308
84.93336987495422,6.682981496869495,13.434998791298455,0.4,1.7627535533165966,0.05348658189177513,14.024939109149038
84.9663953781128,6.6331464320648665,13.441083362828891,0.4,1.7627535533165966,0.03818256035447121,14.012715360853887
84.9997706413269,6.583311367260239,13.44716793435933,0.4,1.778015897566417,0.03818256035447121,14.000660972420993
85.03306722640991,6.533476302455611,13.453252505889767,0.4,1.778015897566417,0.044988781213760376,13.988776381671979
85.06669616699219,6.483641237650984,13.459337077420203,0.4,1.778015897566417,0.048308178782463074,13.977062021739934
85.10002994537354,6.433806172846356,13.46542164895064,0.4,1.785525464204631,0.051583778113126755,13.965518320996733
85.1331250667572,6.383971108041728,13.471506220481077,0.4,1.785525464204631,0.051583778113126755,13.95414570298073
85.16650295257568,6.3341360432371,13.477590792011513,0.4,1.785525464204631,0.051583778113126755,13.942944586324845
85.19974660873413,6.284300978432473,13.48367536354195,0.4,1.791908595847113,0.051583778113126755,13.931915384685073
85.23303985595703,6.234465913627845,13.489759935072387,0.4,1.791908595847113,0.051583778113126755,13.92105850666944
85.26639461517334,6.184630848823217,13.495844506602825,0.4,1.791908595847113,0.06280986219644547,13.910374355767429
85.29989171028137,6.134795784018589,13.501929078133262,0.4,1.7904832950137535,0.06280986219644547,13.899863330279913
85.33334279060364,6.084960719213962,13.508013649663699,0.4,1.7904832950137535,0.06280986219644547,13.889525823249613
85.36646866798401,6.035125654409335,13.514098221194136,0.4,1.7904832950137535,0.07012303918600082,13.879362222392105
85.39976382255554,5.937233896921194,13.521725486630972,0.4,1.7710603693916196,0.07008461654186249,13.855795752123049
85.43313598632812,5.889177204237682,13.523268180537372,0.4,1.7710603693916196,0.07008461654186249,13.842372288843146
85.46636819839478,5.841120511554171,13.524810874443771,0.4,1.7710603693916196,0.07135935127735138,13.829102967746914
85.49974393844604,5.7930638188706585,13.52635356835017,0.4,1.7692067395910371,0.07322857528924942,13.815988232963745
85.53331899642944,5.745007126187146,13.527896262256572,0.4,1.7692067395910371,0.07234372198581696,13.803028525127058
85.56660914421082,5.696950433503634,13.529438956162972,0.4,1.7692067395910371,0.07234372198581696,13.790224281308197
85.5997531414032,5.648893740820123,13.530981650069371,0.4,1.7603465862950307,0.06977728754281998,13.777575934950436
85.63303732872009,5.6008370481366105,13.532524343975771,0.4,1.7603465862950307,0.06921684741973877,13.765083915803089
85.66654109954834,5.50916151691383,13.532421625455655,0.4,1.7603465862950307,0.06887681782245636,13.73876733015242
85.6999180316925,5.465542678374562,13.530776213029139,0.4,1.76330870270565,0.06598521023988724,13.724910589833849
85.73328375816345,5.421923839835293,13.529130800602623,0.4,1.76330870270565,0.06569686532020569,13.711178806605885
85.76641011238098,5.378305001296026,13.527485388176109,0.4,1.76330870270565,0.06569686532020569,13.697572356276078
85.79987478256226,5.334686162756757,13.525839975749593,0.4,1.766520270032344,0.059237200766801834,13.68409161270977
85.83335518836975,5.291067324217488,13.524194563323077,0.4,1.766520270032344,0.059237200766801834,13.670736947786109
85.8666787147522,5.247448485678221,13.52254915089656,0.4,1.766520270032344,0.059237200766801834,13.657508731353966
85.8997232913971,5.203829647138952,13.520903738470045,0.4,1.7890225010235643,0.05693516507744789,13.644407331187768
85.93298840522766,5.160210808599683,13.519258326043529,0.4,1.7890225010235643,0.05622103065252304,13.631433112943274
85.96658658981323,5.116591970060416,13.517612913617013,0.4,1.7890225010235643,0.05622103065252304,13.618586440113281
85.99995446205139,5.072973131521147,13.515967501190499,0.4,1.7729406521994633,0.04898988828063011,13.60586767398329
86.03332138061523,5.029354292981879,13.514322088763983,0.4,1.7729406521994633,0.045959167182445526,13.593277173587124
86.06673622131348,4.985735454442611,13.512676676337467,0.4,1.7729406521994633,0.045959167182445526,13.580815295662521
86.09971356391907,4.942116615903342,13.51103126391095,0.4,1.7726261219690822,0.044796787202358246,13.568482394606722
86.13324546813965,4.898497777364074,13.509385851484435,0.4,1.7726261219690822,0.044796787202358246,13.556278822432034
86.16650176048279,4.854878938824806,13.507740439057919,0.4,1.7726261219690822,0.044796787202358246,13.544204928721399
86.20111131668091,4.811260100285537,13.506095026631403,0.4,1.7551880039259813,0.031690243631601334,13.532261060583998
86.23499512672424,4.767641261746269,13.504449614204889,0.4,1.7551880039259813,0.031690243631601334,13.520447562610864
86.26677894592285,4.724022423207001,13.502804201778373,0.4,1.7551880039259813,0.031690243631601334,13.508764776830532
86.30007290840149,4.680403584667733,13.501158789351857,0.4,1.7479970557436908,0.01891002058982849,13.497213042664754
86.33306002616882,4.591841502063358,13.4936346794703,0.4,1.7479970557436908,0.015617061406373978,13.470082957675775
86.36661720275879,4.546898257998251,13.487755982015262,0.4,1.7479970557436908,0.008533384650945663,13.454507572502958
86.39991068840027,4.501955013933144,13.481877284560221,0.4,1.7492560388014635,0.0009398930706083775,13.439067008500002
86.43307971954346,4.457011769868038,13.475998587105181,0.4,1.7492560388014635,-0.0030226886738091707,13.42376173089752
86.46665453910828,4.4120685258029315,13.470119889650142,0.4,1.7492560388014635,-0.0030226886738091707,13.40859220296471
86.49967908859253,4.367125281737825,13.464241192195102,0.4,1.7536215741944925,-0.0066187214106321335,13.393558885951299
86.5332727432251,4.322182037672718,13.458362494740063,0.4,1.7536215741944925,-0.0066187214106321335,13.378662239029197
86.56655383110046,4.277238793607611,13.452483797285023,0.4,1.7536215741944925,-0.0066187214106321335,13.363902719233932
86.59962821006775,4.2322955495425045,13.446605099829982,0.4,1.7576791634674005,-0.022461898624897003,13.349280781405875
86.63325929641724,4.187352305477398,13.440726402374944,0.4,1.7576791634674005,-0.022461898624897003,13.33479687813122
86.6667275428772,4.142409061412291,13.434847704919903,0.4,1.7576791634674005,-0.022461898624897003,13.320451459682804
86.70031356811523,4.097465817347185,13.428969007464863,0.4,1.7769980659885223,-0.03402906283736229,13.306244973960727
86.73326969146729,4.052522573282078,13.423090310009824,0.4,1.7769980659885223,-0.037024278193712234,13.292177866432805
86.76640844345093,4.007579329216972,13.417211612554784,0.4,1.7769980659885223,-0.037024278193712234,13.278250580074884
86.80112099647522,3.962636085151865,13.411332915099745,0.4,1.7811914654750818,-0.03944459930062294,13.264463555310991
86.8335313796997,3.917692841086758,13.405454217644705,0.4,1.7811914654750818,-0.03944459930062294,13.250817229953395
86.86727595329285,3.8727495970216514,13.399575520189664,0.4,1.7811914654750818,-0.03944459930062294,13.237312039142527
86.89978671073914,3.827806352956545,13.393696822734626,0.4,1.7635091984725828,-0.03944459930062294,13.223948415286845
86.93314337730408,3.7220144471023797,13.378964403270135,0.4,1.7635091984725828,-0.04956326633691788,13.192169905108186
86.96638941764832,3.661165785313321,13.370110681260684,0.4,1.7635091984725828,-0.04956326633691788,13.173873888849293
86.99964570999146,3.6003171235242624,13.361256959251234,0.4,1.7542895816834256,-0.05366265028715134,13.15583982759893
87.03301048278809,3.5394684617352037,13.352403237241782,0.4,1.7542895816834256,-0.05275388062000275,13.138068800080212
87.06648373603821,3.478619799946145,13.343549515232333,0.4,1.7542895816834256,-0.05275388062000275,13.120561875084233
87.09971570968628,3.4177711381570863,13.334695793222881,0.4,1.743417670760346,-0.05513186380267143,13.103320111187719
87.13350200653076,3.3569224763680277,13.325842071213431,0.4,1.743417670760346,-0.05513186380267143,13.086344556470653
87.16652297973633,3.2960738145789694,13.31698834920398,0.4,1.743417670760346,-0.05513186380267143,13.069636248233975
87.19993090629578,3.2352251527899103,13.30813462719453,0.4,1.743417670760346,-0.05513186380267143,13.053196212717548
87.23360776901245,3.174376491000852,13.299280905185078,0.4,1.7437158616686597,-0.057933054864406586,13.037025464818493
87.26658868789673,3.1135278292117934,13.290427183175629,0.4,1.7437158616686597,-0.06167604401707649,13.021125007810115
87.30012488365173,3.0526791674227347,13.281573461166177,0.4,1.7516874971422798,-0.06102481856942177,13.005495833061492
87.33487391471863,2.991830505633676,13.272719739156727,0.4,1.7516874971422798,-0.06102481856942177,12.990138919758005
87.36731290817261,2.9309818438446174,13.263866017147276,0.4,1.7516874971422798,-0.06102481856942177,12.97505523462283
87.39978885650635,2.8210247677911355,13.251839454804696,0.4,1.7516874971422798,-0.06102481856942177,12.95244974496728
87.43314218521118,2.771916353526712,13.248666614471563,0.4,1.7660948394492024,-0.06406202912330627,12.94483614318295
87.46669888496399,2.722807939262289,13.245493774138433,0.4,1.7660948394492024,-0.05240330472588539,12.937405248284644
87.49973630905151,2.6736995249978652,13.242320933805301,0.4,1.750677066350585,-0.052850015461444855,12.930157375274483
87.53337168693542,2.624591110733442,13.23914809347217,0.4,1.750677066350585,-0.0521528422832489,12.9230928320941
87.56672859191895,2.575482696469019,13.23597525313904,0.4,1.750677066350585,-0.0521528422832489,12.916211919561146
87.60011744499207,2.5263742822045954,13.232802412805908,0.4,1.753528631903119,-0.051634736359119415,12.909514931307045
87.63342213630676,2.4772658679401722,13.229629572472778,0.4,1.753528631903119,-0.05031554028391838,12.903002153716027
87.66676378250122,2.428157453675749,13.226456732139646,0.4,1.753528631903119,-0.05031554028391838,12.896673865865415
87.69985008239746,2.3790490394113255,13.223283891806515,0.4,1.753528631903119,-0.05031554028391838,12.890530339467272
87.732919216156,2.3299406251469024,13.220111051473385,0.4,1.732624500923694,-0.04838796332478523,12.884571838811377
87.76642322540283,2.280832210882479,13.216938211140253,0.4,1.732624500923694,-0.04838796332478523,12.878798620709572
87.79989266395569,2.2317237966180556,13.213765370807122,0.4,1.733501014741004,-0.04774143174290657,12.873210934441536
87.83306336402893,2.1826153823536325,13.210592530473992,0.4,1.733501014741004,-0.046833883970975876,12.867809021701953
87.86744165420532,2.133506968089209,13.20741969014086,0.4,1.733501014741004,-0.046674951910972595,12.862593116549158
87.90250158309937,2.084398553824786,13.20424684980773,0.4,1.7336390041552583,-0.04516294226050377,12.857563445355277
87.93309617042542,2.035290139560362,13.201074009474597,0.4,1.7336390041552583,-0.04413348808884621,12.852679607191448
87.96663689613342,1.9416220592688231,13.206821843860705,0.4,1.7336390041552583,-0.04413348808884621,12.855335978367096
87.99992609024048,1.897062393241707,13.215742518579942,0.4,1.7336390041552583,-0.04413348808884621,12.863024167648195
88.03320598602295,1.852502727214591,13.224663193299179,0.4,1.7415611894061365,-0.03193721920251846,12.870868216357875
88.06650638580322,1.807943061187475,13.233583868018417,0.4,1.7415611894061365,-0.03193721920251846,12.878867839711262
88.0999276638031,1.763383395160359,13.242504542737656,0.4,1.7529779834186399,-0.026759782806038857,12.88702274798933
88.1331741809845,1.718823729133243,13.251425217456893,0.4,1.7529779834186399,-0.026243578642606735,12.89533264658914
88.1664650440216,1.674264063106127,13.26034589217613,0.4,1.7529779834186399,-0.026243578642606735,12.903797236074684
88.19992208480835,1.629704397079011,13.269266566895368,0.4,1.7529779834186399,-0.026243578642606735,12.912391170756345
88.23318982124329,1.585144731051895,13.278187241614607,0.4,1.7645901213678543,-0.02109098806977272,12.920968954065769
88.26660490036011,1.540585065024779,13.287107916333843,0.4,1.7645901213678543,-0.019677849486470222,12.929700768454937
88.29995775222778,1.4960253989976628,13.29602859105308,0.4,1.772986180822143,-0.019677849486470222,12.938586302072757
88.33310174942017,1.451465732970547,13.304949265772319,0.4,1.772986180822143,-0.01252256240695715,12.947625238441727
88.36652421951294,1.406906066943431,13.313869940491557,0.4,1.772986180822143,-0.00936292577534914,12.956817256511314
88.40124702453613,1.3623464009163149,13.322790615210794,0.4,1.772144495015109,-0.008563627488911152,12.966162030711837
88.43513131141663,1.317786734889199,13.33171128993003,0.4,1.772144495015109,-0.008563627488911152,12.975659231008844
88.46913743019104,1.273227068862083,13.340631964649269,0.4,1.772144495015109,-0.008563627488911152,12.985308522957958
88.50213861465454,1.228667402834967,13.349552639368508,0.4,1.772144495015109,-0.008563627488911152,12.99510956776017
88.53501725196838,1.1841077368078508,13.358473314087744,0.4,1.772144495015109,0.0005387655110098422,13.00487592690872
88.56654119491577,1.139548070780735,13.367393988806981,0.4,1.7651851466801203,0.007642954587936401,13.014789725319467
88.5997622013092,1.0258102848192825,13.392007434596808,0.4,1.758749374312129,0.007642954587936401,13.042620942160774
88.6332995891571,0.9566321648849462,13.407700205667396,0.4,1.758749374312129,0.047875795513391495,13.060748456104818
88.66655826568604,0.8874540449506098,13.423392976737986,0.4,1.758749374312129,0.047875795513391495,13.07923557311669
88.6998016834259,0.8182759250162734,13.439085747808575,0.4,1.758749374312129,0.047875795513391495,13.098067349260653
88.73329401016235,0.749097805081937,13.454778518879163,0.4,1.7557071571211738,0.05429086461663246,13.116982883915076
88.76639819145203,0.6799196851476006,13.470471289949751,0.4,1.7557071571211738,0.08140609413385391,13.136254238509443
88.7998411655426,0.6107415652132642,13.48616406102034,0.4,1.7557071571211738,0.08140609413385391,13.155879849378243
88.83310008049011,0.5415634452789279,13.501856832090928,0.4,1.7557071571211738,0.08140609413385391,13.175858133513685
88.86635255813599,0.47238532534459143,13.517549603161516,0.4,1.7707256450921804,0.08639264106750488,13.196187489133521
88.89968657493591,0.4032072054102551,13.533242374232106,0.4,1.7797623548375725,0.118627168238163,13.216808831839119
88.93325448036194,0.3340290854759187,13.548935145302694,0.4,1.7797623548375725,0.118627168238163,13.237557658597348
88.96644234657288,0.2144327751323556,13.567278183534539,0.4,1.7797623548375725,0.12291587889194489,13.265491237486273
88.99972486495972,0.16401458472312896,13.569928450695793,0.4,1.7758229377952206,0.14098595082759857,13.272517470195673
89.0333137512207,0.11359639431390234,13.572578717857049,0.4,1.7758229377952206,0.14098595082759857,13.279731934687312
89.06666970252991,0.06317820390467571,13.575228985018303,0.4,1.7758229377952206,0.14126399159431458,13.287134324350717
89.10001993179321,0.012760013495449085,13.577879252179558,0.4,1.7754229489143094,0.14126399159431458,13.294690651102293
89.13302111625671,-0.03765817691377754,13.580529519340814,0.4,1.7754229489143094,0.14868314564228058,13.302266899941126
89.16651201248169,-0.08807636732300417,13.583179786502068,0.4,1.7754229489143094,0.152488112449646,13.310030348639788
89.19976472854614,-0.1384945577322308,13.585830053663324,0.4,1.7642428274644768,0.16530142724514008,13.317980669825117
89.23304176330566,-0.18891274814145742,13.588480320824578,0.4,1.7642428274644768,0.16530142724514008,13.326117529034441
89.26635551452637,-0.23933093855068405,13.591130587985834,0.4,1.7642428274644768,0.16530142724514008,13.334440584783561
89.29985857009888,-0.2897491289599106,13.593780855147088,0.4,1.7616774080087962,0.18178127706050873,13.342949488635831
89.3331389427185,-0.3401673193691373,13.596431122308344,0.4,1.7616774080087962,0.18178127706050873,13.351643885272397
89.36649918556213,-0.390585509778364,13.5990813894696,0.4,1.7616774080087962,0.18505924940109253,13.360423050922387
89.3999011516571,-0.44100370018759055,13.601731656630854,0.4,1.7533396071196667,0.18505924940109253,13.369290225207315
89.43324518203735,-0.4914218905968171,13.60438192379211,0.4,1.7533396071196667,0.18505924940109253,13.37834205676136
89.46707439422607,-0.5418400810060438,13.607032190953364,0.4,1.7533396071196667,0.1969989687204361,13.387578171023913
89.49995470046997,-0.6358547338936884,13.587846637669294,0.4,1.7583934229730922,0.20325647294521332,13.381401315543979
89.53325343132019,-0.6794511963721062,13.566010817223969,0.4,1.7583934229730922,0.20325647294521332,13.365964118833778
89.56652760505676,-0.723047658850524,13.544174996778644,0.4,1.7583934229730922,0.2045050859451294,13.350687150609597
89.59976410865784,-0.7666441213289419,13.522339176333318,0.4,1.7666783346200932,0.2070307731628418,13.335419211127132
89.63303923606873,-0.8102405838073597,13.500503355887991,0.4,1.7666783346200932,0.17166657745838165,13.32028154145502
89.66645574569702,-0.8538370462857776,13.478667535442666,0.4,1.7666783346200932,0.17166657745838165,13.305305335088951
89.70065927505493,-0.8974335087641954,13.45683171499734,0.4,1.7734603463784187,0.17622296512126923,13.290491137857018
89.73327922821045,-0.9410299712426132,13.434995894552015,0.4,1.7734603463784187,0.17456115782260895,13.275839492105789
89.76672506332397,-0.9846264337210311,13.41316007410669,0.4,1.7734603463784187,0.17809166014194489,13.26135093661448
89.79993414878845,-1.0282228961994488,13.391324253661365,0.4,1.776796867051158,0.17809166014194489,13.247026006509012
89.8331573009491,-1.0718193586778666,13.36948843321604,0.4,1.776796867051158,0.17152300477027893,13.23282854359303
89.86631941795349,-1.1154158211562846,13.347652612770714,0.4,1.776796867051158,0.17152300477027893,13.218648552006933
89.89971494674683,-1.1590122836347025,13.325816792325389,0.4,1.7789391412453188,0.17211991548538208,13.204633381052648
89.93331480026245,-1.2026087461131203,13.303980971880062,0.4,1.7789391412453188,0.17211991548538208,13.190783556094573
89.966726064682,-1.246205208591538,13.282145151434737,0.4,1.7789391412453188,0.17211991548538208,13.177099598494749
90.00000858306885,-1.2898016710699558,13.260309330989411,0.4,1.7632424227742451,0.16883225739002228,13.163582025526194
90.03560328483582,-1.3333981335483738,13.238473510544086,0.4,1.7632424227742451,0.16286031901836395,13.15023135028629
90.06642842292786,-1.4026898959401113,13.171927752510092,0.4,1.7632424227742451,0.16286031901836395,13.097987814836827
90.09978985786438,-1.428385195853431,13.127217814921423,0.4,1.7667240952322751,0.16062068939208984,13.059011418440067
90.13301706314087,-1.4540804957667508,13.082507877332754,0.4,1.7667240952322751,0.15683314204216003,13.020122584299878
90.16650533676147,-1.4797757956800706,13.037797939744085,0.4,1.7667240952322751,0.15683314204216003,12.981322099360955
90.19974875450134,-1.5054710955933903,12.993088002155417,0.4,1.7710710535769363,0.12242577970027924,12.942610758206094
90.23306512832642,-1.53116639550671,12.948378064566748,0.4,1.7710710535769363,0.12242577970027924,12.903989363116382
90.26643824577332,-1.5568616954200296,12.90366812697808,0.4,1.7710710535769363,0.12242577970027924,12.865458724131177
90.29975199699402,-1.5825569953333494,12.85895818938941,0.4,1.7862998674486243,0.10386184602975845,12.827019659107835
90.33330821990967,-1.6082522952466691,12.814248251800741,0.4,1.7862998674486243,0.10386184602975845,12.788672993781192
90.36664915084839,-1.6339475951599889,12.769538314212072,0.4,1.7862998674486243,0.10386184602975845,12.750325946430614
90.39997601509094,-1.6596428950733086,12.724828376623403,0.4,1.7920465123212566,0.08577150106430054,12.712026817812824
90.43315839767456,-1.6853381949866284,12.680118439034734,0.4,1.7920465123212566,0.08577150106430054,12.673821773532904
90.46665596961975,-1.7110334948999482,12.635408501446065,0.4,1.7920465123212566,0.08577150106430054,12.635711667004541
90.50002145767212,-1.736728794813268,12.590698563857398,0.4,1.7962373920853258,0.08091309666633606,12.597697359834706
90.53316473960876,-1.7624240947265877,12.545988626268729,0.4,1.7962373920853258,0.08091309666633606,12.559779721882528
90.56651377677917,-1.7881193946399074,12.50127868868006,0.4,1.7962373920853258,0.08091309666633606,12.52195963131771
90.59965562820435,-1.8203158970764306,12.404145036237072,0.4,1.7867914828035145,0.0557292215526104,12.434691619949753
90.63324475288391,-1.826817099599634,12.351721321382755,0.4,1.7867914828035145,0.0557292215526104,12.385133384951208
90.66665530204773,-1.8333183021228374,12.299297606528436,0.4,1.7867914828035145,0.0557292215526104,12.335565563070086
90.69972586631775,-1.8398195046460408,12.246873891674117,0.4,1.793851922128249,0.034321486949920654,12.2860248893446
90.7333071231842,-1.8463207071692442,12.1944501768198,0.4,1.793851922128249,0.0352751687169075,12.236511693510375
90.76659870147705,-1.8528219096924476,12.14202646196548,0.4,1.793851922128249,0.0352751687169075,12.18702631047722
90.79999208450317,-1.859323112215651,12.089602747111162,0.4,1.7895334909364649,0.020889844745397568,12.137569080427046
90.83323764801025,-1.8658243147388545,12.037179032256844,0.4,1.7895334909364649,0.020889844745397568,12.08814034891389
90.86663222312927,-1.8723255172620576,11.984755317402525,0.4,1.7895334909364649,0.020889844745397568,12.038740466966141
90.89989805221558,-1.878826719785261,11.932331602548206,0.4,1.7869901980371588,0.01640789955854416,11.989369791190988
90.9331123828888,-1.8853279223084645,11.87990788769389,0.4,1.7869901980371588,0.01640789955854416,11.940028683881152
90.96664452552795,-1.8918291248316679,11.82748417283957,0.4,1.7869901980371588,0.01640789955854416,11.890717513123969
90.99997806549072,-1.8983303273548713,11.775060457985253,0.4,1.7918528038966344,-0.0024431198835372925,11.841436652912863
91.03316330909729,-1.9048315298780747,11.722636743130934,0.4,1.7918528038966344,-0.004379072692245245,11.79218648326128
91.06649899482727,-1.911332732401278,11.670213028276615,0.4,1.7918528038966344,-0.004379072692245245,11.742967390319139
91.09973669052124,-1.9178339349244815,11.617789313422298,0.4,1.7985009292462342,-0.01731392927467823,11.693760203478325
91.13298296928406,-1.9309778284850005,11.534362744458237,0.4,1.7985009292462342,-0.023576391860842705,11.616105221092525
91.1665723323822,-1.9376205195223162,11.503359890348495,0.4,1.7985009292462342,-0.023576391860842705,11.587707023113643
91.19967460632324,-1.9442632105596318,11.472357036238751,0.4,1.7921843312786254,-0.023576391860842705,11.559326027245524
91.23327112197876,-1.9509059015969474,11.44135418212901,0.4,1.7921843312786254,-0.03896240517497063,11.530962360506113
91.2666244506836,-1.957548592634263,11.410351328019267,0.4,1.7921843312786254,-0.03896240517497063,11.502616151088237
91.29999947547913,-1.9641912836715787,11.379348473909525,0.4,1.8002569853234707,-0.03896240517497063,11.474287528372189
91.333172082901,-1.9708339747088943,11.348345619799783,0.4,1.8002569853234707,-0.04116774722933769,11.44597662293845
91.36642098426819,-1.97747666574621,11.317342765690041,0.4,1.8002569853234707,-0.047019798308610916,11.417683566580557
91.39982604980469,-1.9841193567835256,11.2863399115803,0.4,1.7964520524549477,-0.04654726758599281,11.389408492318127
91.43424272537231,-1.9907620478208412,11.255337057470555,0.4,1.7964520524549477,-0.04654726758599281,11.361151534410022
91.46663236618042,-1.9974047388581568,11.224334203360813,0.4,1.7964520524549477,-0.04654726758599281,11.332912828367668
91.49977445602417,-2.0057948193158093,11.134278747942187,0.4,1.7964520524549477,-0.04654726758599281,11.248136201873361
91.53334140777588,-2.007542208736146,11.075226146633304,0.4,1.7735321818003806,-0.04828256368637085,11.191605952249322
91.56651496887207,-2.009289598156483,11.016173545324419,0.4,1.7735321818003806,-0.04828256368637085,11.135078043279274
91.59978294372559,-2.0110369875768197,10.957120944015534,0.4,1.7735321818003806,-0.04828256368637085,11.07852249229943
91.63305234909058,-2.0127843769971565,10.898068342706651,0.4,1.78058693218979,-0.001910706516355276,11.02199340958934
91.66639757156372,-2.0145317664174933,10.839015741397766,0.4,1.78058693218979,0.001958567649126053,10.965491204495105
91.69983959197998,-2.01627915583783,10.779963140088881,0.4,1.7862365858319542,0.001958567649126053,10.90901629464685
91.73324823379517,-2.018026545258167,10.720910538779998,0.4,1.7862365858319542,0.004665988963097334,10.85256910616393
91.76677536964417,-2.0197739346785037,10.661857937471114,0.4,1.7862365858319542,0.004665988963097334,10.796150073866112
91.8001024723053,-2.0215213240988406,10.602805336162229,0.4,1.7862365858319542,0.004665988963097334,10.739759641490913
91.83317255973816,-2.0232687135191774,10.543752734853346,0.4,1.7902583020029172,0.010007457807660103,10.683398261917276
91.86663699150085,-2.025016102939514,10.484700133544461,0.4,1.7902583020029172,0.014647346921265125,10.627066397395819
91.89975571632385,-2.026763492359851,10.425647532235576,0.4,1.7937634817954444,0.014911052770912647,10.570764519785875
91.93328332901001,-2.028510881780188,10.366594930926693,0.4,1.7937634817954444,0.01694253273308277,10.51449311079953
91.96664929389954,-2.0326860196828216,10.264020864564705,0.4,1.7937634817954444,0.016956420615315437,10.417066120844922
91.99973154067993,-2.035113768165118,10.220499399511603,0.4,1.7904989692200826,0.023394932970404625,10.375906456735109
92.0329749584198,-2.037541516647415,10.176977934458499,0.4,1.7904989692200826,0.02606271021068096,10.334766715100331
92.06655645370483,-2.039969265129712,10.133456469405395,0.4,1.7904989692200826,0.029251091182231903,10.293647134807962
92.09980368614197,-2.0423970136120086,10.089935004352292,0.4,1.7829544759345597,0.029342960566282272,10.25254795843944
92.13306784629822,-2.0448247620943056,10.04641353929919,0.4,1.7829544759345597,0.029342960566282272,10.211469432360236
92.16641545295715,-2.0472525105766026,10.002892074246086,0.4,1.7829544759345597,0.03555808588862419,10.170411806791323
92.19983839988708,-2.0496802590588996,9.959370609192982,0.4,1.7868614612596732,0.037804681807756424,10.129375335882234
92.23360443115234,-2.052108007541196,9.91584914413988,0.4,1.7868614612596732,0.040637604892253876,10.088360277785702
92.26663446426392,-2.0619464591324617,9.828523543530038,0.4,1.7868614612596732,0.040637604892253876,10.007566864118594
92.29973125457764,-2.06935716224143,9.7847194079733,0.4,1.7868614612596732,0.040637604892253876,9.967805927275984
92.3332462310791,-2.0767678653503987,9.740915272416562,0.4,1.777954731129625,0.040637604892253876,9.928003900913787
92.36665225028992,-2.084178568459367,9.697111136859824,0.4,1.777954731129625,0.05296960473060608,9.888221299791912
92.39998269081116,-2.0915892715683353,9.653307001303085,0.4,1.7751536681155502,0.05296960473060608,9.84847840696127
92.43331837654114,-2.098999974677304,9.609502865746348,0.4,1.7751536681155502,0.05796460062265396,9.80877570508834
92.46666097640991,-2.1064106777862723,9.56569873018961,0.4,1.7751536681155502,0.05796460062265396,9.769113684193924
92.49997997283936,-2.113821380895241,9.52189459463287,0.4,1.7751536681155502,0.05796460062265396,9.729492841782841
92.53294134140015,-2.1212320840042094,9.478090459076133,0.4,1.779883890424681,0.05796460062265396,9.68991368297608
92.56650805473328,-2.128642787113178,9.434286323519395,0.4,1.779883890424681,0.0633661299943924,9.65037672064544
92.59996247291565,-2.1360534902221464,9.390482187962657,0.4,1.7826904847265237,0.07481654733419418,9.610851577209905
92.63327932357788,-2.143464193331115,9.346678052405919,0.4,1.7826904847265237,0.07784517854452133,9.571293776460314
92.666668176651,-2.1508748964400835,9.30287391684918,0.4,1.7826904847265237,0.07784517854452133,9.531778874537672
92.7006311416626,-2.158285599549052,9.259069781292443,0.4,1.780826758569875,0.08670371025800705,9.492307407184107
92.7332866191864,-2.16569630265802,9.215265645735704,0.4,1.780826758569875,0.08845912665128708,9.452879918496095
92.76668787002563,-2.1731070057669886,9.171461510178966,0.4,1.780826758569875,0.09102165699005127,9.413496961074356
92.80203700065613,-2.180517708875957,9.127657374622228,0.4,1.7854865067357333,0.09102165699005127,9.374159096176593
92.83338975906372,-2.1879284119849256,9.08385323906549,0.4,1.7854865067357333,0.09343821555376053,9.334866893873182
92.86666440963745,-2.1909306297501114,8.979947415900725,0.4,1.7854865067357333,0.09343821555376053,9.237038100416841
92.899729013443,-2.1865221444063287,8.919845728292698,0.4,1.7854865067357333,0.09343821555376053,9.178574609479456
92.93310332298279,-2.182113659062546,8.859744040684669,0.4,1.7854865067357333,0.09343821555376053,9.120134546715974
92.96651029586792,-2.1777051737187634,8.799642353076642,0.4,1.7832900983249111,0.1264037787914276,9.061718365399368
92.99983406066895,-2.1732966883749807,8.739540665468615,0.4,1.7743987463518267,0.12499380856752396,9.003326530378809
93.03310370445251,-2.168888203031198,8.679438977860588,0.4,1.7743987463518267,0.1256164312362671,8.944959518445144
93.0666081905365,-2.1644797176874153,8.619337290252561,0.4,1.7743987463518267,0.1256164312362671,8.886617818710025
93.09978175163269,-2.1600712323436326,8.559235602644533,0.4,1.7698763338270016,0.12613238394260406,8.828288196184399
93.13305997848511,-2.15566274699985,8.499133915036506,0.4,1.7698763338270016,0.12613238394260406,8.76991212825114
93.16659808158875,-2.1512542616560673,8.439032227428479,0.4,1.7698763338270016,0.12126251310110092,8.71156175979926
93.20038509368896,-2.1468457763122846,8.378930539820452,0.4,1.78016781387588,0.12126251310110092,8.653237610717726
93.2334623336792,-2.142437290968502,8.318828852212425,0.4,1.78016781387588,0.12126251310110092,8.594940214770292
93.26637387275696,-2.138028805624719,8.258727164604396,0.4,1.78016781387588,0.11593228578567505,8.536670120052905
93.29981637001038,-2.1336203202809365,8.19862547699637,0.4,1.7797231409133296,0.11288357526063919,8.478427889468971
93.33309960365295,-2.110940757180881,8.093582171032203,0.4,1.7797231409133296,0.11103769391775131,8.371762482881715
93.36642408370972,-2.092669679424608,8.048640552676066,0.4,1.7797231409133296,0.11103769391775131,8.323311588053048
93.39972114562988,-2.074398601668335,8.003698934319926,0.4,1.7902720208434286,0.0935085117816925,8.274861429446183
93.43339347839355,-2.056127523912062,7.958757315963788,0.4,1.7902720208434286,0.0935085117816925,8.22641202006925
93.46637153625488,-2.0378564461557893,7.9138156976076495,0.4,1.7902720208434286,0.08198880404233932,8.177963373238425
93.49971723556519,-2.0195853683995164,7.868874079251511,0.4,1.7930813744322116,0.08198880404233932,8.129515502587116
93.53329348564148,-2.001314290643243,7.823932460895373,0.4,1.7930813744322116,0.07062964141368866,8.08106842207545
93.56656622886658,-1.9830432128869704,7.778990842539234,0.4,1.7930813744322116,0.06697804480791092,8.032622146000113
93.59983348846436,-1.9647721351306973,7.734049224183096,0.4,1.7887050833004163,0.06458579003810883,7.984176689004546
93.63302683830261,-1.9465010573744244,7.6891076058269565,0.4,1.7887050833004163,0.06458579003810883,7.935732066089518
93.66668677330017,-1.9282299796181515,7.644165987470818,0.4,1.7887050833004163,0.050833895802497864,7.887288292624082
93.69976735115051,-1.9099589018618786,7.59922436911468,0.4,1.7835976990830549,0.04505769908428192,7.83884538435694
93.73329496383667,-1.8916878241056057,7.554282750758541,0.4,1.7835976990830549,0.04257535934448242,7.790403357428228
93.76668214797974,-1.8734167463493328,7.509341132402403,0.4,1.7835976990830549,0.04257535934448242,7.741962228381741
93.79991173744202,-1.8551456685930598,7.464399514046264,0.4,1.7790829804038808,0.02813180908560753,7.69352201417763
93.8332588672638,-1.8368745908367867,7.419457895690125,0.4,1.7790829804038808,0.02309887297451496,7.64508273220557
93.86910605430603,-1.8186035130805138,7.374516277333987,0.4,1.7790829804038808,0.02309887297451496,7.596644400298426
93.9004065990448,-1.77377126820932,7.289929347371819,0.4,1.7818362691144265,0.020205704495310783,7.502105871618868
93.93300580978394,-1.7472101010943994,7.250284035765791,0.4,1.7818362691144265,0.020205704495310783,7.456025083181356
93.96666121482849,-1.7206489339794788,7.210638724159762,0.4,1.7818362691144265,-0.0016608291771262884,7.409965051587117
93.9997775554657,-1.694087766864558,7.170993412553733,0.4,1.7890329431620646,-0.015328088775277138,7.3639261663271105
94.03302025794983,-1.6675265997496371,7.131348100947704,0.4,1.7890329431620646,-0.015328088775277138,7.317859924302417
94.06676959991455,-1.6409654326347165,7.091702789341675,0.4,1.7890329431620646,-0.022961817681789398,7.27177793656279
94.09980988502502,-1.6144042655197959,7.052057477735646,0.4,1.7947165108665142,-0.02452307753264904,7.225717219647687
94.133056640625,-1.587843098404875,7.012412166129617,0.4,1.7947165108665142,-0.026497285813093185,7.179678182941524
94.16655778884888,-1.5612819312899542,6.972766854523589,0.4,1.7947165108665142,-0.026497285813093185,7.133661246201813
94.19986891746521,-1.512217243928232,6.894290085939965,0.4,1.79087543869445,-0.026497285813093185,7.0437373364999845
94.23315525054932,-1.4897137236814306,6.85545862896237,0.4,1.79087543869445,-0.021105485036969185,6.999819903324541
94.26641035079956,-1.467210203434629,6.816627171984775,0.4,1.79087543869445,-0.021105485036969185,6.955914768979124
94.29970264434814,-1.4447066831878275,6.777795715007181,0.4,1.7913395323781593,-0.015232609584927559,6.912022167830078
94.33331656455994,-1.422203162941026,6.738964258029586,0.4,1.7913395323781593,-0.015232609584927559,6.8681396343516985
94.36645889282227,-1.3996996426942245,6.700132801051991,0.4,1.7913395323781593,-0.015232609584927559,6.824204254262767
94.39977955818176,-1.377196122447423,6.6613013440743964,0.4,1.7808071600610453,0.010491094551980495,6.780281259047623
94.43327474594116,-1.3546926022006214,6.622469887096802,0.4,1.7808071600610453,0.010521204210817814,6.736370890964644
94.46653151512146,-1.3321890819538198,6.5836384301192075,0.4,1.7808071600610453,0.010521204210817814,6.692473398559621
94.49998569488525,-1.3096855617070184,6.544806973141612,0.4,1.780093143076303,0.03307556360960007,6.648589036868615
94.53320789337158,-1.2871820414602169,6.505975516164018,0.4,1.780093143076303,0.03307556360960007,6.604718067628618
94.56656503677368,-1.2646785212134153,6.467144059186423,0.4,1.780093143076303,0.03307556360960007,6.560860759496371
94.59984707832336,-1.242175000966614,6.428312602208829,0.4,1.7661311873691679,0.045394692569971085,6.517017388275689
94.63329815864563,-1.2196714807198124,6.389481145231233,0.4,1.7661311873691679,0.045394692569971085,6.473188237153702
94.66665959358215,-1.1971679604730108,6.350649688253639,0.4,1.7661311873691679,0.08547021448612213,6.429373596946396
94.70012283325195,-1.1746644402262092,6.311818231276044,0.4,1.7663177505800804,0.08551666885614395,6.385573766353876
94.73299431800842,-1.1521609199794076,6.272986774298449,0.4,1.7663177505800804,0.08551666885614395,6.341789052225816
94.76656985282898,-1.1296573997326063,6.234155317320854,0.4,1.7663177505800804,0.11206206679344177,6.297994262197766
94.79976320266724,-1.0730108252141934,6.153901526119617,0.4,1.7708991027169876,0.11825025081634521,6.204372862081624
94.83295488357544,-1.0388677709425822,6.112479191895973,0.4,1.7708991027169876,0.1454356461763382,6.15464926279077
94.86636805534363,-1.0047247166709707,6.07105685767233,0.4,1.7708991027169876,0.1454356461763382,6.104992678133371
94.89969158172607,-0.9705816623993595,6.029634523448687,0.4,1.7750534151749842,0.143619105219841,6.055404756744857
94.93330144882202,-0.9364386081277483,5.988212189225043,0.4,1.7750534151749842,0.1459420770406723,6.005887199391065
94.96670627593994,-0.902295553856137,5.946789855001399,0.4,1.7750534151749842,0.15223446488380432,5.9563565531438725
94.99973654747009,-0.8681524995845257,5.905367520777756,0.4,1.7708664075627276,0.15223446488380432,5.9068075074023305
95.03354334831238,-0.8340094453129143,5.863945186554113,0.4,1.7708664075627276,0.15267691016197205,5.857331268306768
95.06660032272339,-0.7998663910413031,5.8225228523304695,0.4,1.7708664075627276,0.1604531705379486,5.807929696519998
95.09980010986328,-0.7657233367696918,5.781100518106826,0.4,1.7695621983197296,0.1583406776189804,5.758604713696594
95.13302612304688,-0.7315802824980805,5.739678183883183,0.4,1.7695621983197296,0.1583406776189804,5.709358304866972
95.16660642623901,-0.6974372282264693,5.698255849659539,0.4,1.7695621983197296,0.16188032925128937,5.660139493123633
95.19995617866516,-0.6632941739548579,5.6568335154358955,0.4,1.752496947776823,0.16209819912910461,5.610863305290447
95.23355984687805,-0.6291511196832467,5.615411181212252,0.4,1.752496947776823,0.15669792890548706,5.561668643091467
95.26673769950867,-0.5950080654116353,5.573988846988609,0.4,1.752496947776823,0.15669792890548706,5.512557689157909
95.29975748062134,-0.5144046295367207,5.506676504330059,0.4,1.7586310940509682,0.15669792890548706,5.426403012758713
95.33322668075562,-0.46794424793341727,5.480786495895153,0.4,1.7586310940509682,0.1582121104001999,5.389223142262701
95.36634063720703,-0.4214838663301139,5.454896487460246,0.4,1.7586310940509682,0.12138058990240097,5.352274147086855
95.40026807785034,-0.37502348472681046,5.42900647902534,0.4,1.759682508117985,0.12138058990240097,5.31560050542173
95.43314862251282,-0.3285631031235071,5.403116470590432,0.4,1.759682508117985,0.11503645777702332,5.279114617342062
95.46637392044067,-0.2821027215202037,5.377226462155526,0.4,1.759682508117985,0.11446663737297058,5.242632685755262
95.4997193813324,-0.2356423399169003,5.351336453720619,0.4,1.7751453460059718,0.11334162950515747,5.206438469016532
95.53322267532349,-0.1891819583135969,5.325446445285713,0.4,1.7751453460059718,0.11334162950515747,5.170538009216445
95.56655693054199,-0.1427215767102935,5.299556436850806,0.4,1.7751453460059718,0.10516044497489929,5.134726762005663
95.6000189781189,-0.0962611951069901,5.2736664284159,0.4,1.7811776323396664,0.10142222791910172,5.0990364826732275
95.63341236114502,-0.0498008135036867,5.247776419980993,0.4,1.7811776323396664,0.09800898283720016,5.063653315739431
95.66638040542603,-0.003340431900383356,5.221886411546087,0.4,1.7811776323396664,0.09800898283720016,5.028583744112876
95.70058393478394,0.0431199497029201,5.195996403111179,0.4,1.785177702109596,0.09590660035610199,4.993515165454021
95.733074426651,0.08958033130622345,5.170106394676273,0.4,1.785177702109596,0.09160604327917099,4.958675659362916
95.76637315750122,0.1360407129095269,5.144216386241366,0.4,1.785177702109596,0.09160604327917099,4.9241641525327084
95.79970479011536,0.18250109451283025,5.11832637780646,0.4,1.785177702109596,0.09160604327917099,4.889987589617079
95.83313155174255,0.2815417911213346,5.084328904390229,0.4,1.7812931934485257,0.08748771250247955,4.8382194148635245
95.86647820472717,0.33412210612653565,5.076221439408904,0.4,1.7812931934485257,0.08748771250247955,4.821234666929969
95.8996992111206,0.3867024211317367,5.068113974427581,0.4,1.7812931934485257,0.08748771250247955,4.804408074168215
95.93330931663513,0.4392827361369377,5.060006509446256,0.4,1.7766038243312803,0.06401100754737854,4.787936457453122
95.96651268005371,0.4918630511421387,5.051899044464932,0.4,1.7766038243312803,0.05615448206663132,4.772001146176905
95.99973464012146,0.5444433661473398,5.0437915794836075,0.4,1.775653097233918,0.05037935450673103,4.756330316044016
96.03302311897278,0.5970236811525408,5.035684114502283,0.4,1.775653097233918,0.046044424176216125,4.740919472415952
96.06669974327087,0.6496039961577418,5.027576649520959,0.4,1.775653097233918,0.046044424176216125,4.7260573053630095
96.09997081756592,0.7021843111629429,5.019469184539635,0.4,1.775653097233918,0.046044424176216125,4.711602811485509
96.13301491737366,0.7547646261681439,5.011361719558311,0.4,1.7661728744803133,0.045673295855522156,4.697275116726955
96.1666476726532,0.8073449411733449,5.003254254576986,0.4,1.7661728744803133,0.02827894128859043,4.683507962230367
96.19989061355591,0.859925256178546,4.995146789595662,0.4,1.7742447999205244,0.027659598737955093,4.670306305089336
96.23369598388672,0.912505571183747,4.987039324614337,0.4,1.7742447999205244,0.027659598737955093,4.657102273090208
96.2666175365448,0.965085886188948,4.978931859633013,0.4,1.7742447999205244,0.027659598737955093,4.644449873898411
96.29973459243774,1.017666201194149,4.9708243946516895,0.4,1.7742447999205244,0.027659598737955093,4.632373961730303
96.33352017402649,1.07024651619935,4.962716929670365,0.4,1.774862021145694,0.008845736272633076,4.620491192392198
96.36648869514465,1.1730272837767657,4.95803059056574,0.4,1.774862021145694,0.008845736272633076,4.609667803938945
96.40004754066467,1.2232277363489803,4.961451716442441,0.4,1.779722711547512,-0.0043347724713385105,4.610786551704935
96.43304324150085,1.2734281889211947,4.96487284231914,0.4,1.779722711547512,-0.008678482845425606,4.611982288343162
96.46653604507446,1.3236286414934093,4.968293968195841,0.4,1.779722711547512,-0.008678482845425606,4.613726499228192
96.4998779296875,1.373829094065624,4.9717150940725405,0.4,1.779722711547512,-0.008678482845425606,4.616018562619875
96.53343152999878,1.4240295466378385,4.97513621994924,0.4,1.7731876095824146,-0.01757991872727871,4.618453700392447
96.56643795967102,1.4742299992100532,4.978557345825941,0.4,1.7731876095824146,-0.01757991872727871,4.621233606116661
96.59983944892883,1.5244304517822678,4.98197847170264,0.4,1.7738766883110928,-0.03516095504164696,4.624559339117269
96.63307809829712,1.5746309043544824,4.98539959757934,0.4,1.7738766883110928,-0.03516095504164696,4.628396129600389
96.66700220108032,1.624831356926697,4.98882072345604,0.4,1.7738766883110928,-0.04518260061740875,4.632197439047328
96.70005774497986,1.6750318094989116,4.99224184933274,0.4,1.7667442320289148,-0.04902907833456993,4.63654171503016
96.73299527168274,1.725232262071126,4.995662975209441,0.4,1.7667442320289148,-0.0460340790450573,4.641427432934233
96.76640009880066,1.7754327146433406,4.99908410108614,0.4,1.7667442320289148,-0.0460340790450573,4.6466175498707125
96.80002164840698,1.8256331672155552,5.00250522696284,0.4,1.7699607962403698,-0.045237988233566284,4.651962669954846
96.83292961120605,1.8758336197877696,5.00592635283954,0.4,1.7699607962403698,-0.044519975781440735,4.65784524105533
96.86643075942993,1.9260340723599843,5.00934747871624,0.4,1.7699607962403698,-0.044105760753154755,4.664263229672139
96.90478754043579,1.9762345249321989,5.0127686045929405,0.4,1.7764238808500707,-0.044105760753154755,4.671214428904203
96.93306088447571,2.0703358207488987,5.019163594243557,0.4,1.7764238808500707,-0.044105760753154755,4.685654816263291
96.96668148040771,2.114236663993384,5.0221374580174745,0.4,1.7764238808500707,-0.042344726622104645,4.693015425622838
96.99984979629517,2.1581375072378686,5.0251113217913925,0.4,1.7840855289485285,-0.017414012923836708,4.700776400649482
97.03312873840332,2.2020383504823537,5.02808518556531,0.4,1.7840855289485285,-0.017414012923836708,4.708935761770267
97.06672596931458,2.245939193726839,5.031059049339227,0.4,1.7840855289485285,-0.017414012923836708,4.717491441842942
97.09991979598999,2.289840036971324,5.034032913113144,0.4,1.7840855289485285,-0.017414012923836708,4.726441288649474
97.13316321372986,2.3337408802158093,5.037006776887061,0.4,1.7840855289485285,-0.017414012923836708,4.735783067460573
97.16730999946594,2.377641723460294,5.039980640660979,0.4,1.7932862822956799,-0.0065637570805847645,4.7455144636644695
97.19979357719421,2.421542566704779,5.0429545044348965,0.4,1.7933020283919963,-0.0015814817743375897,4.7556330854532645
97.23332285881042,2.5206951844140058,5.0483094219519025,0.4,1.7933020283919963,-0.0003966236545238644,4.778561063196113
97.26668071746826,2.575946958878747,5.050690475694991,0.4,1.7933020283919963,0.004355861805379391,4.791591771792685
97.2999620437622,2.631198733343488,5.05307152943808,0.4,1.7881121497413572,0.006950173527002335,4.805223661425721
97.33312129974365,2.6864505078082295,5.055452583181169,0.4,1.7881121497413572,0.006950173527002335,4.819451630749782
97.36650538444519,2.741702282272971,5.057833636924258,0.4,1.7881121497413572,0.006950173527002335,4.834270416716954
97.39982008934021,2.7969540567377122,5.060214690667347,0.4,1.7881121497413572,0.006950173527002335,4.8496746033883085
97.43321013450623,2.8522058312024536,5.0625957444104355,0.4,1.7881121497413572,0.006950173527002335,4.865658630807473
97.46647572517395,2.9074576056671946,5.064976798153524,0.4,1.797055794158418,0.018320733681321144,4.882216803906787
97.50003623962402,2.962709380131936,5.067357851896613,0.4,1.7776009251838776,0.02797408401966095,4.899343301417571
97.53329277038574,3.0179611545966774,5.069738905639702,0.4,1.7776009251838776,0.02797408401966095,4.917032184757133
97.5665500164032,3.0732129290614187,5.072119959382791,0.4,1.7776009251838776,0.034493088722229004,4.93527740686647
97.59987783432007,3.12846470352616,5.07450101312588,0.4,1.7677418071905704,0.034493088722229004,4.954072820973934
97.63321828842163,3.1837164779909015,5.0768820668689685,0.4,1.7677418071905704,0.034493088722229004,4.9734121892615635
97.66664505004883,3.238968252455643,5.079263120612057,0.4,1.7677418071905704,0.034493088722229004,4.993289191412331
97.69987273216248,3.294220026920384,5.081644174355146,0.4,1.7686407089475655,0.05147414654493332,5.013697433018051
97.73314046859741,3.3951772287862485,5.0872427861617915,0.4,1.7686407089475655,0.05147414654493332,5.0535072031646715
97.76669931411743,3.4408826561873713,5.090460344225348,0.4,1.7686407089475655,0.05815030634403229,5.072727567669767
97.79968404769897,3.4865880835884946,5.0936779022889045,0.4,1.7786839274923174,0.05996859446167946,5.092287656515887
97.83312559127808,3.532293510989618,5.09689546035246,0.4,1.7786839274923174,0.062244005501270294,5.112183570174188
97.86637806892395,3.577998938390741,5.100113018416017,0.4,1.7786839274923174,0.062244005501270294,5.132411403147782
97.8999764919281,3.623704365791864,5.103330576479573,0.4,1.7831447740365582,0.06525261700153351,5.152967246617378
97.9330062866211,3.669409793192987,5.10654813454313,0.4,1.7831447740365582,0.06482161581516266,5.173847190999093
97.96631264686584,3.7151152205941105,5.109765692606686,0.4,1.7831447740365582,0.06482161581516266,5.195047328413338
97.9999167919159,3.7608206479952337,5.112983250670243,0.4,1.789711567109834,0.06511623412370682,5.21656375506401
98.03297734260559,3.8065260753963566,5.116200808733798,0.4,1.789711567109834,0.06511623412370682,5.238392573527505
98.06642317771912,3.85223150279748,5.119418366797355,0.4,1.789711567109834,0.06633765995502472,5.2605298949513
98.09986686706543,3.897936930198603,5.122635924860911,0.4,1.789711567109834,0.06633765995502472,5.282971841162148
98.13302040100098,3.9436423575997264,5.125853482924468,0.4,1.789711567109834,0.06633765995502472,5.305714546684135
98.16646122932434,3.989347785000849,5.129071040988024,0.4,1.7871415627845222,0.06633765995502472,5.328754160667081
98.19979166984558,4.035053212401973,5.132288599051581,0.4,1.7740302071597405,0.06610207259654999,5.352086848725967
98.23315000534058,4.080758639803095,5.135506157115136,0.4,1.7740302071597405,0.06610207259654999,5.375708794692265
98.2664725780487,4.1264640672042185,5.138723715178693,0.4,1.7740302071597405,0.06463135033845901,5.399616202278244
98.301438331604,4.172169494605342,5.141941273242249,0.4,1.7710373333162719,0.06462842971086502,5.423805296655413
98.33308172225952,4.272029309519317,5.155800364281229,0.4,1.7710373333162719,0.06496291607618332,5.483594738069507
98.36665749549866,4.326183697032169,5.166441897256653,0.4,1.7710373333162719,0.06496291607618332,5.51924297751898
98.40001440048218,4.380338084545021,5.177083430232076,0.4,1.780374174016884,0.06602388620376587,5.55521077171906
98.43327403068542,4.4344924720578724,5.187724963207501,0.4,1.780374174016884,0.06602388620376587,5.591491953975817
98.46650528907776,4.488646859570725,5.198366496182924,0.4,1.780374174016884,0.06602388620376587,5.628080463564024
98.49976015090942,4.542801247083577,5.209008029158348,0.4,1.7836275520631473,0.06300316005945206,5.66497034565475
98.53309774398804,4.596955634596429,5.219649562133771,0.4,1.7836275520631473,0.06560350209474564,5.7021557510967975
98.56639742851257,4.651110022109281,5.2302910951091945,0.4,1.7836275520631473,0.06560350209474564,5.739630936062595
98.59983897209167,4.705264409622132,5.240932628084618,0.4,1.7943712597456494,0.06829003244638443,5.777390261568729
98.633047580719,4.759418797134985,5.2515741610600415,0.4,1.7943712597456494,0.07007939368486404,5.815428192880858
98.66644740104675,4.8135731846478365,5.262215694035465,0.4,1.7943712597456494,0.07007939368486404,5.853739298812322
98.70066833496094,4.867727572160689,5.272857227010888,0.4,1.7961321222630566,0.06976056098937988,5.892318250925347
98.73306369781494,4.921881959673541,5.283498759986313,0.4,1.7961321222630566,0.06976056098937988,5.931159822643294
98.766432762146,4.976036347186392,5.294140292961736,0.4,1.7961321222630566,0.06976056098937988,5.970258888281984
98.7999517917633,5.030190734699245,5.30478182593716,0.4,1.7913849400038433,0.07980497181415558,6.009610422007733
98.83316230773926,5.124534314133467,5.324568852093774,0.4,1.7913849400038433,0.07980497181415558,6.079774230219376
98.86642694473267,5.164723506054838,5.333714345274966,0.4,1.7913849400038433,0.07980497181415558,6.110464095954172
98.89971780776978,5.2049126979762095,5.342859838456157,0.4,1.789257698122098,0.08665913343429565,6.141277217960129
98.93298530578613,5.2451018898975805,5.352005331637349,0.4,1.789257698122098,0.09007380902767181,6.172211750265283
98.96670389175415,5.285291081818952,5.36115082481854,0.4,1.789257698122098,0.09007380902767181,6.203265876518206
98.9998083114624,5.3254802737403235,5.370296317999731,0.4,1.779904811415478,0.09353736788034439,6.234437809604262
99.03327655792236,5.365669465661695,5.379441811180922,0.4,1.779904811415478,0.09482938796281815,6.265725791259686
99.06665515899658,5.405858657583066,5.3885873043621135,0.4,1.779904811415478,0.09482938796281815,6.297128091684025
99.09961152076721,5.446047849504437,5.397732797543305,0.4,1.7794995888219876,0.09716491401195526,6.328643009151409
99.13306140899658,5.486237041425808,5.406878290724496,0.4,1.7794995888219876,0.09716491401195526,6.360268869621122
99.16644167900085,5.526426233347179,5.416023783905688,0.4,1.7794995888219876,0.1005052998661995,6.3920040263479
99.19970321655273,5.56661542526855,5.425169277086879,0.4,1.7789817075231036,0.10098256915807724,6.42384685949234
99.23317003250122,5.606804617189921,5.43431477026807,0.4,1.7789817075231036,0.10098256915807724,6.455795775731839
99.26641392707825,5.646993809111292,5.4434602634492615,0.4,1.7789817075231036,0.09880562871694565,6.487849207872373
99.29980063438416,5.687183001032663,5.452605756630453,0.4,1.78096969774089,0.09782258421182632,6.520005614461458
99.33323788642883,5.727372192954034,5.461751249811644,0.4,1.78096969774089,0.09782258421182632,6.55226347940262
99.36645436286926,5.767561384875406,5.470896742992835,0.4,1.78096969774089,0.09782258421182632,6.584621311571635
99.40019106864929,5.807750576796777,5.480042236174027,0.4,1.7825727683787993,0.09731855988502502,6.6170776444348185
99.43313765525818,5.847939768718148,5.489187729355218,0.4,1.7825727683787993,0.09731855988502502,6.6496310356696
99.46676015853882,5.888128960639519,5.498333222536409,0.4,1.7825727683787993,0.09731855988502502,6.682280066787632
99.49979043006897,5.987244011382975,5.542521053304946,0.4,1.7989381195880871,0.08904975652694702,6.779737703130153
99.53302073478699,6.04616987020506,5.577563390892292,0.4,1.7989381195880871,0.08904975652694702,6.8445269082086435
99.56635546684265,6.105095729027145,5.612605728479638,0.4,1.7989381195880871,0.08904975652694702,6.9093888525442555
99.59977126121521,6.164021587849231,5.647648066066984,0.4,1.7850112119620642,0.08904975652694702,6.97432150668841
99.63324928283691,6.2229474466713155,5.6826904036543295,0.4,1.7850112119620642,0.08904975652694702,7.039322913901107
99.66671586036682,6.2818733054934,5.717732741241676,0.4,1.7850112119620642,0.08007301390171051,7.104391187020381
99.69970512390137,6.340799164315485,5.752775078829021,0.4,1.7799375821622048,0.08007301390171051,7.169524505486787
99.73297238349915,6.39972502313757,5.787817416416368,0.4,1.7799375821622048,0.08007301390171051,7.234721112514377
99.76637077331543,6.458650881959655,5.822859754003713,0.4,1.7799375821622048,0.08007301390171051,7.299979312400137
99.80010604858398,6.51757674078174,5.857902091591059,0.4,1.7703350129526079,0.05236596614122391,7.365297467964326
99.83299565315247,6.576502599603826,5.892944429178405,0.4,1.7703350129526079,0.05236596614122391,7.430673998114603
99.86641693115234,6.635428458425911,5.92798676676575,0.4,1.7703350129526079,0.0130216795951128,7.496107375527262
99.89983224868774,6.729981509332773,5.991303691921971,0.4,1.779517038566144,0.01134829968214035,7.606467924055056
99.93332099914551,6.76560870141755,6.019578279490844,0.4,1.779517038566144,0.01134829968214035,7.651346947332733
99.96662306785583,6.801235893502328,6.047852867059718,0.4,1.779517038566144,0.01134829968214035,7.696233067902345
99.99984312057495,6.8368630855871055,6.076127454628592,0.4,1.779517038566144,0.01134829968214035,7.741126162305146
100.03304672241211,6.872490277671883,6.104402042197466,0.4,1.7785629345695944,-0.0424920916557312,7.786026109910815
100.06665253639221,6.908117469756661,6.13267662976634,0.4,1.7785629345695944,-0.0424920916557312,7.830932792837437
100.09975552558899,6.943744661841438,6.160951217335214,0.4,1.788071750790335,-0.06252460926771164,7.875846095874183
100.13331770896912,6.9793718539262155,6.189225804904088,0.4,1.788071750790335,-0.06899609416723251,7.920765906406562
100.16643762588501,7.014999046010993,6.217500392472962,0.4,1.788071750790335,-0.06899609416723251,7.96569211434415
100.19987082481384,7.05062623809577,6.245774980041835,0.4,1.788071750790335,-0.06899609416723251,8.010624612050714
100.23317551612854,7.086253430180548,6.274049567610709,0.4,1.79129786593429,-0.07477583736181259,8.055563294276622
100.26642608642578,7.1218806222653255,6.302324155179583,0.4,1.79129786593429,-0.09924854338169098,8.100508058093457
100.29977202415466,7.157507814350103,6.330598742748458,0.4,1.7948205532315284,-0.10186754912137985,8.145458802830774
100.3333740234375,7.193135006434881,6.358873330317332,0.4,1.7948205532315284,-0.10186754912137985,8.190415430014873
100.36669826507568,7.228762198519658,6.387147917886205,0.4,1.7948205532315284,-0.10917536914348602,8.23537784330957
100.39978075027466,7.2643893906044354,6.415422505455079,0.4,1.7881020801468324,-0.11121053993701935,8.280345948458837
100.4333598613739,7.300016582689213,6.443697093023953,0.4,1.7881020801468324,-0.10844019055366516,8.325319653231297
100.46668887138367,7.33564377477399,6.4719716805928265,0.4,1.7881020801468324,-0.10844019055366516,8.37029886736644
100.50004839897156,7.371270966858768,6.500246268161701,0.4,1.7881020801468324,-0.10844019055366516,8.415283502522577
100.53308510780334,7.453677386144427,6.5582307406908615,0.4,1.7769279520507073,-0.10844019055366516,8.513949956342438
100.56664276123047,7.50045661334531,6.587940625651148,0.4,1.7769279520507073,-0.10844019055366516,8.567648594572091
100.59976863861084,7.547235840546192,6.617650510611434,0.4,1.7711589481989656,-0.05508781597018242,8.621368972951254
100.63306951522827,7.594015067747074,6.647360395571721,0.4,1.7711589481989656,-0.05508781597018242,8.675110687604148
100.66661477088928,7.640794294947956,6.677070280532008,0.4,1.7711589481989656,-0.05508781597018242,8.728873344442833
100.69994068145752,7.687573522148838,6.706780165492294,0.4,1.7711589481989656,-0.05508781597018242,8.78265655887723
100.73307251930237,7.734352749349721,6.736490050452581,0.4,1.7667756212082355,-0.037625961005687714,8.836459955535226
100.7664544582367,7.821363963784725,6.782245205210551,0.4,1.7667756212082355,-0.0319485068321228,8.929744095415662
100.79973006248474,7.861595951018846,6.798290475008235,0.4,1.7699007559955837,-0.011948111467063427,8.969240577612547
100.83305263519287,7.901827938252968,6.81433574480592,0.4,1.7699007559955837,-0.005781365092843771,9.008772146942746
100.86665630340576,7.942059925487089,6.830381014603604,0.4,1.7699007559955837,-0.005781365092843771,9.048338343526437
100.90002202987671,7.982291912721211,6.8464262844012875,0.4,1.7699007559955837,-0.005781365092843771,9.087938715093177
100.9331123828888,8.022523899955331,6.862471554198971,0.4,1.776112683500377,-0.005781365092843771,9.127572816834029
100.96642327308655,8.062755887189454,6.878516823996655,0.4,1.776112683500377,0.006810756400227547,9.167240211256871
100.99984788894653,8.102987874423574,6.89456209379434,0.4,1.7766231642829855,0.0342661514878273,9.206940468044841
101.03307247161865,8.143219861657697,6.910607363592024,0.4,1.7766231642829855,0.0342661514878273,9.246673163917817
101.06662344932556,8.183451848891817,6.926652633389708,0.4,1.7766231642829855,0.0342661514878273,9.286437882496902
101.10010147094727,8.223683836125938,6.942697903187391,0.4,1.7766231642829855,0.0342661514878273,9.326234214171787
101.13294267654419,8.26391582336006,6.958743172985076,0.4,1.7637020316780987,0.05374538153409958,9.36606175597101
101.16655826568604,8.30414781059418,6.97478844278276,0.4,1.7637020316780987,0.06345448642969131,9.40592011143495
101.19995594024658,8.344379797828303,6.990833712580444,0.4,1.773879004482811,0.08091778308153152,9.445808890491566
101.23310494422913,8.384611785062424,7.006878982378128,0.4,1.773879004482811,0.08091778308153152,9.485727709334796
101.26673245429993,8.424843772296546,7.0229242521758115,0.4,1.773879004482811,0.08601367473602295,9.525676190305534
101.30010962486267,8.465075759530666,7.038969521973496,0.4,1.756513117204276,0.08601367473602295,9.565653961775167
101.33302521705627,8.505307746764789,7.05501479177118,0.4,1.756513117204276,0.08601367473602295,9.60566065803157
101.36646556854248,8.601144004573332,7.095518939123535,0.4,1.756513117204276,0.09698227792978287,9.70266044056277
101.39995670318604,8.656748275147754,7.1199778166782055,0.4,1.7579689488455053,0.09666454792022705,9.759670569638748
101.43319058418274,8.712352545722176,7.144436694232877,0.4,1.7579689488455053,0.07315690815448761,9.816725511802723
101.46651864051819,8.767956816296598,7.168895571787548,0.4,1.7579689488455053,0.06888061761856079,9.873824490210408
101.49984407424927,8.82356108687102,7.193354449342219,0.4,1.7617213161095957,0.0682021975517273,9.93096674529091
101.53298258781433,8.879165357445443,7.21781332689689,0.4,1.7617213161095957,0.0679715946316719,9.988151534286198
101.56639981269836,8.934769628019865,7.24227220445156,0.4,1.7617213161095957,0.0679715946316719,10.045378130804643
101.5999231338501,8.990373898594285,7.266731082006232,0.4,1.7735829330049189,0.0679715946316719,10.102645824388151
101.63309907913208,9.045978169168707,7.291189959560903,0.4,1.7735829330049189,0.06140733137726784,10.159953920092414
101.66673135757446,9.10158243974313,7.315648837115574,0.4,1.7735829330049189,0.05952079966664314,10.217301738079863
101.70057153701782,9.157186710317552,7.3401077146702445,0.4,1.785139565168488,0.05952079966664314,10.274688613224882
101.73325109481812,9.212790980891974,7.364566592224915,0.4,1.785139565168488,0.05952079966664314,10.332113894730885
101.76642870903015,9.268395251466396,7.389025469779587,0.4,1.785139565168488,0.04914722591638565,10.389576945758845
101.79996132850647,9.323999522040818,7.413484347334258,0.4,1.793488444704978,0.04618001729249954,10.447077143066908
101.83308029174805,9.421015319674511,7.466252800347554,0.4,1.793488444704978,0.04618001729249954,10.554286294031646
101.86642289161682,9.462426846733782,7.49456237580618,0.4,1.793488444704978,0.04028594493865967,10.603963332089917
101.89997863769531,9.503838373793052,7.522871951264807,0.4,1.7698857415991958,0.0371507853269577,10.653644926197925
101.93300247192383,9.545249900852323,7.551181526723433,0.4,1.7698857415991958,-0.000783846655394882,10.703331012912294
101.96641373634338,9.586661427911594,7.579491102182058,0.4,1.7698857415991958,-0.000783846655394882,10.75302152995657
101.99982023239136,9.628072954970865,7.607800677640684,0.4,1.7683817480618942,-0.01004853192716837,10.802716416194633
102.03304147720337,9.669484482030134,7.636110253099311,0.4,1.7683817480618942,-0.01507895439863205,10.852415611604842
102.06642556190491,9.710896009089405,7.664419828557937,0.4,1.7683817480618942,-0.01921388879418373,10.902119057254883
102.10031628608704,9.752307536148676,7.692729404016562,0.4,1.7653689326110178,-0.01921388879418373,10.951826695277264
102.13311314582825,9.793719063207947,7.721038979475188,0.4,1.7653689326110178,-0.01921388879418373,11.001538468845501
102.16629028320312,9.835130590267218,7.749348554933814,0.4,1.7653689326110178,-0.029093019664287567,11.051254322150909
102.19973349571228,9.876542117326487,7.777658130392441,0.4,1.7752958702757924,-0.03380895033478737,11.100974200380024
102.23324346542358,9.917953644385758,7.805967705851066,0.4,1.7752958702757924,-0.03380895033478737,11.15069804969262
102.26641583442688,9.959365171445029,7.834277281309692,0.4,1.7752958702757924,-0.03837684914469719,11.200425817200289
102.29972100257874,10.0007766985043,7.862586856768318,0.4,1.7833868831020172,-0.04118253290653229,11.250157450945595
102.33302736282349,10.042188225563569,7.890896432226945,0.4,1.7833868831020172,-0.04395955801010132,11.299892899881781
102.36651039123535,10.08359975262284,7.91920600768557,0.4,1.7833868831020172,-0.04396766796708107,11.349632113852978
102.39978837966919,10.15981856705941,7.97191493337797,0.4,1.788096217824096,-0.04396766796708107,11.441590339411942
102.43322014808655,10.194625854436708,7.996314283611746,0.4,1.788096217824096,-0.04396766796708107,11.483807789965102
102.46665549278259,10.229433141814008,8.020713633845519,0.4,1.788096217824096,-0.056142695248126984,11.526027371557579
102.49996876716614,10.264240429191307,8.045112984079294,0.4,1.7855083527500202,-0.05927972495555878,11.568249060856989
102.53306007385254,10.299047716568605,8.06951233431307,0.4,1.7855083527500202,-0.05927972495555878,11.610472834869192
102.56701135635376,10.333855003945905,8.093911684546843,0.4,1.7855083527500202,-0.06957751512527466,11.652698670932203
102.60000157356262,10.368662291323204,8.118311034780618,0.4,1.7875579987502699,-0.07340823113918304,11.694926546710228
102.6330394744873,10.403469578700504,8.142710385014393,0.4,1.7875579987502699,-0.0778203010559082,11.737156440187842
102.66667675971985,10.438276866077802,8.167109735248166,0.4,1.7875579987502699,-0.0778203010559082,11.779388329664275
102.6997492313385,10.513272059304596,8.21514016189575,0.4,1.7775061354301311,-0.0778203010559082,11.867379653545928
102.73327684402466,10.553459965154092,8.23877123830956,0.4,1.7775061354301311,-0.1023467555642128,11.913143807667984
102.76646494865417,10.593647871003586,8.262402314723369,0.4,1.7775061354301311,-0.1023467555642128,11.958914579260872
102.79977035522461,10.633835776853081,8.28603339113718,0.4,1.759162573273456,-0.09571272879838943,12.004691892632504
102.83302307128906,10.674023682702577,8.309664467550988,0.4,1.759162573273456,-0.10383348166942596,12.050475673230208
102.86693072319031,10.714211588552072,8.333295543964798,0.4,1.759162573273456,-0.10383348166942596,12.096265847619566
102.89973425865173,10.754399494401566,8.356926620378607,0.4,1.7670719492337768,-0.118675597012043,12.142062343463737
102.93303632736206,10.794587400251062,8.380557696792417,0.4,1.7670719492337768,-0.118675597012043,12.187865089503198
102.96661067008972,10.834775306100557,8.404188773206226,0.4,1.7670719492337768,-0.118675597012043,12.233674015535952
102.99988007545471,10.874963211950051,8.427819849620034,0.4,1.7718003347142548,-0.16087915003299713,12.279489052398164
103.0331060886383,10.915151117799548,8.451450926033845,0.4,1.7718003347142548,-0.17572654783725739,12.325310131945214
103.06636691093445,10.955339023649042,8.475082002447653,0.4,1.7718003347142548,-0.17572654783725739,12.371137187033144
103.09986877441406,10.995526929498537,8.498713078861464,0.4,1.7826704251021304,-0.17572654783725739,12.416970151500543
103.13314414024353,11.035714835348033,8.522344155275272,0.4,1.7826704251021304,-0.17572654783725739,12.462808960150783
103.16667604446411,11.075902741197527,8.545975231689082,0.4,1.7826704251021304,-0.17572654783725739,12.50865354873465
103.20084619522095,11.116090647047022,8.569606308102891,0.4,1.7847121550135217,-0.21813318133354187,12.554503853933348
103.23300909996033,11.156278552896518,8.593237384516701,0.4,1.7847121550135217,-0.21813318133354187,12.60035981334187
103.26654934883118,11.239370361900395,8.619423007507438,0.4,1.7847121550135217,-0.21813318133354187,12.680399351178353
103.29975128173828,11.28227426505478,8.621977554084365,0.4,1.7861874622965783,-0.24732168018817902,12.714630750750285
103.3330192565918,11.325178168209161,8.624532100661293,0.4,1.7861874622965783,-0.23394927382469177,12.748915133912893
103.36673021316528,11.368082071363546,8.627086647238222,0.4,1.7861874622965783,-0.23394927382469177,12.783252074363942
103.39975953102112,11.410985974517928,8.62964119381515,0.4,1.78275853693792,-0.2338387817144394,12.817641149719199
103.43334460258484,11.453889877672312,8.632195740392078,0.4,1.78275853693792,-0.23664379119873047,12.85208194147734
103.46645402908325,11.496793780826694,8.634750286969005,0.4,1.78275853693792,-0.23664379119873047,12.886574034984987
103.49968147277832,11.539697683981077,8.637304833545933,0.4,1.7825323028465228,-0.2350655198097229,12.92111701940195
103.53326296806335,11.58260158713546,8.63985938012286,0.4,1.7825323028465228,-0.2350655198097229,12.955710487666678
103.56675982475281,11.625505490289843,8.64241392669979,0.4,1.7825323028465228,-0.2350655198097229,12.990354036461909
103.59981417655945,11.668409393444227,8.644968473276718,0.4,1.7680310310794378,-0.23520374298095703,13.025047266180506
103.63322973251343,11.71131329659861,8.647523019853645,0.4,1.7680310310794378,-0.23520374298095703,13.059789780891515
103.66666030883789,11.754217199752993,8.650077566430573,0.4,1.7680310310794378,-0.23520374298095703,13.09458118830644
103.69994688034058,11.797121102907376,8.6526321130075,0.4,1.7707076912444806,-0.2371048778295517,13.129421099745697
103.73320508003235,11.840025006061758,8.655186659584428,0.4,1.7707076912444806,-0.23461420834064484,13.164309130105318
103.76853036880493,11.882928909216142,8.657741206161358,0.4,1.7707076912444806,-0.23461420834064484,13.199244897823862
103.80089211463928,11.925832812370524,8.660295752738286,0.4,1.7741102259984767,-0.2256014049053192,13.23422802484952
103.83304214477539,11.968736715524908,8.662850299315213,0.4,1.7741102259984767,-0.22430159151554108,13.269258136607478
103.86660480499268,12.045642152474228,8.634887533545772,0.4,1.7741102259984767,-0.22579160332679749,13.311901110881168
103.89977502822876,12.079643686269163,8.604370221199403,0.4,1.7828126907023407,-0.18151049315929413,13.319619779622155
103.93307828903198,12.1136452200641,8.573852908853034,0.4,1.7828126907023407,-0.18151049315929413,13.327490603366812
103.9664454460144,12.147646753859036,8.543335596506665,0.4,1.7828126907023407,-0.18151049315929413,13.33551331270252
103.99964547157288,12.181648287653973,8.512818284160296,0.4,1.7797165389884009,-0.16767825186252594,13.34368763367189
104.03301310539246,12.21564982144891,8.482300971813928,0.4,1.7797165389884009,-0.15892738103866577,13.35201328781756
104.06637334823608,12.249651355243845,8.451783659467559,0.4,1.7797165389884009,-0.14156678318977356,13.360489992227517
104.09979939460754,12.283652889038782,8.42126634712119,0.4,1.7797165389884009,-0.14156678318977356,13.369117459580986
104.13298749923706,12.31765442283372,8.39074903477482,0.4,1.7865374041772752,-0.12732936441898346,13.377895398194784
104.16676783561707,12.351655956628655,8.360231722428452,0.4,1.7865374041772752,-0.12732936441898346,13.386823512070206
104.1999237537384,12.385657490423592,8.329714410082083,0.4,1.7729096250131213,-0.10573935508728027,13.395901500940381
104.23324656486511,12.419659024218527,8.299197097735714,0.4,1.7729096250131213,-0.09597621113061905,13.405129060318078
104.2668833732605,12.453660558013464,8.268679785389345,0.4,1.7729096250131213,-0.09597621113061905,13.41450588154399
104.30032086372375,12.487662091808401,8.238162473042976,0.4,1.7729096250131213,-0.09597621113061905,13.424031651835408
104.33309769630432,12.521663625603336,8.207645160696607,0.4,1.7732067961911504,-0.08785749226808548,13.433706054335339
104.36668562889099,12.555665159398274,8.177127848350239,0.4,1.7732067961911504,-0.05481439456343651,13.443528768162007
104.4017243385315,12.589666693193209,8.14661053600387,0.4,1.7762344652031465,-0.04621550440788269,13.45349946845874
104.43324851989746,12.63741884820458,8.050148844373778,0.4,1.7762344652031465,-0.04621550440788269,13.436982474489634
104.46640992164612,12.651169469421015,7.984204465090056,0.4,1.7762344652031465,-0.04621550440788269,13.410632592999589
104.49972462654114,12.66492009063745,7.918260085806334,0.4,1.783837804601434,-0.01702915132045746,13.384569867970733
104.53311681747437,12.678670711853885,7.852315706522612,0.4,1.783837804601434,-0.01039024256169796,13.358795980111502
104.56644010543823,12.69242133307032,7.786371327238889,0.4,1.783837804601434,-0.01039024256169796,13.333312604427388
104.60003733634949,12.706171954286754,7.7204269479551675,0.4,1.783837804601434,-0.01039024256169796,13.30812140980113
104.63313913345337,12.719922575503189,7.654482568671445,0.4,1.789173269476268,-0.01039024256169796,13.283224058567937
104.66647052764893,12.733673196719623,7.588538189387723,0.4,1.789173269476268,0.014230836182832718,13.258622206085924
104.7006311416626,12.747423817936058,7.522593810104,0.4,1.7958764408000891,0.016493266448378563,13.234317500301911
104.73325490951538,12.761174439152493,7.456649430820278,0.4,1.7958764408000891,0.016493266448378563,13.210311581312757
104.76663827896118,12.774925060368927,7.390705051536556,0.4,1.7958764408000891,0.016493266448378563,13.186606080922433
104.79996061325073,12.788675681585362,7.324760672252833,0.4,1.7958764408000891,0.016493266448378563,13.16320262219498
104.83505153656006,12.802426302801797,7.258816292969112,0.4,1.7975849682537475,0.03464318811893463,13.140102819003628
104.86645197868347,12.816176924018231,7.192871913685389,0.4,1.7975849682537475,0.03464318811893463,13.117308275576178
104.89991855621338,12.829927545234666,7.126927534401666,0.4,1.7890642961603833,0.03464318811893463,13.094820586036962
104.93341588973999,12.847362779986621,7.011231496571143,0.4,1.7890642961603833,0.03464318811893463,13.050358872431936
104.96663045883179,12.851047393522144,6.961479838024341,0.4,1.7890642961603833,0.03464318811893463,13.028229333272987
104.99990892410278,12.854732007057665,6.9117281794775405,0.4,1.7890642961603833,0.03464318811893463,13.006253497039667
105.03314232826233,12.858416620593188,6.861976520930739,0.4,1.7815615617393983,0.03464318811893463,12.984432144147412
105.06630420684814,12.862101234128708,6.812224862383937,0.4,1.7815615617393983,0.03464318811893463,12.962766054762026
105.0998044013977,12.865785847664231,6.762473203837136,0.4,1.7819484791638216,0.01345087867230177,12.941256008704213
105.13307929039001,12.869470461199752,6.712721545290335,0.4,1.7819484791638216,0.01345087867230177,12.91990278535273
105.16678071022034,12.873155074735275,6.662969886743533,0.4,1.7819484791638216,0.01345087867230177,12.89870716354619
105.20014071464539,12.876839688270795,6.6132182281967316,0.4,1.7819484791638216,0.01345087867230177,12.877669921483482
105.23323798179626,12.880524301806318,6.56346656964993,0.4,1.7867001323822131,0.01345087867230177,12.856791836622897
105.26641798019409,12.884208915341839,6.513714911103129,0.4,1.7867001323822131,0.0045893387869000435,12.836073685579871
105.29974555969238,12.887893528877362,6.4639632525563275,0.4,1.7859693800213803,-0.0015078866854310036,12.815516244023454
105.33310413360596,12.891578142412882,6.414211594009526,0.4,1.7859693800213803,-0.005745426286011934,12.795120286571445
105.36666131019592,12.895262755948405,6.364459935462724,0.4,1.7859693800213803,-0.005745426286011934,12.774886586684259
105.40002155303955,12.898947369483926,6.314708276915923,0.4,1.7859693800213803,-0.005745426286011934,12.75481591655751
105.43360376358032,12.902631983019448,6.264956618369122,0.4,1.79566804513248,-0.006260610651224852,12.734909047013344
105.46656346321106,12.910445172654425,6.1689180929017695,0.4,1.79566804513248,-0.006260610651224852,12.697570596351643
105.49981474876404,12.91457374875388,6.12263122598122,0.4,1.7867411431296378,-0.041038982570171356,12.680120335513442
105.53314685821533,12.918702324853335,6.076344359060669,0.4,1.7867411431296378,-0.041038982570171356,12.66281656801713
105.56639456748962,12.922830900952789,6.030057492140119,0.4,1.7867411431296378,-0.041038982570171356,12.645659895227947
105.59972763061523,12.926959477052245,5.983770625219568,0.4,1.7857440760150658,-0.05203798785805702,12.628650916653125
105.63319396972656,12.9310880531517,5.937483758299018,0.4,1.7857440760150658,-0.054752953350543976,12.611790229859162
105.66665554046631,12.935216629251155,5.891196891378468,0.4,1.7857440760150658,-0.054752953350543976,12.595078430388513
105.69998288154602,12.93934520535061,5.844910024457917,0.4,1.7857440760150658,-0.054752953350543976,12.57851611167569
105.73331928253174,12.943473781450065,5.798623157537367,0.4,1.7857440760150658,-0.054752953350543976,12.562103864962731
105.7663643360138,12.943787397649404,5.694079543560953,0.4,1.7724954592168687,-0.05466260761022568,12.517439490507776
105.80000901222229,12.939972437749287,5.6358227965050895,0.4,1.771553939556209,-0.05961907282471657,12.489245017498938
105.83325815200806,12.93615747784917,5.577566049449225,0.4,1.771553939556209,-0.05961907282471657,12.461260274174267
105.86673712730408,12.932342517949053,5.519309302393362,0.4,1.771553939556209,-0.06310936063528061,12.433486676684801
105.90001845359802,12.928527558048936,5.461052555337498,0.4,1.771553939556209,-0.06310936063528061,12.405925643130237
105.933278799057,12.924712598148819,5.402795808281635,0.4,1.771553939556209,-0.06310936063528061,12.378578593338068
105.9662938117981,12.920897638248702,5.34453906122577,0.4,1.7625151483598436,-0.06297462433576584,12.351446948637705
105.99972939491272,12.917082678348585,5.286282314169907,0.4,1.7694013117739558,-0.06297462433576584,12.32453213162954
106.03327751159668,12.913267718448468,5.228025567114043,0.4,1.7694013117739558,-0.06297462433576584,12.297835565948972
106.06636118888855,12.909452758548351,5.16976882005818,0.4,1.7694013117739558,-0.0654461607336998,12.271358676025368
106.09994769096375,12.905637798648234,5.111512073002316,0.4,1.7662355617662704,-0.0654461607336998,12.24510288683602
106.13316345214844,12.901822838748117,5.053255325946452,0.4,1.7662355617662704,-0.06429672986268997,12.219069623655058
106.16657280921936,12.898007878848,4.994998578890589,0.4,1.7662355617662704,-0.06344344466924667,12.193260311797365
106.1997230052948,12.894192918947883,4.936741831834725,0.4,1.7799349521821382,-0.062404144555330276,12.167676376357523
106.23749542236328,12.890377959047767,4.878485084778861,0.4,1.7799349521821382,-0.062404144555330276,12.142319241943785
106.26636028289795,12.88656299914765,4.820228337722997,0.4,1.7799349521821382,-0.06469399482011795,12.117190332407128
106.30001330375671,12.874363289441844,4.709196026233401,0.4,1.7692921249030498,-0.06433352828025818,12.065337227224914
106.3332986831665,12.865978539636156,4.656420461799668,0.4,1.7692921249030498,-0.06330519914627075,12.03856023810587
106.366375207901,12.857593789830467,4.6036448973659345,0.4,1.7692921249030498,-0.027046307921409607,12.011961285935328
106.40027475357056,12.849209040024778,4.550869332932201,0.4,1.770305363192007,-0.02628609724342823,11.985541556040586
106.43341851234436,12.840824290219091,4.498093768498469,0.4,1.770305363192007,-0.029156852513551712,11.95930223620106
106.46629619598389,12.832439540413402,4.445318204064736,0.4,1.770305363192007,-0.028168248012661934,11.933244516496455
106.49983954429626,12.824054790607713,4.392542639631003,0.4,1.757811574467516,-0.028168248012661934,11.907369589151207
106.53299331665039,12.815670040802026,4.33976707519727,0.4,1.757811574467516,-0.027510663494467735,11.881678648375175
106.56643748283386,12.807285290996337,4.286991510763537,0.4,1.757811574467516,-0.026632994413375854,11.856172890200579
106.59990096092224,12.798900541190648,4.234215946329804,0.4,1.757811574467516,-0.026632994413375854,11.830853512315207
106.63325142860413,12.790515791384959,4.181440381896071,0.4,1.757811574467516,-0.026632994413375854,11.805721713891792
106.66665482521057,12.782131041579271,4.1286648174623375,0.4,1.7600265690385524,-0.026632994413375854,11.780778695413664
106.69979333877563,12.773746291773582,4.075889253028604,0.4,1.76095538290464,-0.026537103578448296,11.756025658496583
106.73319911956787,12.765361541967893,4.023113688594871,0.4,1.76095538290464,-0.028355056419968605,11.7314638057068
106.76647806167603,12.756976792162206,3.9703381241611386,0.4,1.76095538290464,-0.028355056419968605,11.707094340375354
106.79996371269226,12.730780047540486,3.8682746563070074,0.4,1.777441384235547,-0.028355056419968605,11.650999005505136
106.83302450180054,12.712968052724458,3.8189867528866093,0.4,1.777441384235547,-0.03536660969257355,11.6192282398178
106.86665320396423,12.695156057908427,3.769698849466211,0.4,1.777441384235547,-0.03536660969257355,11.587607392418978
106.89971399307251,12.677344063092399,3.720410946045813,0.4,1.7763650231525452,-0.02623796835541725,11.556137693964725
106.93298673629761,12.659532068276368,3.671123042625415,0.4,1.7763650231525452,-0.02623796835541725,11.524820382637964
106.96690130233765,12.641720073460338,3.6218351392050168,0.4,1.7763650231525452,-0.02623796835541725,11.493656704088062
106.99978423118591,12.623908078644309,3.5725472357846186,0.4,1.7875910628411784,-0.04003240913152695,11.462647911366519
107.0331494808197,12.606096083828279,3.5232593323642205,0.4,1.7875910628411784,-0.04003240913152695,11.431795264858787
107.06627225875854,12.58828408901225,3.4739714289438224,0.4,1.7875910628411784,-0.04003240913152695,11.401100032212076
107.09993433952332,12.57047209419622,3.4246835255234243,0.4,1.7849922499673319,-0.0655246376991272,11.370563488259076
107.13310933113098,12.55266009938019,3.375395622103026,0.4,1.7849922499673319,-0.07822207361459732,11.340186914937533
107.16664099693298,12.53484810456416,3.326107718682628,0.4,1.7849922499673319,-0.0781378224492073,11.309971601205559
107.19974446296692,12.51703610974813,3.27681981526223,0.4,1.7795745802778486,-0.0781378224492073,11.279918842952632
107.23303651809692,12.499224114932101,3.2275319118418317,0.4,1.7795745802778486,-0.10819730907678604,11.250029942906167
107.26653981208801,12.48141212011607,3.1782440084214336,0.4,1.7795745802778486,-0.12220745533704758,11.220306210533586
107.30008101463318,12.463600125300042,3.1289561050010355,0.4,1.7728015348615758,-0.1219584196805954,11.19074896193984
107.33319115638733,12.419064829290509,3.0397339416188047,0.4,1.7728015348615758,-0.1219584196805954,11.125742701972436
107.36642742156982,12.392341528097008,2.999799681656972,0.4,1.7728015348615758,-0.13151773810386658,11.090219689958092
107.3999593257904,12.365618226903505,2.9598654216951394,0.4,1.7811799769527241,-0.13407261669635773,11.054791388012083
107.43302249908447,12.338894925710003,2.919931161733307,0.4,1.7811799769527241,-0.1304004192352295,11.019458709632193
107.46642136573792,12.312171624516502,2.879996901771474,0.4,1.7811799769527241,-0.1304004192352295,10.984222577588378
107.49985337257385,12.285448323323,2.8400626418096415,0.4,1.783011668850484,-0.1413453221321106,10.949083923991381
107.53304839134216,12.258725022129497,2.800128381847809,0.4,1.783011668850484,-0.1423596292734146,10.914043690360666
107.56639790534973,12.232001720935996,2.7601941218859762,0.4,1.783011668850484,-0.1423596292734146,10.879102827691593
107.59976553916931,12.205278419742493,2.7202598619241436,0.4,1.7899453118905049,-0.14673744142055511,10.844262296521773
107.63295269012451,12.17855511854899,2.680325601962311,0.4,1.7899453118905049,-0.14673744142055511,10.80952306699657
107.66635870933533,12.151831817355488,2.6403913420004788,0.4,1.7899453118905049,-0.1547384262084961,10.774886118933644
107.70059943199158,12.125108516161987,2.6004570820386457,0.4,1.7934107191526858,-0.15801340341567993,10.740352441886518
107.73306655883789,12.098385214968484,2.5605228220768135,0.4,1.7934107191526858,-0.15801340341567993,10.705923035207062
107.76637864112854,12.071661913774982,2.520588562114981,0.4,1.7934107191526858,-0.15801340341567993,10.671598908106857
107.79996085166931,12.04493861258148,2.480654302153148,0.4,1.78499585814123,-0.15857280790805817,10.637381079717342
107.83298420906067,12.018215311387978,2.4407200421913156,0.4,1.78499585814123,-0.16128917038440704,10.603270579148692
107.86651515960693,11.991492010194476,2.400785782229483,0.4,1.78499585814123,-0.16128917038440704,10.569268445547344
107.89983654022217,11.964768709000975,2.3608515222676503,0.4,1.7824394417835414,-0.16128917038440704,10.535375728152086
107.93299460411072,11.88948708418577,2.2821964651253492,0.4,1.7824394417835414,-0.16128917038440704,10.44668509296396
107.96641612052917,11.84092876056407,2.2434756679448804,0.4,1.7824394417835414,-0.16128917038440704,10.39185775174224
107.99990940093994,11.792370436942369,2.204754870764412,0.4,1.7696865201200727,-0.13980317115783691,10.337112752368988
108.03320455551147,11.743812113320669,2.1660340735839436,0.4,1.7696865201200727,-0.13980317115783691,10.282451410037801
108.06665635108948,11.695253789698967,2.1273132764034752,0.4,1.7696865201200727,-0.13980317115783691,10.227875066026256
108.09991645812988,11.646695466077267,2.0885924792230064,0.4,1.76873273608789,-0.13235735893249512,10.173385088285478
108.13301396369934,11.559324832580707,2.039044507748248,0.4,1.76873273608789,-0.1315014362335205,10.078906234847976
108.16663432121277,11.520512522705848,2.028217333453958,0.4,1.76873273608789,-0.1315014362335205,10.038831339513841
108.19974112510681,11.481700212830988,2.0173901591596684,0.4,1.7625453147336096,-0.11081478744745255,9.998758206985263
108.23335123062134,11.44288790295613,2.0065629848653783,0.4,1.7625453147336096,-0.104656882584095,9.958686858542501
108.26671981811523,11.404075593081272,1.9957358105710883,0.4,1.7625453147336096,-0.104656882584095,9.918617315808747
108.30009126663208,11.365263283206414,1.9849086362767983,0.4,1.7625453147336096,-0.10273774713277817,9.878549600757045
108.33326506614685,11.326450973331553,1.9740814619825084,0.4,1.769687116333282,-0.10273774713277817,9.838483735717372
108.36664986610413,11.287638663456695,1.9632542876882184,0.4,1.769687116333282,-0.10273774713277817,9.798419743383898
108.39980888366699,11.248826353581837,1.9524271133939284,0.4,1.769687116333282,-0.10273774713277817,9.758357646822418
108.433260679245,11.210014043706979,1.9415999390996386,0.4,1.7702075006716618,-0.08618229627609253,9.718297469477962
108.46661710739136,11.17120173383212,1.9307727648053485,0.4,1.7702075006716618,-0.06925571709871292,9.678239235182607
108.4998550415039,11.13238942395726,1.9199455905110585,0.4,1.7702075006716618,-0.06925571709871292,9.638182968163465
108.5330822467804,11.093577114082402,1.9091184162167687,0.4,1.7828774950156787,-0.06197257339954376,9.598128693050882
108.5663206577301,11.054764804207544,1.8982912419224787,0.4,1.7828774950156787,-0.06197257339954376,9.558076434886834
108.59972715377808,11.015952494332685,1.8874640676281889,0.4,1.7774301543801094,-0.04628795012831688,9.518026219133537
108.63300204277039,10.977140184457825,1.8766368933338988,0.4,1.7774301543801094,-0.040223803371191025,9.477978071682266
108.6664206981659,10.938327874582967,1.8658097190396088,0.4,1.7774301543801094,-0.038859087973833084,9.437932018862416
108.69972586631775,10.899515564708109,1.854982544745319,0.4,1.7774301543801094,-0.038859087973833084,9.397888087450763
108.73351740837097,10.86070325483325,1.844155370451029,0.4,1.7719327043677908,-0.038859087973833084,9.357846304680985
108.76643586158752,10.82189094495839,1.833328196156739,0.4,1.7719327043677908,-0.038859087973833084,9.317806698253412
108.79978728294373,10.783078635083532,1.822501021862449,0.4,1.7719327043677908,-0.038859087973833084,9.277769296345046
108.83339643478394,10.656045630697497,1.8107778063412399,0.4,1.7599753038918085,-0.011667422950267792,9.150485136588795
108.86645722389221,10.56782493618632,1.8098817651143206,0.4,1.7599753038918085,0.0029934693593531847,9.06325504688758
108.89973950386047,10.47960424167514,1.8089857238874016,0.4,1.7599753038918085,0.0029934693593531847,8.976044409571164
108.93328428268433,10.391383547163963,1.8080896826604824,0.4,1.7566624762166931,0.034743018448352814,8.888853797195347
108.96661448478699,10.251188126862392,1.8142597231123503,0.4,1.7566624762166931,0.034743018448352814,8.751601030505778
109.0000479221344,10.199213401071999,1.8213258047911374,0.4,1.7566624762166931,0.034743018448352814,8.701546184251846
109.03308367729187,10.147238675281605,1.8283918864699245,0.4,1.7609576985639388,0.05462626740336418,8.651519750855824
109.06642770767212,10.09526394949121,1.8354579681487115,0.4,1.7609576985639388,0.059503208845853806,8.60152222606508
109.09973239898682,10.043289223700816,1.8425240498274986,0.4,1.7609576985639388,0.059503208845853806,8.551554116930866
109.13322448730469,9.991314497910423,1.8495901315062857,0.4,1.769118132013938,0.059503208845853806,8.501615942123328
109.16642189025879,9.939339772120029,1.8566562131850728,0.4,1.769118132013938,0.059503208845853806,8.451708232256738
109.19975471496582,9.887365046329634,1.8637222948638599,0.4,1.769118132013938,0.059503208845853806,8.4018315302254
109.23301291465759,9.835390320539242,1.870788376542647,0.4,1.7726723796053077,0.06987017393112183,8.351986391550552
109.26638317108154,9.783415594748847,1.877854458221434,0.4,1.7726723796053077,0.06987017393112183,8.302173384738726
109.2999792098999,9.731440868958453,1.8849205399002211,0.4,1.779682658229561,0.07528259605169296,8.252393091651967
109.33329629898071,9.67946614316806,1.8919866215790082,0.4,1.779682658229561,0.0756586343050003,8.20264610789035
109.36670851707458,9.627491417377666,1.8990527032577953,0.4,1.779682658229561,0.0756586343050003,8.15293304318727
109.39998984336853,9.575516691587271,1.9061187849365824,0.4,1.779682658229561,0.0756586343050003,8.10325452181798
109.43298482894897,9.523541965796877,1.9131848666153695,0.4,1.783386647832756,0.0756586343050003,8.053611183021863
109.46631288528442,9.471567240006484,1.9202509482941565,0.4,1.783386647832756,0.0756586343050003,8.004003681438972
109.50001120567322,9.368673252068408,1.9259227963200631,0.4,1.7678900138456513,0.07760535925626755,7.904247284081011
109.53311944007874,9.317753989920725,1.9245285626671824,0.4,1.7678900138456513,0.07760535925626755,7.854071574995312
109.56663107872009,9.266834727773043,1.923134329014302,0.4,1.7678900138456513,0.07760535925626755,7.803905747296476
109.59991097450256,9.21591546562536,1.9217400953614212,0.4,1.7678900138456513,0.07760535925626755,7.753749992778645
109.63299870491028,9.164996203477678,1.9203458617085407,0.4,1.7657314479520878,0.07250429689884186,7.703604508191801
109.66644620895386,9.114076941329994,1.91895162805566,0.4,1.7657314479520878,0.05375857651233673,7.653469495401513
109.69977116584778,9.063157679182313,1.9175573944027795,0.4,1.7647638774146437,0.045163508504629135,7.6033451615548975
109.73303151130676,9.012238417034629,1.916163160749899,0.4,1.7647638774146437,0.043397944420576096,7.553231719252977
109.76641750335693,8.961319154886947,1.9147689270970183,0.4,1.7647638774146437,0.043397944420576096,7.503129386729822
109.80012011528015,8.910399892739264,1.9133746934441378,0.4,1.7647638774146437,0.043397944420576096,7.4530383880386815
109.83343505859375,8.859480630591582,1.911980459791257,0.4,1.7647638774146437,0.043397944420576096,7.4029589532455295
109.86629986763,8.808561368443899,1.9105862261383766,0.4,1.7634211161745652,0.04306025430560112,7.352891318630265
109.89987063407898,8.757642106296217,1.9091919924854959,0.4,1.7827459362616966,0.03183013200759888,7.302835726896012
109.93301892280579,8.706722844148533,1.9077977588326154,0.4,1.7827459362616966,0.03183013200759888,7.252792427386817
109.96638703346252,8.655803582000852,1.9064035251797349,0.4,1.7827459362616966,0.02280663326382637,7.202761676314205
109.99988079071045,8.604884319853168,1.9050092915268542,0.4,1.7827459362616966,0.02280663326382637,7.152743736992954
110.03310298919678,8.553965057705486,1.9036150578739737,0.4,1.7827459362616966,0.02280663326382637,7.10273888008658
110.06712627410889,8.503045795557803,1.902220824221093,0.4,1.7871178077737815,0.019086314365267754,7.0527473838629335
110.09972786903381,8.452126533410121,1.9008265905682125,0.4,1.7878853829539658,0.010729407891631126,7.002769534460467
110.133061170578,8.40120727126244,1.8994323569153317,0.4,1.7878853829539658,0.006837301421910524,6.95280562616561
110.16658926010132,8.288546681504517,1.890821027852357,0.4,1.7878853829539658,0.004973654635250568,6.841067027358246
110.19972705841064,8.22680535389428,1.8836039324422624,0.4,1.786543237771328,-0.009934303350746632,6.779284908721269
110.23325562477112,8.16506402628404,1.8763868370321681,0.4,1.786543237771328,-0.016600873321294785,6.717509793846688
110.26629567146301,8.103322698673804,1.8691697416220738,0.4,1.786543237771328,-0.018059857189655304,6.655741877750283
110.29976010322571,8.041581371063565,1.8619526462119795,0.4,1.7658034576969717,-0.01943100430071354,6.5939813627317765
110.33308625221252,7.979840043453327,1.854735550801885,0.4,1.7658034576969717,-0.01943100430071354,6.5322284587169515
110.36617946624756,7.918098715843088,1.8475184553917907,0.4,1.7658034576969717,-0.01943100430071354,6.470483383619165
110.39979028701782,7.85635738823285,1.8403013599816964,0.4,1.7673399960668408,-0.02389862760901451,6.408746363721557
110.43302798271179,7.794616060622612,1.833084264571602,0.4,1.7673399960668408,-0.023118307814002037,6.3470176340813245
110.46626663208008,7.732874733012374,1.8258671691615076,0.4,1.7673399960668408,-0.023118307814002037,6.285297438957585
110.49973917007446,7.671133405402136,1.8186500737514133,0.4,1.7748899690802389,-0.0226107407361269,6.223586032264416
110.53315377235413,7.609392077791898,1.811432978341319,0.4,1.7748899690802389,-0.022433295845985413,6.161883678050824
110.56616139411926,7.54765075018166,1.8042158829312245,0.4,1.7748899690802389,-0.021982083097100258,6.100190651009528
110.5997040271759,7.442114746065977,1.7907942148738802,0.4,1.7864239879269264,-0.021982083097100258,5.9944995863281
110.63314938545227,7.398320069560533,1.7845896422266303,0.4,1.7864239879269264,-0.021982083097100258,5.950495262606133
110.66635322570801,7.35452539305509,1.7783850695793801,0.4,1.7864239879269264,-0.00766462879255414,5.906494340209954
110.70070743560791,7.310730716549645,1.7721804969321302,0.4,1.7864239879269264,-0.004336704965680838,5.862496895725429
110.73312568664551,7.2669360400442,1.7659759242848803,0.4,1.7864239879269264,-0.004336704965680838,5.818503008048743
110.7665753364563,7.2231413635387565,1.7597713516376303,0.4,1.7864239879269264,-0.004336704965680838,5.774512758473927
110.79983115196228,7.179346687033313,1.7535667789903804,0.4,0.0,-0.004336704965680838,5.730526230784391
110.83309435844421,7.135552010527868,1.7473622063431302,0.4,0.0,-0.004336704965680838,5.686543511348669
110.86682438850403,7.091757334022423,1.7411576336958803,0.4,1.7919785726333963,-0.004336704965680838,5.642564689220606
110.89974021911621,6.995871909001238,1.72788062160243,0.4,1.7696430029048533,0.0033152957912534475,5.5463662496798
110.93304705619812,6.943781160485496,1.7208081821562295,0.4,1.7696430029048533,0.009029560722410679,5.494149224738522
110.9665834903717,6.891690411969756,1.7137357427100293,0.4,1.7696430029048533,0.010349306277930737,5.441938970878298
110.99992680549622,6.839599663454014,1.7066633032638288,0.4,1.7751131039483803,0.007645275443792343,5.38973568487308
111.03310990333557,6.787508914938273,1.6995908638176285,0.4,1.7751131039483803,0.007645275443792343,5.337539571168154
111.06641435623169,6.735418166422531,1.6925184243714282,0.4,1.7751131039483803,0.01195582840591669,5.285350842256251
111.09969305992126,6.68332741790679,1.6854459849252277,0.4,1.775166474333329,0.013293293304741383,5.233169719075916
111.13342952728271,6.631236669391049,1.6783735454790274,0.4,1.775166474333329,0.013402032665908337,5.180996431433692
111.16649961471558,6.579145920875307,1.6713011060328269,0.4,1.775166474333329,0.013402032665908337,5.128831218451771
111.20008707046509,6.527055172359566,1.6642286665866266,0.4,1.7686210395726918,0.01579056866466999,5.076674329042944
111.23312020301819,6.474964423843825,1.657156227140426,0.4,1.7686210395726918,0.016029659658670425,5.024526022414759
111.26653861999512,6.422873675328083,1.6500837876942258,0.4,1.7686210395726918,0.016029659658670425,4.9723865686050415
111.2997465133667,6.370782926812342,1.6430113482480255,0.4,1.7772796717683395,0.015874922275543213,4.920256249051045
111.33329939842224,6.3186921782966,1.635938908801825,0.4,1.7772796717683395,0.015245351940393448,4.868135357194703
111.36664009094238,6.266601429780859,1.6288664693556247,0.4,1.7772796717683395,0.015245351940393448,4.816024199126687
111.3999879360199,6.214510681265118,1.6217940299094242,0.4,1.7901029351087732,0.014431721530854702,4.763923094272178
111.4333004951477,6.12220365681603,1.6053108334280357,0.4,1.7901029351087732,0.014431721530854702,4.670564336767726
111.46665525436401,6.081987380882684,1.5959000763928475,0.4,1.7901029351087732,0.014431721530854702,4.629296915245545
111.49996638298035,6.041771104949338,1.5864893193576592,0.4,1.7808834259957775,0.004980750381946564,4.5880301282263956
111.53339314460754,6.001554829015992,1.5770785623224708,0.4,1.7808834259957775,0.004980750381946564,4.546763992986679
111.56640601158142,5.961338553082646,1.5676678052872826,0.4,1.7808834259957775,0.004980750381946564,4.5054985274354555
111.59997415542603,5.9211222771493,1.5582570482520943,0.4,1.7882230265112127,0.002766821999102831,4.464233750143668
111.63361239433289,5.880906001215954,1.548846291216906,0.4,1.7882230265112127,-0.0028445387724786997,4.422969680374983
111.66681146621704,5.840689725282608,1.5394355341817179,0.4,1.7882230265112127,-0.0028445387724786997,4.3817063381183825
111.70002031326294,5.800473449349262,1.5300247771465296,0.4,1.780933203584812,-0.004796827677637339,4.340443744122607
111.73339080810547,5.7602571734159165,1.5206140201113414,0.4,1.780933203584812,-0.004796827677637339,4.299181919932581
111.76651072502136,5.72004089748257,1.511203263076153,0.4,1.780933203584812,-0.004796827677637339,4.257920887927951
111.79998779296875,5.6798246215492245,1.5017925060409647,0.4,1.7640701652907296,-0.013822189532220364,4.216660671363889
111.8332622051239,5.639608345615878,1.4923817490057765,0.4,1.7640701652907296,-0.013822189532220364,4.1754012944143
111.86630892753601,5.599392069682533,1.4829709919705882,0.4,1.7640701652907296,-0.013822189532220364,4.134142782217628
111.89998006820679,5.559175793749186,1.4735602349354,0.4,1.7669940711352445,-0.013822189532220364,4.092885160925413
111.93308424949646,5.518959517815841,1.4641494779002118,0.4,1.7669940711352445,-0.013822189532220364,4.051628457753825
111.96706414222717,5.478743241882494,1.4547387208650235,0.4,1.7669940711352445,-0.013822189532220364,4.010372701038354
111.99982166290283,5.438526965949149,1.4453279638298353,0.4,1.7657503860731185,-0.013822189532220364,3.9691179202919304
112.03397226333618,5.398310690015802,1.4359172067946468,0.4,1.7657503860731185,-0.013822189532220364,3.9278641462666775
112.06669569015503,5.358094414082457,1.4265064497594586,0.4,1.7657503860731185,-0.032890211790800095,3.886611411019607
112.09990191459656,5.254569544010393,1.4060766793115314,0.4,1.762438506542891,-0.032890211790800095,3.781476701667677
112.13299560546875,5.191260949871677,1.3950576658987925,0.4,1.762438506542891,-0.032926980406045914,3.717606661900033
112.16664457321167,5.12795235573296,1.3840386524860535,0.4,1.762438506542891,-0.032926980406045914,3.6537503107695213
112.19978475570679,5.064643761594243,1.3730196390733145,0.4,1.7707237029848815,-0.050705861300230026,3.5899083787459065
112.23326802253723,5.001335167455527,1.3620006256605754,0.4,1.7707237029848815,-0.05694889277219772,3.526081649030348
112.2664532661438,4.93802657331681,1.3509816122478366,0.4,1.7707237029848815,-0.05694889277219772,3.4622709623834926
112.29971647262573,4.874717979178094,1.3399625988350976,0.4,1.7729097413168988,-0.06059360131621361,3.3984772224918727
112.33298921585083,4.811409385039377,1.3289435854223586,0.4,1.7729097413168988,-0.06171258166432381,3.3347014019436663
112.36644458770752,4.74810079090066,1.3179245720096198,0.4,1.7729097413168988,-0.06171258166432381,3.2709445488957543
112.39980459213257,4.6847921967619435,1.3069055585968807,0.4,1.7598518537792573,-0.06171258166432381,3.207207794526803
112.43304228782654,4.621483602623226,1.2958865451841417,0.4,1.7598518537792573,-0.062494926154613495,3.143492361386125
112.46644139289856,4.558175008484509,1.2848675317714027,0.4,1.7598518537792573,-0.06338963657617569,3.0797995727659266
112.49974751472473,4.494866414345793,1.2738485183586639,0.4,1.7624545748312002,-0.06304774433374405,3.0161308632455377
112.53317356109619,4.379437042690813,1.258877037038966,0.4,1.7624545748312002,-0.06304774433374405,2.9017026517581246
112.56663751602173,4.32731626517455,1.254924569132007,0.4,1.7624545748312002,-0.06304774433374405,2.8509712029080534
112.59972953796387,4.275195487658286,1.2509721012250479,0.4,1.7624545748312002,-0.06304774433374405,2.8002963620489822
112.63311910629272,4.223074710142023,1.247019633318089,0.4,1.750097751794329,-0.053364720195531845,2.7496812589282866
112.66668915748596,4.170953932625759,1.24306716541113,0.4,1.750097751794329,-0.053364720195531845,2.6991292542227456
112.70003509521484,4.118833155109495,1.2391146975041711,0.4,1.750097751794329,-0.053364720195531845,2.6486439608228847
112.73306083679199,4.066712377593232,1.235162229597212,0.4,1.7552042407105126,-0.06023532897233963,2.598229267464469
112.7665205001831,4.014591600076969,1.231209761690253,0.4,1.7552042407105126,-0.06023532897233963,2.547889365007295
112.79987931251526,3.9624708225607055,1.2272572937832942,0.4,1.7552042407105126,-0.06023532897233963,2.4976287757047713
112.83301401138306,3.910350045044442,1.2233048258763353,0.4,1.7631870402720242,-0.0630422905087471,2.4474523858581314
112.8664186000824,3.858229267528179,1.2193523579693761,0.4,1.7631870402720242,-0.0630422905087471,2.397365482307551
112.89986181259155,3.806108490011915,1.2153998900624172,0.4,1.7631870402720242,-0.0630422905087471,2.3473737932804144
112.93323469161987,3.7539877124956518,1.2114474221554583,0.4,1.7748287985429836,-0.0763794332742691,2.297483534196178
112.96697902679443,3.7018669349793885,1.2074949542484994,0.4,1.7748287985429836,-0.08633368462324142,2.2477014591195936
112.99978995323181,3.6497461574631247,1.2035424863415405,0.4,1.7748287985429836,-0.08633368462324142,2.198034918661906
113.03315925598145,3.5976253799468614,1.1995900184345814,0.4,1.772670067511322,-0.09030948579311371,2.148491925255634
113.06643438339233,3.5084415078802427,1.1976340681368014,0.4,1.772670067511322,-0.09030948579311371,2.065986953722777
113.09978675842285,3.471378413329887,1.1996305857459801,0.4,1.783756582168471,-0.09774338454008102,2.033031605018151
113.13302254676819,3.4343153187795314,1.201627103355159,0.4,1.783756582168471,-0.09886682033538818,2.0002220474669965
113.16671109199524,3.3972522242291756,1.2036236209643378,0.4,1.783756582168471,-0.08197212219238281,1.9675655743745553
113.19971108436584,3.36018912967882,1.2056201385735168,0.4,1.767423968606133,-0.08197212219238281,1.9350699361715868
113.23302030563354,3.3231260351284644,1.2076166561826958,0.4,1.767423968606133,-0.08197212219238281,1.9027433732394834
113.26669025421143,3.286062940578109,1.2096131737918745,0.4,1.767423968606133,-0.08197212219238281,1.870594651189523
113.30007410049438,3.248999846027753,1.2116096914010535,0.4,1.767423968606133,-0.08197212219238281,1.8386330987533541
113.33293986320496,3.2119367514773978,1.2136062090102324,0.4,1.7678502198675432,-0.07984526455402374,1.8068686484424636
113.36699318885803,3.174873656927042,1.2156027266194112,0.4,1.7678502198675432,-0.07984526455402374,1.7753118801319538
113.40001559257507,3.1378105623766865,1.2175992442285901,0.4,1.7678502198675432,-0.07984526455402374,1.74397406771759
113.43297982215881,3.1007474678263307,1.2195957618377689,0.4,1.7608412444270216,-0.07797650247812271,1.7128672289835087
113.46666216850281,3.0636843732759753,1.2215922794469478,0.4,1.7608412444270216,-0.07797650247812271,1.6820041787998854
113.49971222877502,3.02662127872562,1.2235887970561268,0.4,1.7733551983579818,-0.07797650247812271,1.65139858574341
113.53327465057373,2.989558184175264,1.2255853146653055,0.4,1.7733551983579818,-0.07833871990442276,1.6210650321966777
113.56668090820312,2.9524950896249083,1.2275818322744845,0.4,1.7733551983579818,-0.07833871990442276,1.5910190779329838
113.5997405052185,2.915431995074553,1.2295783498836634,0.4,1.7733551983579818,-0.07833871990442276,1.5612773271277123
113.63320469856262,2.8783689005241975,1.2315748674928422,0.4,1.776447328092161,-0.07833871990442276,1.5318574986531255
113.66673564910889,2.8413058059738416,1.2335713851020211,0.4,1.776447328092161,-0.07833871990442276,1.5027784994060138
113.69982266426086,2.804242711423486,1.2355679027111999,0.4,1.776447328092161,-0.07833871990442276,1.4740605002830092
113.73320651054382,2.7082833959053505,1.2595685445100389,0.4,1.7909564218337741,-0.08099339157342911,1.4135179145414252
113.76654386520386,2.64938717493757,1.2815726686996987,0.4,1.7909564218337741,-0.09158656001091003,1.3834199887516918
113.79996991157532,2.5904909539697902,1.3035767928893587,0.4,1.7914950890937933,-0.06308436393737793,1.3555717349064205
113.83323431015015,2.53159473300201,1.3255809170790187,0.4,1.7914950890937933,-0.06343912333250046,1.3301144628669943
113.86658811569214,2.47269851203423,1.3475850412686785,0.4,1.7914950890937933,-0.06343912333250046,1.3071878720482308
113.90000915527344,2.4138022910664496,1.3695891654583385,0.4,1.7914950890937933,-0.06343912333250046,1.28692722171197
113.93318200111389,2.3549060700986697,1.3915932896479983,0.4,1.7873567407627609,-0.06778645515441895,1.2694601639231844
113.96665072441101,2.29600984913089,1.4135974138376584,0.4,1.7873567407627609,-0.06778645515441895,1.2549033565353729
113.99994683265686,2.2371136281631094,1.4356015380273184,0.4,1.7785491608016668,-0.08359603583812714,1.2433590202957834
114.03314518928528,2.1782174071953295,1.4576056622169782,0.4,1.7785491608016668,-0.08359603583812714,1.2349116426325066
114.06663489341736,2.119321186227549,1.4796097864066382,0.4,1.7785491608016668,-0.08359603583812714,1.229625052411921
114.0997052192688,2.0604249652597693,1.5016139105962982,0.4,1.7785491608016668,-0.08359603583812714,1.2275400875653728
114.13320994377136,2.0015287442919893,1.523618034785958,0.4,1.7785491608016668,-0.08359603583812714,1.2286730469462839
114.16642093658447,1.9047144073271962,1.5696139411818097,0.4,1.7800817067444175,-0.10448001325130463,1.2470614985373518
114.1999876499176,1.8667962913301834,1.5936057233880017,0.4,1.7809507655597132,-0.11231451481580734,1.2625471879819106
114.23327589035034,1.8288781753331707,1.6175975055941934,0.4,1.7809507655597132,-0.11266867816448212,1.2794198688844165
114.2666711807251,1.7909600593361579,1.6415892878003853,0.4,1.7809507655597132,-0.10473334044218063,1.2976254383217796
114.29979538917542,1.753041943339145,1.665581070006577,0.4,1.7809507655597132,-0.10473334044218063,1.3171086263978942
114.33331441879272,1.7151238273421323,1.6895728522127689,0.4,1.7809507655597132,-0.10473334044218063,1.3378136146534352
114.36657428741455,1.6772057113451198,1.7135646344189606,0.4,1.7819496286943404,-0.10473334044218063,1.3596845882927466
114.40000247955322,1.639287595348107,1.7375564166251523,0.4,1.7925114196461214,-0.10424081981182098,1.3825582772788172
114.43319606781006,1.6013694793510942,1.7615481988313442,0.4,1.7925114196461214,-0.1076534166932106,1.405013857139897
114.46641492843628,1.5287532697780164,1.8208747887369465,0.4,1.7925114196461214,-0.1076534166932106,1.46357245288877
114.49973917007446,1.4940551762019512,1.8562095964363572,0.4,1.7925114196461214,-0.1076534166932106,1.498827559754206
114.53313779830933,1.4593570826258861,1.8915444041357679,0.4,1.7925114196461214,-0.1076534166932106,1.534870937756195
114.56630873680115,1.4246589890498211,1.9268792118351785,0.4,1.797759936925171,-0.09164844453334808,1.5707589496155987
114.5999743938446,1.3899608954737561,1.9622140195345892,0.4,1.7949366086468526,-0.09164844453334808,1.6070630134458992
114.633469581604,1.355262801897691,1.9975488272339998,0.4,1.7949366086468526,-0.07428870350122452,1.644057296215696
114.66654586791992,1.3205647083216259,2.0328836349334107,0.4,1.7949366086468526,-0.06415224820375443,1.6808135521986465
114.69998931884766,1.2858666147455609,2.0682184426328214,0.4,1.7817833697564314,-0.06310112029314041,1.7180191601404926
114.7336266040802,1.2511685211694958,2.103553250332232,0.4,1.7817833697564314,-0.06310112029314041,1.7558332735857896
114.76655006408691,1.2164704275934306,2.1388880580316427,0.4,1.7817833697564314,-0.02992543950676918,1.7934684617553152
114.79985356330872,1.1817723340173656,2.1742228657310534,0.4,1.7806627581757553,-0.01836000755429268,1.8314541762174723
114.83330011367798,1.1470742404413006,2.209557673430464,0.4,1.7806627581757553,-0.016926413401961327,1.869979863133237
114.86663222312927,1.1123761468652356,2.2448924811298747,0.4,1.7806627581757553,-0.016926413401961327,1.9084916219291148
114.90000367164612,1.0776780532891705,2.2802272888292854,0.4,1.7788430278600962,0.02312396839261055,1.9471567036233879
114.9332160949707,1.0429799597131053,2.315562096528696,0.4,1.7788430278600962,0.04304710030555725,1.9863039038936887
114.96664667129517,1.0082818661370403,2.3508969042281067,0.4,1.7788430278600962,0.043791595846414566,2.025679032339185
114.99993395805359,0.9468165415828974,2.420411800063108,0.4,1.781719030499418,0.043791595846414566,2.1023780292640213
115.03326749801636,0.9200493106048196,2.454591888198699,0.4,1.781719030499418,0.07421611994504929,2.140042492476386
115.06659150123596,0.8932820796267419,2.4887719763342897,0.4,1.781719030499418,0.0860271155834198,2.1778849413537475
115.09999012947083,0.8665148486486641,2.52295206446988,0.4,1.781719030499418,0.0860271155834198,2.215457156103416
115.13318657875061,0.8397476176705865,2.5571321526054707,0.4,1.781719030499418,0.0860271155834198,2.253239341357823
115.16646599769592,0.8129803866925087,2.5913122407410616,0.4,1.7851175642621349,0.0860271155834198,2.2912211099136246
115.19993424415588,0.786213155714431,2.6254923288766525,0.4,1.793036138698535,0.08762162923812866,2.329392698911754
115.23329305648804,0.7594459247363532,2.659672417012243,0.4,1.793036138698535,0.14373593032360077,2.3676818370293367
115.26663303375244,0.7326786937582754,2.6938525051478335,0.4,1.793036138698535,0.14373593032360077,2.405759951411
115.29987001419067,0.6750519906606812,2.7568111442124743,0.4,1.790401053870961,0.14373593032360077,2.477887005603178
115.33354687690735,0.6441925185411648,2.785589695141524,0.4,1.790401053870961,0.18197612464427948,2.5120101346758976
115.36655569076538,0.6133330464216484,2.814368246070574,0.4,1.790401053870961,0.18197612464427948,2.5460939893025536
115.40002202987671,0.582473574302132,2.8431467969996236,0.4,1.7926707262223633,0.15150201320648193,2.580196864758331
115.43320322036743,0.5516141021826155,2.8719253479286735,0.4,1.7926707262223633,0.15150201320648193,2.6145359327194173
115.46666407585144,0.5207546300630992,2.9007038988577234,0.4,1.7926707262223633,0.15150201320648193,2.6491020082434367
115.49994277954102,0.48989515794358274,2.9294824497867733,0.4,1.7836730957727878,0.24906599521636963,2.683758574358272
115.53306531906128,0.4590356858240663,2.958261000715823,0.4,1.7836730957727878,0.24906599521636963,2.7182976234000598
115.56657791137695,0.42817621370454984,2.987039551644873,0.4,1.7836730957727878,0.24906599521636963,2.753050104402283
115.59998345375061,0.39731674158503344,3.015818102573923,0.4,1.799353071589727,0.24906599521636963,2.788008036097201
115.63285160064697,0.36645726946551704,3.044596653502973,0.4,1.799353071589727,0.24906599521636963,2.8231637864923567
115.66644048690796,0.3355977973460006,3.0733752044320224,0.4,1.799353071589727,0.24906599521636963,2.858132685053952
115.69998550415039,0.30473832522648414,3.1021537553610723,0.4,1.7936024206482621,0.24906599521636963,2.8932520827503057
115.73325872421265,0.27387885310696775,3.130932306290122,0.4,1.7936024206482621,0.24906599521636963,2.9285583155078867
115.76668286323547,0.24301938098745135,3.159710857219172,0.4,1.7936024206482621,0.24906599521636963,2.964044706874028
115.79985284805298,0.2121599088679349,3.188489408148222,0.4,1.7950450037942354,0.24906599521636963,2.9995332121912637
115.83416891098022,0.18130043674841845,3.217267959077272,0.4,1.7950450037942354,0.24906599521636963,3.034979731272576
115.86913084983826,0.150440964628902,3.2460465100063214,0.4,1.7950450037942354,0.24906599521636963,3.0705969242898714
115.90038514137268,0.11958149250938566,3.2748250609353713,0.4,1.784824021236795,0.24906599521636963,3.106378920496922
115.93304300308228,0.0887220203898692,3.303603611864421,0.4,1.784824021236795,0.24906599521636963,3.1423200899944885
115.96671676635742,0.014464312980676228,3.335090372713686,0.4,1.784824021236795,0.24906599521636963,3.192259478707025
115.99977660179138,-0.02893392230900025,3.3377985826339005,0.4,1.7948679322599994,0.24906599521636963,3.2069030523336215
116.03327560424805,-0.07233215759867673,3.340506792554115,0.4,1.7948679322599994,0.24906599521636963,3.2214828660723724
116.06644797325134,-0.11573039288835321,3.3432150024743303,0.4,1.7948679322599994,0.24906599521636963,3.2365812222441597
116.10008072853088,-0.1591286281780297,3.345923212394545,0.4,1.7858876050936128,0.24906599521636963,3.2517025253317517
116.13300514221191,-0.20252686346770615,3.3486314223147597,0.4,1.7858876050936128,0.24906599521636963,3.267188949656596
116.16680812835693,-0.24592509875738267,3.3513396322349744,0.4,1.7858876050936128,0.24906599521636963,3.282835493710842
116.19971966743469,-0.2893233340470591,3.354047842155189,0.4,1.7779074428133501,0.24906599521636963,3.298702337555368
116.23305678367615,-0.3327215693367356,3.3567560520754043,0.4,1.7779074428133501,0.24906599521636963,3.314797788351118
116.26670098304749,-0.3761198046264121,3.359464261995619,0.4,1.7779074428133501,0.24906599521636963,3.331037095283291
116.2996973991394,-0.41951803991608855,3.3621724719158337,0.4,1.7742462625746314,0.24906599521636963,3.347504533295015
116.33367085456848,-0.462916275205765,3.3648806818360484,0.4,1.7742462625746314,0.24906599521636963,3.3641081044628147
116.3665018081665,-0.5063145104954414,3.367588891756263,0.4,1.7742462625746314,0.24906599521636963,3.3808700807886436
116.4000735282898,-0.549712745785118,3.370297101676478,0.4,1.7733022855519325,0.24906599521636963,3.3978295356177464
116.43341708183289,-0.5931109810747944,3.3730053115966925,0.4,1.7733022855519325,0.24906599521636963,3.41480812596206
116.4665093421936,-0.6365092163644709,3.3757135215169076,0.4,1.7733022855519325,0.24906599521636963,3.4320464008365725
116.49979591369629,-0.6799074516541473,3.3784217314371223,0.4,1.7773562837263124,0.24906599521636963,3.449231814214212
116.53318929672241,-0.7738655015985941,3.3348145917031884,0.4,1.7773562837263124,0.24906599521636963,3.4402673324779722
116.56652069091797,-0.8244253162533643,3.2884992420490393,0.4,1.7773562837263124,0.24906599521636963,3.4140382492606425
116.59996724128723,-0.8749851309081347,3.2421838923948907,0.4,1.7902547763202585,0.24906599521636963,3.387423975096109
116.63306021690369,-0.925544945562905,3.1958685427407416,0.4,1.7902547763202585,0.2350386679172516,3.3602716246282975
116.66658782958984,-0.9761047602176753,3.149553193086593,0.4,1.7902547763202585,0.2350386679172516,3.331459584893586
116.69968581199646,-1.0266645748724457,3.1032378434324444,0.4,1.7866493590940904,0.22592130303382874,3.3020077587367247
116.73323035240173,-1.077224389527216,3.0569224937782953,0.4,1.7866493590940904,0.21758267283439636,3.2737272831863575
116.76672887802124,-1.127784204181986,3.0106071441241467,0.4,1.7866493590940904,0.21758267283439636,3.246648768121207
116.80016660690308,-1.1783440188367567,2.9642917944699976,0.4,1.783758196546264,0.21758267283439636,3.2208025297043896
116.83329033851624,-1.2289038334915268,2.917976444815849,0.4,1.783758196546264,0.21758267283439636,3.1962184625116694
116.86672902107239,-1.279463648146297,2.8716610951617003,0.4,1.783758196546264,0.20587711036205292,3.172925904869786
116.89975905418396,-1.3300234628010674,2.8253457455075512,0.4,1.783758196546264,0.20587711036205292,3.1509534982969924
116.93299293518066,-1.3833138416401765,2.7391888811410667,0.4,1.7813874294278205,0.20587711036205292,3.095635303354743
116.9664466381073,-1.3860444058245152,2.699347366428731,0.4,1.7813874294278205,0.20587711036205292,3.061069348331349
116.99973726272583,-1.3887749700088536,2.6595058517163945,0.4,1.7813874294278205,0.20587711036205292,3.0266355551605284
117.03311252593994,-1.3915055341931923,2.6196643370040587,0.4,1.77503622501672,0.17867787182331085,2.9923384863315063
117.06645965576172,-1.394236098377531,2.5798228222917228,0.4,1.77503622501672,0.17867787182331085,2.958182897379784
117.09973359107971,-1.3969666625618697,2.539981307579387,0.4,1.77503622501672,0.17867787182331085,2.924173745944392
117.13302683830261,-1.3996972267462082,2.500139792867051,0.4,1.778136363893714,0.1597570776939392,2.8903162012384276
117.16652178764343,-1.402427790930547,2.4602982781547147,0.4,1.778136363893714,0.1597570776939392,2.856615653944872
117.19979166984558,-1.4051583551148856,2.420456763442379,0.4,1.777215919003612,0.15350589156150818,2.823077726548654
117.23301386833191,-1.4078889192992243,2.380615248730043,0.4,1.777215919003612,0.14772340655326843,2.789708284114672
117.26644945144653,-1.410619483483563,2.340773734017707,0.4,1.777215919003612,0.14772340655326843,2.756513445519831
117.29996466636658,-1.4133500476679015,2.3009322193053707,0.4,1.777215919003612,0.14772340655326843,2.723499595145163
117.33324670791626,-1.4160806118522402,2.261090704593035,0.4,1.777821077602361,0.14427049458026886,2.690673395031586
117.3665018081665,-1.418811176036579,2.221249189880699,0.4,1.777821077602361,0.12748323380947113,2.658041797499884
117.39983081817627,-1.4215417402209176,2.181407675168363,0.4,1.777821077602361,0.12748323380947113,2.62561205823189
117.43306565284729,-1.4242723044052563,2.141566160456027,0.4,1.7835387252438055,0.1311805695295334,2.593391749805583
117.466379404068,-1.4270028685895948,2.101724645743691,0.4,1.7835387252438055,0.1311805695295334,2.5613887756717646
117.50001955032349,-1.4297334327739335,2.061883131031355,0.4,1.7835387252438055,0.1311805695295334,2.5296113845540815
117.53327894210815,-1.4324639969582722,2.022041616319019,0.4,1.7879651205029912,0.12010069936513901,2.498068185247274
117.56645345687866,-1.435194561142611,1.982200101606683,0.4,1.7879651205029912,0.12010069936513901,2.466768161780567
117.59995865821838,-1.4379251253269494,1.9423585868943471,0.4,1.7751638364564812,0.12010069936513901,2.435720688903927
117.63320517539978,-1.440655689511288,1.902517072182011,0.4,1.7751638364564812,0.12010069936513901,2.4049355478443992
117.666672706604,-1.3949918538393953,1.7577744757029703,0.4,1.7751638364564812,0.12010069936513901,2.26146194686916
117.69997024536133,-1.346597453983164,1.6528733939362654,0.4,1.7751638364564812,0.12010069936513901,2.1487737143063037
117.73307156562805,-1.2982030541269327,1.5479723121695608,0.4,1.7756432022012574,0.10998094081878662,2.0364035266215548
117.76652717590332,-1.2238121870665113,1.4151777982500429,0.4,1.7756432022012574,0.10998094081878662,1.8863544800947494
117.79996848106384,-1.1978157198623216,1.3872843660972298,0.4,1.7685059319771803,0.11013396084308624,1.8483050310783529
117.8334276676178,-1.1718192526581317,1.3593909339444168,0.4,1.7685059319771803,0.10068300366401672,1.8102589513586984
117.8666684627533,-1.1458227854539418,1.3314975017916038,0.4,1.7685059319771803,0.10068300366401672,1.7722164579327666
117.9000780582428,-1.119826318249752,1.3036040696387907,0.4,1.7685059319771803,0.10068300366401672,1.7341777868171282
117.93310546875,-1.0938298510455622,1.2757106374859775,0.4,1.7768349461233206,0.10068300366401672,1.6961431951757102
117.96665596961975,-1.0678333838413723,1.2478172053331646,0.4,1.7768349461233206,0.10068300366401672,1.6581129637393552
117.99974036216736,-1.0418369166371826,1.2199237731803514,0.4,1.7816598609201195,0.10909343510866165,1.6200873995648728
118.03312683105469,-1.0158404494329927,1.1920303410275384,0.4,1.7816598609201195,0.1203562468290329,1.5820668391904182
118.06645584106445,-0.9898439822288029,1.1641369088747253,0.4,1.7816598609201195,0.1203562468290329,1.5440516522551222
118.10000801086426,-0.9638475150246131,1.1362434767219123,0.4,1.7816598609201195,0.1203562468290329,1.5060422456645464
118.13294553756714,-0.9378510478204232,1.1083500445690992,0.4,1.7868016910639,0.12300556153059006,1.4680390684002829
118.16659998893738,-0.9118545806162334,1.0804566124162862,0.3983458864597563,1.7868016910639,0.11906015872955322,1.430042617092776
118.199716091156,-0.8858581134120436,1.0525631802634732,0.3913890114795614,1.7852752154759381,0.09689950197935104,1.392053442502214
118.2330551147461,-0.8598616462078537,1.0246697481106601,0.3913890114795614,1.7852752154759381,0.09269177168607712,1.354072157084584
118.26644492149353,-0.8338651790036639,0.9967763159578471,0.3913890114795614,1.7852752154759381,0.09269177168607712,1.3160994438604767
118.29970121383667,-0.8078687117994741,0.9688828838050341,0.3913890114795614,1.7852752154759381,0.09269177168607712,1.2781360668554573
118.33309745788574,-0.7818722445952841,0.9409894516522209,0.3913890114795614,1.7852752154759381,0.09269177168607712,1.2401828834459634
118.36646509170532,-0.7029686020436514,0.8787451149662335,0.3862821777967175,1.7824167323764175,0.09269177168607712,1.1430874562675095
118.39973759651184,-0.6500614266962086,0.8443942104330592,0.3862821777967175,1.7800737427890339,0.09675496816635132,1.084376821002073
118.43309187889099,-0.5971542513487658,0.8100433058998848,0.3496066782485243,1.7800737427890339,0.09675496816635132,1.0261849515891288
118.46674418449402,-0.5442470760013228,0.7756924013667104,0.3414947841625785,1.7800737427890339,0.0797918438911438,0.9686053517818224
118.49968266487122,-0.49133990065387995,0.7413414968335361,0.3414947841625785,1.7753071281290864,0.07661556452512741,0.9117540281368535
118.53318786621094,-0.43843272530643707,0.7069905923003617,0.3414947841625785,1.7753071281290864,0.07661556452512741,0.8557761365206165
118.56663537025452,-0.33970123917559814,0.6577792702550419,0.3052084709225531,1.7753071281290864,0.07661556452512741,0.767911152911612
118.59995675086975,-0.29387692839220214,0.6429188527428965,0.2940844853954492,1.7753071281290864,0.07661556452512741,0.7366464449947392
118.63324117660522,-0.24805261760880612,0.6280584352307511,0.301304123567288,1.7753071281290864,0.07661556452512741,0.7072834156231508
118.66652250289917,-0.2022283068254101,0.6131980177186057,0.301304123567288,1.7788869578224764,0.05656389147043228,0.6800684333525054
118.69999384880066,-0.15640399604201408,0.5983376002064603,0.2690755020860937,1.7547861252856076,0.05656389147043228,0.6523005018992495
118.73327994346619,-0.11057968525861805,0.5834771826943149,0.257770425731072,1.7547861252856076,0.04544183239340782,0.6241281330386016
118.76658201217651,-0.064755374475222,0.5686167651821695,0.25558764153875124,1.7547861252856076,0.042636688798666,0.5956437014697769
118.79995226860046,-0.01893106369182601,0.5537563476700241,0.25558764153875124,1.7109724559301913,0.04205654188990593,0.5669457827021932
118.83320951461792,0.026893247091569983,0.5388959301578787,0.22426925914341078,1.7109724559301913,0.04205654188990593,0.5381404450784162
118.86664485931396,0.07271755787496603,0.5240355126457333,0.21347588408479493,1.7109724559301913,0.03644094616174698,0.5093429430539708
118.89999794960022,0.11854186865836208,0.5091750951335879,0.21072097090457576,1.662196937699361,0.034899137914180756,0.4797599655436884
118.93307733535767,0.16436617944175808,0.4943146776214425,0.21072097090457576,1.662196937699361,0.03451940044760704,0.4500648147380577
118.96679043769836,0.21019049022515407,0.4794542601092971,0.18178593598974863,1.662196937699361,0.03451940044760704,0.4205454217257092
118.99998164176941,0.2560148010085502,0.4645938425971517,0.17179072134036172,1.662196937699361,0.03451940044760704,0.3913461848763669
119.03330850601196,0.30183911179194617,0.4497334250850063,0.16874598229898652,1.662196937699361,0.03451940044760704,0.3617755978244402
119.06668376922607,0.34766342257534216,0.4348730075728609,0.16874598229898652,1.658201239597213,0.03136782720685005,0.3317210749648353
119.09996843338013,0.4248613513525465,0.4141387512878119,0.1441279398445473,1.6418834601763261,0.03136782720685005,0.2866938379467169
119.13299298286438,0.4562349693463548,0.4082649125149084,0.13683905166206461,1.6418834601763261,0.030809760093688965,0.2698624268852455
119.16680216789246,0.4876085873401632,0.4023910737420048,0.14619924035139228,1.6418834601763261,0.03088337555527687,0.25498083243382036
119.19977974891663,0.5189822053339715,0.3965172349691012,0.14619924035139228,1.5975742600983995,0.02279900759458542,0.237862312072428
119.2332911491394,0.5503558233277799,0.39064339619619765,0.12488695783315322,1.5975742600983995,0.02279900759458542,0.22320155542387488
119.26644706726074,0.5817294413215882,0.38476955742329405,0.12187085132916156,1.5975742600983995,0.022753063589334488,0.20628087060907907
119.30000972747803,0.6131030593153965,0.37889571865039046,0.0,1.5677163342809246,0.022783834487199783,0.19159450792468974
119.33339786529541,0.6444766773092049,0.3730218798774869,0.0,1.5677163342809246,0.0,0.17525656260907668
119.36649632453918,0.6758502953030132,0.3671480411045833,0.0,1.5677163342809246,0.0,0.1604784081072947
119.39999270439148,0.7072239132968215,0.36127420233167973,-0.0,1.552483459859461,0.0,0.14497335876905929
119.43333768844604,0.7385975312906299,0.35540036355877613,-0.0,1.552483459859461,0.0,0.12995284288771142
119.46682333946228,0.7699711492844383,0.3495265247858726,-0.0,1.552483459859461,0.0,0.11571397713233678
119.49994468688965,0.8013447672782466,0.343652686012969,-0.0,1.515687228618889,0.0,0.10013904110430087
119.53328704833984,0.832718385272055,0.33777884724006546,-0.0,1.515687228618889,0.0,0.08800451245373979
119.56667470932007,0.8640920032658632,0.33190500846716187,-0.0,1.515687228618889,0.0,0.07122152617084625
119.5999526977539,0.8954656212596717,0.32603116969425827,-0.0,1.476258653626806,0.0,0.06227754642556949
119.63303279876709,0.9268392392534799,0.3201573309213547,-0.0,1.476258653626806,0.0,0.043641553568704756
119.66666007041931,0.9582128572472883,0.3142834921484511,-0.0,1.476258653626806,0.0,0.03522992836383759
119.69989323616028,0.9895864752410966,0.30840965337554754,-0.0,1.254819855582785,0.0,0.019797625216120534
119.73328709602356,1.020960093234905,0.30253581460264395,-0.0,1.254819855582785,0.0,0.01226768208352816
119.76685619354248,1.0523337112287132,0.2966619758297404,-0.0,1.254819855582785,0.0,0.019719506463091417
119.80207586288452,1.0837073292225217,0.2907881370568368,-0.0,1.0665968772453671,0.0,0.021264345143266174
119.83619356155396,1.1150809472163299,0.2849142982839332,-0.0,1.0665968772453671,0.0,0.041603724274961486
119.86640930175781,1.1464545652101383,0.2790404595110296,-0.0,1.0665968772453671,0.0,0.04451102461980753
119.89974570274353,1.1930219899452923,0.2735778191424056,-0.0,0.906607345658562,0.0,0.05749706030484568
119.9332172870636,1.2082157966866378,0.27398901754668503,-0.0,0.906607345658562,0.0,0.060953823134989066
119.96647787094116,1.2234096034279835,0.27440021595096453,-0.0,0.906607345658562,0.0,0.06539155003544445
119.99979066848755,1.2386034101693293,0.27481141435524403,-0.0,0.7706162438097778,0.0,0.06343446368236764
120.0332818031311,1.253797216910675,0.2752226127595235,-0.0,0.7706162438097778,0.0,0.06506803550241318
120.0665373802185,1.2689910236520205,0.275633811163803,-0.0,0.7706162438097778,0.0,0.07004148057015253
120.09998869895935,1.2841848303933663,0.2760450095680825,-0.0,0.6550238072383111,0.0,0.06892275592606739
120.13329553604126,1.299378637134712,0.2764562079723619,-0.0,0.6550238072383111,0.0,0.06886121096468387
120.1666624546051,1.3145724438760578,0.2768674063766414,-0.0,0.6550238072383111,0.0,0.07207931854175109
120.19983744621277,1.3297662506174033,0.2772786047809209,-0.0,0.5567702361525644,0.0,0.07394006490276588
120.23308825492859,1.344960057358749,0.27768980318520037,-0.0,0.5567702361525644,0.0,0.07225047391255741
120.26643466949463,1.3601538641000948,0.27810100158947987,-0.0,0.5567702361525644,0.0,0.07372360855380813
120.299880027771,1.3753476708414403,0.27851219999375937,-0.0,0.4732547007296798,0.0,0.07818089044416929
120.33314871788025,1.390541477582786,0.2789233983980388,-0.0,0.4732547007296798,0.0,0.07524381324331829
120.36646223068237,1.4057352843241318,0.2793345968023183,-0.0,0.4732547007296798,0.0,0.07494504216854284
120.39980983734131,1.4209290910654775,0.2797457952065978,-0.0,0.40226649562022776,0.0,0.07767836864105772
120.43321633338928,1.436122897806823,0.28015699361087726,-0.0,0.40226649562022776,0.0,0.07793581793475213
120.46673798561096,1.4513167045481687,0.28056819201515676,-0.0,0.40226649562022776,0.0,0.07580602809728539
120.50001358985901,1.4665105112895145,0.28097939041943626,-0.0,0.34192652127719364,0.0,0.07668870692257175
120.53342270851135,1.48170431803086,0.2813905888237157,-0.0,0.34192652127719364,0.0,0.08048480190612306
120.56675481796265,1.4968981247722057,0.2818017872279952,-0.0,0.34192652127719364,0.0,0.07647245851669301
120.59962463378906,1.5120919315135515,0.2822129856322747,-0.0,0.29063754308561457,0.0,0.07534026785423215
120.63323760032654,1.5272857382548972,0.28262418403655415,-0.0,0.29063754308561457,0.0,0.07724193617426778
120.66670060157776,1.542479544996243,0.28303538244083365,-0.0,0.29063754308561457,0.0,0.07722974087753305
120.69962048530579,1.5576733517375885,0.2834465808451131,-0.0,0.24704191162277234,0.0,0.07389778815059853
120.7332808971405,1.5728671584789342,0.2838577792493926,-0.0,0.24704191162277234,0.0,0.073616404462135
120.7664303779602,1.5880609652202797,0.2842689776536721,-0.0,0.24704191162277234,0.0,0.07641929477008173
120.79987716674805,1.6032547719616255,0.28468017605795154,-0.0,0.2099856248793565,0.0,0.07279964424668377
120.83322501182556,1.6184485787029712,0.28509137446223104,-0.0,0.2099856248793565,0.0,0.07000115970519172
120.86657571792603,1.633642385444317,0.28550257286651054,-0.0,0.2099856248793565,0.0,0.07044556914768942
120.89989733695984,1.6488361921856627,0.28591377127079,-0.0,0.178487781147453,0.0,0.07407452841465897
120.93321561813354,1.6640299989270082,0.2863249696750695,-0.0,0.178487781147453,0.0,0.0804582811276031
120.96657490730286,1.679223805668354,0.286736168079349,-0.0,0.178487781147453,0.0,0.08900604439589936
120.99983739852905,1.6944176124096995,0.28714736648362843,-0.0,0.15171461397533506,0.0,0.0991597628619758
121.03322458267212,1.7096114191510452,0.28755856488790793,-0.0,0.15171461397533506,0.0,0.11047752213696614
121.06658124923706,1.724805225892391,0.28796976329218743,-0.0,0.15171461397533506,0.0,0.12263746947424553
121.09988498687744,1.7399990326337367,0.2883809616964669,-0.0,0.15171461397533506,0.0,0.13541291162740451
121.13323903083801,1.7551928393750824,0.2887921601007464,-0.0,0.1289574218790348,0.0,0.14864523553285555
121.16657066345215,1.7703866461164282,0.2892033585050259,-0.0,0.1289574218790348,0.0,0.16222267767691126
121.1998999118805,1.7855804528577737,0.2896145569093053,-0.0,0.1289574218790348,0.0,0.17606541384825697
121.23322343826294,1.8007742595991194,0.2900257553135848,-0.0,0.10961380859717958,0.0,0.1901155029167561
121.2665376663208,1.815968066340465,0.2904369537178643,-0.0,0.10961380859717958,0.0,0.20433017554895364
121.2998743057251,1.8311618730818107,0.29084815212214377,-0.0,0.10961380859717958,0.0,0.218677338847178
121.33323121070862,1.8463556798231564,0.29125935052642327,-0.0,0.09317173730760263,0.0,0.23313253334861453
121.36658072471619,1.8615494865645021,0.29167054893070277,-0.0,0.09317173730760263,0.0,0.24767684465981943
121.39987635612488,1.8767432933058479,0.2920817473349822,-0.0,0.09317173730760263,0.0,0.2622954485891585
121.43331050872803,1.8919371000471934,0.2924929457392617,-0.0,0.07919597671146224,0.0,0.27697658207035014
121.46667647361755,1.8919371000471934,0.2924929457392617,-0.0,0.07919597671146224,0.0,0.27697658207035014
121.50020790100098,1.8919371000471934,0.2924929457392617,-0.0,0.07919597671146224,0.0,0.27697658207035014
121.53322291374207,1.8919371000471934,0.2924929457392617,-0.0,0.0673165802047429,0.0,0.27697658207035014
121.56661891937256,1.8919371000471934,0.2924929457392617,-0.0,0.0673165802047429,0.0,0.27697658207035014
121.60006213188171,1.8919371000471934,0.2924929457392617,-0.0,0.0673165802047429,0.0,0.27697658207035014
121.63324904441833,1.8919371000471934,0.2924929457392617,-0.0,0.057219093174031475,0.0,0.27697658207035014
121.66645455360413,1.8919371000471934,0.2924929457392617,-0.0,0.057219093174031475,0.0,0.27697658207035014
121.6997492313385,1.8919371000471934,0.2924929457392617,-0.0,0.057219093174031475,0.0,0.27697658207035014
121.73337125778198,1.8919371000471934,0.2924929457392617,-0.0,0.04863622919792675,0.0,0.27697658207035014
121.76664781570435,1.8919371000471934,0.2924929457392617,-0.0,0.04863622919792675,0.0,0.27697658207035014
121.79972529411316,1.8919371000471934,0.2924929457392617,-0.0,0.04863622919792675,0.0,0.27697658207035014
121.83326697349548,1.8919371000471934,0.2924929457392617,-0.0,0.041340794818237735,0.0,0.27697658207035014
121.86641550064087,1.8919371000471934,0.2924929457392617,-0.0,0.041340794818237735,0.0,0.27697658207035014
121.89977979660034,1.8919371000471934,0.2924929457392617,-0.0,0.041340794818237735,0.0,0.27697658207035014
121.93303108215332,1.8919371000471934,0.2924929457392617,-0.0,0.035139675595502066,0.0,0.27697658207035014
121.96671152114868,1.8919371000471934,0.2924929457392617,-0.0,0.035139675595502066,0.0,0.27697658207035014
121.99979948997498,1.8919371000471934,0.2924929457392617,-0.0,0.035139675595502066,0.0,0.27697658207035014
122.0331814289093,1.8919371000471934,0.2924929457392617,-0.0,0.02986872425617676,0.0,0.27697658207035014
122.06655406951904,1.8919371000471934,0.2924929457392617,-0.0,0.02986872425617676,0.0,0.27697658207035014
122.09982347488403,1.8919371000471934,0.2924929457392617,-0.0,0.02986872425617676,0.0,0.27697658207035014
122.13301062583923,1.8919371000471934,0.2924929457392617,-0.0,0.025388415617750244,0.0,0.27697658207035014
122.16674852371216,1.8919371000471934,0.2924929457392617,-0.0,0.025388415617750244,0.0,0.27697658207035014
122.19986844062805,1.8919371000471934,0.2924929457392617,-0.0,0.02158015327508771,0.0,0.27697658207035014
122.2330870628357,1.8919371000471934,0.2924929457392617,-0.0,0.02158015327508771,0.0,0.27697658207035014
