X,Y
0.03015310550461745,-0.06633169254267815
0.07383443056129822,-0.0440648261704732
0.11775412666548776,-0.022444481436472083
0.16190834354443218,-0.0014610421998884505
0.20629323092537735,0.01889510768006408
0.2509049385355693,0.03863358434417179
0.29573961610225397,0.05776400393322105
0.34079341335267743,0.07629598258799826
0.3860624800140856,0.09423913644928968
0.43154296581372464,0.11160308165788174
0.47723102047884014,0.12839743435456066
0.5231227937366785,0.14463181068011294
0.5692144353144853,0.16031582677532477
0.615502094939507,0.1754590987809827
0.6619819223389891,0.19007124283787277
0.7086500672401781,0.2041618750867816
0.7555026793703193,0.21774061166849534
0.8025359084566596,0.2308170687238006
0.8497459042264441,0.24340086239348346
0.8971288164069191,0.2555016088183303
0.944680794725331,0.26712892413912753
0.9923979889089253,0.2782924244966616
1.040276548684948,0.28900172603171864
1.0883126237806449,0.2992664448850851
1.1365023639232628,0.30909619719754733
1.1848419188400467,0.31850059910989165
1.2333274382582435,0.32748926676290446
1.2819550719050987,0.33607181629737204
1.3307209695078581,0.3442578638540808
1.3796212807937678,0.3520570255738169
1.4286521554900737,0.3594789175973669
1.4778097433240223,0.36653315606551706
1.5270901940228596,0.3732293571190538
1.5764896573138307,0.37957713689876327
1.6260042829241825,0.3855861115454321
1.6756302205811604,0.3912658971998464
1.7253636200120106,0.3966261100027925
1.775200630943979,0.4016763660950569
1.8251374031043117,0.40642628161742594
1.8751700862202547,0.4108854727106859
1.9252948300190533,0.415063555515623
1.9755077842279551,0.4189701461730239
2.025805098574205,0.4226148608236746
2.0761829227850486,0.42600731560836164
2.1266374065877325,0.42915712666787137
2.177164699709502,0.43207391014299007
2.2277609518776043,0.43476728217450406
2.278422312819285,0.4372468589031998
2.3291449322617894,0.43952225646986354
2.3799249599323637,0.44160309101528156
2.430758545558254,0.4434989786802404
2.481641838866707,0.4452195356055263
2.5325709895849684,0.44677437793192565
2.583542147440282,0.4481731218002245
2.6345514621598976,0.4494253833512098
2.685595083471058,0.45054077872566717
2.736669161101011,0.45152892406438366
2.787769844777001,0.45239943550814493
2.838893284226276,0.4531619291977379
2.89003562917608,0.45382602127394855
2.9411931928604185,0.4544009889717581
2.9923642372769224,0.4548920702600567
3.0435483048629375,0.45530184909846494
3.0947449604621444,0.4556328630042565
3.1459537689182304,0.45588764949470506
3.1971742950748747,0.456068746087084
3.248406103775762,0.4561786902986668
3.2996487598645743,0.45622001964672726
3.3509018281849947,0.4561952716485388
3.402164873580706,0.456106983821375
3.453437460895392,0.45595769368250944
3.504719154972735,0.4557499387492156
3.5560095206564197,0.45548625653876734
3.607308122790126,0.4551691845684379
3.658614526217538,0.45480126035550084
3.7099282957823396,0.45438502141723
3.761248996328213,0.4539230052708986
3.8125761926988413,0.45341774943378044
3.863909449737908,0.45287179142314893
3.915248332289094,0.45228766875627785
3.966592405196085,0.4516679189504404
4.017941233302563,0.4510150795229106
4.069294381452209,0.4503316879909617
4.120651414488709,0.44962028187186726
4.172011897255744,0.448883398682901
4.223375394596996,0.4481235759413362
4.274741471356152,0.4473433511644469
4.32610969237689,0.4465452618695061
4.377479622502895,0.44573184557378787
4.428850826577851,0.4449056397945654
4.480222869445441,0.44406918204911244
4.531595315949345,0.4432250098547024
4.582967730933249,0.44237566072860907
4.634339679240836,0.4415236721881058
4.685710725715788,0.4406715817504663
4.7370804352017855,0.439821926932964
4.788448372542516,0.43897724525287257
4.83981410258166,0.4381400742274655
4.891177190162899,0.43731295137401627
4.9425372001299195,0.43649841420979885
4.993893697326401,0.4356990002520862
5.045246246596028,0.43491724701815226
5.096594412782484,0.43415569202527055
5.147937760729452,0.4334168727907146
5.1992758552806135,0.43270332683175794
5.250608261279651,0.4320175916656741
5.30193454357025,0.43136220480973675
5.353254266996093,0.43073970378121945
5.404566996400861,0.4301526260973957
5.455872296628238,0.4296035092755389
5.5071697325219064,0.42909489083292285
5.558458868925551,0.42862930828682116
5.609739270682853,0.42820929915450723
5.661010502637495,0.4278374009532545
5.7122721296331616,0.42751615120033687
5.763523716513535,0.4272480874130277
5.814764828122296,0.42703574710860054
5.86599502932234,0.4268816676990428
5.917214014585333,0.4267876762054093
5.968421917059596,0.42675319524428706
6.019618962611938,0.4267771392384794
6.070805377109171,0.42685842261078877
6.121981386418104,0.4269959597840181
6.173147216405548,0.42718866518097004
6.224303092938309,0.4274354532244472
6.275449241883203,0.4277352383372525
6.326585889107036,0.4280869349421887
6.377713260476618,0.42848945746205835
6.428831581858762,0.4289417203196645
6.479941079120274,0.4294426379378095
6.53104197812797,0.42999112473929646
6.582134504748656,0.4305860951469279
6.633218884849142,0.4312264635835067
6.684295344296238,0.4319111444718354
6.7353641089567535,0.4326390522347169
6.7864254046975026,0.43340910129495397
6.837479457385293,0.43422020607534934
6.888526492886931,0.4350712809987055
6.9395667370692316,0.4359612404878255
6.990600415799004,0.436888998965512
7.041627754943057,0.4378534708545677
7.0926489803682,0.4388535705777954
7.143664317941245,0.4398882125579976
7.194673993528999,0.4409563112179775
7.24567823299828,0.4420567809805375
7.296677262215887,0.44318853626848026
7.3476713070486355,0.4443504915046089
7.3986605933633385,0.44554156111172594
7.449645347026801,0.446760659512634
7.5006257939058365,0.4480067011301361
7.551602159867251,0.4492786003870346
7.602574670777862,0.45057527170613276
7.653543552504471,0.4518956295102329
7.704509030913893,0.45323858822213786
7.755471331872938,0.4546030622646505
7.806430681248413,0.4559879660605735
7.85738730490713,0.4573922140327094
7.908341428715901,0.4588147206038614
7.959293278541532,0.4602544001968318
8.010243080250838,0.46171016723442365
8.061191059710625,0.46318093613943934
8.112137442787704,0.4646656213346819
8.163082455348883,0.466163137242954
8.214026323260978,0.4676723982870584
8.264969272390795,0.4691923188897979
8.315911528605143,0.470721813473975
8.366853317770834,0.47225979646239274
8.41779486575468,0.4738051822778535
8.468736398423488,0.47535688534316056
8.519678141644066,0.47691382008111616
8.57062032128323,0.47847490091452327
8.621563163207785,0.48003904226618455
8.672506893284543,0.48160515855890285
8.723451737380316,0.48317216421548087
8.77439792136191,0.4847389736587212
8.825345671096139,0.4863045013114268
8.876295212449808,0.48786766159640016
8.927246771289735,0.48942736893644445
8.978200573482722,0.490982537754362
9.029156844895583,0.4925320824729557
9.080115811395128,0.4940749175150283
9.131077698848168,0.4956099573033826
9.18204273312151,0.4971361162608211
9.233011140081965,0.49865230881014666
9.283983145596343,0.5001574493741623
9.33495897553146,0.5016504523756706
9.385938855754114,0.5031302322374739
9.436923012131125,0.5045957033823755
9.487911670529298,0.5060457802331777
9.538905056815452,0.5074793772126839
9.589903396856384,0.508895408743696
9.640906916518912,0.5102927892490174
9.691915841669841,0.5116704331514503
9.742930398175986,0.513027254873798
9.793950811904157,0.5143621688388629
9.84497730872116,0.5156740894694477
9.896010114493812,0.5169619311883554
9.947049455088914,0.5182246084183886
9.998095556373283,0.5194610355823499
10.049148644213725,0.5206701271030423
10.100208944477053,0.5218507974032683
10.151276683030074,0.5230019609058308
10.202352085739602,0.5241225320335327
10.253435378472444,0.5252114252091764
10.304526787095412,0.5262675548555648
10.35562653747531,0.5272898353955003
10.406734855478962,0.5282771812517866
10.457851966973163,0.5292285068472254
10.508978097824729,0.5301427266046199
10.560113473900469,0.5310187549467729
10.611258321067197,0.5318555062964868
10.662412865191722,0.532651895076565
10.71357733214085,0.5334068357098096
10.764751947781395,0.5341192426190235
10.815936937980164,0.5347880302270095
10.86713252860397,0.5354121129565704
10.918338945519618,0.5359904052305089
10.969556414593928,0.5365218214716277
11.020785161693698,0.5370052761027295
11.07202541268575,0.5374396835466174
11.12327739343688,0.5378239582260935
11.174541329813913,0.5381570145639611
11.22581744768365,0.5384377669830228
11.2771059729129,0.5386651299060812
11.328407131368477,0.538838017755939
11.379721148917191,0.5389553449553992
11.431048251425855,0.5390160259272644
11.482388520601232,0.5390194886133767
11.533736055665198,0.5389864714374574
11.58507695818033,0.5389662016495179
11.636396771835901,0.5390098937255549
11.687681040321156,0.5391687621415636
11.738915307325357,0.5394940213735405
11.79008511653777,0.5400368858974814
11.841176011647644,0.5408485701893825
11.892173536344242,0.5419802887252394
11.943063234316822,0.5434832559810482
11.993830649254651,0.5454086864328053
12.044461324846974,0.547807794556506
12.094940804783057,0.5507317948281465
12.145254632752152,0.5542319017237228
12.195388352443528,0.5583593297192311
12.245327507546442,0.5631652932906673
12.295057641750143,0.568701006914027
12.344564298743899,0.5750176850653068
12.393833022216965,0.582166542220502
12.442849355858606,0.5901987928556094
12.491598843358068,0.5991656514466241
12.540067028404618,0.6091183324695424
12.588239454687512,0.6201080504003602
12.636101665896014,0.6321860197150742
12.683639205719377,0.6454034548896793
12.730837617846865,0.6598115704001719
12.777682445967727,0.6754615807225479
12.82415923377123,0.6924047003328044
12.87025352494663,0.7106921437069356
12.915950863183188,0.7303751253209381
12.961236792170158,0.7515048596508078
13.006104320631318,0.774110150182659
13.050609709434555,0.7980299093634021
13.094841072077237,0.8230074239659319
13.138886764680727,0.8487852523748014
13.182835143366411,0.8751059529745637
13.22677456425566,0.9017120841497724
13.270793383469845,0.9283462042849779
13.314979957130346,0.9547508717647334
13.35942264135852,0.9806686449735912
13.404209792275763,1.0058420822961056
13.449429766003426,1.0300137421168263
13.495170918662899,1.0529261828203071
13.541521606375545,1.0743219627911005
13.588570185262746,1.09394364041376
13.636405011445872,1.1115337740728357
13.685114441046293,1.1268349221528817
13.734782195322053,1.1396008480778306
13.785359138851895,1.149906503668624
13.836646815361235,1.1581878321978398
13.888438826782567,1.1648999766632684
13.940528775048389,1.1704980800627003
13.9927102620912,1.1754372853939266
14.0447768898435,1.1801727356547385
14.096522260237789,1.1851595738429261
14.14773997520656,1.1908529429562804
14.198223636682318,1.197707985992592
14.247766846597559,1.2061798459496529
14.29616320688478,1.2167236658252523
14.343212919354977,1.22977647449777
14.388822882036553,1.2454824609055342
14.432986389594422,1.2637486885622842
14.475699219890304,1.2844754055648298
14.516957150785935,1.3075628600099831
14.556755960143027,1.3329112999945543
14.595091425823318,1.3604209736153567
14.631959325688527,1.389992128969201
14.667355437600385,1.4215250141528977
14.701275539420614,1.454919877263258
14.733715409010937,1.4900769663970939
14.764670824233086,1.526896529651218
14.79413756294878,1.5652788151224388
14.822111403019749,1.6051240709075685
14.84858812230772,1.6463325451034194
14.873563498674422,1.6888044858068052
14.89703330998157,1.7324401411145312
14.918993334090896,1.777139759123412
14.939452259666167,1.8227981317316235
14.958611121670423,1.8692287638954148
14.976818596429386,1.916182766259739
14.994427133523654,1.9634096548646462
15.01178918253384,2.0106589457501958
15.02925719304054,2.0576801549564405
15.04718361462436,2.10422279852344
15.065867507805168,2.150066708635664
15.08516830581921,2.1952413529654202
15.104729279041665,2.239898943890087
15.124192194360406,2.284192547518838
15.143198818663302,2.3282752299608385
15.161390918838231,2.3723000573252624
15.17841026177306,2.416420095721281
15.193898696828754,2.460788380023936
15.207595781927637,2.505520941010978
15.219527825161148,2.5506252116975685
15.229773468185588,2.596088805378878
15.238411352657291,2.6418993353500837
15.24552012023256,2.6880444149063605
15.251178412567725,2.7345116573428796
15.255464871319093,2.781288675954816
15.258458138142982,2.8283630840373455
15.260236854695718,2.8757224948856437
15.260879662633606,2.9233545217948804
15.260465203612972,2.971246778060233
15.259072119290122,3.0193868769768746
15.25677905132139,3.067762431839984
15.253664641363079,3.116361055944729
15.249807531071509,3.1651703625862857
15.245286362102998,3.2141779650598297
15.240179776113862,3.2633714766605375
15.23456641476042,3.312738510683579
15.228524919698987,3.3622666804241295
15.222133932585882,3.411943599177365
15.21547209507742,3.4617568802384593
15.20861804882992,3.5116941369025882
15.201650435499692,3.5617429824649225
15.194647896743064,3.6118910302206384
15.187689074216348,3.66212589346491
15.180852609575856,3.712435185492915
15.174217144477911,3.762806519599821
15.16786110793789,3.813227536187557
15.161835540022004,3.863689367109107
15.156137370659442,3.9141900419956124
15.150757182989798,3.964728399545578
15.145685560152664,4.01530327845752
15.140913085287641,4.065913517429953
15.136430341534323,4.116557955161389
15.132227912032299,4.167235430350345
15.12829637992117,4.217944781695328
15.124626328340526,4.2686848478948525
15.121208340429968,4.319454467647434
15.118032999329088,4.370252479651586
15.115090888177482,4.421077722605818
15.112372590114742,4.471929035208644
15.109868688280462,4.522805256158579
15.107569765814251,4.573705224154139
15.105466405855685,4.6246277778938305
15.103549191544367,4.6755717560761685
15.101808706019893,4.726535997399667
15.100235532421857,4.777519340562842
15.098820253889857,4.828520624264203
15.097553453563483,4.879538687202263
15.09642571458233,4.930572368075536
15.095427620085996,4.981620505582534
15.094549753214077,5.032681938421775
15.093782697106166,5.083755505291767
15.093117034901853,5.134840044891023
15.092543349740742,5.185934395918056
15.092052224762428,5.237037397071386
15.091634243106498,5.288147887049517
15.091279987912552,5.339264704550967
15.090980042320185,5.390386688274248
15.09072498946899,5.441512676917875
15.090505412498567,5.492641509180357
15.0903118945485,5.543772023760209
15.090135018758396,5.594903059355945
15.089965368267846,5.64603345466608
15.089793526216443,5.6971620483891225
15.089610075743781,5.748287679223586
15.089405599989458,5.799409185867987
15.089170682093071,5.850525407020837
15.088895905194212,5.901635181380652
15.088571852432473,5.952737347645939
15.08818910694745,6.003830744515214
15.087738251878749,6.0549142106869915
15.087209870365951,6.105986584859785
15.086594545548657,6.157046705732104
15.085882860566464,6.208093412002466
15.085065398558964,6.259125542369379
15.084132742665748,6.310141935531362
15.083075476026417,6.361141430186924
15.081884181780566,6.412122865034577
15.08054944306779,6.46308507877284
15.079061843027677,6.514026910100222
15.077412375901297,6.564947249633837
15.075599751238757,6.615845962368408
15.07362953558746,6.666723779278823
15.071507534185079,6.71758146148451
15.069239552269288,6.768419770104897
15.066831395077763,6.819239466259413
15.064288867848168,6.870041311067485
15.06161777581818,6.920826065648539
15.058823924225479,6.971594491122012
15.055913118307728,7.022347348607323
15.052891163302606,7.073085399223904
15.049763864447781,7.123809404091183
15.046537026980934,7.174520124328593
15.043216456139728,7.225218321055554
15.039807957161845,7.275904755391498
15.036317335284956,7.326580188455856
15.032750395746726,7.377245381368055
15.02911294378484,7.4279010952475195
15.025410784636959,7.478548091213681
15.021649723540762,7.529187130385968
15.017835565733925,7.5798189738838095
15.013974116454119,7.630444382826635
15.010071180939013,7.681064118333867
15.006132564426284,7.731678941524939
15.002164072153604,7.7822896135192785
14.998171509358649,7.832896895436315
14.99416068127908,7.883501548395471
14.990137393152585,7.93410433351618
14.98610745021683,7.98470601191787
14.98207665770949,8.035307344719971
14.978050820868237,8.085909093041908
14.974035744930742,8.136512018003108
14.97003723513467,8.187116880723
14.966061096717716,8.237724442321019
14.962113134917537,8.288335463916587
14.95819915497181,8.338950706629133
14.954324962118204,8.389570931578085
14.950496361594402,8.440196899882874
14.946719158638063,8.49082937266293
14.942999158486872,8.541469111037673
14.939342166378497,8.592116876126537
14.93575398755061,8.642773429048951
14.932240427240886,8.693439530924346
14.928807290686997,8.744115942872142
14.925460383126614,8.794803426011772
14.922205509797417,8.845502741462667
14.919048475937071,8.896214650344252
14.915995086783255,8.946939913775955
14.913051147573633,8.997679292877201
14.910222463545885,9.048433548767427
14.90751483993769,9.099203442566058
14.904934081986708,9.149989735392523
14.902485994930622,9.200793188366244
14.900176384007096,9.251614562606655
14.898011054453812,9.302454619233185
14.895995780277667,9.353314115390237
14.89413199645218,9.404193255953972
14.892412391465482,9.455091132555808
14.890828602825204,9.506006703059313
14.889372268038962,9.556938925328067
14.888035024614393,9.60788675722563
14.886808510059103,9.65884915661558
14.885684361880731,9.709825081361478
14.88465421758689,9.760813489326903
14.883709714685212,9.81181333837542
14.882842490683313,9.862823586370599
14.882044183088821,9.913843191176019
14.88130642940936,9.964871110655238
14.880620867152556,10.015906302671835
14.879979133826028,10.066947725089372
14.879372866937402,10.117994335771428
14.878793703994297,10.169045092581568
14.878233282504343,10.220098953383363
14.877683239975164,10.271154876040384
14.87713521391438,10.322211818416209
14.876580841829615,10.37326873837439
14.876011761228494,10.424324593778511
14.875419609618636,10.475378342492139
14.874796024507678,10.526428942378846
14.87413264340323,10.577475351302198
14.873421103812914,10.628516527125765
14.872653043244371,10.679551427713122
14.871820099205209,10.730579010927839
14.870913909203054,10.781598234633487
14.869926110745535,10.832608056693626
14.86884834134028,10.883607434971843
14.867672238494897,10.934595327331692
14.866389439717011,10.985570691636747
14.864991582514266,11.03653248575059
14.86347030439427,11.087479667536776
14.861817242864648,11.138411194858884
14.860024035433028,11.189326025580492
14.858082319607025,11.240223117565147
14.855983732894272,11.291101428676438
14.853719912802388,11.34195991677793
14.851282496839,11.39279753973319
14.848663122511729,11.443613255405793
14.845853427328196,11.494406021659307
14.842845048796033,11.545174796357305
14.839629624422855,11.595918537363353
14.836198791716292,11.64663620254103
14.832544188183967,11.697326749753895
14.828657451333498,11.74798913686552
14.824530218672514,11.79862232173948
14.820154127708635,11.84922526223934
14.815520815949494,11.899796916228683
14.810621920902701,11.95033624157106
14.805449080075888,12.000842196130055
14.799993930976676,12.051313737769236
14.794248111112694,12.101749824352172
14.788203257991558,12.152149413742428
14.781851009120896,12.202511463803582
14.775180432925383,12.252832474900385
14.768168708167448,12.30309757414437
14.760789576482603,12.353288600806442
14.753016779165197,12.403387393831146
14.744824057509575,12.45337579216303
14.736185152810084,12.503235634746646
14.727073806361068,12.552948760526531
14.717463759456875,12.602497008447243
14.707328753391849,12.651862217453317
14.696642529460341,12.701026226489315
14.685378828956683,12.749970874499773
14.673511393175236,12.798678000429241
14.661013963410335,12.84712944322227
14.647860280956335,12.895307041823411
14.634024087107576,12.9431926351772
14.619479123158403,12.990768062228188
14.604199130403165,13.038015161920926
14.588157850136206,13.08491577319996
14.571329023651874,13.131451735009836
14.553686392244515,13.177604886295107
14.535203697208471,13.223357066000311
14.515854679838085,13.268690113069999
14.49561308142771,13.31358586644873
14.47445264327169,13.358026165081032
14.45234710666437,13.40199284791146
14.429270212900096,13.445467753884563
14.405195703273215,13.488432721944893
14.380097319078068,13.530869591036986
14.353948801609006,13.572760200105398
14.326727012392782,13.61407148374245
14.298426321140598,13.654686745543264
14.269047200178578,13.694460138863446
14.238590128095566,13.7332457871435
14.20705558348042,13.770897813823952
14.174444044921986,13.807270342345296
14.140755991009117,13.842217496148047
14.105991900330666,13.875593398672718
14.070152251475486,13.907252173359812
14.033237523032426,13.937047943649844
13.995248193590335,13.964834832983321
13.956184741738081,13.990466964800758
13.9160476460645,14.01379846254266
13.874837385158449,14.034683449649533
13.832554437608778,14.052976049561892
13.789199282004343,14.068530385720246
13.744772396933993,14.081200581565103
13.699274260986579,14.090840760536974
13.652709689093536,14.097319998635715
13.605147565232194,14.10072829449185
13.556705680077979,14.101324286618892
13.507503058686599,14.099370869915559
13.45765872611377,14.095130939280585
13.407291707415203,14.088867389612686
13.356521027646604,14.080843115810588
13.305465711863695,14.071321012773028
13.254244785122179,14.060563975398718
13.202977272477767,14.048834898586387
13.15178219898618,14.036396677234762
13.100778589703124,14.023512206242565
13.050085469684314,14.010444380508522
12.999811161978506,13.997438846569468
12.94997157413348,13.984592305440819
12.90053533788447,13.971925263987934
12.851470703366134,13.959457614052761
12.802745920713125,13.947209247477248
12.754329240060105,13.93520005610334
12.706188911541727,13.923449931772977
12.658293185292651,13.911978766328112
12.610610311447525,13.900806451610677
12.563108540141013,13.889952879462633
12.515756121507764,13.879437941725914
12.468521305682438,13.86928153024247
12.421372342799694,13.859503536854245
12.37427748299418,13.850123853403186
12.327204976400559,13.841162371731228
12.28012307315349,13.832638983680333
12.233000023387621,13.824573581092434
12.185804077237611,13.816986055809478
12.138503484838118,13.809896299673412
12.091066496323801,13.803324204526183
12.043461361829308,13.79728966220973
11.995656331489302,13.791812564566003
11.94761965543843,13.786912803436946
11.899319583811362,13.782610270664506
11.850724366742744,13.778924858090623
11.801802254367235,13.775876457557246
11.75252149681949,13.77348496090632
11.702850344234172,13.771770259979789
11.652757926154436,13.770751020299597
11.602242462962183,13.770405340714701
11.551337255802407,13.770662400554816
11.500077696393454,13.771448463881189
11.44849917645366,13.772689794755058
11.396637087701366,13.774312657237676
11.344526821854902,13.776243315390278
11.292203770632616,13.778408033274118
11.239703325752838,13.780733074950435
11.187060878933913,13.783144704480472
11.134311821894176,13.785569185925484
11.081491546351957,13.787932783346701
11.028635444025609,13.79016176080538
10.975778906633463,13.79218238236276
10.922957325893861,13.793920912080084
10.870206093525134,13.795303614018597
10.81756060124563,13.796256752239549
10.765056240773674,13.796706590804176
10.712728403827617,13.796579393773731
10.660612482125783,13.795801425209453
10.608743867386524,13.794298949172589
10.557157951328175,13.791998229724383
10.505890125669078,13.788825530926083
10.454975782127558,13.784707116838925
10.404450312421963,13.77956925152416
10.354349108270632,13.773338199043035
10.304707558085841,13.765940231112005
10.255547823146827,13.75733224703714
10.2068487767805,13.747571379911708
10.158580450893066,13.73673523524766
10.110712877390693,13.724901418556941
10.06321608817958,13.712147535351498
10.016060115165905,13.698551191143276
9.969214990255862,13.684189991444217
9.922650745355632,13.669141541766276
9.876337412371404,13.65348344762139
9.830245023209363,13.637293314521514
9.784343609775705,13.62064874797859
9.738603203976611,13.60362735350457
9.692993837718266,13.586306736611396
9.64748554290686,13.56876450281102
9.602048351448582,13.551078257615378
9.556652295249615,13.533325606536422
9.511267406216145,13.515584155086101
9.465863716254361,13.497931508776361
9.420411257270446,13.480445273119143
9.374880061170598,13.4632030536264
9.329240159860998,13.446282455810078
9.283461585247831,13.42976108518212
9.237514369237287,13.413716547254479
9.19136854373555,13.39822644753909
9.144994140648809,13.383368391547908
9.098361191883251,13.369219984792883
9.05143972934506,13.355858832785952
9.004199784940425,13.343362541039067
8.956611390575539,13.331808715064176
8.90864923421562,13.321263778190783
8.860318788535997,13.311720219925455
8.811638022602652,13.303140517930167
8.76262494135104,13.295487063721314
8.71329754971662,13.288722248815292
8.663673852634846,13.282808464728495
8.613771855041165,13.277708102977318
8.563609561871047,13.273383555078157
8.513204978059937,13.269797212547404
8.462576108543292,13.266911466901457
8.411740958256567,13.264688709656712
8.36071753213522,13.26309133232956
8.309523835114701,13.262081726436394
8.25817787213047,13.261622283493615
8.206697648117974,13.261675395017615
8.155101168012676,13.262203452524787
8.103406436750031,13.263168847531533
8.05163145926549,13.26453397155424
7.99979424049451,13.266261216109305
7.947912785372547,13.268312972713124
7.896005098835053,13.27065163288209
7.844089185817486,13.273239588132604
7.792183051255297,13.276039229981052
7.74030470008394,13.279012949943832
7.68847213723888,13.28212313953734
7.636703367655565,13.285332190277977
7.585016038447488,13.288603196472913
7.533418464935837,13.29191758081137
7.481908974051965,13.295276383974379
7.430485403395395,13.29868160772957
7.37914559056565,13.302135253844588
7.327887373162248,13.305639324087075
7.276708588784722,13.309195820224671
7.2256070750325865,13.312806744025014
7.17458066950537,13.316474097255755
7.123627209802592,13.320199881684525
7.072744533523774,13.323986099078967
7.02193047826844,13.327834751206726
6.971182881636117,13.331747839835442
6.920499581226321,13.335727366732755
6.869878414638572,13.339775333666305
6.8193172194724045,13.343893742403731
6.768813833327337,13.348084594712683
6.7183660938028895,13.352349892360797
6.667971838498586,13.356691637115713
6.617628905013949,13.361111830745067
6.567335130948503,13.365612475016514
6.517088353901765,13.37019557169768
6.466886411473266,13.374863122556217
6.41672714126252,13.379617129359763
6.366608380869058,13.38445959387596
6.316527967892402,13.389392517872443
6.2664837399320685,13.39441790311686
6.216473534587587,13.399537751376851
6.166495189458477,13.404754064420052
6.116546542144259,13.41006884401411
6.066626428023941,13.415478467240968
6.016739656358416,13.420945635196366
5.9668932498303455,13.426420571467826
5.917094234732092,13.43185347929416
5.867349637356025,13.437194561914174
5.817666483994517,13.442394022566688
5.768051800939935,13.447402064490506
5.718512614484648,13.452168890924437
5.669055950921025,13.456644705107294
5.619688836541438,13.460779710277889
5.5704182976382475,13.464524109675027
5.521251360503839,13.467828106537526
5.472195051430569,13.470641904104188
5.423256396710814,13.472915705613834
5.374442422636939,13.474599714305267
5.325760155501315,13.475644133417296
5.277216621596311,13.475999166188739
5.2288188472142965,13.4756150158584
5.180573858647638,13.474441885665096
5.132488682188709,13.472429978847623
5.0845703441298795,13.46952949864481
5.036825870763518,13.465690648295459
4.989262288381992,13.460863631038375
4.9418866232776715,13.454998650112378
4.894705901742927,13.448045908756274
4.847727150070126,13.439955610208875
4.80095739455164,13.43067795770899
4.754403661479833,13.420163154495427
4.7080696941764515,13.408373724019294
4.6619199602240995,13.395419582291057
4.615893050196578,13.38150775561479
4.569927098564437,13.366846981942183
4.523960239798227,13.351645999224923
4.477930608368496,13.336113545414692
4.4317763387457925,13.320458358463188
4.3854355654006625,13.30488917632209
4.338846422803666,13.289614736943095
4.291947045425345,13.274843778277884
4.244675567736252,13.260785038278147
4.196970124206936,13.247647254895577
4.1487688493079435,13.235639166081853
4.100009877509827,13.224969509788668
4.0506313432831345,13.215847023967715
4.000573250148212,13.208475673851162
3.949839460202018,13.202896358349488
3.898512030078547,13.198950302402977
3.8466777895709656,13.196466542432313
3.7944235684724448,13.195274114858181
3.741836196576155,13.195202056101268
3.6890025036752694,13.196079402582264
3.6360093195629606,13.197735190721854
3.582943474032397,13.19999845694072
3.5298917968767487,13.202698237659561
3.4769411178891954,13.205663569299052
3.4241782668629046,13.208723488279883
3.371684049498491,13.211717454999262
3.319478461628009,13.214590154107833
3.2675462430272852,13.217347276673182
3.2158717011965194,13.219995261764534
3.1644391436359083,13.2225405484511
3.113232877845647,13.224989575802097
3.0622372113259284,13.227348782886738
3.011436451576959,13.229624608774243
2.9608149060989315,13.231823492533826
2.9103568823920427,13.233951873234703
2.860046687956489,13.236016189946088
2.809868630292469,13.238022881737207
2.759807016900178,13.239978387677265
2.7098461552798123,13.24188914683548
2.6599703529315657,13.243761598281075
2.6101639173556443,13.245602181083258
2.56041115605224,13.24741733431125
2.5106963765215506,13.249213497034264
2.4610038862637715,13.250997108321519
2.411317992779101,13.252774607242229
2.3616230035677352,13.254552432865609
2.3119032261298718,13.256337024260876
2.2621429679657075,13.25813482049725
2.212326536575434,13.259952260643944
2.1624382394592576,13.261795783770172
2.112462384117372,13.263671828945155
2.062383278049973,13.265586835238105
2.0121852287572577,13.267547241718239
1.961852543739423,13.269559487454773
1.9113741206429018,13.271630250111105
1.8607584073759251,13.273767223566335
1.8100190558527476,13.275978372201958
1.759169718032432,13.278271660401797
1.7082240458740245,13.28065505254968
1.6571956913365766,13.283136513029426
1.6060983063791412,13.285724006224864
1.5549455429607697,13.28842549651982
1.503751053040513,13.29124894829811
1.4525284885774232,13.294202325943564
1.4012915015305532,13.297293593840008
1.3500537438589482,13.300530716371265
1.298828867521671,13.303921657921157
1.247630524477768,13.307474382873504
1.196472366686291,13.31119685561214
1.145368046106292,13.315097040520886
1.0943312146968225,13.319182901983563
1.0433755244169343,13.323462404383998
0.9925146272256797,13.327943512106016
0.9417621750821044,13.332634189533438
0.8911318199452712,13.337542401050094
0.8406372137742263,13.342676111039797
0.790292008528022,13.348043283886385
0.7401098561657095,13.353651883973676
0.6901044086463408,13.359509875685491
0.6402893179289677,13.365625223405658
0.5906777082534775,13.372005420341747
0.5412679047036459,13.378644746213105
0.4920417835500801,13.385522794347702
0.44298036225723086,13.39261839128482
0.39406465828953424,13.39991036356375
0.34527568911143086,13.407377537723791
0.2965944721873617,13.414998740304227
0.2480020249817678,13.422752797844357
0.1994793649590897,13.43061853688346
0.15100750958376846,13.438574783960844
0.10256747632024006,13.446600365615785
0.05414028263295514,13.45467410838758
0.0057069459863497984,13.462774838815518
-0.04275151615513524,13.470881383438895
-0.09125408632705902,13.478972568797
-0.1398197470649808,13.487027221429123
-0.18846748090445958,13.495024167874554
-0.23721627038105458,13.50294223467259
-0.2860850980303248,13.510760248362516
-0.3350929463878345,13.518457035483626
-0.38425879798913276,13.526011422575213
-0.43360163536978347,13.533402236176562
-0.4831404410653462,13.540608302826971
-0.5328941976113798,13.547608449065725
-0.5828818875434435,13.554381501432122
-0.6331224933970963,13.560906286465448
-0.6836349977078975,13.567161630705
-0.7344383830114061,13.573126360690061
-0.7855516318431864,13.578779302959928
-0.8369805916056602,13.584084705208065
-0.8886279353686798,13.588892300667116
-0.9403475945445325,13.59299772360446
-0.9919932117104983,13.59619628770594
-1.0434184294438582,13.598283306657414
-1.0944768903218929,13.599054094144728
-1.145022236921883,13.598303963853732
-1.194908111821114,13.595828229470273
-1.2439881575968563,13.591422204680203
-1.2921160168263957,13.58488120316937
-1.339145332087013,13.576000538623628
-1.384929745955989,13.564575524728824
-1.4293229010106048,13.550401475170808
-1.472178439828139,13.533273703635427
-1.5133500049858744,13.512987523808535
-1.5526912390610903,13.489338249375976
-1.5900753059394301,13.462169929053681
-1.6255013243127931,13.431641058271872
-1.6590184180206762,13.39803497052627
-1.6906758373917394,13.361635315093359
-1.7205228327546402,13.3227257412496
-1.7486086544380381,13.281589898271472
-1.7749825527705914,13.238511435435443
-1.7996937780809594,13.19377400201799
-1.822791580697803,13.147661247295575
-1.8443252109497756,13.100456820544684
-1.8643439191655389,13.052444371041783
-1.8828969556737523,13.003907548063346
-1.9000336103932909,12.95512746257927
-1.9158049424116974,12.906271796213169
-1.9302644517834295,12.857351729240527
-1.9434658168919303,12.808367008464824
-1.955462716120645,12.759317380689547
-1.9663088278530174,12.710202592718163
-1.97605783047249,12.661022391354164
-1.984763402362508,12.611776523401025
-1.992479221906515,12.562464735662221
-1.9992589674879562,12.513086774941238
-2.0051563174902745,12.463642388041555
-2.0102249502969136,12.414131321766645
-2.0145185442913185,12.364553322919994
-2.018090777856934,12.314908138305073
-2.0209953293772016,12.265195514725372
-2.023285877235568,12.21541519898437
-2.025016099815475,12.165566937885538
-2.026239675500368,12.11565047823236
-2.027010282673691,12.065665566828319
-2.0273815997188884,12.015611950476892
-2.027407305019403,11.965489375981553
-2.027141076958679,11.915297590145787
-2.026636593920161,11.865036339773068
-2.025947534287293,11.814705371666882
-2.025127576443519,11.76430443263071
-2.0242303987722834,11.713833269468028
-2.0233096796570296,11.663291628982316
-2.022419097481202,11.61267925797705
-2.021612330628244,11.56199590325571
-2.020943057481601,11.511241311621783
-2.020464956424716,11.460415229878734
-2.0202270542388114,11.409517639192384
-2.0202373623937127,11.358550587208722
-2.020482547423162,11.307517196998639
-2.0209490925867093,11.256420600866969
-2.0216234811439056,11.205263931118534
-2.022492196354301,11.154050320058166
-2.0235417214774443,11.102782899990688
-2.0247585397728867,11.05146480322093
-2.0261291345001786,11.00009916205372
-2.0276399889188683,10.948689108793886
-2.029277586288507,10.897237775746254
-2.0310284098686457,10.845748295215653
-2.0328789429188316,10.79422379950691
-2.0348156686986183,10.742667420924853
-2.0368250704675526,10.691082291774308
-2.0388936314851867,10.639471544360106
-2.0410078350110696,10.58783831098706
-2.043154164304751,10.536185723960019
-2.0453191026257826,10.484516915583805
-2.047489133233713,10.432835018163235
-2.0496507393880923,10.381143164003145
-2.0517904043484707,10.329444485408354
-2.053894611374399,10.277742114683699
-2.055949843725426,10.22603918413401
-2.057942584661103,10.174338826064101
-2.0598593174409787,10.12264417277882
-2.061686525324604,10.070958356582965
-2.0634106915715287,10.019284509781395
-2.065018299441303,9.967625764678914
-2.0664958321934765,9.915985253580356
-2.0678297730875994,9.864366108790563
-2.0690066053832226,9.812771462614341
-2.070012812339894,9.761204447356532
-2.0708348772171665,9.709668195321953
-2.0714592832745877,9.658165838815444
-2.0718725137717087,9.606700510141819
-2.07206105196808,9.55527534160592
-2.0720113811232506,9.503893465512558
-2.07170998449677,9.452558014166565
-2.071143345348191,9.401272119872788
-2.0702979469370613,9.350038914936025
-2.069160272522931,9.298861531661128
-2.067716805365351,9.247743102352908
-2.065954028723871,9.196686759316206
-2.0638584258580406,9.145695634855834
-2.06141648002741,9.094772861276633
-2.05861467449153,9.04392157088342
-2.0554394925099495,8.993144895981024
-2.0518774173422196,8.942445968874289
-2.0479149322478896,8.891827921868018
-2.0435385204865097,8.84129388726706
-2.0387346653176297,8.790846997376223
-2.033489850000801,8.740490384500356
-2.0277905577955715,8.690227180944262
-2.0216232719614937,8.640060519012795
-2.014974478009751,8.589993531471823
-2.007834117006313,8.540030058683852
-2.0002025542964383,8.490176075599008
-1.9920821131120978,8.44043795808534
-1.9834751166852718,8.390822082010954
-1.9743838882479305,8.341334823243896
-1.9648107510320534,8.291982557652267
-1.9547580282696118,8.242771661104118
-1.9442280431925834,8.193708509467541
-1.9332231190329452,8.144799478610615
-1.921745579022668,8.096050944401401
-1.9097977463937315,8.047469282707992
-1.8973819443781064,7.99906086939844
-1.8845004962077738,7.950832080340849
-1.8711557251147017,7.902789291403263
-1.8573499543308731,7.854938878453789
-1.8430855070882561,7.807287217360475
-1.8283647066188298,7.759840683991411
-1.8131898761545713,7.71260565421468
-1.797563338927451,7.665588503898339
-1.7814874181694489,7.618795608910479
-1.764964437112535,7.572233345119162
-1.7479967189886922,7.525908088392483
-1.730586587029886,7.47982621459849
-1.7127363644681015,7.433994099605287
-1.694448374535305,7.388418119280926
-1.675724940463476,7.343104649493491
-1.6565683854845936,7.29806006611107
-1.6369810328306258,7.25329074500172
-1.6169652057335544,7.20880306203353
-1.596525854498236,7.16460056687338
-1.5756804706348002,7.120673317377839
-1.5544502838221006,7.077007349886958
-1.5328565243807473,7.033588700050445
-1.510920422631332,6.990403403517975
-1.4886632088944594,6.947437495939245
-1.4661061134907347,6.904677012963952
-1.4432703667407498,6.86210799024177
-1.420177198965115,6.819716463422407
-1.3968478404844213,6.777488468155535
-1.3733035216192786,6.735410040090859
-1.3495654726902786,6.693467214878055
-1.3256549240180258,6.651646028166819
-1.3015931059231272,6.609932515606849
-1.2774012487261726,6.5683127128478205
-1.253100582747773,6.526772655539438
-1.2287123383085192,6.485298379331374
-1.2042577457290216,6.443875919873337
-1.1797580353298718,6.402491312815
-1.155234437431679,6.361130593806068
-1.1307081823550353,6.319779798496215
-1.1062005004205455,6.278424962535139
-1.0817326219488157,6.23705212157254
-1.0573257772604363,6.195647311258086
-1.0330011966760189,6.154196567241491
-1.008780110516153,6.112685925172421
-0.9846837491014498,6.071101420700588
-0.9607333427525003,6.029429089475661
-0.9369501217899148,5.987654967147347
-0.9133553165342845,5.945765089365324
-0.8899701573062148,5.9037454917792855
-0.8668158744263109,5.861582210038929
-0.8439136982151643,5.819261279793929
-0.8212629934266304,5.77679006289167
-0.7987527212529771,5.734283601360151
-0.7762370773671496,5.691890845167957
-0.7535702445436774,5.649760756863876
-0.7306064055571083,5.608042298996724
-0.7071997431819719,5.56688443411528
-0.6832044401928113,5.526436124768357
-0.6584746793641708,5.486846333504757
-0.6328646434705784,5.448264022873269
-0.6062285152865837,5.410838155422703
-0.5784204775867147,5.3747176937018475
-0.5492947131455211,5.340051600259513
-0.5187054047375301,5.306988837644487
-0.48650673513729276,5.275678368405583
-0.4525528871193348,5.246269155091586
-0.4167004309676607,5.21890806829462
-0.3789179821926887,5.193643803598982
-0.339331926574127,5.170386816898409
-0.2980805195098392,5.149037163823397
-0.25530201639765626,5.12949490000442
-0.2111346726354433,5.111660081071973
-0.1657167436210299,5.0954327626565314
-0.11918648475227278,5.080713000388585
-0.07168215142702929,5.067400849898621
-0.0233419990431278,5.05539636681712
0.025695717001564415,5.044599606774568
0.07529274130921965,5.03491062540145
0.12531081848197007,5.026229478328254
0.1756116931219882,5.018456221185457
0.22605737878509893,5.011491039852722
0.27655132679827443,5.005254187735934
0.32708275917550883,4.99970745535718
0.3776515335785414,4.994817783880919
0.42825750766914306,4.990552114471614
0.4789005391090431,4.986877388293732
0.5295804855600121,4.983760546511734
0.5802972046837793,4.981168530290085
0.6310505541421151,4.979068280793245
0.681840391596749,4.977426739185684
0.7326665747094521,4.976210846631861
0.7835289611419631,4.975387544296241
0.8344274085560222,4.974923773343287
0.8853617746133999,4.974786474937464
0.9363319169758253,4.974942590243233
0.9873376933050694,4.9753590604250615
1.0383789612628613,4.976002826647411
1.0894555785109714,4.976840830074744
1.1405674027111288,4.977840011871526
1.191714291525105,4.978967313202219
1.2428961026146395,4.980189675231289
1.2941126936414706,4.981474039123197
1.3453639222673703,4.982787346042408
1.3966496461540672,4.984096537153384
1.4479697229633326,4.985368553620593
1.4993240103568948,4.986570336608494
1.5507123659965254,4.987668827281554
1.6021346475439633,4.988630966804233
1.6535902871627872,4.9894291793494405
1.7050763401072753,4.990066518162428
1.7565890366509473,4.990556667265836
1.8081246062502605,4.990913321211584
1.8596792783616323,4.991150174551597
1.9112492824415204,4.991280921837797
1.9628308479463403,4.991319257622104
2.01442020433255,4.99127887645644
2.0660135810565774,4.99117347289273
2.1176072075748467,4.99101674148289
2.169197313343819,4.9908223767788495
2.220780127819907,4.990604073332525
2.2723518804595715,4.990375525695838
2.3239088007192272,4.990150428420714
2.375447118055332,4.989942476059073
2.4269630619243023,4.989765363162836
2.4784528617825967,4.989632784283928
2.529912747086642,4.989558433974269
2.581338947292862,4.9895560067857785
2.6327276918577187,4.989639197270383
2.6840752102376255,4.989821699980002
2.7353777318890407,4.990117209466557
2.786631486268381,4.990539420281969
2.837832702832106,4.991102026978166
2.8889776110366285,4.991818724107063
2.9400624403384077,4.9927032062205825
2.9910834201938705,4.99376916787065
3.0420367800594446,4.9950303036091865
3.092918749391586,4.996500307988113
3.143725557646712,4.99819287555935
3.1944534342812805,5.000121700874823
3.2450986087517077,5.00230047848645
3.2956573105144513,5.004742902946159
3.3461257690259374,5.007462668805864
3.396500213742593,5.010473470617492
3.446776874120877,5.013789002932963
3.4969519796172044,5.017422960304201
3.5470217596880333,5.021389037283125
3.5969824437897797,5.025700928421658
3.6468302613789016,5.030372328271723
3.6965614419118165,5.035416931385242
3.7461722148449805,5.040848432314136
3.79565880963482,5.046680525610327
3.845017455737765,5.052926905825737
3.8942443826102684,5.059601267512288
3.943335819708751,5.066717305221901
3.9922879964896683,5.074288713506501
4.041097142409437,5.082329186918005
4.089759486924513,5.09085242000834
4.138271259491317,5.099872107329424
4.186628689566303,5.109401943433181
4.234828006605898,5.119455622871534
4.282865440066532,5.130046840196402
4.330737240092873,5.141189198744129
4.378441948607409,5.152886197264925
4.425982449057982,5.165122192463311
4.473362108763061,5.1778794076289625
4.520584295041153,5.191140066051565
4.56765237521073,5.2048863910207945
4.614569716590304,5.219100605826339
4.661339686498352,5.233764933757878
4.707965652253357,5.248861598105087
4.754450981173828,5.264372822157656
4.800799040578235,5.280280829205259
4.847013197785088,5.296567842537584
4.893096820112857,5.313216085444304
4.939053274880052,5.330207781215111
4.984885929405155,5.347525153139679
5.030598151006646,5.365150424507689
5.076193307003032,5.383065818608827
5.121674764712785,5.401253558732767
5.167045891454415,5.4196958681692
5.212310054546396,5.438374970207799
5.257470621307232,5.457273088138252
5.302530959055397,5.4763724452502345
5.3474944351093985,5.495655264833434
5.392364416787719,5.515103770177527
5.437144271408838,5.534700184572194
5.481837366291264,5.554426731307121
5.526447068753471,5.574265633671983
5.570976746113963,5.594199114956471
5.615429765691219,5.614209398450256
5.659809494803741,5.634278707443028
5.704119300770003,5.65438926522446
5.748362550908514,5.674523295084241
5.792542612537753,5.69466302031205
5.836662852976207,5.714790664197565
5.880726613401235,5.734888545053731
5.924733131622583,5.7549538969682255
5.9686731123806025,5.7750149718058355
6.0125361964763675,5.795103888859215
6.056312024710975,5.815252767421021
6.0999902378855,5.835493726783906
6.143560476801041,5.855858886240533
6.18701238225868,5.8763803650835555
6.230335595059495,5.897090282605624
6.273519756004586,5.918020758099404
6.316554505895027,5.939203910857543
6.3594294855319164,5.960671860172705
6.402134335716328,5.982456725337538
6.444658697249364,6.004590625644706
6.486992210932093,6.027105680386858
6.529124517565619,6.050034008856659
6.571045257951021,6.0734077303467595
6.612744072889375,6.097258964149811
6.6542106031817845,6.121619829558481
6.695434489629323,6.146522445865415
6.736405373033088,6.171998932363277
6.777112894194155,6.1980814083447155
6.817546693913623,6.224801993102397
6.8576964129925715,6.252192805928972
6.897551692232079,6.28028596611709
6.937102172433248,6.30911359295942
6.976337494397147,6.338707805748605
7.0152472989248835,6.369100723777317
7.053821226817523,6.400324466338192
7.092048918876172,6.432411152723908
7.129920015901895,6.4653929022271
7.167424158695803,6.499301834140446
7.204550988058966,6.534170067756588
7.24129224749005,6.570024782061052
7.277692636577713,6.606768735223426
7.313852496431992,6.644173955151729
7.349874808358832,6.682006266589727
7.385862553664143,6.720031494281141
7.421918713653877,6.758015462969742
7.4581462696339464,6.795723997399259
7.494648202910296,6.832922922313453
7.53152749478885,6.869378062456064
7.568887126575531,6.9048552425708305
7.606830079576282,6.939120287401514
7.645459335097023,6.97193902169185
7.6848778744436945,7.003077270185595
7.725188678922217,7.032300857626488
7.766494729838534,7.059375608758285
7.808899008498557,7.084067348324718
7.852504496208237,7.10614190106955
7.897414174273493,7.125365091736517
7.943731021405334,7.141502750734971
7.991504387627314,7.1544377985770575
8.040592080038017,7.164471360691362
8.090809159646014,7.1719978921088865
8.141970687459823,7.177411847860622
8.193891724488012,7.181107682977562
8.246387331739117,7.1834798524907
8.299272570221666,7.184922811431032
8.352362500944224,7.185831014829547
8.405472184915318,7.18659891771724
8.45841668314351,7.187620975125107
8.511011056637324,7.18929164208414
8.563070366405325,7.1920053736253315
8.614409674328693,7.196156622958714
8.66488487485605,7.2020546387096305
8.714501801185193,7.209695795009617
8.763300693689423,7.219004669155319
8.81132179274208,7.229905838443385
8.858605338716458,7.242323880170462
8.905191571985888,7.2561833716331945
8.951120732923673,7.27140889012823
8.99643306190314,7.287925012952219
9.041168799297589,7.3056563174018
9.085368185480355,7.324527380773627
9.12907146082474,7.344462780364343
9.172318865704058,7.365387093470593
9.215150640491633,7.387224897389028
9.25760702556076,7.409900769416285
9.299728261284784,7.433339286849025
9.341554588036992,7.45746502698388
9.383126246190725,7.482202567117511
9.424483476119274,7.50747648454655
9.465666518195976,7.533211356567658
9.506715612794135,7.559331760477471
9.547671000287057,7.585762273572633
9.588572921048073,7.612427473149803
9.629461615450488,7.639251936505614
9.670377323867626,7.666160240936725
9.71136028667279,7.693076963739771
9.752450744239312,7.719926682211409
9.793688936940494,7.746633973648281
9.835115105149647,7.773123415347026
9.876769489240104,7.799319584604306
9.918692329585163,7.825147058716752
9.960923838824106,7.850530448319026
10.003481588154148,7.875421580431266
10.046319608374018,7.8998486614834205
10.089380867019283,7.923853196618193
10.132608331625534,7.947476690978311
10.175944969728342,7.970760649706487
10.21933374886327,7.993746577945427
10.26271763656592,8.016475980837859
10.306039600371843,8.038990363526489
10.34924260781664,8.061331231154043
10.39226962643587,8.083540088863227
10.43506362376512,8.10565844179676
10.47756756733996,8.127727795097355
10.519724424695974,8.149789653907735
10.56147716336874,8.17188552337061
10.602768750893818,8.194056908628694
10.643542154806802,8.216345314824704
10.683740345646443,8.238792246332904
10.723337447112948,8.261431236068642
10.76241550596857,8.284268201635825
10.801079923348276,8.307303084730512
10.839436100386985,8.330535827048749
10.877589438219658,8.3539663702866
10.915645337981234,8.37759465614011
10.95370920080664,8.401420626305333
10.991886427830837,8.425444222478328
11.030282420188755,8.449665386355141
11.069002579015345,8.474084059631831
11.108152305445541,8.49870018400445
11.147837000614295,8.523513701169056
11.188162065656536,8.54852455282169
11.229232901707228,8.573732680658422
11.271154909901297,8.599138026375295
11.314033491373676,8.624740531668358
11.357974047259333,8.650540138233678
11.403081978693189,8.676536787767295
11.449460275423016,8.702728270822433
11.49709892648776,8.729011572628394
11.545828900805333,8.75514182023523
11.595469213948526,8.780863477389715
11.64583888149011,8.805921007838636
11.69675691900291,8.830058875328785
11.74804234205968,8.853021543606934
11.799514166233243,8.874553476419882
11.85099140709636,8.894399137514403
11.902293080221853,8.91230299063729
11.953238201182485,8.928009499535325
12.003645785551068,8.941263127955294
12.053334848900384,8.951808339643978
12.102124406803215,8.959389598348167
12.149833474832374,8.963751367814648
12.196281068560621,8.964638111790201
12.24128627858149,8.961794471346366
12.284718329329495,8.95508358777721
12.326583413199598,8.94469235043703
12.366910899691396,8.930862431876562
12.405730158304513,8.913835504646515
12.443070558538551,8.893853241297611
12.47896146989312,8.871157314380584
12.51343226186784,8.845989396446138
12.546512303962315,8.818591160045012
12.578230965676163,8.789204277727906
12.608617616508985,8.758070422045563
12.637701625960407,8.725431265548687
12.665512363530027,8.691528480788016
12.692079125340753,8.656599020256406
12.717429556560827,8.620773636524655
12.741589671544254,8.584078177801189
12.764585415296631,8.546534031360757
12.786442732823517,8.508162584478143
12.807187569130491,8.468985224428089
12.826845869223124,8.429023338485374
12.845443578106996,8.388298313924743
12.86300664078767,8.346831538020968
12.879561002270728,8.304644398048824
12.895132607561745,8.261758281283049
12.90974740166629,8.21819457499843
12.923431329589937,8.173974666469707
12.936210336338265,8.129119942971666
12.948110366916843,8.083651791779044
12.95915736633125,8.037591600166628
12.969377279587054,7.99096075540916
12.97879605168983,7.943780644781412
12.987439627645156,7.896072655558156
12.995333952458601,7.847858175014135
13.00250497113574,7.799158590424131
13.008978628682152,7.749995289062889
13.014780870103404,7.70038965820519
13.019937640405075,7.650363085125775
13.024474884592735,7.5999369570994295
13.028418547671963,7.549132661400895
13.031794574648327,7.497971585304943
13.0346289105274,7.446475116086347
13.036947500314765,7.394664641019851
13.038776289015985,7.3425615473802335
13.040141221636643,7.290187222442243
13.041068243182309,7.237563053480659
13.041583298658553,7.184710427770221
13.04171233307096,7.131650732585718
13.041481291425088,7.078405355201886
13.040916118726528,7.024995682893503
13.040042759980837,6.971443102935339
13.038887160193603,6.917769002602136
13.037475264370395,6.863994769168682
13.035833017516785,6.81014178990971
13.033986364638347,6.756231452100012
13.031961250740656,6.702285143014324
13.029783620829285,6.6483242499274215
13.027479419909813,6.594370160114078
13.025074592987805,6.540444260849034
13.022595085068843,6.486567939407075
13.020066841158496,6.432762583062938
13.017515806262338,6.3790495790914115
13.014967925385948,6.3254503147672345
13.012449143534896,6.271986177365194
13.00998540571475,6.218678554160026
13.007602656931095,6.165548832426507
13.0053268421895,6.112618399439412
13.003183906495538,6.059908642473479
13.001199794854784,6.007440948803493
12.99940045227281,5.955236705704196
12.997811823755193,5.903317300450371
12.996459590441825,5.851703940712287
12.995350068873371,5.800404653330467
12.99445733094456,5.74940551730208
12.993752396809892,5.698690534407643
12.993206286623888,5.648243706427684
12.992790020541038,5.598049035142691
12.992474618715857,5.548090522333198
12.992231101302849,5.498352169779697
12.99203048845652,5.448817979262719
12.99184380033137,5.399471952562753
12.991642057081911,5.350298091460335
12.991396278862645,5.3012803977359555
12.991077485828086,5.252402873170135
12.99065669813273,5.203649519543398
12.99010493593109,5.155004338636235
12.98939321937766,5.106451332229177
12.988492568626963,5.057974502102717
12.987374003833494,5.009557850037387
12.98600854515176,4.961185377813678
12.984367212736268,4.912841087212122
12.982421026741521,4.864508980013212
12.980141007322029,4.816173057997466
12.977498174632293,4.767817322945411
12.974463548826826,4.719425776637537
12.971008150060126,4.670982420854374
12.967102998486702,4.622471257376415
12.962719114261063,4.573876287984192
12.95782751753771,4.525181514458199
12.952399228471148,4.476370938578954
12.946405267246705,4.427428562148863
12.93982390560643,4.378343536022571
12.932661024080456,4.329124614996143
12.924929072712096,4.279785218624904
12.91664050154465,4.230338766464221
12.907807760621427,4.1807986780694195
12.898443299985733,4.131178372995869
12.888559569680872,4.081491270798895
12.878169019750153,4.031750791033856
12.867284100236885,3.9819703532561075
12.855917261184368,3.932163377020976
12.84408095263592,3.882343281883831
12.831787624634837,3.8325234873999965
12.819049727224424,3.7827174131248413
12.805879710447995,3.7329384786136917
12.792290024348857,3.6832001034219157
12.778293118970304,3.633515707104838
12.763901444355657,3.5838987092178187
12.749127450548217,3.5343625293162115
12.73398358759129,3.484920586955346
12.718482305528186,3.4355863016905888
12.702636054402205,3.3863730930772658
12.686457284256658,3.3372943806707442
12.669958445134851,3.2883635840263516
12.653151987080092,3.2395941226994545
12.636050360135682,3.19099941624538
12.618666014344932,3.1425928842194852
12.601011399751147,3.094387946177126
12.583098966397634,3.046398021673632
12.564937346620559,2.99863908646047
12.546510250747573,2.9511438031481037
12.527791388941582,2.903951530089066
12.508754444468696,2.857101643644944
12.489373100595042,2.8106335201773502
12.46962104058674,2.764586536047897
12.449471947709903,2.7190000676181714
12.428899505230664,2.6739134912497935
12.407877396415127,2.62936618330435
12.38637930452943,2.5853975201434634
12.364378912839681,2.5420468781287187
12.341849904612008,2.499353633621736
12.318765963112519,2.457357162984105
12.295100771607345,2.416096842577435
12.270828013362609,2.3756120487633394
12.245921371644421,2.3359421579034056
12.220354529718911,2.297126546359253
12.194101170852193,2.25920459049247
12.167134978310393,2.222215666664676
12.139429635359619,2.186199151237459
12.11095882526601,2.1511944205724376
12.081696231295671,2.117240851031202
12.051615536714722,2.084377818975362
12.020690424789302,2.0526447007665296
11.988894578785507,2.0220808727662933
11.95620168196948,1.9927257113362715
11.922585417607317,1.9646185928380542
11.888019468965167,1.9377988936332589
11.85247751930912,1.9123059900834753
11.815933251905324,1.8881792585503205
11.778360350019875,1.8654580753953869
11.739732496918906,1.8441818169802833
11.700023375868545,1.8243898596666184
11.659206670134894,1.8061215798159869
11.61726187621727,1.7894088895246756
11.57421646999969,1.7742220947488434
11.53012156449978,1.760501151064569
11.485028438380509,1.7481858013571527
11.438988370304871,1.7372157885119048
11.39205263893586,1.7275308554141326
11.344272522936446,1.719070744949139
11.295699300969632,1.7117752000022342
11.246384251698382,1.7055839634587213
11.196378653785708,1.70043677820391
11.145733785894562,1.6962733871231026
11.094500926687964,1.6930335331016102
11.042731354828867,1.6906569590247351
10.990476348980277,1.6890834077777865
10.937787187805185,1.68825262224607
10.884715149966556,1.6881043453148923
10.831311514127398,1.6885783198695596
10.777627558950671,1.689614288795378
10.723714563099387,1.6911519949776543
10.66962380523651,1.6931311813016958
10.615406564025042,1.6954915906528072
10.561114118127952,1.6981729659162965
10.506797746208232,1.7011150499774697
10.45250872692888,1.704257585721632
10.398298338952863,1.707540316034092
10.344217860943182,1.7109029838001542
10.2903179449848,1.7142859667547772
10.236625574881282,1.7176536233664372
10.183137381791637,1.7210010654425032
10.129848007439978,1.7243254204884013
10.076752093550382,1.7276238160095623
10.023844281846952,1.7308933795114123
9.971119214053793,1.7341312384993803
9.918571531894983,1.7373345204788953
9.866195877094635,1.740500352955384
9.813986891376823,1.743625863434276
9.76193921646566,1.7467081794209984
9.710047494085225,1.7497444284209802
9.658306365959621,1.7527317379396496
9.606710473812955,1.7556672354824343
9.555254459369298,1.7585480485547633
9.503932964352767,1.7613713046620632
9.452740630487437,1.7641341313097645
9.401672099497421,1.7668336560032936
9.350722013106799,1.76946700624808
9.29988501303968,1.7720313095495503
9.249155741020141,1.7745236934131352
9.198528838772287,1.7769412853442603
9.147998948020229,1.7792812128483555
9.097560710488029,1.7815406034308487
9.047208767899814,1.7837165845971674
8.996937761979652,1.7858062838527404
8.946742334451656,1.7878068287029956
8.896617127039912,1.7897153466533624
8.84655678146852,1.791528965209267
8.796555939461568,1.7932448118761395
8.746609242743155,1.7948600141594073
8.696711333037385,1.7963716995644985
8.646856852068332,1.7977769955968412
8.597040441560118,1.7990730297618642
8.547256743236808,1.8002569295649957
8.497500398822528,1.8013258225116633
8.447766050041341,1.8022768361072956
8.398048338617368,1.8031070978573207
8.348341906274687,1.803813735267167
8.298641394737398,1.8043938758422629
8.248941445729608,1.8048446470880364
8.19923670097539,1.8051631765099152
8.149521802198862,1.8053465916133282
8.099791391124095,1.8053920199037035
8.050040109475209,1.8052965888864696
8.000262598976272,1.8050574260670533
7.950453501351406,1.8046716589508844
7.900607458324681,1.8041364150433907
7.8507191116202035,1.8034488218500004
7.800783102962081,1.802606006876142
7.750794074074382,1.8016050976272424
7.700746666681229,1.800443221608732
7.650635522506692,1.7991175063260365
7.600455364203169,1.797625102075315
7.550204804290109,1.7959642546029486
7.499887986463954,1.7941347673252646
7.449509476416745,1.792136562499455
7.399073839840479,1.7899695623827088
7.348585642427203,1.7876336892322173
7.298049449868919,1.7851288653051707
7.247469827857672,1.7824550128587597
7.196851342085466,1.7796120541501754
7.146198558244346,1.776599911436608
7.095516042026313,1.7734185069752473
7.044808359123403,1.770067763023285
6.99408007522765,1.7665476018379114
6.943335756031055,1.7628579456763163
6.892579967225667,1.758998716795692
6.841817274503485,1.7549698374532263
6.791052243556557,1.7507712299061131
6.740289440076883,1.7464028164115404
6.6895334297565086,1.7418645192267002
6.638788778287438,1.7371562606087816
6.588060051361706,1.732277962814976
6.537351814671343,1.727229548102475
6.486668633908355,1.7220109387284672
6.436015074764785,1.716622056950145
6.385395702932641,1.7110628250246978
6.334815084103963,1.7053331652093173
6.284277783970755,1.6994329997611926
6.23378836822506,1.6933622509375152
6.183351402558884,1.6871208409954743
6.132971452664261,1.6807086921922618
6.082653084233224,1.6741257267850698
6.0324008629577754,1.6673718670310853
5.982219354529962,1.6604470351875018
5.932113124641785,1.653351153511508
5.882086738985289,1.6460841442602963
5.83214476325248,1.6386459296910547
5.782291763135389,1.6310364320609754
5.732532304326052,1.62325557362725
5.682870952516473,1.615303276647067
5.633312273398694,1.6071794633776193
5.583860832664719,1.5988840560760942
5.534521196006593,1.5904169769996856
5.48529792911632,1.5817781484055813
5.436195597685942,1.5729674925509747
5.387218767407465,1.563984931693053
5.338372003972921,1.5548303880890084
5.289659873074347,1.5455037839960337
5.2410869404037435,1.5360050416713151
5.192657771653156,1.526334083372048
5.144376932514589,1.5164908313554186
5.096248988680084,1.5064752078786208
5.0482785058416475,1.496287135198842
5.0004700496913195,1.4859265355732763
4.952828185921109,1.4753933312591103
4.905357480223047,1.4646874445135367
4.858061887632635,1.4538095972565412
4.810929877085515,1.4427807906603844
4.763933585858694,1.4316434124200812
4.717044371310996,1.4204408715437487
4.670233590801283,1.4092165770395109
4.623472601688385,1.398013937915485
4.576732761331165,1.386876363179796
4.5299854270884445,1.37584726184056
4.483201956319082,1.3649700429058997
4.436353706381929,1.3542881153839388
4.3894120346358125,1.3438448882827927
4.342348298439598,1.3336837706105873
4.295133855152108,1.3238481713754384
4.247740062132208,1.314381499585471
4.200138276738723,1.3053271642488018
4.152299856330508,1.296728574373554
4.104196158266416,1.2886291389678495
4.0557985399052745,1.2810722670398056
4.007078358605947,1.2741013675975468
3.958006971727256,1.2677598496491904
3.908555736628069,1.2620911222028592
3.8586960106672104,1.2571385942666726
3.8083991512035436,1.2529456748487529
3.757636515595895,1.249555772957219
3.7063794612031176,1.2470122976001927
3.654599345384068,1.2453586577857951
3.6022675254975685,1.244638262522146
3.5493587238719773,1.244890461230041
3.495915980265383,1.2460721833936885
3.442045960042314,1.2480635988993256
3.3878577536827286,1.2507419519103575
3.3334604516666335,1.2539844865901895
3.278963144473991,1.2576684471022292
3.2244749225847964,1.2616710776098807
3.1701048764790425,1.2658696222765493
3.1159620966366917,1.2701413252656417
3.0621556735377498,1.274363430740562
3.0087946976621778,1.278413182864718
2.955988259489982,1.282167825801514
2.903845449501124,1.285504603714356
2.8524753581756084,1.2883007607666497
2.8019870759933982,1.2904335411218006
2.752468515374004,1.291819554432938
2.703886623431247,1.292600259012117
2.6561654673165016,1.2929968178601678
2.6092290637506417,1.2932304877175298
2.5630014294545003,1.2935225253246414
2.517406581148949,1.2940941874219425
2.472368535554822,1.2951667307498713
2.427811309392981,1.2969614120488675
2.3836589193842888,1.2996994880593697
2.3398353822495777,1.3036022155218177
2.2962647147097206,1.308890851176649
2.2528709334855503,1.3157866517643049
2.2095780552979387,1.3245108740252216
2.1663100968677202,1.3352847746998417
2.122993488102626,1.348320163381536
2.0796051561608113,1.3636311629618212
2.0361698915974196,1.3810445206434594
1.992714370909857,1.4003796005399753
1.9492652705955058,1.4214557667649066
1.9058492671517808,1.4440923834317727
1.8624930370760646,1.468108814654113
1.8192232568657716,1.4933244245454458
1.7760666030182841,1.5195585772193112
1.7330497520310177,1.5466306367892275
1.6901993804013535,1.5743599673687343
1.6475421646266986,1.602565933071356
1.605104781204461,1.631067898010615
1.5629139066320208,1.6596852263000523
1.5209962174067952,1.6882372820531857
1.4793783900261637,1.7165434293835549
1.4380871009875438,1.7444230324046788
1.3971490267883162,1.7716954552300974
1.356590850087886,1.79818009417177
1.3164559043394237,1.823783351470723
1.2768404112752616,1.848687988196095
1.237851069451608,1.8731315103022155
1.199594577424647,1.8973514237434281
1.1621776337505965,1.921585234474058
1.1257069369856407,1.9460704484484488
1.090289185685996,1.9710445716209253
1.056031078407848,1.9967451099458318
1.0230393137074123,2.0234095693774914
0.991420590140875,2.05127545587025
0.9612816062644447,2.080580275378437
0.9327290606343276,2.11156153385638
0.9058610749202484,2.144443013386744
0.8806531449511764,2.1792522825065226
0.8569892065498271,2.2158704046331983
0.8347509985256018,2.2541749277442995
0.8138202596878823,2.294043399817387
0.7940787288460652,2.3353533688299977
0.7754081448095451,2.377982382759666
0.757690246387706,2.4218079895839555
0.7408067723899465,2.4667077372803914
0.7246394616256512,2.512559173826537
0.7090700529042181,2.5592398471999185
0.6939802850350321,2.6066273053780993
0.679251896827491,2.654599096338604
0.6647666270909801,2.7030327680589976
0.6504062146348937,2.751805868516813
0.6360523982686265,2.800795945689588
0.6215869168015634,2.849880547554884
0.6068915090431023,2.898937222090226
0.5918479138026285,2.94784351727318
0.5763378698895394,2.9964769810812695
0.5602431161132202,3.0447151614920585
0.5434453912830689,3.0924356064830723
0.5258264342084699,3.139515864031875
0.5072679836988179,3.1858334821160015
0.48765177856350844,3.2312660087129865
0.46685955761192516,3.2756909918003925
0.4447730596534677,3.3189859793557472
0.42127402349751863,3.361028519356612
0.3962441879534789,3.401696159780515
0.3695652918307296,3.440866448605017
0.34111907393867336,3.4784169338076456
0.3107872730866894,3.514225163365961
0.2784516280841751,3.5481686852575005
0.24399387774052916,3.5801250474598016
0.20730766950419222,3.609977220180078
0.16844315811649385,3.637679434369928
0.12756077071846475,3.663236130099989
0.08482323924368033,3.6866527968566976
0.040393295625682134,3.7079349241265125
-0.005566328201962472,3.7270880013958796
-0.052892900305684415,3.744117518151244
-0.10142368875194455,3.759028963879062
-0.15099596160716378,3.771827828065778
-0.2014469869378034,3.782519600197847
-0.25261403281028394,3.791109769761712
-0.3043343672910676,3.7976038262438276
-0.3564452584465743,3.80200725913064
-0.40878397434326613,3.804325557908602
-0.46118778304757363,3.8045642120641583
-0.5134939526259273,3.802728711083763
-0.5655397511447894,3.7988245444538635
-0.6171624466705798,3.792857201660909
-0.6681993072697608,3.7848321721913485
-0.7184876010087524,3.7747549455316336
-0.7678645959540163,3.762631011168211
-0.8161675601719737,3.7484658585875343
-0.8632337617290848,3.7322649772760466
-0.9089004686917814,3.714033856720201
-0.9530049491264951,3.6937779864064506
-0.9953844710996853,3.6715028558212373
-1.0358763026777753,3.6472139544510194
-1.0743177119272238,3.6209167717822366
-1.1105459669144546,3.5926167973013468
-1.144398335705925,3.5623195204947917
-1.1757120863680617,3.5300304308490316
-1.2043244869673184,3.4957550178505015
-1.230121103433561,3.4595152272755514
-1.253183391411956,3.421399749425298
-1.2736424629366998,3.381514193774366
-1.291629430046813,3.3399641697990647
-1.3072754047813302,3.296855286975669
-1.3207114991792728,3.252293154780486
-1.332068825279674,3.20638338268979
-1.3414784951215588,3.1592315801798794
-1.3490716207439533,3.1109433567270566
-1.3549793141858884,3.061624321807594
-1.3593326874863896,3.0113800848978016
-1.3622628526844869,2.9603162554739506
-1.3639009218192064,2.908538443012354
-1.3643780069295761,2.8561522569892794
-1.363825220054624,2.8032633068810417
-1.362373673233378,2.7499772021639095
-1.3601544785048654,2.6963995523141855
-1.3572987479081147,2.6426359668081707
-1.3539375934821527,2.588792055122135
-1.3502021272660085,2.5349734267323925
-1.346223461298708,2.481285691115211
-1.342132707619281,2.427834457746905
-1.3380609782667539,2.3747253361037433
-1.3341393852801549,2.322063935662037
-1.3304990406985113,2.2699558658980594
-1.3272710565608512,2.21850673628811
-1.3245865449062033,2.167822156308491
-1.3225756227001404,2.1180070169105183
-1.3212617523070478,2.069089195643005
-1.3204682686920255,2.0209520615966765
-1.319996462721891,1.9734630662085288
-1.319647625263461,1.9264896609155169
-1.319223047183552,1.8798992971546356
-1.318524019348981,1.8335594263628399
-1.3173518326265636,1.7873374999771146
-1.3155077778831181,1.7411009694344446
-1.3127931459854603,1.694717286171786
-1.3090092278004068,1.648053901626132
-1.303957314194774,1.600978267234439
-1.2974386960353805,1.5533578344337018
-1.2892546641890401,1.5050600546608752
-1.2792065095225729,1.4559523793529543
-1.2670999747667075,1.4059081560924453
-1.2528659369117832,1.3549664630012752
-1.2365745196236817,1.3033507995318587
-1.2183031310226538,1.2512943128266454
-1.198129179228965,1.1990301500281284
-1.176130072362865,1.1467914582787573
-1.1523832185446203,1.0948113847210248
-1.1269660258944791,1.0433230764973809
-1.0999559025327037,0.9925596807503075
-1.0714302565795586,0.9427543446222861
-1.0414664961552893,0.8941402152557677
-1.010142029380166,0.8469504397932436
-0.9775342643744334,0.8014181653771651
-0.9437206092583628,0.7577765391500224
-0.9087784721521983,0.7162587082542693
-0.872785261176212,0.6770978198323937
-0.8358183180810722,0.6405265395630344
-0.7979418373541464,0.6066821591284169
-0.7591911210612178,0.5754923763473424
-0.7195976293590234,0.5468570187352173
-0.6791928224043331,0.5206759138074727
-0.6380081603538834,0.4968488890795173
-0.5960751033644444,0.47527577206678046
-0.553425111592752,0.4558563902846727
-0.5100896451955772,0.4384905712486215
-0.4661001643296554,0.42307814247403924
-0.4214881291517484,0.40951893147634905
-0.3762849998186193,0.39771276577097264
-0.3305222364870023,0.3875594728733244
-0.2842312993136696,0.3789588802988283
-0.23744364845535565,0.37181081556289997
-0.19019074406883263,0.366015106180962
-0.14250404631083438,0.3614715796684316
-0.09441501533813387,0.3580800635407297
-0.04595511130746443,0.35574038531327457
0.002844205624410838,0.3543523725014865
0.05195147530072834,0.3538158526207847
0.10133523756475513,0.3540306531865888
0.15096403225971794,0.3548966017143178
0.20080639922888338,0.3563135257193918
0.25083087831547835,0.35818125271722945
0.3010060093627697,0.3603996102232511
0.35130033221399404,0.36286842575287576
0.4016823867123879,0.3654875268215223
0.4521207127012188,0.3681567409446113
0.5025874109351965,0.37078740600285093
0.5530749725768619,0.37335677026095393
0.6035831339837645,0.37586550150446785
0.6541116401945881,0.37831429558021606
0.7046602362480369,0.3807038483350235
0.755228667182794,0.3830348556157136
0.8058166780376056,0.38530801326911307
0.856424013851155,0.3875240171420456
0.9070504196621457,0.38968356308133567
0.9576956405092828,0.3917873469338082
1.008359421431249,0.3938360645462867
1.0590415074667903,0.39583041176559786
1.1097416436545904,0.3977710844385652
1.1604595750333526,0.39965877841201347
1.2111950466417822,0.4014941895327673
1.2619478035185616,0.4032780136476505
1.3127175907024367,0.4050109466034894
1.3635041532320917,0.4066936842471078
1.4143072361462299,0.4083269224253303
1.465126584483535,0.40991135698498105
1.5159619432827527,0.4114476837728858
1.5668130575825665,0.4129365986358687
1.6176796724216804,0.4143787974207544
1.6685615328387988,0.4157749759743674
1.719458383872604,0.4171258301435319
1.7703699705618443,0.4184320557750737
1.8212960379452,0.41969434871581673
1.8722363310613772,0.4209134048125858
1.923190594949058,0.422089919912205
1.97415857464699,0.4232245898615001
2.0251400151938563,0.4243181105072951
2.076134661628359,0.42537117769641464
2.1271422589892035,0.42638448727568323
2.178162552315073,0.42735873509192546
2.2291952866447136,0.42829461699196647
2.2802402070168095,0.42919282882263093
2.3312970584700636,0.43005406643074306
2.382365586043159,0.43087902566312725
2.4334455347748425,0.4316684023666091
2.4845366497037964,0.43242289238801246
2.535638675868726,0.4331431915741625
2.5867513583083355,0.43382999577188325
2.6378744420613067,0.4344840008279997
2.689007672166387,0.4351059025893368
2.740150793662259,0.4356963969027188
2.791303551587628,0.4362561796149705
2.842465690981175,0.4367859465729162
2.8936369568816476,0.4372863936233812
2.9448170943277288,0.4377582166131897
2.9960058483581222,0.4382021113891664
3.0472029640115332,0.438618773798136
3.098408186326644,0.439008899686923
3.1496212603422014,0.43937318490235244
3.200841931096887,0.4397123252912487
3.2520699436294085,0.4400270167004365
3.303305042978445,0.44031795497674014
3.3545469741827447,0.44058583596698475
3.4057954822809897,0.4408313555179948
3.4570503123118868,0.4410552094765951
3.508311209314138,0.44125809368960994
3.5595779183264247,0.44144070400386404
3.610850184387497,0.4416037362661823
3.662127752536036,0.4417478863233893
3.713410367810744,0.4418738500223094
3.7646977752503092,0.4419823232097677
3.8159897198934734,0.4420740017325885
3.8672859467789213,0.4421495814375966
3.9185862009453567,0.4422097581716165
3.9698902274314842,0.4422552277814731
4.021197771275987,0.4422866861139909
4.072508577517611,0.44230482901599444
4.12382239119504,0.4423103523343086
4.175138957346977,0.44230395191575794
4.226458021012105,0.442286323607167
4.277779327229172,0.4422581632553606
4.32910262103686,0.4422201667071632
4.380427647473873,0.44217302980939954
4.431754151578916,0.4421174484088944
4.483081878390671,0.4420541183524722
4.534410572947884,0.4419837354869577
4.58573998028924,0.44190699565917546
4.637069845453443,0.44182459471595026
4.688399913479174,0.44173722850410674
4.739729929405181,0.4416455928704695
4.791059638270145,0.44155038366186306
4.842388785112773,0.4414522967251123
4.893717114971769,0.44135202790704176
4.945044372885813,0.44125027305447617
4.996370303893655,0.44114772801423996
5.047694653033975,0.44104508863315794
5.099017165345481,0.44094305075805496
5.150337585866874,0.44084231023575526
5.201655659636836,0.44074356291308364
5.2529711316941174,0.44064750463686486
5.304283747077397,0.44055483125392336
5.355593250825383,0.440466238611084
5.406899387976756,0.44038242255517146
5.458201903570262,0.44030407893301016
5.509500542644586,0.44023190359142483
5.56079505023843,0.4401665923772402
5.6120851713905004,0.4401088411372808
5.663370651139479,0.44005934571837146
5.714651234524112,0.44001880196733667
5.765926666583082,0.43998790573100105
5.817196692355096,0.4399673528561894
5.868461056878836,0.4399578391897264
5.919719505193045,0.4399600605784365
5.970971782336408,0.4399747128691443
6.022217633347632,0.4400024919086747
6.073456803265417,0.4400440935438522
6.124689037128448,0.4401002136215015
6.175914079975472,0.44017154798844715
6.227131676845172,0.440258792491514
6.278341572776249,0.4403626429775265
6.329543512807392,0.4404837952933094
6.380737241977341,0.44062294528568724
6.431922505324784,0.44078078880148486
6.483099047888421,0.4409580216875266
6.53426661470696,0.4411553397906375
6.5854249578030934,0.4413734312683185
6.636574033595566,0.44161275924023097
6.687714030647237,0.4418735312377263
6.738845150082845,0.4421559409616827
6.789967593027107,0.4424601821129785
6.841081560604804,0.4427864483924922
6.8921872539406515,0.44313493350110206
6.943284874159387,0.4435058311396861
6.994374622385751,0.4438993350091232
7.0454566997444585,0.44431563881029124
7.096531307360291,0.4447549362440688
7.147598646357966,0.44521742101133416
7.198658917862221,0.4457032868129658
7.249712322997771,0.4462127273498415
7.300759062889398,0.44674593632284015
7.351799338661819,0.44730310743283985
7.4028333514397735,0.4478844343807192
7.453861302347997,0.4484901108673562
7.504883392511208,0.449120330593629
7.555899823054187,0.44977528726041643
7.6069107951016495,0.4504551745685967
7.657916509778335,0.451160186219048
7.708917168208961,0.45189051591264856
7.759912971518302,0.45264635735027686
7.810904120831085,0.45342790423281143
7.861890817272041,0.4542353502611304
7.912873261965908,0.45506888913611204
7.96385165603741,0.45592871455863454
8.014826200611319,0.45681502022957654
8.065797096812355,0.4577279998498165
8.116764545765257,0.4586678471202324
8.167728748594742,0.45963475574170237
8.21868990642559,0.46062891941510525
8.269648220382516,0.4616505318413193
8.320603891590258,0.4626997867212227
8.371557121173558,0.4637768777556939
8.422508110257132,0.46488199864561064
8.473457059965755,0.4660153430918521
8.524404171424152,0.46717710479529634
8.575349645757056,0.4683674774568216
8.626293684089205,0.4695866547773062
8.677236487545319,0.470834830457628
8.728178257250176,0.4721121981986663
8.779119194328494,0.473418951701299
8.83005949990501,0.4747552846664043
8.880999375104441,0.47612139079486016
8.931939021051567,0.47751746378754567
8.982878638871108,0.47894369734533915
9.0338184296878,0.4804002851691184
9.08475859462638,0.481887420959762
9.135699334811566,0.48340529841814783
9.186640851368137,0.48495411124515503
9.237583345420816,0.48653405314166176
9.2885270152875,0.4881452448889393
9.339472011964874,0.48978657789339847
9.390418447091726,0.491455921067542
9.441366431109588,0.4931511122213301
9.492316074460016,0.4948699891647238
9.543267487584567,0.49661038970768384
9.594220780924763,0.49837015166017035
9.645176064922206,0.5001471128321456
9.696133450018424,0.5019391110335697
9.747093046654976,0.5037439840744038
9.798054965273389,0.5055595697646076
9.849019316315259,0.5073837059141435
9.899986210222119,0.5092142303329718
9.95095575743552,0.511048980831053
10.001928068397017,0.5128857952183483
10.052903253548141,0.5147225113048177
10.10388142333049,0.5165569669004235
10.15486268818559,0.5183869998151258
10.205847158554999,0.5202104478588855
10.256834944880252,0.5220251488416627
10.307826157602934,0.5238289405734196
10.358820907164585,0.5256196608641165
10.409819304006755,0.5273951475237137
10.460821458570997,0.529153238362173
10.511827481298845,0.5308917711894537
10.562837482631892,0.5326085838155187
10.613851573011672,0.5343015140503276
10.664869862879739,0.5359683997038415
10.715892462677617,0.5376070785860203
10.766919482846912,0.5392153885068268
10.817951033829148,0.5407911672762206
10.868987226065881,0.5423322527041626
10.920028169998664,0.543836482600614
10.971073976069032,0.545301694775535
11.022124754718575,0.5467257270388872
11.073180616388827,0.5481064172006312
11.124241671521343,0.5494416030707279
11.175308030557652,0.5507291224591373
11.226379803939349,0.5519668131758215
11.277457102107968,0.5531525130307409
11.32854003550506,0.5542840598338562
11.379628714572183,0.5553592913951283
11.430723249750862,0.5563760455245177
11.481823751482697,0.5573321600319858
11.532930330209217,0.5582254727274935
11.584043096371978,0.5590538214210012
11.635162160412511,0.5598150439224698
11.686287632772409,0.5605069780418604
11.737419623893203,0.5611274615891336
11.788558244216455,0.5616743323742508
11.839703604183706,0.5621454282071721
11.890855814236495,0.5625385868978585
11.942014984816417,0.5628516462562712
11.993181226365,0.5630824440923707
12.0443546493238,0.5632288182161183
12.09553218145508,0.563300431173463
12.146681829346283,0.5634143975117685
12.197756174760675,0.5637451402463282
12.2487076551727,0.5644676184745283
12.299488708056808,0.5657567912937559
12.350051770887438,0.5677876178013967
12.400349281139066,0.5707350570948385
12.450333676286132,0.5747740682714675
12.49995739380308,0.5800796104286703
12.549172871164366,0.5868266426638338
12.597932545844415,0.5951901240743405
12.646188855317718,0.6053450137575839
12.693894237058702,0.6174662708109476
12.741001128541818,0.6317288543318182
12.7874619672415,0.6483077234175753
12.833230212679801,0.6673744436024652
12.87831681973153,0.688909675303629
12.922819727272902,0.7126052609701556
12.966844112722866,0.7381290085025903
13.010495153500358,0.7651487258014666
13.053878027024362,0.7933322207673515
13.097097910713817,0.8223473013007792
13.140259981987663,0.8518617753022947
13.183469418264844,0.8815434506724305
13.22683139696434,0.9110601353117558
13.27045109550508,0.9400796371208038
13.31443369130603,0.9682697640001193
13.358884361786123,0.9952983238502466
13.4039082843643,1.020833124571721
13.449610636459548,1.0445419740651085
13.496096595490801,1.066092680230943
13.543471336385306,1.0851530577954966
13.591794911794981,1.1015145289126378
13.640967062646466,1.1154076717814874
13.690851943472218,1.1271605495485286
13.741313708804713,1.1371012253602513
13.79221651317643,1.1455577623631459
13.84342451111982,1.1528582237037004
13.89480185716741,1.1593306725284107
13.946212705851648,1.1653031719837637
13.997521211705015,1.1711037852162502
14.048591529259966,1.177060575372358
14.099287813049019,1.1835016055985819
14.14947421760463,1.1907549390414103
14.199014897459275,1.1991486388473327
14.247774007145438,1.2090107681628406
14.295615701195565,1.2206693901344183
14.342407468128595,1.2344362199920076
14.388058791207099,1.2504170553402643
14.432507867881467,1.2685768962257375
14.475693452557865,1.2888780117100482
14.5175542996425,1.3112826708548428
14.558029163541537,1.3357531427217444
14.597056798661148,1.3622516963723819
14.634575959407515,1.3907406008683854
14.6705254001868,1.4211821252713719
14.704843875405205,1.453538538642996
14.737470139468899,1.487772110044876
14.768342946784056,1.5238451085386417
14.79740105175684,1.561719803185907
14.824583208793456,1.6013584630483326
14.849828172300068,1.642723357187534
14.873106445248993,1.6857615981060952
14.89466242625627,1.7302895423071685
14.914880515743354,1.7760567103422715
14.934146240920468,1.8228120848413607
14.952845128997808,1.8703046484343342
14.97136270718558,1.918283383751112
14.990084502693984,1.966497273421592
15.009396042733242,2.014695300075733
15.02968285451355,2.0626264463434323
15.051330465245115,2.110039694854609
15.074616919913256,2.1567201587280804
15.099100081206124,2.2026950426333047
15.124041925175982,2.248091014465702
15.148703520633507,2.293035047092736
15.172345936389423,2.337654113381889
15.194230241254429,2.382075186200646
15.213617504039219,2.4264252384164693
15.229769653583258,2.470831152281841
15.242232669996028,2.5153898816113673
15.251245521093402,2.5601253650929485
15.257150865632333,2.6050506162463316
15.260291362369795,2.650178648591322
15.261009670062752,2.6955224756476683
15.259648447468157,2.7410951109351385
15.25655035334298,2.786909567973499
15.252058046444192,2.8329788602824992
15.24651418552875,2.8793160013819437
15.240261429353614,2.9259340047915834
15.233642436675753,2.972845884031182
15.22699986625213,3.02006465262049
15.220638474486313,3.0676005844945475
15.214631939599252,3.115447251241064
15.208966864566145,3.163591930642889
15.203629693136904,3.2120218889740557
15.198606869061434,3.2607243925085805
15.19388483608965,3.3096867075205356
15.18945003797146,3.358896100283937
15.185288918456775,3.408339837072819
15.181387921295507,3.4580051841611947
15.17773349023756,3.507879407823139
15.17431206903285,3.557949774332668
15.171110101431282,3.6082035499638128
15.168114031182771,3.658628000990611
15.165310302037227,3.709210393687074
15.162685357744556,3.7599379943272795
15.160225642054671,3.81079806918524
15.157917598717486,3.86177788453499
15.1557476714829,3.9128647066505415
15.153702304100827,3.9640458018059728
15.151767940321188,4.015308436275297
15.149931023893881,4.066639876332548
15.14817799856882,4.11802738825176
15.146495308095917,4.169458238306948
15.144869396225081,4.220919692772186
15.14328670670622,4.272399017921489
15.141733683289244,4.32388348002889
15.14019676972407,4.375360345368405
15.138662409760599,4.426816880214107
15.137117565769861,4.47824088149783
15.135556503312348,4.529627618840934
15.133978885064266,4.580977884242411
15.132384500143306,4.632292599077295
15.130773137667173,4.683572684720687
15.129144586753558,4.734819062547624
15.127498636520153,4.786032653933165
15.125835076084655,4.837214380252346
15.124153694564765,4.888365162880269
15.12245428107817,4.9394859231919686
15.12073662474257,4.990577582562503
15.119000514675653,5.0416410623669305
15.117245739995122,5.09267728398029
15.115472089818665,5.143687168777679
15.113679353263985,5.1946716381341345
15.111867319448772,5.245631613424717
15.110035777490722,5.29656801602446
15.10818451650753,5.347481767308465
15.106313325616886,5.39837378865177
15.104421993936494,5.449245001429432
15.102510310584048,5.500096327016511
15.100578064677238,5.5509286867880405
15.098625045333756,5.601743002119121
15.096651041671304,5.652540194384792
15.094655842807573,5.703321184960108
15.092639237860267,5.754086895220112
15.09060101594707,5.804838246539898
15.08854096618568,5.855576160294505
15.086458877693794,5.906301557858991
15.084354539589107,5.957015360608415
15.082227740989312,6.007718489917813
15.080078271012107,6.0584118671622855
15.077905918775182,6.109096413716867
15.07571047339624,6.159773050956621
15.073491723992968,6.210442700256598
15.071249459683065,6.261106282991842
15.068983469584223,6.311764720537448
15.06669354281414,6.362418934268455
15.064379468490507,6.413069845559922
15.062041035731028,6.463718375786884
15.059678033653391,6.514365446324444
15.057290251375292,6.565011978547634
15.054877478014426,6.615658893831517
15.052439502688486,6.666307113551149
15.049976114515172,6.716957559081566
15.047487102612177,6.767611151797869
15.044972256097193,6.818268813075095
15.042431364087914,6.868931464288299
15.039864215702046,6.9196000268125255
15.037270600057273,6.970275422022868
15.034650306271296,7.020958571294366
15.032003123461806,7.071650396002076
15.029328840746496,7.122351817521055
15.026627384960307,7.173063679648082
15.023899944405501,7.223786115575771
15.02114838453087,7.2745188770495055
15.018374577260571,7.325261712166998
15.015580394518777,7.376014369025951
15.012767708229633,7.426776595724122
15.009938390317313,7.477548140359211
15.007094312705972,7.528328751028935
15.004237347319778,7.579118175831015
15.001369366082887,7.629916162863145
14.998492240919461,7.680722460223086
14.995607843753659,7.731536816008539
14.992718046509648,7.782358978317221
14.989824721111587,7.833188695246828
14.986929739483632,7.88402571489512
14.984034973549951,7.934869785359799
14.981142295234704,7.985720654738579
14.978253576462054,8.036578071129181
14.975370689156152,8.0874417826293
14.97249550524117,8.1383115373367
14.969629896641267,8.189187083349077
14.966775735280606,8.24006816876415
14.963934893083342,8.290954541679616
14.961109241973642,8.341845950193234
14.958300653875666,8.392742142402707
14.955511000713571,8.443642866405748
14.952742154411524,8.494547870300076
14.949995986893692,8.545456902183393
14.947274370084218,8.596369710153454
14.944579175907279,8.64728604230796
14.941912276287031,8.69820564674463
14.939275543147636,8.749128271561158
14.936670848413252,8.800053664855309
14.934100064008046,8.850981574724779
14.93156506185618,8.901911749267288
14.929067713881803,8.952843936580548
14.926609892009093,9.003777884762265
14.924193468162196,9.054713341910192
14.921820314265288,9.105650056122036
14.919492302242519,9.156587775495504
14.917211304018053,9.2075262481283
14.914979191516055,9.258465222118188
14.912797836660681,9.309404445562858
14.910669111376098,9.360343666560036
14.908594887586462,9.411282633207437
14.906577037215946,9.462221093602759
14.90461743218869,9.513158795843756
14.902717944428874,9.564095488028137
14.900880445860652,9.615030918253614
14.899106808408185,9.665964834617906
14.897398903995636,9.716896985218714
14.895758604547165,9.767827118153793
14.894187781986933,9.818754981520845
14.892688308239105,9.869680323417587
14.89126205522784,9.920602891941718
14.889910529654054,9.971522423356348
14.888629424123343,10.022438465525354
14.887409769895088,10.073350415266992
14.886242467090245,10.124257665150107
14.885118415829776,10.175159607743543
14.884028516234633,10.226055635616191
14.88296366842578,10.276945141336885
14.881914772524171,10.327827517474493
14.880872728650772,10.378702156597843
14.879828436926527,10.429568451275825
14.878772797472406,10.480425794077288
14.877696710409364,10.531273577571085
14.87659107585835,10.582111194326064
14.875446793940338,10.632938036911069
14.874254764776271,10.683753497894992
14.87300588848712,10.734556969846675
14.87169106519383,10.785347845334964
14.87030119501737,10.836125516928707
14.868827178078694,10.886889377196795
14.867259914498758,10.937638818708061
14.865590304398525,10.988373234031366
14.863809247898947,11.039092015735564
14.861907645120986,11.089794556389489
14.8598763961856,11.140480248562046
14.857706401213745,11.191148484822062
14.855388560326379,11.241798657738395
14.852913773644465,11.292430159879883
14.850272941288951,11.34304238381542
14.847456963380804,11.393634722113847
14.84445674004098,11.444206567344018
14.841263171390432,11.494757312074785
14.837867157550129,11.545286348874988
14.834259598641015,11.595793070313523
14.83043139478406,11.646276868959227
14.826373446100217,11.696737137380955
14.822076652710441,11.747173268147542
14.817531914735692,11.797584653827885
14.812730132296931,11.847970686990818
14.807662205515117,11.898330760205209
14.802319034511203,11.9486642660399
14.796691519406151,11.998970597063732
14.790770560320912,12.049249145845598
14.784547057376452,12.099499304954344
14.778011910693731,12.14972046695882
14.771156020393697,12.199912024427856
14.763970286597313,12.25007336993036
14.756445609425542,12.300203896035162
14.748572888999334,12.350302995311118
14.740343025439648,12.400370060327083
14.73174691886745,12.450404483651896
14.72277546940369,12.500405657854456
14.713419577169326,12.550372975503592
14.703670142285322,12.600305829168164
14.693518064872631,12.650203611417009
14.682954245052212,12.700065714819022
14.67196958294502,12.749891531943037
14.660554964571041,12.799680426823736
14.648693869269945,12.849416775634115
14.636350240758965,12.899045423043821
14.62348483953529,12.948504772285965
14.610058426096105,12.997733226593569
14.59603176093859,13.046669189199685
14.581365604559949,13.095251063337345
14.566020717457357,13.143417252239658
14.549957860127996,13.191106159139634
14.533137793069061,13.238256187270343
14.515521276777742,13.284805739864835
14.497069071751225,13.330693220156142
14.477741938486687,13.375857031377356
14.45750063748132,13.42023557676151
14.436305929232313,13.463767259541658
14.414118574236854,13.506390482950858
14.390899332992134,13.548043650222137
14.366608965995324,13.58866516458859
14.341208233743622,13.628193429283254
14.314657896734207,13.666566847539174
14.286918715464292,13.7037238225894
14.257951450431026,13.739602757667
14.227716862131617,13.774142056005026
14.196175711063248,13.807280120836525
14.163288757723103,13.838955355394553
14.129016762608389,13.86910616291215
14.093320486216262,13.897670946622394
14.056160689043923,13.924588109758325
14.01749813158856,13.949796055553001
13.97729357434737,13.973233187239451
13.935507777817516,13.99483790805077
13.892101502496196,14.014548621219983
13.8470355088806,14.032303729980152
13.800278946825395,14.04804446958424
13.751928343417115,14.061755074389481
13.702179234606868,14.073453201464782
13.651229758894896,14.083157386429132
13.599278054781397,14.090886164901521
13.546522260766597,14.096658072500942
13.493160515350663,14.100491644846391
13.439390957033828,14.102405417556858
13.385411724316283,14.10241792625133
13.331420955698249,14.100547706548806
13.277616789679946,14.096813294068273
13.224197364761539,14.091233224428718
13.171360819443256,14.08382603324914
13.1193052922253,14.074610256148524
13.068228921607906,14.06360442874588
13.018329846091232,14.050827086660176
12.969773169839002,14.036319895272678
12.922492362674785,14.020286704157963
12.876321776072123,14.003000762918424
12.83109538630764,13.984735583859353
12.786647169657904,13.965764679286016
12.742811102399545,13.946361561503705
12.699421160809173,13.926799742817705
12.65631132116341,13.907352735533305
12.613315559738826,13.888294051955764
12.57026785281205,13.86989720439038
12.527002176659694,13.852435705142438
12.483352507558362,13.836183066517215
12.439152821784676,13.821412800820001
12.394237187366551,13.808398251891697
12.348491238709123,13.797318082693616
12.301938017905318,13.78809866231926
12.254623204837772,13.780624794680396
12.20659247938905,13.774781283688771
12.15789152144178,13.770452933256152
12.108566010878572,13.767524547294295
12.058661627582037,13.765880929714958
12.008224051434805,13.765406884429911
11.957298962319438,13.7659872153509
11.905932040118575,13.767506726389696
11.854168964714814,13.76985022145805
11.802055415990795,13.772902504467725
11.749637073829074,13.776548379330473
11.696959618112293,13.780672649958069
11.644068728723054,13.78516012026226
11.591010085543969,13.78989559415481
11.537829368457663,13.794763875547472
11.484572257346711,13.799649768352019
11.431284432093737,13.804438076480197
11.37801157258135,13.809013603843773
11.324799358692179,13.813261154354505
11.271693470308797,13.817065531924149
11.21873958731383,13.82031154046447
11.165983389589886,13.822883983887223
11.113470557019577,13.82466766610417
11.061246769485532,13.825547391027069
11.00935322860394,13.825419983689232
10.957795408435112,13.824278173488974
10.906561679349652,13.822160601683242
10.855640304710953,13.819106196771092
10.805019547882429,13.81515388725158
10.754687672227433,13.810342601623754
10.704632941109383,13.804711268386681
10.654843617891668,13.79829881603941
10.605307965937701,13.791144173081
10.556014248610841,13.783286268010503
10.5069507292745,13.77476402932698
10.458105671292067,13.765616385529475
10.409467338026943,13.75588226511706
10.361023992842537,13.745600596588785
10.312763899102205,13.7348103084437
10.264675320169362,13.723550329180869
10.2167465194074,13.71185958729934
10.16896576017973,13.69977701129818
10.121321305849712,13.68734152967643
10.073801419780757,13.674592070933157
10.02639436533626,13.661567563567413
9.979088405879612,13.648306936078257
9.931871804774225,13.634849116964736
9.884732825383463,13.621233034725917
9.83765973107073,13.607497617860846
9.790640785199423,13.593681794868585
9.743664251132955,13.579824494248195
9.696718447736018,13.565964285731024
9.64979292854916,13.552131757947215
9.602878458974127,13.538349665902025
9.55596585535058,13.524640435331522
9.5090459340182,13.511026491971762
9.462109511316626,13.497530261558802
9.415147403585534,13.484174169828709
9.36815042716459,13.470980642517539
9.32110939839348,13.457972105361359
9.27401513361183,13.445170984096217
9.22685844915933,13.43259970445819
9.179630161375636,13.420280692183324
9.13232108660042,13.40823637300769
9.084922041173364,13.396489172667348
9.037423841434096,13.385061516898352
8.989817303722303,13.373975831436766
8.942093244377647,13.363254542018653
8.894242479739814,13.352920074380075
8.846255826148427,13.342994854257082
8.79812409994318,13.333501307385749
8.74983811746373,13.324461859502128
8.701388695049747,13.31589893634228
8.652766649040911,13.307834963642271
8.603962795776853,13.300292367138157
8.554967951597257,13.293293572566
8.505772932841786,13.28686100566186
8.45636855585013,13.281017092161802
8.40674563696191,13.27578425780188
8.356895015782545,13.271184884118261
8.306813713731778,13.267229608524309
8.256513215569107,13.263901591186702
8.206007071424294,13.261180068511209
8.155308831427027,13.259044276903563
8.104432045707064,13.257473452769524
8.053390264394134,13.256446832514836
8.002197037617997,13.255943652545252
7.950865915508345,13.255943149266521
7.899410448194931,13.256424559084396
7.847844185807492,13.257367118404622
7.79618067847576,13.25875006363295
7.744433476329493,13.260552631175136
7.69261612949838,13.262754057436918
7.64074218811218,13.26533357882406
7.588825202300625,13.268270431742307
7.536878722193448,13.271543852597398
7.484916297920409,13.2751330777951
7.432951479611195,13.279017343741153
7.380997817395567,13.283175886841311
7.329068861403254,13.287587943501322
7.277178161764014,13.292232750126935
7.22533926860754,13.297089543123903
7.173565732063586,13.302137558897975
7.121871102261887,13.307356033854902
7.070268929332174,13.312724204400428
7.01877276340421,13.318221306940313
6.967394670934724,13.323827235648992
6.91613649534621,13.329526416961155
6.864995773202316,13.335305186705934
6.813970025996833,13.341149887393494
6.7630567752234985,13.347046861534034
6.712253542376106,13.352982451637725
6.66155784894843,13.358943000214751
6.610967216434242,13.364914849775287
6.560479166327341,13.370884342829514
6.510091220121459,13.37683782188762
6.4598008993103875,13.382761629459775
6.409605725387904,13.388642108056164
6.359503219847806,13.394465600186969
6.3094909041838205,13.400218448362368
6.2595662998897454,13.405886995092537
6.209726928459357,13.411457582887667
6.159970311386424,13.416916554257925
6.110293970164747,13.4222502517135
6.060695426288058,13.427445017764574
6.011172201250149,13.432487194921318
5.961721816544796,13.43736312569392
5.912341793665794,13.442059152592556
5.863029654106877,13.446561618127411
5.813782919361837,13.450856864808658
5.764599110924451,13.454931235146486
5.715475750288494,13.458771071651066
5.666410358947758,13.462362716832583
5.617402063279019,13.465684266373373
5.568456693845998,13.468679365921966
5.519581831550168,13.471282666867554
5.470785057298091,13.473428820573268
5.422073951996272,13.475052478402255
5.37345609655127,13.476088291717646
5.324939071869634,13.476470911882586
5.276530458857903,13.476134990260208
5.228237838422642,13.475015178213658
5.180068791470351,13.473046127106068
5.132030898907594,13.470162488300574
5.084131741640916,13.466298913160319
5.03637890057688,13.461390053048447
4.988779956621987,13.455370559328088
4.941342490682802,13.448175083362381
4.894069845511167,13.439761541104904
4.846939850395704,13.430227900091745
4.799920833213137,13.419724284156379
4.752981105791709,13.408400905227197
4.70608897995972,13.396407975232623
4.65921276754545,13.383895706101057
4.612320780377201,13.37101430976092
4.565381330283216,13.357913998140607
4.518362729091796,13.344744983168532
4.471233288631218,13.3316574767731
4.4239613207297666,13.318801690882728
4.376515137215744,13.306327837425826
4.3288630499173895,13.29438612833079
4.280973644775372,13.283125618147533
4.232830691882849,13.272631249719353
4.1844407981364045,13.262891542566647
4.135812455444229,13.253887057167335
4.086954155714573,13.245598353999348
4.037874390855662,13.238005993540607
3.9885816527757263,13.231090536269038
3.9390844333830177,13.224832542662579
3.8893912245857214,13.219212573199144
3.8395105182920872,13.214211188356659
3.7894508064103447,13.209808948613054
3.739220580848722,13.20598641444625
3.68882833351547,13.202724146334184
3.6382825563187757,13.200002704754773
3.587591741166888,13.19780265018594
3.536764379968037,13.196104543105621
3.4858089646304724,13.194888943991733
3.434733987062381,13.194136413322209
3.383547939172012,13.193827511574966
3.332259312867596,13.193942799227944
3.2808766000573604,13.194462836759055
3.229408292649556,13.195368184646227
3.1778628825523696,13.196639403367397
3.1262488616740516,13.198257053400479
3.0745747219228288,13.200201695223402
3.022848955206954,13.202453889314096
2.971080053434613,13.204994196150487
2.9192765085140566,13.207803176210499
2.8674468123535113,13.21086138997205
2.815599456861209,13.21414939791308
2.7637429339453967,13.2176477605115
2.7118857355142647,13.221337038245254
2.6600363534760603,13.225197791592255
2.6082032797390133,13.229210581030431
2.556395006211374,13.233355967037705
2.504620024801329,13.237614510092014
2.452886827417128,13.241966770671274
2.4012039059670007,13.246393309253417
2.3495797523591757,13.250874686316362
2.298022858501903,13.25539146233804
2.2465417163033687,13.259924197796375
2.195144817671824,13.264453453169295
2.1438406545154973,13.268959788934724
2.0926377187426386,13.273423765570586
2.0415445022614347,13.277825943554813
1.9905694969801369,13.282146883365334
1.939721194806972,13.286367145480062
1.8890080876501698,13.290467290376927
1.8384386674179802,13.294427878533861
1.788021426018591,13.298229470428785
1.7377648553602518,13.301852626539633
1.6876774473511906,13.30527790734432
1.6377676938996577,13.308485873320771
1.5880440869138408,13.311457084946923
1.5385151183019896,13.314172102700697
1.4891891964259503,13.316611653604971
1.4400652097603819,13.318775442034823
1.3911238664785546,13.320699413759415
1.3423438284056077,13.3224235938261
1.2937037573667387,13.323988007282203
1.2451823151871293,13.325432679175087
1.196758163691976,13.326797634552076
1.1484099647064192,13.32812289846052
1.1001163800556573,13.329448495947766
1.0518560715648697,13.330814452061153
1.003607701059235,13.33226079184802
0.9553499303639521,13.333827540355712
0.9070614213041607,13.335554722631574
0.858720835705059,13.337482363722943
0.8103068353918261,13.339650488677162
0.7617980821896615,13.342099122541578
0.7131732379237038,13.344868290363536
0.6644109644191518,13.347998017190363
0.6154899235011853,13.351528328069419
0.5663887769949827,13.355499248048046
0.517086186725743,13.359950802173572
0.4675608145186053,13.36492301549335
0.4177913221987683,13.370455913054718
0.36775637159141134,13.376589519905021
0.3174346245217133,13.383363861091604
0.2668047428148739,13.390818961661802
0.2158453882960307,13.398994846662964
0.16453522279038338,13.407931541142432
0.11285296862577736,13.417668941443798
0.06079712837793962,13.428204866558037
0.008414370990798857,13.43943467400668
-0.044241442514267704,13.451238422029958
-0.09711645111590377,13.46349616886809
-0.15015679379275354,13.476087972761313
-0.20330860952343915,13.488893891949841
-0.2565180372866482,13.501793984673922
-0.3097312160610028,13.514668309173768
-0.36289428482514696,13.527396923689617
-0.41595338255770303,13.539859886461684
-0.4688546482373586,13.551937255730214
-0.5215442208427358,13.563509089735426
-0.5739682393524783,13.57445544671755
-0.6260728427452306,13.584656384916808
-0.6778041699996152,13.593991962573437
-0.7291083600943186,13.602342237927662
-0.7799315520079636,13.60958726921971
-0.8302198847191942,13.615607114689809
-0.8799194972066335,13.620281832578183
-0.928976528448967,13.623491481125066
-0.9773371174248183,13.625116118570688
-1.0249474031128312,13.62503580315527
-1.0717535244916494,13.623130593119049
-1.117701620539898,13.619280546702242
-1.1627378302362594,13.613365722145085
-1.2068082925593582,13.605266177687804
-1.2498591464878381,13.594861971570623
-1.2918365359116528,13.582033181048084
-1.3326979162277932,13.566703676114352
-1.372436191028605,13.54893456520533
-1.411051189354928,13.528813768777834
-1.4485427402476012,13.506429207288695
-1.4849106727474508,13.481868801194745
-1.5201548158953448,13.455220470952787
-1.5542749987321092,13.426572137019658
-1.5872710502985827,13.396011719852178
-1.6191427996355927,13.363627139907187
-1.6498900757840047,13.329506317641478
-1.6795127077846452,13.293737173511895
-1.7080105246783537,13.256407627975259
-1.7353833555059703,13.217605601488392
-1.761631029308324,13.177419014508134
-1.7867533751262759,13.135935787491281
-1.8107502220006548,13.093243840894672
-1.8336213989723,13.049431095175128
-1.8553667350820424,13.00458547078949
-1.8759860593707411,12.958794888194555
-1.8954792008792247,12.912147267847155
-1.9138459886483343,12.864730530204119
-1.931086251718909,12.81663259572227
-1.9471998191317814,12.76794138485845
-1.962186519927805,12.718744818069444
-1.9760461831478133,12.669130815812094
-1.9887786378326449,12.619187298543231
-2.000383713023136,12.569002186719691
-2.010861237760135,12.518663400798268
-2.020211310336915,12.468258401570486
-2.02845278098319,12.41784263669306
-2.035635165923528,12.36741920111602
-2.0418108156736756,12.316986351113396
-2.047032080749384,12.266542342959141
-2.0513513116663984,12.216085432927274
-2.0548208589404666,12.165613877291792
-2.057493073087334,12.115125932326713
-2.0594203046227513,12.064619854305992
-2.060654904062465,12.014093899503653
-2.0612492219222216,11.963546324193693
-2.061255608717769,11.912975384650107
-2.060726414964855,11.862379337146916
-2.059713991179227,11.811756437958078
-2.0582706878766315,11.761104943357605
-2.056448855572817,11.710423109619505
-2.0543008447835307,11.65970919301777
-2.0518790060245213,11.608961449826419
-2.0492356898115345,11.558178136319412
-2.046423246660316,11.50735750877076
-2.0434940270866173,11.456497823454471
-2.040500381606185,11.405597336644558
-2.0374946607347644,11.354654304614979
-2.0345292149881047,11.303666983639756
-2.031656394881952,11.25263362999288
-2.028928550932055,11.201552499948354
-2.026398033654162,11.1504218497802
-2.0241171935640176,11.099239935762363
-2.022138381177372,11.048005014168876
-2.0205139468573794,10.996715341284967
-2.019283109797047,10.945370140785606
-2.0184360901008223,10.893972246169733
-2.0179516810795066,10.842525332762511
-2.017808676043904,10.79103307588907
-2.017985868304816,10.739499150874565
-2.018462051173044,10.687927233044146
-2.0192160179593928,10.636320997722917
-2.0202265619746624,10.584684120236036
-2.0214724765296563,10.53302027590864
-2.022932554935176,10.481333140065894
-2.024585590502025,10.429626388032899
-2.026410376541005,10.377903695134812
-2.0283857063629185,10.326168736696774
-2.030490373278568,10.274425188043926
-2.0327031705987553,10.222676724501428
-2.035002891634283,10.170927021394375
-2.037368329695954,10.119179754047934
-2.03977827809457,10.067438597787245
-2.0422115301409316,10.015707227937462
-2.044646879145845,9.963989319823689
-2.0470631184201107,9.912288548771082
-2.0494390412745305,9.860608590104789
-2.0517534410199074,9.808953119149944
-2.0539851109670426,9.757325811231711
-2.0561128444267402,9.705730341675187
-2.0581154347098023,9.654170385805532
-2.05997167512703,9.602649618947886
-2.0616603589892253,9.551171716427413
-2.0631602796071924,9.499740353569205
-2.064450230291733,9.448359205698434
-2.0655090043536495,9.39703194814023
-2.0663153951037434,9.345762256219736
-2.066848195852818,9.294553805262112
-2.067086199911675,9.243410270592458
-2.0670082005911175,9.192335327535934
-2.0665929912019463,9.141332651417681
-2.0658193650549657,9.09040591756286
-2.0646661154609767,9.039558801296566
-2.063112035730783,8.98879497794397
-2.0611359191751855,8.9381181228302
-2.0587165591049867,8.887531911280401
-2.05583274883099,8.837040018619733
-2.0524632816639965,8.786646120173296
-2.0485869509148094,8.736353891266251
-2.0441825498942303,8.686167007223736
-2.039228871913064,8.636089143370915
-2.0337047102821093,8.586123975032882
-2.02758885831217,8.536275177534801
-2.0208601093140475,8.48654642620181
-2.0134972565985456,8.436941396359051
-2.0054790934764704,8.387463763331688
-1.9967844132586152,8.338117202444813
-1.9873920092557886,8.28890538902359
-1.9772806747787908,8.239831998393159
-1.9664292031384294,8.19090070587868
-1.954816466919315,8.142115189968612
-1.942435585318706,8.093479697651999
-1.929310290165044,8.044999697492196
-1.9154682794110232,7.996680816317816
-1.9009372510093414,7.948528680957484
-1.8857449029126803,7.900548918239769
-1.869918933073739,7.852747154993303
-1.8534870394452103,7.80512901804669
-1.836476919979788,7.757700134228547
-1.8189162726301713,7.710466130367495
-1.8008327953490404,7.663432633292105
-1.7822541860890944,7.616605269831008
-1.7632081428030266,7.569989666812813
-1.7437223634435388,7.523591451066142
-1.7238245459633073,7.477416249419572
-1.7035423883150334,7.431469688701729
-1.6829035884514107,7.385757395741225
-1.6619358443251309,7.34028499736666
-1.6406668538888978,7.29505812040667
-1.6191243150953858,7.250082391689824
-1.5973359258972968,7.205363438044747
-1.5753293842473244,7.160906886300051
-1.5531323880981707,7.116718363284363
-1.5307726354025102,7.072803495826254
-1.5082778241130452,7.029167910754351
-1.4856756521824692,6.985817234897266
-1.4629938175634751,6.9427570950836035
-1.4402600182087653,6.899993118141991
-1.4175019520710137,6.857530930901001
-1.3947473171029237,6.815376160189267
-1.3720238112571879,6.773534432835389
-1.3493591324865088,6.732011375667997
-1.3267809344150063,6.690812526789648
-1.3043075359645953,6.6499247403876955
-1.2819364599338205,6.6092932460751985
-1.2596624200413604,6.568857650938772
-1.237480130005904,6.528557562065045
-1.215384303546112,6.488332586540605
-1.193369654380673,6.448122331452078
-1.1714308962282671,6.407866403886083
-1.1495627428075819,6.367504410929249
-1.1277599078372793,6.326975959668163
-1.1060171050360468,6.28622065718945
-1.084329048122565,6.2451781105797295
-1.0626904508155128,6.203787926925617
-1.0410960268335778,6.161989713313743
-1.0195404898954228,6.119723076830692
-0.9980185537197351,6.076927624563091
-0.9765249320251946,6.033542963597559
-0.9550543030969144,5.989508794518839
-0.933577723443844,5.944827148382744
-0.9120017355955903,5.899670288437033
-0.8902219692510807,5.854239273472721
-0.8681340541092418,5.808735162280818
-0.8456336198690118,5.763359013652363
-0.8226162962292989,5.718311886378333
-0.7989777128890396,5.6737948392497595
-0.774613499547162,5.630008931057658
-0.7494192859026031,5.587155220593061
-0.7232907016542705,5.545434766646949
-0.6961233765011018,5.505048628010353
-0.6678129401420237,5.46619786347429
-0.6382550222759644,5.429083531829774
-0.6073623624016604,5.393877355926477
-0.5751452443070925,5.360583812148034
-0.541648467892611,5.329148196603702
-0.5069168730852968,5.299515736774089
-0.47099529981224647,5.271631660139818
-0.4339285880005111,5.245441194181472
-0.39576157757718655,5.220889566379676
-0.356539108469354,5.197922004215039
-0.3163060206040943,5.176483735168169
-0.275107153908506,5.156519986719681
-0.23298734830963602,5.137975986350173
-0.18999144373458238,5.12079696154026
-0.1461642801104261,5.104928139770552
-0.10155069736424834,5.090314748521658
-0.05619553542314899,5.076902015274193
-0.010143634214171714,5.064635167508755
0.036560166335583705,5.053459432705961
0.08387102629903614,5.043320038346417
0.131744105749085,5.034162211910741
0.18013456475868828,5.025931180879529
0.22899756340074523,5.018572172733398
0.27828826174817517,5.012030414952959
0.3279618198738965,5.006251135018816
0.37797339785080775,5.001179560411584
0.4282781557518691,4.996760918611869
0.4788312536499787,4.992940437100281
0.5295878516180554,4.989663343357429
0.5805031097289974,4.986874864863925
0.6315321880557652,4.984520229100374
0.6826302466712572,4.982544663547389
0.7337535685943694,4.98089432943783
0.7848811979013545,4.9795343142832795
0.8360133560910278,4.978447315049761
0.887151070364842,4.9776166986612465
0.9382953679241863,4.977025832041715
0.989447275970472,4.976658082115144
1.040607821705088,4.976496815805508
1.0917780323294874,4.976525400036787
1.1429589350450597,4.976727201732956
1.1941515570532155,4.977085587817991
1.2453569255553656,4.977583925215873
1.296576067752899,4.978205580850572
1.3478100108472693,4.978933921646072
1.3990597820398654,4.979752314526345
1.4503264085320984,4.9806441264153705
1.5016109175253574,4.981592724237123
1.552914336221095,4.982581474915582
1.604237691820702,4.983593745374722
1.6555820115255873,4.9846129025385215
1.706948322537163,4.985622313330956
1.7583376520568181,4.986605344676004
1.8097510272860047,4.987545363497641
1.8611894754261133,4.9884257367198455
1.912654023678554,4.9892298312665915
1.964145699244717,4.989941014061858
2.0156655293260544,4.990542652029621
2.067214536271256,4.991018138286047
2.1187920932171185,4.991359767480367
2.1703935286881593,4.991581664840199
2.222013562505041,4.99170124103952
2.27364691448849,4.991735906752314
2.3252883044591717,4.991703072652562
2.3769324522377695,4.991620149414249
2.4285740776449467,4.991504547711353
2.48020790050143,4.9913736782178555
2.531828640627883,4.991244951607741
2.58343101784499,4.99113577855499
2.635009751973438,4.991063569733587
2.686559562833886,4.99104573581751
2.738075170247064,4.991099687480742
2.7895512940336356,4.9912428353972675
2.8409826540142826,4.991492590241063
2.8923639700096713,4.991866362686115
2.9436899618405277,4.992381563406404
2.994955349327514,4.993055603075911
3.046154852291316,4.993905892368619
3.097283190552618,4.994949841958507
3.1483350839320847,4.996204862519562
3.1993052522504404,4.997688364725762
3.250188415328349,4.999417759251089
3.3009792929864976,5.001410456769528
3.3516726050455463,5.003683867955054
3.402263071326225,5.006255403481656
3.4527454116491945,5.009142474023315
3.5031143458351406,5.012362490254008
3.5533645937047478,5.0159328628477216
3.6034908750786796,5.019871002478434
3.653487909777664,5.024194319820131
3.7033504176223615,5.028920225546791
3.753073118433458,5.0340661303323975
3.802650732031639,5.039649444850934
3.8520779782375683,5.045687579776376
3.9013495768719704,5.052197945782712
3.95046024775551,5.059197953543922
3.999404710708872,5.066705013733987
4.04817768555272,5.074736537026888
4.09677389210778,5.083309934096609
4.145188050194716,5.092442615617132
4.1934148796342114,5.102151992262438
4.241449100246951,5.112455474706508
4.289285431853602,5.12337047362332
4.336918594274887,5.134914399686865
4.38434330733147,5.1471046635711195
4.431554290844035,5.159958675950066
4.47854626463325,5.1734938474976815
4.525313948519836,5.187727588887959
4.571852062324458,5.202677310794872
4.618155325867804,5.218360423892406
4.664218458970552,5.23479433885454
4.710036181453374,5.2519964663552505
4.755603539217334,5.269983146038754
4.800930098654093,5.288723024156594
4.84604543090896,5.308119040188245
4.890980565481253,5.328069343564917
4.935766531870334,5.348472083717821
4.980434359575522,5.369225410078167
5.025015078096149,5.390227472077163
5.069539716931547,5.411376419146015
5.114039305581028,5.432570400715925
5.158544873543963,5.453707566218118
5.203087450319668,5.474686065083797
5.247698065407473,5.495404046744167
5.29240774830669,5.515759660630431
5.337247528516693,5.5356510561738155
5.382248435536793,5.554976382805518
5.427441498866326,5.573633789956752
5.472857748004618,5.591521427058719
5.518528212450987,5.608537443542627
5.564471794299605,5.624615460708376
5.610651333398147,5.6398530782675875
5.657013480848877,5.654395246955689
5.70350488618228,5.6683869221053875
5.7500721989288985,5.681973059049415
5.796662068619216,5.695298613120479
5.843221144783735,5.708508539651296
5.88969607695296,5.721747793974585
5.9360335146573755,5.735161331423057
5.982180107427524,5.748894107329436
6.028082504793887,5.763091077026438
6.073687356286969,5.7778971958467755
6.118941311437257,5.793457419123159
6.16379101977529,5.809916702188323
6.208183130831551,5.827420000374969
6.252064294136546,5.846112269015822
6.295381159220778,5.866138463443594
6.3380807443219185,5.887642596973516
6.380141292212174,5.910688906723628
6.421595561875892,5.935202345234354
6.462481797852915,5.961093849889055
6.502838244683065,5.9882743580710756
6.542703146906216,6.016654807163798
6.582114749062189,6.046146134550567
6.62111129569083,6.076659277614747
6.659731031331976,6.10810517373969
6.698012200525451,6.140394760308746
6.735993047811126,6.173438974705299
6.773711817728828,6.207148754312691
6.811206754818397,6.241435036514284
6.848516103619672,6.276208758693437
6.885678108672478,6.311380858233492
6.922731014516687,6.346862272517838
6.959713065692124,6.3825639389298185
6.996662506738627,6.418396794852791
7.033617582196024,6.454271777670101
7.0706165366041835,6.490099824765137
7.107697614502933,6.525791873521242
7.14489906043211,6.561258861321772
7.182259118931556,6.59641172555009
7.219816034541098,6.6311614035895365
7.257608051800602,6.6654188328235024
7.295673415249897,6.6990949506353275
7.334050369428823,6.732100694408375
7.372777158877204,6.764347001525986
7.411892028134911,6.79574480937155
7.451433221741768,6.826205055328408
7.491438984237616,6.85563867677992
7.531947560162298,6.883956611109449
7.572997194055633,6.9110697957003335
7.614626130457496,6.936889167935961
7.656872613907714,6.961325665199678
7.699774867326938,6.984290274282057
7.743352973804947,7.0057354376762975
7.787575929972579,7.02573034786458
7.832403804443756,7.044364600893751
7.877796665832406,7.0617277928106645
7.9237145827524715,7.07790951966218
7.970117623817864,7.092999377495141
8.01696585764256,7.10708696235642
8.064219352840471,7.120261870292864
8.11183817802554,7.13261369735133
8.159782401811672,7.144232039578666
8.208012092812849,7.155206493021738
8.256487319642984,7.165626653727399
8.305168150916012,7.1755821177425005
8.35401465524587,7.185162481113901
8.402986901246468,7.19445733988845
8.452044957531786,7.203556290113013
8.50114889271574,7.21254892783444
8.55025877541226,7.221524849099585
8.599334674235267,7.230573649955302
8.648336657798732,7.239784926448454
8.697224794716572,7.24924827462589
8.745959153602719,7.259053290534468
8.794499803071114,7.269289570221044
8.842806811735665,7.280046709732465
8.890840248210354,7.291414305115601
8.938560181109091,7.303481952417297
8.985926679045813,7.316339247684413
9.032899810634435,7.330075786963796
9.079439644488932,7.3447811663023135
9.125514249789333,7.360526418759941
9.171130733271964,7.377292002100525
9.216308090196339,7.395030790227345
9.261065318654955,7.413695650470545
9.305421416740366,7.433239450160293
9.349395382545062,7.453615056626734
9.393006214161552,7.474775337200016
9.436272909682337,7.496673159210283
9.47921446719996,7.519261389987702
9.521849884806917,7.542492896862418
9.56419816059572,7.5663205471645805
9.60627829265888,7.59069720822434
9.648109279088896,7.61557574737184
9.689710117978306,7.640909031937246
9.731099807419612,7.666649929250705
9.77229734550533,7.692751306642369
9.813321730327944,7.719166031442372
9.85419195998001,7.745846970980892
9.894927032554016,7.772746992588067
9.93554594614248,7.799818963594047
9.976067698837909,7.827015751328988
10.0165112887328,7.854290223123025
10.056895713919705,7.881595246306333
10.097239972491112,7.908883688209051
10.137563062539531,7.936108416161333
10.177883982157482,7.963222297493327
10.218221729437458,7.990178199535174
10.258595302472001,8.016928989617048
10.299023699353608,8.043427535069087
10.339525918174795,8.069626703221449
10.380120957028051,8.095479361404264
10.420827814005929,8.12093837694771
10.46166206541257,8.145968841380219
10.502624318971234,8.170589320870459
10.543711090468253,8.19483299986372
10.584918895590596,8.218733063160105
10.626244250025296,8.242322695559759
10.667683669459326,8.265635081862788
10.709233669579685,8.288703406869315
10.750890766073349,8.311560855379453
10.792651474627343,8.334240612193334
10.834512310928652,8.356775862111077
10.876469790664267,8.379199789932798
10.918520429521184,8.40154558045862
10.960660743186374,8.423846418488647
11.002887247346871,8.446135488823025
11.045196457689654,8.468445976261863
11.087584889901715,8.49081106560528
11.13004905967003,8.513263941653387
11.172585482681635,8.535837789206326
11.2151906746235,8.558565793064204
11.25786115118262,8.581481138027144
11.300594864870334,8.60461200686472
11.343413448568075,8.627904143643798
11.38635794859544,8.651235708240444
11.429469984136015,8.674482866213562
11.472791174373398,8.697521783122058
11.516363138491174,8.720228624524834
11.560227495672981,8.742479555980818
11.604425865102394,8.764150743048909
11.64899986596302,8.785118351288014
11.69399111743846,8.805258546257045
11.73944123871229,8.824447493514903
11.78539184896815,8.84256135862051
11.83188456738963,8.85947630713277
11.878952287808497,8.875068368221575
11.926518769195736,8.889211865131752
11.974433521978877,8.901779960503282
12.022544634613382,8.912645794748778
12.070700195554734,8.921682508280867
12.118748293258415,8.92876324151217
12.166537016179902,8.933761134855315
12.213914452774704,8.936549328722922
12.2607286914983,8.93700096352762
12.30682782080617,8.934989179682029
12.352059929153773,8.930387117598775
12.396273104996649,8.923067917690483
12.439315436790253,8.912904720369776
12.481035012990068,8.899770666049276
12.52127992205158,8.883538895141609
12.559898252430264,8.864082548059406
12.59673811519655,8.841274807540849
12.631688899421057,8.815066111301963
12.664766649932277,8.785643943129532
12.696011622735478,8.753241099904882
12.725464073835957,8.718090378509277
12.753164259238979,8.680424575824034
12.779152434949825,8.640476488730455
12.803468856973772,8.598478914109839
12.826153781316085,8.554664648843504
12.847247463982066,8.509266489812719
12.866790160976974,8.462517233898796
12.884822128306093,8.41464967798304
12.901383621974702,8.365896618946751
12.91651489798807,8.316490853671251
12.930256212351484,8.266665179037798
12.942647992745176,8.216650646680296
12.9537395092829,8.16658841606331
12.963592959373951,8.116488227779488
12.972271566194081,8.06634939448062
12.979838552919059,8.016171228818578
12.986357142724632,7.965953043445205
12.991890558786567,7.915694151012336
12.99650202428062,7.865393864171841
13.000254762382548,7.81505149557552
13.00321199626812,7.764666357875236
13.00543694911308,7.7142377637228305
13.0069928440932,7.663765025770169
13.00794290438423,7.613247456669053
13.008350353161934,7.562684369071343
13.008278413602069,7.512075075628885
13.007790308880391,7.461418888993522
13.006949262172668,7.410715121817114
13.005818496654646,7.359963086751463
13.004461235502095,7.3091620964484365
13.002940701890768,7.258311463559871
13.001320118996432,7.2074105007376374
12.999662709994833,7.15645852063353
12.998031698061737,7.105454835899416
12.996490306372907,7.054398759187137
12.995101758104095,7.003289603148539
12.993929276431063,6.952126680435479
12.99303608452957,6.900909303699763
12.992485405575376,6.849636785593256
12.992340462744233,6.798308438767793
12.99265002860795,6.74692443514403
12.993394644133236,6.695489003863157
12.994534731142997,6.644007570400672
12.996030708578978,6.592485560403366
12.997842995382937,6.540928399518032
12.999932010496618,6.489341513391486
13.00225817286178,6.437730327670478
13.004781901420177,6.386100268001821
13.007463615113561,6.334456760032309
13.01026373288368,6.282805229408756
13.013142673672295,6.231151101777914
13.01606085642115,6.179499802786594
13.018978700072008,6.127856758081593
13.021856623566615,6.076227393309702
13.024655045846721,6.024617134117734
13.02733438585409,5.973031406152442
13.029855062530462,5.921475635060638
13.032177494817601,5.869955246489119
13.034262101657252,5.818475666084695
13.036069301991171,5.7670423194941165
13.037559514761112,5.7156606323642025
13.038693158908824,5.664336030341741
13.039430653376064,5.613073939073528
13.039732417104586,5.561879784206378
13.03955886903614,5.51075899138704
13.03887042811248,5.459716986262328
13.037629391670608,5.408759021847744
13.035828064600238,5.357887593356593
13.033482864355799,5.30710297997054
13.030610890081263,5.256405398221578
13.027229240920619,5.205795064641693
13.023355016017844,5.155272195762862
13.019005314516912,5.104837008117083
13.014197235561797,5.054489718236293
13.008947878296489,5.004230542652491
13.003274341864957,4.954059697897657
12.997193725411188,4.9039774005037895
12.99072312807915,4.853983867002826
12.983879649012831,4.804079313926767
12.976680387356204,4.7542639578075905
12.969142442253249,4.704538015177274
12.961282912847945,4.654901702567818
12.95311889828427,4.605355236511159
12.944667497706197,4.555898833539298
12.935945810257715,4.506532710184213
12.926970935082792,4.45725708297788
12.917759971325422,4.408072168452303
12.908330018129567,4.358978183139416
12.898698174639208,4.309975343571219
12.888881539998327,4.261063866279691
12.878897213350907,4.212243967796831
12.86876229384092,4.163515864654578
12.858493880612343,4.114879773384929
12.84810907280916,4.0663359105198635
12.837624969575344,4.017884492591361
12.827058670054885,3.96952573613142
12.816426909573435,3.9212598213093335
12.805730981661625,3.873085384929309
12.79495133519901,3.8249989804297106
12.784066944093405,3.7769970138295395
12.773056782252636,3.7290758911477333
12.761899823584528,3.6812320184032914
12.750575041996905,3.633461801615192
12.739061411397598,3.5857616468024167
12.727337905694425,3.538127959983961
12.71538349879521,3.490557147178767
12.703177164607787,3.443045614405832
12.690697877039971,3.3955897676841365
12.677924609999597,3.348186013032678
12.66483633739448,3.300830756470398
12.651412033132448,3.2535204040162937
12.63763067112133,3.2062513616893455
12.623471225268947,3.159020035508531
12.60891266948313,3.1118228314928498
12.593933977671693,3.0646561556612415
12.578514123742469,3.0175164140327055
12.562632081603278,2.9704000126262198
12.546266825161956,2.9233033574607834
12.529397328326317,2.8762228545553374
12.512002565004185,2.8291549099288793
12.49406150910339,2.7820959296003887
12.475553134531758,2.7350423195888447
12.456456415197113,2.6879904859132444
12.436750325007278,2.640936834592531
12.416413531680968,2.5938809237764437
12.395418422409856,2.546886967874077
12.373731500024931,2.5000797591327326
12.35131904050677,2.4535864251604855
12.328147319835987,2.407534093565466
12.304182613993179,2.3620498919557873
12.279391198958946,2.3172609479395616
12.2537393507139,2.2732943891249193
12.227193345238623,2.2302773431199365
12.19971945851372,2.188336937532742
12.171283966519791,2.147600299971451
12.141853145237457,2.1081945580441905
12.111393270647284,2.0702468393590396
12.079870618729888,2.033884271524128
12.04725146546587,1.999233982147568
12.013502086835832,1.9664230988374727
11.978588758820381,1.9355787492019647
11.942477757400097,1.9068280608491324
11.905135358555587,1.8802981613871006
11.866527838267453,1.8561161784239817
11.826621472516319,1.8344092395678975
11.785382537282745,1.8153044724269412
11.742787626475717,1.7989028816459836
11.698900449335763,1.7850849130016526
11.653828455450459,1.7736202703233945
11.607679423918922,1.7642778231823641
11.560561133840222,1.756826441149707
11.512581364313478,1.7510349937965806
11.463847894437784,1.746672350694136
11.414468503312246,1.7435073814135258
11.364550970035989,1.7413089555259045
11.314203073708072,1.739845942602422
11.263532593427609,1.7388872122142311
11.212647306952132,1.738201637020315
11.161635964474238,1.7376018844022487
11.110520417486017,1.7370545988813648
11.059307822852498,1.7365602468116945
11.00800533743869,1.7361192945472692
10.956620118109601,1.735732208442119
10.905159321730265,1.7353994548502751
10.853630105165646,1.7351215001257696
10.802039625280777,1.7348988106226324
10.750395038940665,1.734731852694895
10.698703503010337,1.7346210926965875
10.64697217435477,1.7345669969817423
10.595208209838985,1.7345700319043897
10.543418766327992,1.7346306638185611
10.491611000686806,1.7347493590782872
10.439792069780454,1.7349265840375991
10.387969130473902,1.7351628050505281
10.33614933963218,1.7354584884711044
10.284339854120299,1.7358141006533596
10.232547830803293,1.7362301079513254
10.180780426546118,1.736706976719031
10.129044798213814,1.7372451733105092
10.077348102671387,1.7378451640797903
10.025697496783843,1.7385074153809053
9.974100137416222,1.7392323935678848
9.92256318143348,1.7400205649947609
9.871093785700655,1.740872396015564
9.8196985882435,1.741788135655197
9.768378518346942,1.742765641686013
9.717130969922762,1.7438012909986742
9.665953284253389,1.744891438438655
9.61484280262123,1.7460324388514272
9.563796866308678,1.7472206470824636
9.51281281659816,1.7484524179772365
9.461887994772027,1.7497241063812186
9.411019742112712,1.7510320671398834
9.360205399902611,1.7523726550987029
9.309442309424142,1.7537422251031487
9.25872781195967,1.7551371319986953
9.208059248791615,1.7565537306308148
9.157433961202376,1.7579883758449788
9.106849290474358,1.7594374224866616
9.056302577889978,1.760897225401334
9.005791164731601,1.7623641394344702
8.955312392281643,1.7638345194315421
8.904863601822509,1.7653047202380225
8.854442134636617,1.7667710966993833
8.804045332006332,1.7682300036610985
8.753670535214072,1.7696777959686403
8.703315085542235,1.7711108284674806
8.652976324273228,1.7725254560030925
8.602651592689469,1.7739180334209483
8.552338232073321,1.7752849155665222
8.502033583707203,1.776622457285285
8.451734988873515,1.77792701342271
8.401439788854681,1.7791949388242698
8.351145324933059,1.780422588335437
8.300848938391072,1.781606316801685
8.250547970511121,1.7827424790684852
8.200239762575604,1.7838274299813106
8.149921655866946,1.784857524385634
8.099590991667506,1.7858291171269285
8.049245111259705,1.7867385630506658
7.9988813559259455,1.7875822170023201
7.948497066948647,1.7883564338273616
7.898089585610165,1.7890575683712646
7.847656253192935,1.7896819754795026
7.797194410979341,1.7902260099975458
7.746701400251798,1.7906860267708689
7.696174562292717,1.791058380644943
7.6456112383844665,1.791339426465242
7.595008769809463,1.7915255190772381
7.544364497850108,1.7916130133264039
7.493675763788803,1.7915982640582122
7.44293990890797,1.7914776261181355
7.392154274489966,1.7912474543516457
7.341316201817217,1.7909041036042166
7.2904230321721215,1.7904439287213203
7.239472106837104,1.7898632845484301
7.188460767094519,1.7891585259310174
7.137386436443146,1.7883259213903198
7.086251744561727,1.7873562731446582
7.0350675518449215,1.786231741454795
6.98384544587997,1.7849337230552957
6.932597014254052,1.7834436146807258
6.8813338445544066,1.7817428130656503
6.8300675243682525,1.7798127149446352
6.778809641282833,1.7776347170522475
6.727571782885326,1.7751902161230508
6.676365536762968,1.7724606088916108
6.625202490502983,1.7694272920924943
6.574094231692589,1.7660716624602657
6.523052347919026,1.7623751167294923
6.4720884267694725,1.7583190516347373
6.42121405583117,1.753884863910568
6.370440822691336,1.7490539502915485
6.319780314937214,1.7438077075122487
6.269244120155978,1.7381275323072276
6.21884382593487,1.731994821411055
6.168591019861114,1.7253909715582945
6.118497289521923,1.7182973794835132
6.068574222504542,1.7106954419212792
6.018833406396148,1.702566555606152
5.969286428783979,1.6938921172727002
5.919944877255259,1.6846535236554896
5.870820339397224,1.674832171489089
5.821924402797058,1.6644094575080581
5.773266169237578,1.6533732894864555
5.724836739898843,1.6417587239742322
5.67661929097552,1.6296215753462324
5.628596964243293,1.617017748130631
5.58075290147778,1.6040031468555875
5.5330702444546604,1.5906336760492779
5.485532134949595,1.5769652402398708
5.438121714738262,1.5630537439555432
5.3908221255962845,1.5489550917244521
5.34361650929934,1.5347251880747748
5.296488007623093,1.5204199375346807
5.249419762343197,1.5060952446323397
5.2023949152353355,1.4918070138959272
5.155396608075128,1.4776111498536022
5.108407982638256,1.4635635570335401
5.061412180700379,1.449720139963911
5.014392344037171,1.4361368031728898
4.967331614424263,1.4228694511886366
4.9202131336373265,1.4099739885393259
4.873020043452025,1.3975063197531281
4.825735485644019,1.3855223493582134
4.778342601988984,1.3740779818827558
4.730824534262547,1.3632291218549162
4.683164424240384,1.3530316738028696
4.635345413698154,1.3435415422547856
4.587350644411537,1.3348146317388376
4.539163258156158,1.3269068467831888
4.490766396707691,1.3198740919160126
4.442143220831199,1.3137721762412813
4.393283451484564,1.3086239430405346
4.344192946052873,1.304371147949425
4.294879998398539,1.3009433029877115
4.24535290238404,1.2982699201751613
4.1956199518718345,1.296280511531538
4.145689440724396,1.2949045890766058
4.095569662804141,1.2940716648301278
4.0452689119735465,1.2937112508118687
3.9947954820950704,1.2937528590415928
3.944157667031167,1.2941260015390639
3.893363760644316,1.2947601903240462
3.8424220567969294,1.2955849374163035
3.7913408493514864,1.2965297548356007
3.7401284321704447,1.2975241546017013
3.6887930991162583,1.2984976487343693
3.6373431440514037,1.299379749253368
3.5857868608382986,1.3000999681784629
3.5341325433394193,1.3005878175294179
3.482388485417221,1.3007728093259958
3.430562980934184,1.3005844555879624
3.3786643237527194,1.2999522683350808
3.326700807735306,1.2988057595871147
3.274680726744401,1.2970744413638287
3.22261237464246,1.2946878256849867
3.170504045291962,1.2915754245703543
3.118364032555319,1.2876667500396932
3.066205597770134,1.2829192264921578
3.014078209032582,1.2774937250996083
2.9620473665140183,1.2716412017053127
2.9101786419041407,1.2656130140164255
2.8585376068927126,1.2596605197401085
2.807189833169474,1.2540350765835215
2.7562008924241646,1.2489880422538233
2.7056363563465475,1.2447707744581753
2.6555617966263196,1.2416346309037332
2.606042784953245,1.239830969297659
2.557144893017062,1.2396111473471114
2.5089336925075334,1.2412265227592494
2.461474755114358,1.2449284532412332
2.4148336525272978,1.2509682965002222
2.3690759564360935,1.2595974102433765
2.324251399110706,1.271017525285572
2.2803073586545786,1.2851096839778062
2.23715052124383,1.301627435750299
2.1946874692878415,1.320324004918852
2.1528247851959765,1.340952615799272
2.111469051377614,1.3632664927073554
2.0705268502420817,1.3870188599589268
2.0299047641987613,1.4119629418697848
1.989509375657014,1.4378519627557351
1.9492472670262027,1.464439146932584
1.9090250207157067,1.4914777187161272
1.8687492191348556,1.518720902422193
1.8283264446930283,1.5459219223665772
1.7876632797995873,1.5728340028650856
1.7466663068639128,1.5992103682335144
1.705242108295334,1.6248042427876925
1.6632972665032288,1.6493688508434134
1.620738543506643,1.6726577440406667
1.5775428332489456,1.6945522838034808
1.5338633053130366,1.7152550797126214
1.4898803860590095,1.7350184146303023
1.4457745018470112,1.754094571418711
1.4017260790371724,1.7727358329400467
1.3579155439896406,1.7911944820564978
1.314523323064509,1.809722801630277
1.2717298426219257,1.8285730745235744
1.2297155290220212,1.8479975835985865
1.1886608086249244,1.868248611717512
1.1487461077907815,1.8895784417425372
1.1101518528796896,1.912239356535879
1.0730584702517951,1.9364836389597249
1.0376463862672276,1.9625635718762728
1.0040956911965517,1.990730976958389
0.972511388771551,2.021134640522141
0.9428290307782818,2.053690823293875
0.9149609398708018,2.0882839104874606
0.8888194387031685,2.124798287316771
0.8643168499294486,2.163118338995659
0.8413654962036798,2.203128450738029
0.8198777001799297,2.2447130077577375
0.7997657845122561,2.287756395268654
0.7809420718547163,2.3321429984846525
0.7633188848613748,2.3777572026195837
0.7468085461862745,2.4244833928873573
0.7313233784834804,2.472205954501825
0.71677570440705,2.5208092726768596
0.7030778466110459,2.5701777326263113
0.6901406538063102,2.6201951033369997
0.6778341977359372,2.670728105735594
0.6659835422761722,2.721624643831774
0.6544114285942773,2.7727316505556017
0.6429405978575178,2.8238960588371156
0.631393791233146,2.8749648016064184
0.6195937498884276,2.9257848117935503
0.6073632149906243,2.9762030223285714
0.5945249277070026,3.026066366141522
0.5809016292048131,3.0752217761625036
0.5663160606513227,3.1235161853215567
0.5505909632137922,3.170796526548741
0.5335490780594833,3.2169097327741176
0.515013146355665,3.2617027369277296
0.49480590926958345,3.305022471939674
0.47275010796850747,3.3467158707399927
0.44866848361969813,3.3866298662587466
0.422383777390428,3.4246113914259797
0.39371873044793687,3.460507379171785
0.3625270874572099,3.4941858432848116
0.32886450191046357,3.5256520856583595
0.2928674692769506,3.554966376767111
0.2546726997841381,3.582189133110782
0.21441690365944566,3.6073807711891286
0.1722367911303395,3.630601707501866
0.12826907242427066,3.651912358548723
0.08265045776870927,3.671373140829423
0.03551765739106874,3.6890444708437102
-0.012992618481181432,3.7049867650913058
-0.06274365962059025,3.719260440071941
-0.11359875579970673,3.731925912285343
-0.16542119679105827,3.7430435982312367
-0.21807427236723667,3.7526739144093635
-0.2714212723007696,3.7608772773194445
-0.3253254863642062,3.7677141034612114
-0.37964394671245333,3.773234111921668
-0.43417824431542384,3.7773922449455095
-0.4887010044492673,3.7800939278527608
-0.5429846002020222,3.781244154847212
-0.5968014046617279,3.7807479201326535
-0.6499237909164018,3.7785102179128813
-0.7021241320541267,3.7744360423916836
-0.7531748011629193,3.7684303877728524
-0.8028481713308196,3.760398248260184
-0.8509166156458461,3.7502446180574682
-0.8971525071960782,3.7378744913684914
-0.9413282190695349,3.7231928623970525
-0.9832161243542549,3.706104725346939
-1.0225885961382772,3.6865150744219437
-1.0592180075096267,3.664328903825869
-1.0928767315563723,3.639451207762488
-1.1233371413665376,3.611786980435602
-1.150450610743319,3.581287151402896
-1.1743956132228992,3.548092843968589
-1.1954352682230138,3.512394399200467
-1.2138326952858818,3.4743821582387544
-1.2298510139537342,3.434246462223666
-1.2437533437688013,3.3921776522954126
-1.2558028042733076,3.348366069594225
-1.2662625150094946,3.30300205526028
-1.2753955955195875,3.2562759504338077
-1.283465165345815,3.2083780962550206
-1.2907343440304058,3.159498833864151
-1.2974662511155957,3.1098285044013716
-1.3039240061436113,3.059557449006913
-1.3103327549622923,3.008856642831953
-1.3167127289807847,2.9577925578752366
-1.3230153501201039,2.9063965743749294
-1.3291919895216184,2.8547000466723063
-1.3351940183266886,2.8027343291087026
-1.340972807676679,2.7505307760254376
-1.3464797287129517,2.6981207417638267
-1.3516661525768687,2.645535580665207
-1.3564834504097976,2.5928066470708537
-1.3608829933530993,2.5399652953221024
-1.364816152548137,2.4870428797602715
-1.368234299136273,2.4340707547266973
-1.371088804258874,2.381080274562655
-1.3733310390573015,2.328102793609482
-1.3749123746729184,2.2751696662084933
-1.3757841822470882,2.2223122467010072
-1.3758978329211748,2.16956188942836
-1.3752046978365415,2.1169499487318273
-1.3736561481345515,2.0645077789527444
-1.371203554956568,2.01226673443243
-1.367798289443956,1.9602581695122199
-1.363391722738076,1.9085134385333897
-1.357935225980293,1.857063895837276
-1.3513801703119697,1.8059408957651955
-1.3436779268744699,1.7551757926584648
-1.3347798668091608,1.7047999408584211
-1.3246390673143793,1.6548445893730166
-1.3132414051255172,1.6053389621406247
-1.3006023336866979,1.5563104570099497
-1.2867383657711438,1.5077864064258928
-1.2716660141520595,1.4597941428332932
-1.2554017916026685,1.4123609986770518
-1.2379622108961859,1.3655143064020487
-1.2193637848058294,1.3192813984531644
-1.1996230261048233,1.273689607275297
-1.1787564475663685,1.22876626531329
-1.1567805619636886,1.1845387050120417
-1.1337118820700016,1.1410342588164328
-1.1095669206585335,1.0982802591713614
-1.0843621905024807,1.0563040385216713
-1.05811420437507,1.0151329293122617
-1.0308394750495182,0.974794263988012
-1.0025545152990418,0.9353153749938028
-0.9732758378968693,0.8967235947745298
-0.9430199556161937,0.8590462557750416
-0.9118033812302431,0.8223106904402341
-0.8796426275122344,0.7865442312149883
-0.8465542072353978,0.7517742105441977
-0.8125546331729226,0.7180279608727141
-0.7776604180980395,0.6853328146454327
-0.7418880747839648,0.6537161043072333
-0.7052541160039146,0.6232051623029958
-0.6677750545311216,0.5938273210776127
-0.6294674031387714,0.5656099130759401
-0.5903476746000964,0.5385802707428704
-0.5504323816883125,0.5127657265232838
-0.5097380371766534,0.4881936128620702
-0.4682811538383025,0.4648912622040897
-0.426078244446493,0.4428860069942331
-0.38314582177444145,0.42220517967738036
-0.3395003985953643,0.40287611269841167
-0.29515848768249664,0.38492613850221447
-0.2501366018090186,0.368382589533654
-0.20445125374816514,0.3532727982376185
-0.15811895627315253,0.3396240970589879
-0.11115622215721715,0.32746381844264705
-0.06357956417353672,0.3168192948334664
-0.015405495095347221,0.3077178586763312
0.03334947230413471,0.3001868424161219
0.08266882525169256,0.2942535784977186
0.132536050974089,0.2899453993660029
0.18293463669814852,0.28728963746585157
0.23384806965063398,0.2863136252421469
0.28525983705832864,0.2870446951397688
0.33715342614801647,0.28951017960359815
0.3895123241464583,0.29373741107851237
0.44232001828048145,0.29975372200939554
0.49555999577684723,0.3075864448411264
0.5492157438623392,0.31726291201858503
0.6032707497637187,0.3288104559866467
0.6577085007078133,0.342256409190201
0.7125124839213841,0.35762810407412376
0.7676661866312149,0.37495287308329533
0.8231530960640886,0.39425804866259573
0.878956699446766,0.4155709632568962
0.935060484006076,0.4389189493110942
