Timestamp,X,Y,V_cmd_scaled,V_real,Steering,CTE
0.0,0.06561913444166573,0.0005528990142560026,,,,0.045367747254996774
0.33354926109313965,0.06561913444166573,0.0005528990142560026,,0.1306582503655859,,0.045367747254996774
0.3356480598449707,0.06561913444166573,0.0005528990142560026,,0.1306582503655859,,0.045367747254996774
0.3357205390930176,0.06561913444166573,0.0005528990142560026,,0.1306582503655859,,0.045367747254996774
0.33658933639526367,0.08618379285938639,0.0009478969915304955,,0.1306582503655859,,0.039292357337624165
0.3373680114746094,0.08618379285938639,0.0009478969915304955,,0.1474823526383047,,0.039292357337624165
0.33869457244873047,0.096723830132939,0.0011891589451227327,,0.1474823526383047,,0.03163577610765194
0.33893895149230957,0.096723830132939,0.0011891589451227327,,0.16525168145845437,,0.03163577610765194
0.3392527103424072,0.096723830132939,0.0011891589451227327,,0.16525168145845437,,0.03163577610765194
0.34139275550842285,0.096723830132939,0.0011891589451227327,,0.16525168145845437,,0.03163577610765194
0.34181833267211914,0.096723830132939,0.0011891589451227327,,0.16525168145845437,,0.03163577610765194
0.36682724952697754,0.12641456839301815,0.0020035797808388755,,0.16525168145845437,,0.02593667187981784
0.4001336097717285,0.13332471496264958,0.0022211361516856275,,0.18382445284392035,,0.028819824085412102
0.4338243007659912,0.13332471496264958,0.0022211361516856275,0.15,0.20308015040990515,0.05393687263131142,0.028819824085412102
0.4668385982513428,0.13332471496264958,0.0022211361516856275,0.15,0.20308015040990515,0.05322515219449997,0.028819824085412102
0.8119080066680908,0.15577982829033957,0.0029970865004364747,0.15,0.20308015040990515,0.05201762169599533,0.007578496600797984
0.8184356689453125,0.15577982829033957,0.0029970865004364747,0.15,0.22291633522933094,0.05026109889149666,0.007578496600797984
0.8196532726287842,0.15577982829033957,0.0029970865004364747,0.15,0.22291633522933094,0.05026109889149666,0.007578496600797984
0.8197731971740723,0.15577982829033957,0.0029970865004364747,0.15,0.22291633522933094,0.047890376299619675,0.007578496600797984
0.8199760913848877,0.15577982829033957,0.0029970865004364747,0.15,0.22291633522933094,0.0469626821577549,0.007578496600797984
0.820082426071167,0.19789057921104872,0.004724402488328527,0.15,0.22291633522933094,0.04637780785560608,0.016474630237531613
0.8201844692230225,0.20448402518854242,0.005026168004865852,0.15,0.24324593421418159,0.04637780785560608,0.013986447480060258
0.8203220367431641,0.20448402518854242,0.005026168004865852,0.15,0.2639949352396434,0.04637780785560608,0.013986447480060258
0.8205199241638184,0.20448402518854242,0.005026168004865852,0.15,0.2639949352396434,0.04637780785560608,0.013986447480060258
0.8206825256347656,0.20448402518854242,0.005026168004865852,0.15,0.2639949352396434,0.04637780785560608,0.013986447480060258
0.833411693572998,0.20448402518854242,0.005026168004865852,0.15,0.2639949352396434,0.04637780785560608,0.013986447480060258
0.8667683601379395,0.25547590797950215,0.007623263221237359,0.15,0.2639949352396434,0.04129736125469208,0.03134539484206382
0.8999810218811035,0.2626988275001409,0.008028211304298233,0.15,0.2851004279996247,0.039542119950056076,0.03279915663273163
0.9334802627563477,0.2626988275001409,0.008028211304298233,0.15,0.30650893873394747,0.038425639271736145,0.03279915663273163
0.9669358730316162,0.2626988275001409,0.008028211304298233,0.15,0.30650893873394747,0.037016723304986954,0.03279915663273163
1.0001933574676514,0.2956500032474287,0.009973449639125876,0.15,0.30650893873394747,0.03520813211798668,0.04779063831129073
1.0336387157440186,0.2956500032474287,0.009973449639125876,0.15,0.3281750147464605,0.0336143933236599,0.04779063831129073
1.0671517848968506,0.2956500032474287,0.009973449639125876,0.15,0.3281750147464605,0.0336143933236599,0.04779063831129073
1.1000206470489502,0.2956500032474287,0.009973449639125876,0.15,0.3281750147464605,0.0336143933236599,0.04779063831129073
1.133582592010498,0.2956500032474287,0.009973449639125876,0.15,0.3281750147464605,0.0336143933236599,0.04779063831129073
1.1666285991668701,0.3592543656767923,0.014134512415407443,0.15,0.3281750147464605,0.030792802572250366,0.06484485434273979
1.200326681137085,0.36523223011835104,0.014551613809063974,0.15,0.3500600212454354,0.027252065017819405,0.06640499108361662
1.2333252429962158,0.36523223011835104,0.014551613809063974,0.15,0.3721311186579027,0.026622124016284943,0.06640499108361662
1.266981601715088,0.36523223011835104,0.014551613809063974,0.15,0.3721311186579027,0.025822706520557404,0.06640499108361662
1.300372838973999,0.4040221781081328,0.0173479612489538,0.15,0.3721311186579027,0.024649901315569878,0.07896077240831721
1.333611011505127,0.4040221781081328,0.0173479612489538,0.15,0.3943603933468387,0.023054754361510277,0.07896077240831721
1.3666365146636963,0.4040221781081328,0.0173479612489538,0.15,0.3943603933468387,0.022079017013311386,0.07896077240831721
1.4003098011016846,0.44565331972749866,0.020506014670184782,0.15,0.3943603933468387,0.020773936063051224,0.09218339167839783
1.4332962036132812,0.44565331972749866,0.020506014670184782,0.15,0.41672411872077303,0.020773936063051224,0.09218339167839783
1.4668443202972412,0.44565331972749866,0.020506014670184782,0.15,0.41672411872077303,0.020773936063051224,0.09218339167839783
1.5000214576721191,0.49046370706913794,0.024064742324062804,0.15,0.41672411872077303,0.016239603981375694,0.10516850584052127
1.533433437347412,0.49046370706913794,0.024064742324062804,0.15,0.439202127176956,0.016239603981375694,0.10516850584052127
1.5665464401245117,0.49046370706913794,0.024064742324062804,0.15,0.439202127176956,0.016239603981375694,0.10516850584052127
1.6001474857330322,0.5376990517502986,0.027970200778058896,0.15,0.439202127176956,0.011124828830361366,0.11722632831269317
1.6334781646728516,0.5376990517502986,0.027970200778058896,0.15,0.46177727625305015,0.011124828830361366,0.11722632831269317
1.6664412021636963,0.5376990517502986,0.027970200778058896,0.15,0.46177727625305015,0.01013182196766138,0.11722632831269317
1.7001597881317139,0.5845699691779238,0.03195998474758765,0.15,0.46177727625305015,0.005910143256187439,0.12833820837410992
1.7334234714508057,0.5845699691779238,0.03195998474758765,0.15,0.48443499485606895,0.004918930120766163,0.12833820837410992
1.7668745517730713,0.5845699691779238,0.03195998474758765,0.15,0.48443499485606895,0.003659079084172845,0.12833820837410992
1.8001515865325928,0.634317916395134,0.036258953085148996,0.15,0.48443499485606895,0.0007214463548734784,0.14010200269303294
1.83347487449646,0.634317916395134,0.036258953085148996,0.15,0.5071628975569736,-0.0001525636325823143,0.14010200269303294
1.866840124130249,0.634317916395134,0.036258953085148996,0.15,0.5071628975569736,-0.0001525636325823143,0.14010200269303294
1.9001128673553467,0.6897627851662241,0.04106256896287427,0.15,0.5071628975569736,-0.004494432359933853,0.15157625549343573
1.9334876537322998,0.6897627851662241,0.04106256896287427,0.15,0.5299504567410814,-0.005472687538713217,0.15157625549343573
1.9669709205627441,0.6897627851662241,0.04106256896287427,0.15,0.5299504567410814,-0.005472687538713217,0.15157625549343573
2.000175714492798,0.7450981593299548,0.0458088850909695,0.15,0.5299504567410814,-0.009795505553483963,0.1624934855851108
2.0334906578063965,0.7450981593299548,0.0458088850909695,0.15,0.5527887239359116,-0.010568907484412193,0.1624934855851108
2.066798686981201,0.7450981593299548,0.0458088850909695,0.15,0.5527887239359116,-0.011530276387929916,0.1624934855851108
2.100135087966919,0.7988705651467107,0.05031640639348297,0.15,0.5527887239359116,-0.01499322708696127,0.17294981361274608
2.133697509765625,0.7988705651467107,0.05031640639348297,0.15,0.5756700929398562,-0.015912968665361404,0.17294981361274608
2.166858434677124,0.7988705651467107,0.05031640639348297,0.15,0.5756700929398562,-0.019224245101213455,0.17294981361274608
2.2001731395721436,0.8599764544327907,0.055223130599833074,0.15,0.5756700929398562,-0.020495109260082245,0.18475022984537737
2.2334625720977783,0.8599764544327907,0.055223130599833074,0.15,0.5985880984815478,-0.020495109260082245,0.18475022984537737
2.266831159591675,0.8599764544327907,0.055223130599833074,0.15,0.5985880984815478,-0.020495109260082245,0.18475022984537737
2.300232410430908,0.9281587926530924,0.06035374948981226,0.15,0.5985880984815478,-0.025784580036997795,0.19759945958008374
2.333296060562134,0.9281587926530924,0.06035374948981226,0.15,0.6215372450803242,-0.026536868885159492,0.19759945958008374
2.3666672706604004,0.9281587926530924,0.06035374948981226,0.15,0.6215372450803242,-0.026536868885159492,0.19759945958008374
2.3999180793762207,0.9935932601970682,0.0648754517720823,0.15,0.6215372450803242,-0.02994145080447197,0.20808386857959704
2.4335148334503174,0.9935932601970682,0.0648754517720823,0.15,0.644512861577623,-0.03242868930101395,0.20808386857959704
2.4669079780578613,0.9935932601970682,0.0648754517720823,0.15,0.644512861577623,-0.03242868930101395,0.20808386857959704
2.500120162963867,1.0622354992611913,0.06908601311530436,0.15,0.644512861577623,-0.035467758774757385,0.22055520944939963
2.5334248542785645,1.0622354992611913,0.06908601311530436,0.15,0.6675109774886657,-0.035803139209747314,0.22055520944939963
2.5667972564697266,1.0622354992611913,0.06908601311530436,0.15,0.6675109774886657,-0.035803139209747314,0.22055520944939963
2.600008249282837,1.1329628853012519,0.07276223739238687,0.15,0.6675109774886657,-0.03889910876750946,0.23086316697505882
2.63344144821167,1.1329628853012519,0.07276223739238687,0.15,0.6905282179013907,-0.038966406136751175,0.23086316697505882
2.666776657104492,1.1329628853012519,0.07276223739238687,0.15,0.6905282179013907,-0.038966406136751175,0.23086316697505882
2.7000226974487305,1.2056440014553342,0.07574681870899123,0.15,0.6905282179013907,-0.04048345610499382,0.24337727601732204
2.733497381210327,1.2056440014553342,0.07574681870899123,0.15,0.7135617141405457,-0.042938511818647385,0.24337727601732204
2.7669713497161865,1.2056440014553342,0.07574681870899123,0.15,0.7135617141405457,-0.042938511818647385,0.24337727601732204
2.8001954555511475,1.28081740532575,0.07791700737841888,0.15,0.7135617141405457,-0.042905230075120926,0.25405040764846215
2.833733320236206,1.28081740532575,0.07791700737841888,0.15,0.7366090278321662,-0.04640001431107521,0.25405040764846215
2.8669116497039795,1.28081740532575,0.07791700737841888,0.15,0.7366090278321662,-0.04942452162504196,0.25405040764846215
2.90004301071167,1.3387925437698853,0.0789026527640594,0.15,0.7366090278321662,-0.04954143986105919,0.263375163750123
2.933753252029419,1.3387925437698853,0.0789026527640594,0.15,0.7596680863583823,-0.04954143986105919,0.263375163750123
2.967005968093872,1.3387925437698853,0.0789026527640594,0.15,0.7596680863583823,-0.04954143986105919,0.263375163750123
2.9998157024383545,1.3387925437698853,0.0789026527640594,0.15,0.7596680863583823,-0.04960969090461731,0.263375163750123
3.0334997177124023,1.4416317725843002,0.07905541147456659,0.15,0.7596680863583823,-0.054034192115068436,0.27995567933674737
3.066967010498047,1.4416317725843002,0.07905541147456659,0.15,0.7827371279940047,-0.054034192115068436,0.27995567933674737
3.100137948989868,1.4416317725843002,0.07905541147456659,0.15,0.7827371279940047,-0.05362437665462494,0.27995567933674737
3.133380174636841,1.5223509080754767,0.07769280343103799,0.15,0.7827371279940047,-0.055758725851774216,0.2922544519206276
3.166764736175537,1.5223509080754767,0.07769280343103799,0.15,0.8039935132812448,-0.055758725851774216,0.2922544519206276
3.2001495361328125,1.5223509080754767,0.07769280343103799,0.15,0.8039935132812448,-0.055758725851774216,0.2922544519206276
3.2335386276245117,1.6054644138843353,0.07480589377580407,0.15,0.8039935132812448,-0.06059446558356285,0.3061454673076737
3.2669129371643066,1.6054644138843353,0.07480589377580407,0.15,0.8220614407753988,-0.06053958460688591,0.3061454673076737
3.300086259841919,1.6677601477013613,0.07159561327672923,0.15,0.8220614407753988,-0.06235805153846741,0.3167547714657481
3.3334457874298096,1.6677601477013613,0.07159561327672923,0.15,0.9286497208087384,-0.06441829353570938,0.3167547714657481
3.3668434619903564,1.6677601477013613,0.07159561327672923,0.15,0.9286497208087384,-0.06375933438539505,0.3167547714657481
3.400167226791382,1.7656054753285837,0.06463412595627294,0.15,0.9286497208087384,-0.06467975676059723,0.3344220154093694
3.433485269546509,1.7656054753285837,0.06463412595627294,0.15,0.9752821879023833,-0.06364555656909943,0.3344220154093694
3.4667444229125977,1.7656054753285837,0.06463412595627294,0.15,0.9752821879023833,-0.06477853655815125,0.3344220154093694
3.500113010406494,1.865733456865118,0.05500147128164838,0.15,0.9752821879023833,-0.06615035235881805,0.35376183641044084
3.53340482711792,1.865733456865118,0.05500147128164838,0.15,1.0139658534126885,-0.06547975540161133,0.35376183641044084
3.5668435096740723,1.865733456865118,0.05500147128164838,0.15,1.0139658534126885,-0.06547975540161133,0.35376183641044084
3.6001136302948,1.865733456865118,0.05500147128164838,0.15,1.0139658534126885,-0.06547975540161133,0.35376183641044084
3.633683919906616,2.013364036015304,0.0360619460829109,0.15,1.0139658534126885,-0.06586888432502747,0.3847749803399867
3.666822671890259,2.013364036015304,0.0360619460829109,0.15,1.0458063165299465,-0.06638243049383163,0.3847749803399867
3.7001192569732666,2.075219912251948,0.026417059307677244,0.15,1.0458063165299465,-0.06473015993833542,0.39895516708742645
3.7337894439697266,2.075219912251948,0.026417059307677244,0.15,1.0823233043253389,-0.06585180759429932,0.39895516708742645
3.7669312953948975,2.075219912251948,0.026417059307677244,0.15,1.0823233043253389,-0.06585180759429932,0.39895516708742645
3.799947500228882,2.075219912251948,0.026417059307677244,0.15,1.0823233043253389,-0.06585180759429932,0.39895516708742645
3.8334083557128906,2.2372220334681137,-0.0037608222280901826,0.15,1.0823233043253389,-0.06426362693309784,0.4321299934327667
3.8667988777160645,2.2372220334681137,-0.0037608222280901826,0.15,1.1099806231102918,-0.06401565670967102,0.4321299934327667
3.900102138519287,2.29374911351664,-0.01597325674289217,0.15,1.1099806231102918,-0.0630829706788063,0.445371007467428
3.933750867843628,2.29374911351664,-0.01597325674289217,0.15,1.1207413501378571,-0.05437110364437103,0.445371007467428
3.966843366622925,2.29374911351664,-0.01597325674289217,0.15,1.1207413501378571,-0.05208210647106171,0.445371007467428
4.000103712081909,2.29374911351664,-0.01597325674289217,0.15,1.1207413501378571,-0.05208210647106171,0.445371007467428
4.033553600311279,2.464028068273736,-0.05723899625895138,0.15,1.1207413501378571,-0.04968085512518883,0.4898629765414239
4.066818475723267,2.464028068273736,-0.05723899625895138,0.15,1.151047903630154,-0.048326440155506134,0.4898629765414239
4.100146293640137,2.5258840047661466,-0.07379695937945309,0.15,1.151047903630154,-0.04524228721857071,0.5070339931969
4.133682489395142,2.5258840047661466,-0.07379695937945309,0.15,1.15790328580716,-0.044422220438718796,0.5070339931969
4.166837692260742,2.5258840047661466,-0.07379695937945309,0.15,1.15790328580716,-0.042962051928043365,0.5070339931969
4.200119972229004,2.631332024868008,-0.10374796266797072,0.15,1.15790328580716,-0.04130740463733673,0.538271724829996
4.233521461486816,2.631332024868008,-0.10374796266797072,0.15,1.1802940806744326,-0.03962113335728645,0.538271724829996
4.266829013824463,2.631332024868008,-0.10374796266797072,0.15,1.1802940806744326,-0.03962113335728645,0.538271724829996
4.300466299057007,2.631332024868008,-0.10374796266797072,0.15,1.1802940806744326,-0.03962113335728645,0.538271724829996
4.333598613739014,2.8162022475129542,-0.16100881843036208,0.15,1.1802940806744326,-0.03835432976484299,0.5977837593552313
4.36680793762207,2.8162022475129542,-0.16100881843036208,0.15,1.2086054083629207,-0.03242754936218262,0.5977837593552313
4.400183916091919,2.8622320552321447,-0.1761539512854566,0.15,1.2086054083629207,-0.030258214101195335,0.613258532384454
4.433230400085449,2.8622320552321447,-0.1761539512854566,0.15,1.2268597267351677,-0.030258214101195335,0.613258532384454
4.466835975646973,2.8622320552321447,-0.1761539512854566,0.15,1.2268597267351677,-0.027106361463665962,0.613258532384454
4.500163316726685,2.9789458689273696,-0.21579670495859765,0.15,1.2268597267351677,-0.024684442207217216,0.6542212887719676
4.5382280349731445,2.9789458689273696,-0.21579670495859765,0.15,1.2341373978667738,-0.02292565070092678,0.6542212887719676
4.566680192947388,2.9789458689273696,-0.21579670495859765,0.15,1.2341373978667738,-0.02091118134558201,0.6542212887719676
4.600147724151611,3.099424659901143,-0.2582968729217505,0.15,1.2341373978667738,-0.018223239108920097,0.6973065134730256
4.633566617965698,3.099424659901143,-0.2582968729217505,0.15,1.2451797969723128,-0.018223239108920097,0.6973065134730256
4.6668901443481445,3.099424659901143,-0.2582968729217505,0.15,1.2451797969723128,-0.014151666313409805,0.6973065134730256
4.700188875198364,3.2189698489327356,-0.3016407380350074,0.15,1.2451797969723128,-0.010659136809408665,0.7415746664418138
4.733355522155762,3.2189698489327356,-0.3016407380350074,0.15,1.262023846271949,-0.008258761838078499,0.7415746664418138
4.766918897628784,3.2189698489327356,-0.3016407380350074,0.15,1.262023846271949,0.0032788997050374746,0.7415746664418138
4.800142288208008,3.336327534979214,-0.34455089845769665,0.15,1.262023846271949,0.005824187304824591,0.7853481009768495
4.8335113525390625,3.336327534979214,-0.34455089845769665,0.15,1.2774686617903503,0.007686362601816654,0.7853481009768495
4.866818428039551,3.336327534979214,-0.34455089845769665,0.15,1.2774686617903503,0.007686362601816654,0.7853481009768495
4.900076150894165,3.336327534979214,-0.34455089845769665,0.15,1.2774686617903503,0.007686362601816654,0.7853481009768495
4.933541536331177,3.336327534979214,-0.34455089845769665,0.15,1.2774686617903503,0.007686362601816654,0.7853481009768495
4.966882944107056,3.5563567437008103,-0.4230680664362838,0.15,1.2774686617903503,0.018446771427989006,0.8645147714954934
5.00014591217041,3.58008701965175,-0.43132604054305274,0.15,1.2985750913241705,0.021292775869369507,0.8730076824542814
5.033594369888306,3.58008701965175,-0.43132604054305274,0.15,1.3116591777842432,0.023488329723477364,0.8730076824542814
5.066813707351685,3.58008701965175,-0.43132604054305274,0.15,1.3116591777842432,0.02504260092973709,0.8730076824542814
5.100082635879517,3.7162202369521786,-0.47749600238053674,0.15,1.3116591777842432,0.026845037937164307,0.9193741462929134
5.133486032485962,3.7162202369521786,-0.47749600238053674,0.15,1.3436804236525457,0.02668650448322296,0.9193741462929134
5.166804790496826,3.7162202369521786,-0.47749600238053674,0.15,1.3436804236525457,0.03245517984032631,0.9193741462929134
5.20010232925415,3.8382172288957896,-0.5168276586764732,0.15,1.3436804236525457,0.032670293003320694,0.9591592445948188
5.233601093292236,3.8382172288957896,-0.5168276586764732,0.15,1.3721125773015217,0.03316878899931908,0.9591592445948188
5.266866683959961,3.8382172288957896,-0.5168276586764732,0.15,1.3721125773015217,0.03245922923088074,0.9591592445948188
5.300256967544556,3.970990911829174,-0.5571751516604995,0.15,1.3721125773015217,0.033572256565093994,0.9994309855401065
5.3339338302612305,3.970990911829174,-0.5571751516604995,0.15,1.3944587659117735,0.033572256565093994,0.9994309855401065
5.367152214050293,3.970990911829174,-0.5571751516604995,0.15,1.3944587659117735,0.033202990889549255,0.9994309855401065
5.399958848953247,4.104584714835231,-0.5951963269693097,0.15,1.3944587659117735,0.03343535214662552,1.037685018582877
5.433463096618652,4.104584714835231,-0.5951963269693097,0.15,1.3896914592953673,0.033918749541044235,1.037685018582877
5.466817617416382,4.104584714835231,-0.5951963269693097,0.15,1.3896914592953673,0.03424924612045288,1.037685018582877
5.500173330307007,4.239968955333256,-0.6310607153658865,0.15,1.3896914592953673,0.03399127721786499,1.073432071170995
5.533477306365967,4.239968955333256,-0.6310607153658865,0.15,1.3972598689973565,0.034136343747377396,1.073432071170995
5.566996335983276,4.239968955333256,-0.6310607153658865,0.15,1.3972598689973565,0.03403457999229431,1.073432071170995
5.600157976150513,4.3753473392472495,-0.6642461375405302,0.15,1.3972598689973565,0.02119390293955803,1.106430830829921
5.633487701416016,4.3753473392472495,-0.6642461375405302,0.15,1.3996171280252492,0.02065313793718815,1.106430830829921
5.666850328445435,4.3753473392472495,-0.6642461375405302,0.15,1.3996171280252492,0.019775932654738426,1.106430830829921
5.700120449066162,4.51244349284866,-0.6957315444981884,0.15,1.3996171280252492,0.018286002799868584,1.137927331124341
5.733468532562256,4.51244349284866,-0.6957315444981884,0.15,1.4044825927568378,0.01745857298374176,1.137927331124341
5.766870498657227,4.51244349284866,-0.6957315444981884,0.15,1.4044825927568378,0.016235165297985077,1.137927331124341
5.800107479095459,4.51244349284866,-0.6957315444981884,0.15,1.4044825927568378,0.016235165297985077,1.137927331124341
5.833690166473389,4.707525340187708,-0.7381334966763484,0.15,1.4044825927568378,0.012467254884541035,1.178326136369675
5.866839408874512,4.707525340187708,-0.7381334966763484,0.15,1.4162496899330332,0.01070474460721016,1.178326136369675
5.900099039077759,4.7940919233174775,-0.7562117582269119,0.15,1.4162496899330332,0.008965626358985901,1.1952023275179604
5.933539152145386,4.7940919233174775,-0.7562117582269119,0.15,1.432495637931809,0.008965626358985901,1.1952023275179604
5.966596364974976,4.7940919233174775,-0.7562117582269119,0.15,1.432495637931809,0.006410821340978146,1.1952023275179604
6.000195741653442,4.93214780398924,-0.7845246345151686,0.15,1.432495637931809,-0.00012001451977994293,1.221067248381424
6.033507585525513,4.93214780398924,-0.7845246345151686,0.15,1.446478135825185,-0.00012001451977994293,1.221067248381424
6.06690788269043,4.93214780398924,-0.7845246345151686,0.15,1.446478135825185,-0.002820618450641632,1.221067248381424
6.100176095962524,4.93214780398924,-0.7845246345151686,0.15,1.446478135825185,-0.002820618450641632,1.221067248381424
6.133817195892334,4.93214780398924,-0.7845246345151686,0.15,1.446478135825185,-0.002820618450641632,1.221067248381424
6.167017459869385,4.93214780398924,-0.7845246345151686,0.15,1.446478135825185,-0.002820618450641632,1.221067248381424
6.200160026550293,5.22192074326174,-0.8439114330551878,0.15,1.446478135825185,-0.010067424736917019,1.2762514837660945
6.233468055725098,5.22192074326174,-0.8439114330551878,0.15,1.4439148852978019,-0.011206040158867836,1.2762514837660945
6.266756534576416,5.22192074326174,-0.8439114330551878,0.15,1.4439148852978019,-0.011206040158867836,1.2762514837660945
6.300198078155518,5.3654630369443055,-0.874115541945235,0.15,1.4439148852978019,-0.015186503529548645,1.3048542346999759
6.333667278289795,5.3654630369443055,-0.874115541945235,0.15,1.4421356864385075,-0.016560597345232964,1.3048542346999759
6.366832494735718,5.3654630369443055,-0.874115541945235,0.15,1.4421356864385075,-0.016560597345232964,1.3048542346999759
6.400088548660278,5.506723764084728,-0.9050641938192773,0.15,1.4421356864385075,-0.020459171384572983,1.334159159188979
6.433501243591309,5.506723764084728,-0.9050641938192773,0.15,1.4414038568329837,-0.020459171384572983,1.334159159188979
6.4668872356414795,5.506723764084728,-0.9050641938192773,0.15,1.4414038568329837,-0.020459171384572983,1.334159159188979
6.500408411026001,5.651308422302041,-0.9383458766578963,0.15,1.4414038568329837,-0.02281537652015686,1.3662177272994165
6.533496856689453,5.651308422302041,-0.9383458766578963,0.15,1.4416490121403729,-0.02281537652015686,1.3662177272994165
6.566961050033569,5.651308422302041,-0.9383458766578963,0.15,1.4416490121403729,-0.02281537652015686,1.3662177272994165
6.600160360336304,5.796315789018062,-0.973683329619662,0.15,1.4416490121403729,-0.02548951469361782,1.4008405687137795
6.63352108001709,5.796315789018062,-0.973683329619662,0.15,1.4432449309069892,-0.0261842031031847,1.4008405687137795
6.666754722595215,5.796315789018062,-0.973683329619662,0.15,1.4432449309069892,-0.0261842031031847,1.4008405687137795
6.7001564502716064,5.937979365179908,-1.010397099991228,0.15,1.4432449309069892,-0.027560381218791008,1.4373347837983654
6.733651638031006,5.937979365179908,-1.010397099991228,0.15,1.4484171879357854,-0.028141824528574944,1.4373347837983654
6.766847133636475,5.937979365179908,-1.010397099991228,0.15,1.4484171879357854,-0.028141824528574944,1.4373347837983654
6.800174713134766,6.07987908754214,-1.0495894532060992,0.15,1.4484171879357854,-0.028728751465678215,1.4764757574119602
6.833437919616699,6.07987908754214,-1.0495894532060992,0.15,1.4363366074406534,-0.03155770152807236,1.4764757574119602
6.866850852966309,6.07987908754214,-1.0495894532060992,0.15,1.4363366074406534,-0.03193838149309158,1.4764757574119602
6.900271415710449,6.194539494823763,-1.0831991707552793,0.15,1.4363366074406534,-0.03287048637866974,1.5105393224011445
6.933837413787842,6.194539494823763,-1.0831991707552793,0.15,1.4450600233584459,-0.03286510705947876,1.5105393224011445
6.967099666595459,6.194539494823763,-1.0831991707552793,0.15,1.4450600233584459,-0.03329583629965782,1.5105393224011445
7.000173091888428,6.370578704031365,-1.1385278912871086,0.15,1.4450600233584459,-0.03329583629965782,1.5670335903153254
7.035879611968994,6.370578704031365,-1.1385278912871086,0.15,1.4523882058413609,-0.03398151695728302,1.5670335903153254
7.06661319732666,6.370578704031365,-1.1385278912871086,0.15,1.4523882058413609,-0.03398151695728302,1.5670335903153254
7.1001646518707275,6.506443730867332,-1.1844664760917882,0.15,1.4523882058413609,-0.03428982198238373,1.6141267047222245
7.133325815200806,6.506443730867332,-1.1844664760917882,0.15,1.454627992780249,-0.035144250839948654,1.6141267047222245
7.166757345199585,6.506443730867332,-1.1844664760917882,0.15,1.454627992780249,-0.035144250839948654,1.6141267047222245
7.2000017166137695,6.646507069149298,-1.2349474024183922,0.15,1.454627992780249,-0.03554195910692215,1.6662268535795803
7.233495712280273,6.646507069149298,-1.2349474024183922,0.15,1.4447377492579525,-0.03880966827273369,1.6662268535795803
7.266847610473633,6.646507069149298,-1.2349474024183922,0.15,1.4447377492579525,-0.03880966827273369,1.6662268535795803
7.29977822303772,6.781332970689222,-1.2867974969554254,0.15,1.4447377492579525,-0.03880966827273369,1.7200509245193536
7.333505392074585,6.781332970689222,-1.2867974969554254,0.15,1.4351169476030814,-0.038346294313669205,1.7200509245193536
7.366854190826416,6.781332970689222,-1.2867974969554254,0.15,1.4351169476030814,-0.038346294313669205,1.7200509245193536
7.400193214416504,6.781332970689222,-1.2867974969554254,0.15,1.4351169476030814,-0.038346294313669205,1.7200509245193536
7.43347692489624,6.920175142841515,-1.343740642149127,0.15,1.4351169476030814,-0.03808445855975151,1.779093447511074
7.466758966445923,6.920175142841515,-1.343740642149127,0.15,1.4226899348832263,-0.03814646601676941,1.779093447511074
7.500202417373657,7.005472521229416,-1.3805364900100283,0.15,1.4226899348832263,-0.038310177624225616,1.8174863376372092
7.533533811569214,7.005472521229416,-1.3805364900100283,0.15,1.422013173453115,-0.038310177624225616,1.8174863376372092
7.566832065582275,7.005472521229416,-1.3805364900100283,0.15,1.422013173453115,-0.038310177624225616,1.8174863376372092
7.600152492523193,7.005472521229416,-1.3805364900100283,0.15,1.422013173453115,-0.038310177624225616,1.8174863376372092
7.633479356765747,7.182295717934665,-1.4613822920469326,0.15,1.422013173453115,-0.0406314991414547,1.90166293457756
7.667026042938232,7.182295717934665,-1.4613822920469326,0.15,1.424039557653774,-0.0406314991414547,1.90166293457756
7.70017147064209,7.182295717934665,-1.4613822920469326,0.15,1.424039557653774,-0.0406314991414547,1.90166293457756
7.733652830123901,7.313766989846018,-1.5257420744081454,0.15,1.424039557653774,-0.041271451860666275,1.9689764889602113
7.766746520996094,7.313766989846018,-1.5257420744081454,0.15,1.4305316418208003,-0.041283491998910904,1.9689764889602113
7.800409555435181,7.392105656553275,-1.5659352035658798,0.15,1.4305316418208003,-0.04086560383439064,2.010776712422575
7.833484888076782,7.392105656553275,-1.5659352035658798,0.15,1.4344022134658116,-0.040675610303878784,2.010776712422575
7.866767644882202,7.392105656553275,-1.5659352035658798,0.15,1.4344022134658116,-0.040675610303878784,2.010776712422575
7.899967193603516,7.392105656553275,-1.5659352035658798,0.15,1.4344022134658116,-0.040675610303878784,2.010776712422575
7.933565616607666,7.572927980168419,-1.6640791987140757,0.15,1.4344022134658116,-0.038366008549928665,2.11332308331194
7.966754913330078,7.572927980168419,-1.6640791987140757,0.15,1.445583814660042,-0.03692256659269333,2.11332308331194
8.000132083892822,7.645453489902073,-1.7055489929417154,0.15,1.445583814660042,-0.03566073998808861,2.1563486521535222
8.03350043296814,7.645453489902073,-1.7055489929417154,0.15,1.4474567235207927,-0.03487830236554146,2.1563486521535222
8.066833257675171,7.645453489902073,-1.7055489929417154,0.15,1.4474567235207927,-0.033777326345443726,2.1563486521535222
8.10009479522705,7.645453489902073,-1.7055489929417154,0.15,1.4474567235207927,-0.033777326345443726,2.1563486521535222
8.133691310882568,7.821028343888013,-1.8105255716310587,0.15,1.4474567235207927,-0.033777326345443726,2.2639761131179377
8.166828632354736,7.821028343888013,-1.8105255716310587,0.15,1.4443657595031731,-0.033777326345443726,2.2639761131179377
8.200132131576538,7.821028343888013,-1.8105255716310587,0.15,1.4443657595031731,-0.033777326345443726,2.2639761131179377
8.233372688293457,7.954417848841694,-1.8946546074555322,0.15,1.4443657595031731,-0.03227844834327698,2.3500907350852525
8.26674509048462,7.954417848841694,-1.8946546074555322,0.15,1.4314186354703893,-0.029986418783664703,2.3500907350852525
8.300112247467041,8.011452302926822,-1.9317798066033833,0.15,1.4314186354703893,-0.028593476861715317,2.388182950197493
8.33366060256958,8.011452302926822,-1.9317798066033833,0.15,1.429172405810578,-0.027622979134321213,2.388182950197493
8.366755962371826,8.011452302926822,-1.9317798066033833,0.15,1.429172405810578,-0.027622979134321213,2.388182950197493
8.400163173675537,8.011452302926822,-1.9317798066033833,0.15,1.429172405810578,-0.027622979134321213,2.388182950197493
8.433694839477539,8.196979072174152,-2.0568144659555063,0.15,1.429172405810578,-0.025890082120895386,2.5166192137091357
8.466700792312622,8.196979072174152,-2.0568144659555063,0.15,1.4361953784622108,-0.025034872815012932,2.5166192137091357
8.500101566314697,8.25046415904499,-2.094055111421202,0.15,1.4361953784622108,-0.023354625329375267,2.5548816216293786
8.533796072006226,8.25046415904499,-2.094055111421202,0.15,1.4249941378688216,-0.02242339961230755,2.5548816216293786
8.567049264907837,8.25046415904499,-2.094055111421202,0.15,1.4249941378688216,-0.02242339961230755,2.5548816216293786
8.600180864334106,8.25046415904499,-2.094055111421202,0.15,1.4249941378688216,-0.02242339961230755,2.5548816216293786
8.633435726165771,8.436725967410796,-2.227234863142701,0.15,1.4249941378688216,-0.020942209288477898,2.6918007296553177
8.667078733444214,8.436725967410796,-2.227234863142701,0.15,1.4320368033812585,-0.018539901822805405,2.6918007296553177
8.70015549659729,8.48254372707444,-2.260789626639547,0.15,1.4320368033812585,-0.01757754571735859,2.726332717070913
8.733160495758057,8.48254372707444,-2.260789626639547,0.15,1.4440935423714227,-0.01757754571735859,2.726332717070913
8.766961574554443,8.48254372707444,-2.260789626639547,0.15,1.4440935423714227,-0.015938740223646164,2.726332717070913
8.8001229763031,8.601466110603813,-2.349102313555688,0.15,1.4440935423714227,-0.015290124341845512,2.817333545162427
8.833737850189209,8.601466110603813,-2.349102313555688,0.15,1.4555558651739806,-0.015290124341845512,2.817333545162427
8.866826057434082,8.601466110603813,-2.349102313555688,0.15,1.4555558651739806,-0.014126845635473728,2.817333545162427
8.900109767913818,8.71473551758965,-2.4347196715876427,0.15,1.4555558651739806,-0.015211179852485657,2.9056526281158224
8.93372631072998,8.71473551758965,-2.4347196715876427,0.15,1.4472608617367937,-0.014257516711950302,2.9056526281158224
8.966824293136597,8.71473551758965,-2.4347196715876427,0.15,1.4472608617367937,-0.014257516711950302,2.9056526281158224
9.000111103057861,8.71473551758965,-2.4347196715876427,0.15,1.4472608617367937,-0.014257516711950302,2.9056526281158224
9.03348994255066,8.71473551758965,-2.4347196715876427,0.15,1.4472608617367937,-0.014257516711950302,2.9056526281158224
9.068323135375977,8.908980068797948,-2.584840633683949,0.15,1.4472608617367937,-0.010057457722723484,3.060613605109362
9.100049257278442,8.944843001225337,-2.6130009963857592,0.15,1.4524377764715786,-0.008887561038136482,3.0897820524394195
9.133504152297974,8.944843001225337,-2.6130009963857592,0.15,1.455190454099185,-0.00795488990843296,3.0897820524394195
9.166818141937256,8.944843001225337,-2.6130009963857592,0.15,1.455190454099185,-0.00795488990843296,3.0897820524394195
9.200102090835571,8.944843001225337,-2.6130009963857592,0.15,1.455190454099185,-0.00795488990843296,3.0897820524394195
9.233484029769897,8.944843001225337,-2.6130009963857592,0.15,1.455190454099185,-0.00795488990843296,3.0897820524394195
9.266822099685669,9.139734007288022,-2.767369466929025,0.15,1.455190454099185,-0.002826484851539135,3.249496341315378
9.300152063369751,9.1678604899356,-2.789809867718752,0.15,1.428391958220605,-0.00095603201771155,3.272752522533643
9.333839178085327,9.1678604899356,-2.789809867718752,0.15,1.4117704310756134,0.000223318871576339,3.272752522533643
9.366859674453735,9.1678604899356,-2.789809867718752,0.15,1.4117704310756134,0.000223318871576339,3.272752522533643
9.40009069442749,9.1678604899356,-2.789809867718752,0.15,1.4117704310756134,0.000223318871576339,3.272752522533643
9.433717489242554,9.1678604899356,-2.789809867718752,0.15,1.4117704310756134,0.000223318871576339,3.272752522533643
9.466727256774902,9.36554392193174,-2.947344583566972,0.15,1.4117704310756134,0.004335110075771809,3.4362619808135917
9.50015139579773,9.389051533453964,-2.966038616921005,0.15,1.4093494743755137,0.005168554373085499,3.455646296995811
9.533692598342896,9.389051533453964,-2.966038616921005,0.15,1.4176114657982364,0.005168554373085499,3.455646296995811
9.566695928573608,9.389051533453964,-2.966038616921005,0.15,1.4176114657982364,0.006708721164613962,3.455646296995811
9.600096225738525,9.503266220806559,-3.05646488137972,0.15,1.4176114657982364,0.008046315051615238,3.549715008345095
9.633513927459717,9.503266220806559,-3.05646488137972,0.15,1.426281858404512,0.00849415734410286,3.549715008345095
9.666707038879395,9.503266220806559,-3.05646488137972,0.15,1.426281858404512,0.009707405231893063,3.549715008345095
9.700077056884766,9.613249247482464,-3.1427311994831593,0.15,1.426281858404512,0.010114116594195366,3.639610863813571
9.733713150024414,9.613249247482464,-3.1427311994831593,0.15,1.4323508764117192,0.0084134666249156,3.639610863813571
9.76680612564087,9.613249247482464,-3.1427311994831593,0.15,1.4323508764117192,0.00882965512573719,3.639610863813571
9.800093412399292,9.726677967444425,-3.2307683208627207,0.15,1.4323508764117192,0.009042897261679173,3.7314901384716355
9.833740711212158,9.726677967444425,-3.2307683208627207,0.15,1.4320461157437117,0.009042897261679173,3.7314901384716355
9.866708993911743,9.726677967444425,-3.2307683208627207,0.15,1.4320461157437117,0.009631712920963764,3.7314901384716355
9.900129318237305,9.83894774520987,-3.316988603567453,0.15,1.4320461157437117,0.009773907251656055,3.8215971546277374
9.933441400527954,9.83894774520987,-3.316988603567453,0.15,1.419299238377886,0.010085550136864185,3.8215971546277374
9.966686010360718,9.83894774520987,-3.316988603567453,0.15,1.419299238377886,0.010333276353776455,3.8215971546277374
10.000188112258911,9.950406872576002,-3.401621762517354,0.15,1.419299238377886,0.01055854745209217,3.9101505171785123
10.033499002456665,9.950406872576002,-3.401621762517354,0.15,1.4046486665397615,0.01055854745209217,3.9101505171785123
10.066510677337646,9.950406872576002,-3.401621762517354,0.15,1.4046486665397615,0.01055854745209217,3.9101505171785123
10.100175142288208,10.066935500613628,-3.489042284366667,0.15,1.4046486665397615,0.01183629222214222,4.001740524184487
10.133484125137329,10.066935500613628,-3.489042284366667,0.15,1.404683511275375,0.008993745781481266,4.001740524184487
10.166831731796265,10.066935500613628,-3.489042284366667,0.15,1.404683511275375,0.008710834197700024,4.001740524184487
10.200248956680298,10.177474257231026,-3.5710528813954667,0.15,1.404683511275375,0.009021148085594177,4.087673971166699
10.233510971069336,10.177474257231026,-3.5710528813954667,0.15,1.4095695079443207,0.009595249779522419,4.087673971166699
10.267025709152222,10.177474257231026,-3.5710528813954667,0.15,1.4095695079443207,0.009595249779522419,4.087673971166699
10.300115823745728,10.293034709731302,-3.6558667793822046,0.15,1.4095695079443207,0.010475951246917248,4.176539969960928
10.33329963684082,10.293034709731302,-3.6558667793822046,0.15,1.4079990159971656,0.009973932057619095,4.176539969960928
10.36682677268982,10.293034709731302,-3.6558667793822046,0.15,1.4079990159971656,0.009973932057619095,4.176539969960928
10.40012502670288,10.40958646093181,-3.7403752001795425,0.15,1.4079990159971656,0.012754314579069614,4.265136546582318
10.433420658111572,10.40958646093181,-3.7403752001795425,0.15,1.4212332337731064,0.012151800096035004,4.265136546582318
10.466845989227295,10.40958646093181,-3.7403752001795425,0.15,1.4212332337731064,0.01289261132478714,4.265136546582318
10.500145435333252,10.521024526733084,-3.820094942221879,0.15,1.4212332337731064,0.013755090534687042,4.348740671237593
10.533464908599854,10.521024526733084,-3.820094942221879,0.15,1.4252844719643536,0.013755090534687042,4.348740671237593
10.56680417060852,10.521024526733084,-3.820094942221879,0.15,1.4252844719643536,0.013755090534687042,4.348740671237593
10.600113153457642,10.645199928632275,-3.907525937916129,0.15,1.4252844719643536,0.01632896065711975,4.439360167334957
10.6334810256958,10.645199928632275,-3.907525937916129,0.15,1.4256060667274084,0.018354203552007675,4.439360167334957
10.66679859161377,10.645199928632275,-3.907525937916129,0.15,1.4256060667274084,0.02050829492509365,4.439360167334957
10.700115203857422,10.755400291968284,-3.9835767182237767,0.15,1.4256060667274084,0.021713847294449806,4.517177170144561
10.733771562576294,10.755400291968284,-3.9835767182237767,0.15,1.4281341695034255,0.02362712286412716,4.517177170144561
10.767086505889893,10.755400291968284,-3.9835767182237767,0.15,1.4281341695034255,0.025489650666713715,4.517177170144561
10.800387859344482,10.873502615540534,-4.0629368951900275,0.15,1.4281341695034255,0.027696095407009125,4.598085285967854
10.833518505096436,10.873502615540534,-4.0629368951900275,0.15,1.421090625858942,0.030521415174007416,4.598085285967854
10.866899967193604,10.873502615540534,-4.0629368951900275,0.15,1.421090625858942,0.033397894352674484,4.598085285967854
10.900198936462402,10.99107217576483,-4.139209440980922,0.15,1.421090625858942,0.03694966435432434,4.6757655763305
10.933799266815186,10.99107217576483,-4.139209440980922,0.15,1.3996672673580242,0.0409492589533329,4.6757655763305
10.967183589935303,10.99107217576483,-4.139209440980922,0.15,1.3996672673580242,0.03853894770145416,4.6757655763305
11.000085592269897,11.109181457609468,-4.212593500440967,0.15,1.3996672673580242,0.04192378744482994,4.750178504083568
11.0335533618927,11.109181457609468,-4.212593500440967,0.15,1.3858801860398755,0.04596180468797684,4.750178504083568
11.066844463348389,11.109181457609468,-4.212593500440967,0.15,1.3858801860398755,0.04596180468797684,4.750178504083568
11.09994912147522,11.234938034988293,-4.286500844406095,0.15,1.3858801860398755,0.05393185466527939,4.824947231710035
11.133599758148193,11.234938034988293,-4.286500844406095,0.15,1.383873924206798,0.0583881177008152,4.824947231710035
11.166789054870605,11.234938034988293,-4.286500844406095,0.15,1.383873924206798,0.06265594065189362,4.824947231710035
11.200138330459595,11.348805902612307,-4.348897403325253,0.15,1.383873924206798,0.06599558144807816,4.887777987629962
11.23360538482666,11.348805902612307,-4.348897403325253,0.15,1.3899734958974441,0.06599558144807816,4.887777987629962
11.266852855682373,11.348805902612307,-4.348897403325253,0.15,1.3899734958974441,0.06837961077690125,4.887777987629962
11.300127506256104,11.47464201829112,-4.412290270760119,0.15,1.3899734958974441,0.07658463716506958,4.951315819210613
11.333607912063599,11.47464201829112,-4.412290270760119,0.15,1.393423710890324,0.07658463716506958,4.951315819210613
11.366969108581543,11.47464201829112,-4.412290270760119,0.15,1.393423710890324,0.07891081273555756,4.951315819210613
11.400142669677734,11.61086455256511,-4.473923005112321,0.15,1.393423710890324,0.07745350152254105,5.0129555353397555
11.433475255966187,11.61086455256511,-4.473923005112321,0.15,1.4097114349043758,0.07616201043128967,5.0129555353397555
11.466857433319092,11.61086455256511,-4.473923005112321,0.15,1.4097114349043758,0.07825582474470139,5.0129555353397555
11.500186681747437,11.73489761381243,-4.523677642147939,0.15,1.4097114349043758,0.07954102754592896,5.063066572566413
11.533743381500244,11.73489761381243,-4.523677642147939,0.15,1.4188730637670623,0.08107604086399078,5.063066572566413
11.56663990020752,11.73489761381243,-4.523677642147939,0.15,1.4188730637670623,0.08168911933898926,5.063066572566413
11.60036563873291,11.875165798089485,-4.572888806310296,0.15,1.4188730637670623,0.08094341307878494,5.113633527777648
11.633617162704468,11.875165798089485,-4.572888806310296,0.15,1.4148663858799946,0.08050075173377991,5.113633527777648
11.667019605636597,11.875165798089485,-4.572888806310296,0.15,1.4148663858799946,0.07907995581626892,5.113633527777648
11.700636625289917,12.011161401380418,-4.613745123755239,0.15,1.4148663858799946,0.07618599385023117,5.157098277221684
11.733864784240723,12.011161401380418,-4.613745123755239,0.15,1.406864494173938,0.07417823374271393,5.157098277221684
11.767019748687744,12.011161401380418,-4.613745123755239,0.15,1.406864494173938,0.07417823374271393,5.157098277221684
11.800483226776123,12.011161401380418,-4.613745123755239,0.15,1.406864494173938,0.07417823374271393,5.157098277221684
11.833602905273438,12.186330398460486,-4.658101731357226,0.15,1.406864494173938,0.060517944395542145,5.207069888285895
11.86713719367981,12.186330398460486,-4.658101731357226,0.15,1.403011401828878,0.05757874250411987,5.207069888285895
11.90010380744934,12.274800858789572,-4.677505721821468,0.15,1.403011401828878,0.05360391363501549,5.230387905819151
11.933304071426392,12.274800858789572,-4.677505721821468,0.15,1.3973948050609482,0.050861284136772156,5.230387905819151
11.968932390213013,12.274800858789572,-4.677505721821468,0.15,1.3973948050609482,0.04767470434308052,5.230387905819151
12.00191593170166,12.423702311923778,-4.706400581770693,0.15,1.3973948050609482,0.04382770135998726,5.267402106699393
12.03365445137024,12.423702311923778,-4.706400581770693,0.15,1.4064093443143546,0.04163728281855583,5.267402106699393
12.066891193389893,12.423702311923778,-4.706400581770693,0.15,1.4064093443143546,0.04163728281855583,5.267402106699393
12.100090265274048,12.55528760117908,-4.7286378926865105,0.15,1.4064093443143546,0.03918086364865303,5.298758373420043
12.133501529693604,12.55528760117908,-4.7286378926865105,0.15,1.4219633179757205,0.03647425398230553,5.298758373420043
12.166723012924194,12.55528760117908,-4.7286378926865105,0.15,1.4219633179757205,0.03647425398230553,5.298758373420043
12.200207710266113,12.55528760117908,-4.7286378926865105,0.15,1.4219633179757205,0.03647425398230553,5.298758373420043
12.233492851257324,12.754789547782753,-4.757347662575046,0.15,1.4219633179757205,0.027223004028201103,5.339858927936512
12.266928911209106,12.754789547782753,-4.757347662575046,0.15,1.4301543748497902,0.027571942657232285,5.339858927936512
12.300243616104126,12.836236876194693,-4.767516773922014,0.15,1.4301543748497902,0.027385162189602852,5.356018167153483
12.333714723587036,12.836236876194693,-4.767516773922014,0.15,1.4267969685749418,0.02896134741604328,5.356018167153483
12.366809606552124,12.836236876194693,-4.767516773922014,0.15,1.4267969685749418,0.0302428025752306,5.356018167153483
12.400130033493042,12.979384538742384,-4.783519652012126,0.15,1.4267969685749418,0.03183654695749283,5.384348280701787
12.433653593063354,12.979384538742384,-4.783519652012126,0.15,1.424463499524572,0.034926872700452805,5.384348280701787
12.46689772605896,12.979384538742384,-4.783519652012126,0.15,1.424463499524572,0.0377984344959259,5.384348280701787
12.50044298171997,13.119394475710319,-4.796508694644821,0.15,1.424463499524572,0.04607456550002098,5.412153370027017
12.533854246139526,13.119394475710319,-4.796508694644821,0.15,1.425428566436845,0.05013087019324303,5.412153370027017
12.566852331161499,13.119394475710319,-4.796508694644821,0.15,1.425428566436845,0.05013087019324303,5.412153370027017
12.600136280059814,13.119394475710319,-4.796508694644821,0.15,1.425428566436845,0.05013087019324303,5.412153370027017
12.633337497711182,13.336666997783537,-4.8094188355331555,0.15,1.425428566436845,0.05855576694011688,5.453403731654309
12.66684603691101,13.336666997783537,-4.8094188355331555,0.15,1.4202651210548927,0.05744621902704239,5.453403731654309
12.70016360282898,13.336666997783537,-4.8094188355331555,0.15,1.4202651210548927,0.05744621902704239,5.453403731654309
12.733399868011475,13.480925300164698,-4.812360950681452,0.15,1.4202651210548927,0.05744621902704239,5.478995278067108
12.766782760620117,13.480925300164698,-4.812360950681452,0.15,1.418391102849279,0.07366100698709488,5.478995278067108
12.800048351287842,13.545437022075275,-4.812037437009364,0.15,1.418391102849279,0.07677356153726578,5.489615162269642
12.833307981491089,13.545437022075275,-4.812037437009364,0.15,1.4148036032887128,0.07677356153726578,5.489615162269642
12.866676330566406,13.545437022075275,-4.812037437009364,0.15,1.4148036032887128,0.08488159626722336,5.489615162269642
12.900046825408936,13.685641038597803,-4.806776719457867,0.15,1.4148036032887128,0.09429966658353806,5.510386151970582
12.933401584625244,13.685641038597803,-4.806776719457867,0.15,1.4099330866708533,0.09176874160766602,5.510386151970582
12.966704845428467,13.685641038597803,-4.806776719457867,0.15,1.4099330866708533,0.09176874160766602,5.510386151970582
13.000090837478638,13.685641038597803,-4.806776719457867,0.15,1.4099330866708533,0.09176874160766602,5.510386151970582
13.033401250839233,13.685641038597803,-4.806776719457867,0.15,1.4099330866708533,0.09176874160766602,5.510386151970582
13.066747903823853,13.915265791030842,-4.7829259429992454,0.15,1.4099330866708533,0.09602274000644684,5.535704126142236
13.100239038467407,13.967623424765248,-4.774680755475109,0.15,1.4121237839918912,0.09942223876714706,5.539933808173056
13.133451461791992,13.967623424765248,-4.774680755475109,0.15,1.425953381229542,0.09942223876714706,5.539933808173056
13.166799545288086,13.967623424765248,-4.774680755475109,0.15,1.425953381229542,0.10815142840147018,5.539933808173056
13.2000892162323,14.108329688298108,-4.746679668787291,0.15,1.425953381229542,0.11260461062192917,5.547493966380773
13.233218669891357,14.108329688298108,-4.746679668787291,0.15,1.438315586212004,0.11803781241178513,5.547493966380773
13.26676630973816,14.108329688298108,-4.746679668787291,0.15,1.438315586212004,0.11803781241178513,5.547493966380773
13.300092935562134,14.108329688298108,-4.746679668787291,0.15,1.438315586212004,0.11803781241178513,5.547493966380773
13.333734512329102,14.108329688298108,-4.746679668787291,0.15,1.438315586212004,0.11803781241178513,5.547493966380773
13.36676287651062,14.343228285780722,-4.677660949914344,0.15,1.438315586212004,0.13358159363269806,5.545877023233292
13.400079011917114,14.343228285780722,-4.677660949914344,0.15,1.4442272449450482,0.13358159363269806,5.545877023233292
13.433467864990234,14.343228285780722,-4.677660949914344,0.15,1.4442272449450482,0.13358159363269806,5.545877023233292
13.466764450073242,14.478409968009258,-4.623208607900039,0.15,1.4442272449450482,0.13185517489910126,5.534704798580263
13.500095129013062,14.5169104308783,-4.605459351099793,0.15,1.4438754499412108,0.14335434138774872,5.530098927617591
13.533485889434814,14.5169104308783,-4.605459351099793,0.15,1.439760698110776,0.14335434138774872,5.530098927617591
13.566670417785645,14.5169104308783,-4.605459351099793,0.15,1.439760698110776,0.15344206988811493,5.530098927617591
13.600109338760376,14.643634049301461,-4.538507709218468,0.15,1.439760698110776,0.15653780102729797,5.508940835628047
13.633306980133057,14.643634049301461,-4.538507709218468,0.15,1.4382577431407015,0.1614629626274109,5.508940835628047
13.666797161102295,14.643634049301461,-4.538507709218468,0.15,1.4382577431407015,0.1614629626274109,5.508940835628047
13.700121879577637,14.643634049301461,-4.538507709218468,0.15,1.4382577431407015,0.1614629626274109,5.508940835628047
13.733473062515259,14.643634049301461,-4.538507709218468,0.15,1.4382577431407015,0.1614629626274109,5.508940835628047
13.766495704650879,14.856036241765668,-4.390273213280869,0.15,1.4382577431407015,0.1661200374364853,5.446677646500127
13.800089597702026,14.880368124536188,-4.369786667166852,0.15,1.4441780783344411,0.16423439979553223,5.437051360439491
13.833464622497559,14.880368124536188,-4.369786667166852,0.15,1.4503377368628296,0.16423439979553223,5.437051360439491
13.866715908050537,14.880368124536188,-4.369786667166852,0.15,1.4503377368628296,0.15756674110889435,5.437051360439491
13.900128602981567,14.985388476236619,-4.271010991465644,0.15,1.4503377368628296,0.15819624066352844,5.386969082581479
13.933645009994507,14.985388476236619,-4.271010991465644,0.15,1.456527378131253,0.16125857830047607,5.386969082581479
13.966689348220825,14.985388476236619,-4.271010991465644,0.15,1.456527378131253,0.16291135549545288,5.386969082581479
14.000155687332153,15.081830385806658,-4.162137228764807,0.15,1.456527378131253,0.16345643997192383,5.327324444044858
14.033444881439209,15.081830385806658,-4.162137228764807,0.15,1.4621354573982472,0.16345643997192383,5.327324444044858
14.066707611083984,15.081830385806658,-4.162137228764807,0.15,1.4621354573982472,0.15916885435581207,5.327324444044858
14.10019326210022,15.168261434059065,-4.0441513158406455,0.15,1.4621354573982472,0.16099870204925537,5.2579190448864175
14.133978605270386,15.168261434059065,-4.0441513158406455,0.15,1.458403662148762,0.16099870204925537,5.2579190448864175
14.166875839233398,15.168261434059065,-4.0441513158406455,0.15,1.458403662148762,0.16164454817771912,5.2579190448864175
14.200184106826782,15.168261434059065,-4.0441513158406455,0.15,1.458403662148762,0.16164454817771912,5.2579190448864175
14.233551740646362,15.168261434059065,-4.0441513158406455,0.15,1.458403662148762,0.16164454817771912,5.2579190448864175
14.266834735870361,15.301494833917786,-3.798745351035327,0.15,1.458403662148762,0.16164454817771912,5.100037216277377
14.300159692764282,15.308091663281013,-3.783293076733536,0.15,1.466938977559843,0.1443292498588562,5.0894620611293195
14.333479642868042,15.308091663281013,-3.783293076733536,0.15,1.4667359855993336,0.1443292498588562,5.0894620611293195
14.366678714752197,15.308091663281013,-3.783293076733536,0.15,1.4667359855993336,0.1443292498588562,5.0894620611293195
14.400094747543335,15.358126294792598,-3.649517560696393,0.15,1.4667359855993336,0.14128151535987854,4.98076994798772
14.433460712432861,15.358126294792598,-3.649517560696393,0.15,1.4602328059866827,0.13636071979999542,4.98076994798772
14.466618061065674,15.358126294792598,-3.649517560696393,0.15,1.4602328059866827,0.13457612693309784,4.98076994798772
14.500104188919067,15.358126294792598,-3.649517560696393,0.15,1.4602328059866827,0.13457612693309784,4.98076994798772
14.533468246459961,15.358126294792598,-3.649517560696393,0.15,1.4602328059866827,0.13457612693309784,4.98076994798772
14.566909313201904,15.358126294792598,-3.649517560696393,0.15,1.4602328059866827,0.13457612693309784,4.98076994798772
14.60021686553955,15.428126134470647,-3.3632267223772097,0.15,1.4602328059866827,0.11976277083158493,4.717762777824321
14.633433818817139,15.428126134470647,-3.3632267223772097,0.15,1.4424835052004537,0.11398416757583618,4.717762777824321
14.666828632354736,15.428126134470647,-3.3632267223772097,0.15,1.4424835052004537,0.11398416757583618,4.717762777824321
14.700417757034302,15.446985540697002,-3.220356748126765,0.15,1.4424835052004537,0.08826694637537003,4.583892957288337
14.73348593711853,15.446985540697002,-3.220356748126765,0.15,1.437536892514631,0.08509999513626099,4.583892957288337
14.76685380935669,15.446985540697002,-3.220356748126765,0.15,1.437536892514631,0.08509999513626099,4.583892957288337
14.800118684768677,15.458308095481113,-3.0747215542341513,0.15,1.437536892514631,0.0732753574848175,4.446018760516118
14.833500385284424,15.458308095481113,-3.0747215542341513,0.15,1.4443458447271573,0.06780792772769928,4.446018760516118
14.868072748184204,15.458308095481113,-3.0747215542341513,0.15,1.4443458447271573,0.06216619908809662,4.446018760516118
14.900031328201294,15.463626224809547,-2.933656445654641,0.15,1.4443458447271573,0.05584411695599556,4.3114527676862995
14.933603048324585,15.463626224809547,-2.933656445654641,0.15,1.4599329324423618,0.050308044999837875,4.3114527676862995
14.967048645019531,15.463626224809547,-2.933656445654641,0.15,1.4599329324423618,0.050308044999837875,4.3114527676862995
15.000113248825073,15.464475898382453,-2.7799452565414446,0.15,1.4599329324423618,0.0374155156314373,4.1635440466633336
15.03350043296814,15.464475898382453,-2.7799452565414446,0.15,1.463816083901771,0.03275435045361519,4.1635440466633336
15.066922664642334,15.464475898382453,-2.7799452565414446,0.15,1.463816083901771,0.026657957583665848,4.1635440466633336
15.10028886795044,15.462160638836833,-2.6414520928443253,0.15,1.463816083901771,0.023244531825184822,4.029696591499064
15.133608341217041,15.462160638836833,-2.6414520928443253,0.15,1.464254968084389,0.023244531825184822,4.029696591499064
15.166882514953613,15.462160638836833,-2.6414520928443253,0.15,1.464254968084389,0.023244531825184822,4.029696591499064
15.199923276901245,15.457275503702347,-2.4779516106303126,0.15,1.464254968084389,0.0060225119814276695,3.87148330683348
15.233478784561157,15.457275503702347,-2.4779516106303126,0.15,1.4645412985924062,0.0013661773409694433,3.87148330683348
15.26683259010315,15.457275503702347,-2.4779516106303126,0.15,1.4645412985924062,0.0013661773409694433,3.87148330683348
15.300077438354492,15.452109974952227,-2.3284913942741072,0.15,1.4645412985924062,-0.0114406393840909,3.7270528445202666
15.333450078964233,15.452109974952227,-2.3284913942741072,0.15,1.458887648314045,-0.016558466479182243,3.7270528445202666
15.366823196411133,15.452109974952227,-2.3284913942741072,0.15,1.458887648314045,-0.016558466479182243,3.7270528445202666
15.399963140487671,15.448139361684248,-2.1795177120474074,0.15,1.458887648314045,-0.028910961002111435,3.5838735040970913
15.433429718017578,15.448139361684248,-2.1795177120474074,0.15,1.4523476246332685,-0.03358529508113861,3.5838735040970913
15.466912508010864,15.448139361684248,-2.1795177120474074,0.15,1.4523476246332685,-0.0390796922147274,3.5838735040970913
15.500086784362793,15.446834816049424,-2.061763389051065,0.15,1.4523476246332685,-0.044256120920181274,3.47163015947761
15.533465147018433,15.446834816049424,-2.061763389051065,0.15,1.4294443950629145,-0.044256120920181274,3.47163015947761
15.566949844360352,15.446834816049424,-2.061763389051065,0.15,1.4294443950629145,-0.044256120920181274,3.47163015947761
15.600230693817139,15.449489117228596,-1.887509656265273,0.15,1.4294443950629145,-0.05112794414162636,3.307665712966
15.633462190628052,15.449489117228596,-1.887509656265273,0.15,1.4194292440738372,-0.0591471903026104,3.307665712966
15.666825771331787,15.449489117228596,-1.887509656265273,0.15,1.4194292440738372,-0.0591471903026104,3.307665712966
15.70021915435791,15.449489117228596,-1.887509656265273,0.15,1.4194292440738372,-0.0591471903026104,3.307665712966
15.733603954315186,15.457101393316554,-1.7356845422235483,0.15,1.4194292440738372,-0.06646683812141418,3.1667926484391504
15.766887187957764,15.457101393316554,-1.7356845422235483,0.15,1.4234909175783492,-0.06646683812141418,3.1667926484391504
15.799869298934937,15.457101393316554,-1.7356845422235483,0.15,1.4234909175783492,-0.06869715452194214,3.1667926484391504
15.833520650863647,15.469386920850075,-1.594209175956012,0.15,1.4234909175783492,-0.06426294147968292,3.0383329696460852
15.8668851852417,15.469386920850075,-1.594209175956012,0.15,1.4331005344089855,-0.06426294147968292,3.0383329696460852
15.900249004364014,15.469386920850075,-1.594209175956012,0.15,1.4331005344089855,-0.06426294147968292,3.0383329696460852
15.933517694473267,15.487380970326614,-1.4488293419941056,0.15,1.4331005344089855,-0.051450420171022415,2.909664235713774
15.966858148574829,15.487380970326614,-1.4488293419941056,0.15,1.4461250873587004,-0.051450420171022415,2.909664235713774
16.00009846687317,15.487380970326614,-1.4488293419941056,0.15,1.4461250873587004,-0.051450420171022415,2.909664235713774
16.03348183631897,15.510179365518955,-1.3031388553747318,0.15,1.4461250873587004,-0.05110049620270729,2.783748618428064
16.06683087348938,15.510179365518955,-1.3031388553747318,0.15,1.4464425475121083,-0.05110049620270729,2.783748618428064
16.100106477737427,15.510179365518955,-1.3031388553747318,0.15,1.4464425475121083,-0.05110049620270729,2.783748618428064
16.133214235305786,15.537091576818751,-1.158867889880846,0.15,1.4464425475121083,-0.049093227833509445,2.6623522213642525
16.166801691055298,15.537091576818751,-1.158867889880846,0.15,1.4363925840246972,-0.04857951030135155,2.6623522213642525
16.2000789642334,15.557770421992613,-1.061128847248227,0.15,1.4363925840246972,-0.0483948215842247,2.5826720031886143
16.233442783355713,15.557770421992613,-1.061128847248227,0.15,1.417877194631424,-0.0483948215842247,2.5826720031886143
16.26681423187256,15.557770421992613,-1.061128847248227,0.15,1.417877194631424,-0.0483948215842247,2.5826720031886143
16.300111532211304,15.557770421992613,-1.061128847248227,0.15,1.417877194631424,-0.0483948215842247,2.5826720031886143
16.33326244354248,15.602979137602459,-0.8732644471807378,0.15,1.417877194631424,-0.04231501743197441,2.4344611898741757
16.366782665252686,15.602979137602459,-0.8732644471807378,0.15,1.407862702762901,-0.03446122258901596,2.4344611898741757
16.40040683746338,15.624291400072138,-0.7931255680163991,0.15,1.407862702762901,-0.03255819156765938,2.3739607835430916
16.43362593650818,15.624291400072138,-0.7931255680163991,0.15,1.4127921469919686,-0.03137565031647682,2.3739607835430916
16.46721863746643,15.624291400072138,-0.7931255680163991,0.15,1.4127921469919686,-0.03137565031647682,2.3739607835430916
16.50023603439331,15.624291400072138,-0.7931255680163991,0.15,1.4127921469919686,-0.03137565031647682,2.3739607835430916
16.533580541610718,15.679904283982811,-0.5976851881167708,0.15,1.4127921469919686,-0.025003518909215927,2.2321326482764503
16.56817388534546,15.679904283982811,-0.5976851881167708,0.15,1.4185431534364286,-0.025003518909215927,2.2321326482764503
16.600200414657593,15.679904283982811,-0.5976851881167708,0.15,1.4185431534364286,-0.025003518909215927,2.2321326482764503
16.63330316543579,15.722473410860957,-0.45778196212633065,0.15,1.4185431534364286,-0.018529405817389488,2.1366982786330513
16.6667697429657,15.722473410860957,-0.45778196212633065,0.15,1.4210033195923826,-0.01642061024904251,2.1366982786330513
16.70014190673828,15.745537403215797,-0.38432888920678376,0.15,1.4210033195923826,-0.013184170238673687,2.0885677357467785
16.733273029327393,15.745537403215797,-0.38432888920678376,0.15,1.4292516551767445,-0.011425917968153954,2.0885677357467785
16.767002820968628,15.745537403215797,-0.38432888920678376,0.15,1.4292516551767445,-0.014087731949985027,2.0885677357467785
16.800111293792725,15.78904648619017,-0.24878627623586763,0.15,1.4292516551767445,-0.010460956022143364,2.0037656198141924
16.833464860916138,15.78904648619017,-0.24878627623586763,0.15,1.4301922671188594,-0.0077987173572182655,2.0037656198141924
16.86698889732361,15.78904648619017,-0.24878627623586763,0.15,1.4301922671188594,-0.0077987173572182655,2.0037656198141924
16.90010166168213,15.78904648619017,-0.24878627623586763,0.15,1.4301922671188594,-0.0077987173572182655,2.0037656198141924
16.93321442604065,15.857986011640515,-0.03925245671792463,0.15,1.4301922671188594,-0.004534105770289898,1.881917187511128
16.966570138931274,15.857986011640515,-0.03925245671792463,0.15,1.434720792299621,0.005331045016646385,1.881917187511128
17.000110626220703,15.857986011640515,-0.03925245671792463,0.15,1.434720792299621,0.005331045016646385,1.881917187511128
17.0333194732666,15.903816692679955,0.09918873171212053,0.15,1.434720792299621,0.00872413907200098,1.807947439709944
17.066813230514526,15.903816692679955,0.09918873171212053,0.15,1.4302448181712557,0.01449856162071228,1.807947439709944
17.10012722015381,15.903816692679955,0.09918873171212053,0.15,1.4302448181712557,0.01449856162071228,1.807947439709944
17.13315439224243,15.947907880330726,0.23488950793437557,0.15,1.4302448181712557,0.01449856162071228,1.740779589835697
17.166912078857422,15.947907880330726,0.23488950793437557,0.15,1.4022450679909828,0.023022083565592766,1.740779589835697
17.20012879371643,15.966557103432336,0.29364047357574447,0.15,1.4022450679909828,0.023022083565592766,1.7136525698639462
17.23395586013794,15.966557103432336,0.29364047357574447,0.15,1.3770577435824147,0.023022083565592766,1.7136525698639462
17.266828060150146,15.966557103432336,0.29364047357574447,0.15,1.3770577435824147,0.03239037096500397,1.7136525698639462
17.30022954940796,16.00609575002959,0.4232630641128189,0.15,1.3770577435824147,0.033958904445171356,1.6560768244986905
17.333717107772827,16.00609575002959,0.4232630641128189,0.15,1.3656214382641059,0.033958904445171356,1.6560768244986905
17.366985082626343,16.00609575002959,0.4232630641128189,0.15,1.3656214382641059,0.03710523247718811,1.6560768244986905
17.40009045600891,16.04433508478901,0.5575387898207353,0.15,1.3656214382641059,0.038310810923576355,1.6005948387535833
17.433489322662354,16.04433508478901,0.5575387898207353,0.15,1.3704697146745661,0.038310810923576355,1.6005948387535833
17.467240810394287,16.04433508478901,0.5575387898207353,0.15,1.3704697146745661,0.03927348554134369,1.6005948387535833
17.499898672103882,16.07847304573399,0.6873861796415799,0.15,1.3704697146745661,0.04118720814585686,1.5510012053550264
17.533373594284058,16.07847304573399,0.6873861796415799,0.15,1.381701875494552,0.043010760098695755,1.5510012053550264
17.566797256469727,16.07847304573399,0.6873861796415799,0.15,1.381701875494552,0.043010760098695755,1.5510012053550264
17.600573778152466,16.07847304573399,0.6873861796415799,0.15,1.381701875494552,0.043010760098695755,1.5510012053550264
17.63345980644226,16.07847304573399,0.6873861796415799,0.15,1.381701875494552,0.043010760098695755,1.5510012053550264
17.66693663597107,16.131717928547676,0.9188720035962623,0.15,1.381701875494552,0.042347632348537445,1.4721420207535918
17.700138092041016,16.139943115194093,0.9590444478771082,0.15,1.3934172383717514,0.043899305164813995,1.460073086155055
17.73351812362671,16.139943115194093,0.9590444478771082,0.15,1.4090121648859215,0.04541219025850296,1.460073086155055
17.76660656929016,16.139943115194093,0.9590444478771082,0.15,1.4090121648859215,0.04690267890691757,1.460073086155055
17.80011773109436,16.166090789896003,1.0982753510136636,0.15,1.4090121648859215,0.047532085329294205,1.4186866702448608
17.833470821380615,16.166090789896003,1.0982753510136636,0.15,1.4158504949295394,0.047019872814416885,1.4186866702448608
17.866798162460327,16.166090789896003,1.0982753510136636,0.15,1.4158504949295394,0.04772918298840523,1.4186866702448608
17.90009093284607,16.18858704613007,1.2380820819010376,0.15,1.4158504949295394,0.0475771501660347,1.3792137519919478
17.933504819869995,16.18858704613007,1.2380820819010376,0.15,1.4090018025741782,0.04790026694536209,1.3792137519919478
17.9668390750885,16.18858704613007,1.2380820819010376,0.15,1.4090018025741782,0.04788438603281975,1.3792137519919478
18.0001060962677,16.20710134225851,1.376040684498597,0.15,1.4090018025741782,0.04466329887509346,1.3423718980086017
18.033751964569092,16.20710134225851,1.376040684498597,0.15,1.3985841985700727,0.04466329887509346,1.3423718980086017
18.066490650177002,16.20710134225851,1.376040684498597,0.15,1.3985841985700727,0.045341555029153824,1.3423718980086017
18.100188970565796,16.22232922266603,1.5165562160146873,0.15,1.3985841985700727,0.04549134150147438,1.3066834109042038
18.1339168548584,16.22232922266603,1.5165562160146873,0.15,1.3984880609346377,0.04590879753232002,1.3066834109042038
18.166915893554688,16.22232922266603,1.5165562160146873,0.15,1.3984880609346377,0.04590879753232002,1.3066834109042038
18.20016622543335,16.22232922266603,1.5165562160146873,0.15,1.3984880609346377,0.04590879753232002,1.3066834109042038
18.23387837409973,16.22232922266603,1.5165562160146873,0.15,1.3984880609346377,0.04590879753232002,1.3066834109042038
18.266944885253906,16.240924476988905,1.7729500308147206,0.15,1.3984880609346377,0.046359505504369736,1.2086152399741392
18.300124406814575,16.242069017709035,1.7972335324838784,0.15,1.4004876490775215,0.046495307236909866,1.1984831558958469
18.33348846435547,16.242069017709035,1.7972335324838784,0.15,1.4082577723035654,0.04365196451544762,1.1984831558958469
18.366997957229614,16.242069017709035,1.7972335324838784,0.15,1.4082577723035654,0.04117272421717644,1.1984831558958469
18.400102138519287,16.246762421261444,1.9364180496669419,0.15,1.4082577723035654,0.0383470319211483,1.1429935578531225
18.43346858024597,16.246762421261444,1.9364180496669419,0.15,1.4123474666766571,0.037235964089632034,1.1429935578531225
18.466995239257812,16.246762421261444,1.9364180496669419,0.15,1.4123474666766571,0.036320507526397705,1.1429935578531225
18.500118017196655,16.248536496963702,2.077642972104181,0.15,1.4123474666766571,0.036356132477521896,1.0920086200221928
18.533687114715576,16.248536496963702,2.077642972104181,0.15,1.4105337230140689,0.036356132477521896,1.0920086200221928
18.566553831100464,16.248536496963702,2.077642972104181,0.15,1.4105337230140689,0.03649289533495903,1.0920086200221928
18.600127935409546,16.247462054386535,2.2200978705831225,0.15,1.4105337230140689,0.036298058927059174,1.0477039119041327
18.634155988693237,16.247462054386535,2.2200978705831225,0.15,1.4138484195445427,0.036298058927059174,1.0477039119041327
18.66666889190674,16.247462054386535,2.2200978705831225,0.15,1.4138484195445427,0.03598281368613243,1.0477039119041327
18.70007824897766,16.243584453039492,2.36092334286035,0.15,1.4138484195445427,0.034175485372543335,1.0121353671903102
18.733904361724854,16.243584453039492,2.36092334286035,0.15,1.416145585312195,0.033112604171037674,1.0121353671903102
18.766744375228882,16.243584453039492,2.36092334286035,0.15,1.416145585312195,0.033112604171037674,1.0121353671903102
18.800127744674683,16.23673302778339,2.507129130480638,0.15,1.416145585312195,0.030529404059052467,0.9844642348907866
18.833552837371826,16.23673302778339,2.507129130480638,0.15,1.412721471287774,0.030529404059052467,0.9844642348907866
18.866823196411133,16.23673302778339,2.507129130480638,0.15,1.412721471287774,0.030529404059052467,0.9844642348907866
18.900055408477783,16.227811849757604,2.6456789559045792,0.15,1.412721471287774,0.022433312609791756,0.9675309507966233
18.93381905555725,16.227811849757604,2.6456789559045792,0.15,1.399404448702,0.020907491445541382,0.9675309507966233
18.966849327087402,16.227811849757604,2.6456789559045792,0.15,1.399404448702,0.020907491445541382,0.9675309507966233
19.000088691711426,16.21706090125997,2.784171551808276,0.15,1.399404448702,0.018344398587942123,0.9583810236194981
19.033380031585693,16.21706090125997,2.784171551808276,0.15,1.4003126471604863,0.01777290180325508,0.9583810236194981
19.067248821258545,16.21706090125997,2.784171551808276,0.15,1.4003126471604863,0.01777290180325508,0.9583810236194981
19.100345373153687,16.204897062859906,2.9232169944088886,0.15,1.4003126471604863,0.01534117478877306,0.9440174102440089
19.13342308998108,16.204897062859906,2.9232169944088886,0.15,1.3952743056872323,0.014507891610264778,0.9440174102440089
19.166772842407227,16.204897062859906,2.9232169944088886,0.15,1.3952743056872323,0.01289337407797575,0.9440174102440089
19.20009160041809,16.191896147299158,3.0591677042687717,0.15,1.3952743056872323,0.01067145261913538,0.9336718810433509
19.233227014541626,16.191896147299158,3.0591677042687717,0.15,1.3981028413060608,0.008979575708508492,0.9336718810433509
19.266677856445312,16.191896147299158,3.0591677042687717,0.15,1.3981028413060608,0.005203690845519304,0.9336718810433509
19.3000967502594,16.177816708034634,3.1992234895337632,0.15,1.3981028413060608,0.003598544979467988,0.9278594857162388
19.333436965942383,16.177816708034634,3.1992234895337632,0.15,1.3994664440155633,0.0022741060238331556,0.9278594857162388
19.366750478744507,16.177816708034634,3.1992234895337632,0.15,1.3994664440155633,0.0022741060238331556,0.9278594857162388
19.40010166168213,16.16199768106387,3.35399612226406,0.15,1.3994664440155633,-0.0016166314017027617,0.9262618832043045
19.433245420455933,16.16199768106387,3.35399612226406,0.15,1.4180564368075428,-0.003498577745631337,0.9262618832043045
19.46673893928528,16.16199768106387,3.35399612226406,0.15,1.4180564368075428,-0.003498577745631337,0.9262618832043045
19.500460863113403,16.1473091410246,3.4996943843196218,0.15,1.4180564368075428,-0.00836489349603653,0.9290052847830841
19.5334575176239,16.1473091410246,3.4996943843196218,0.15,1.428828109942634,-0.009672285988926888,0.9290052847830841
19.56686568260193,16.1473091410246,3.4996943843196218,0.15,1.428828109942634,-0.009672285988926888,0.9290052847830841
19.6000235080719,16.133465410367357,3.6447063174252188,0.15,1.428828109942634,-0.01682901196181774,0.9343633566820486
19.633439540863037,16.133465410367357,3.6447063174252188,0.15,1.4265368538759435,-0.018640363588929176,0.9343633566820486
19.666793823242188,16.133465410367357,3.6447063174252188,0.15,1.4265368538759435,-0.018640363588929176,0.9343633566820486
19.69978928565979,16.121179823221222,3.788279487647654,0.15,1.4265368538759435,-0.024077128618955612,0.941976490047871
19.733632802963257,16.121179823221222,3.788279487647654,0.15,1.4213806074725437,-0.025894012302160263,0.941976490047871
19.76689052581787,16.121179823221222,3.788279487647654,0.15,1.4213806074725437,-0.027876580134034157,0.941976490047871
19.800178289413452,16.112517266055924,3.9071218562730667,0.15,1.4213806074725437,-0.029670149087905884,0.9493110135327857
19.83369731903076,16.112517266055924,3.9071218562730667,0.15,1.4218541766733277,-0.031218448653817177,0.9493110135327857
19.867053031921387,16.112517266055924,3.9071218562730667,0.15,1.4218541766733277,-0.03171052783727646,0.9493110135327857
19.900171756744385,16.10425012013719,4.050976437668047,0.15,1.4218541766733277,-0.03421609476208687,0.953149783187511
19.933472633361816,16.10425012013719,4.050976437668047,0.15,1.4292811153178804,-0.03438005968928337,0.953149783187511
19.966819524765015,16.10425012013719,4.050976437668047,0.15,1.4292811153178804,-0.03438005968928337,0.953149783187511
19.99983263015747,16.09783576707904,4.22798650336781,0.15,1.4292811153178804,-0.035652805119752884,0.9529925727887705
20.033508777618408,16.09783576707904,4.22798650336781,0.15,1.4346400816464568,-0.038368385285139084,0.9529925727887705
20.066866636276245,16.09783576707904,4.22798650336781,0.15,1.4346400816464568,-0.039658527821302414,0.9529925727887705
20.0999972820282,16.096133509867894,4.338574358860952,0.15,1.4346400816464568,-0.039658527821302414,0.9545128867093491
20.13353180885315,16.096133509867894,4.338574358860952,0.15,1.4370271768455352,-0.03698286414146423,0.9545128867093491
20.166866779327393,16.096133509867894,4.338574358860952,0.15,1.4370271768455352,-0.03698286414146423,0.9545128867093491
20.20028281211853,16.096133509867894,4.338574358860952,0.15,1.4370271768455352,-0.03698286414146423,0.9545128867093491
20.234784841537476,16.097408778785944,4.524274923854569,0.15,1.4370271768455352,-0.038411546498537064,0.9613939602741437
20.266811847686768,16.097408778785944,4.524274923854569,0.15,1.43289901341295,-0.03852106258273125,0.9613939602741437
20.300041437149048,16.100295819910787,4.626439005168876,0.15,1.43289901341295,-0.03863988816738129,0.9673857204275171
20.333417654037476,16.100295819910787,4.626439005168876,0.15,1.4367613635079728,-0.03863988816738129,0.9673857204275171
20.366730451583862,16.100295819910787,4.626439005168876,0.15,1.4367613635079728,-0.03863988816738129,0.9673857204275171
20.400100469589233,16.100295819910787,4.626439005168876,0.15,1.4367613635079728,-0.03863988816738129,0.9673857204275171
20.433335304260254,16.109904224664024,4.8173335982022625,0.15,1.4367613635079728,-0.039584241807460785,0.9829041096304578
20.466679096221924,16.109904224664024,4.8173335982022625,0.15,1.4424725504105795,-0.039584241807460785,0.9829041096304578
20.50001072883606,16.109904224664024,4.8173335982022625,0.15,1.4424725504105795,-0.039584241807460785,0.9829041096304578
20.533695459365845,16.121154800000813,4.964712136491602,0.15,1.4424725504105795,-0.04248246178030968,0.9990190630482458
20.566854238510132,16.121154800000813,4.964712136491602,0.15,1.4495818065052153,-0.04234003275632858,0.9990190630482458
20.6001136302948,16.121154800000813,4.964712136491602,0.15,1.4495818065052153,-0.04234003275632858,0.9990190630482458
20.63345980644226,16.1360343806879,5.11301442890742,0.15,1.4495818065052153,-0.04216868802905083,1.0189916063778077
20.66666030883789,16.1360343806879,5.11301442890742,0.15,1.4531964848638184,-0.04216868802905083,1.0189916063778077
20.69986891746521,16.1360343806879,5.11301442890742,0.15,1.4531964848638184,-0.04216868802905083,1.0189916063778077
20.7334566116333,16.154471173109837,5.260366427455564,0.15,1.4531964848638184,-0.04185310751199722,1.042707969861853
20.76677632331848,16.154471173109837,5.260366427455564,0.15,1.4466429252284911,-0.04185310751199722,1.042707969861853
20.800114631652832,16.154471173109837,5.260366427455564,0.15,1.4466429252284911,-0.04185310751199722,1.042707969861853
20.833477020263672,16.176306222362243,5.406195739599667,0.15,1.4466429252284911,-0.039887141436338425,1.0697342235621865
20.866790771484375,16.176306222362243,5.406195739599667,0.15,1.4445412414268015,-0.039887141436338425,1.0697342235621865
20.900164365768433,16.176306222362243,5.406195739599667,0.15,1.4445412414268015,-0.039887141436338425,1.0697342235621865
20.93343448638916,16.201991746675994,5.5540491474932105,0.15,1.4445412414268015,-0.037783700972795486,1.1008044036740579
20.966782808303833,16.201991746675994,5.5540491474932105,0.15,1.4451829995172027,-0.03691656142473221,1.1008044036740579
21.00011134147644,16.201991746675994,5.5540491474932105,0.15,1.4451829995172027,-0.03691656142473221,1.1008044036740579
21.033475637435913,16.23020939959897,5.697713211800922,0.15,1.4451829995172027,-0.03430953621864319,1.13445808751586
21.06683111190796,16.23020939959897,5.697713211800922,0.15,1.4513653619625944,-0.03279603272676468,1.13445808751586
21.099870204925537,16.245729024726533,5.7708009011052654,0.15,1.4513653619625944,-0.03113013319671154,1.1530494274852532
21.13345718383789,16.245729024726533,5.7708009011052654,0.15,1.4565336489939684,-0.029526880010962486,1.1530494274852532
21.166780710220337,16.245729024726533,5.7708009011052654,0.15,1.4565336489939684,-0.02766631543636322,1.1530494274852532
21.200103759765625,16.245729024726533,5.7708009011052654,0.15,1.4565336489939684,-0.02766631543636322,1.1530494274852532
21.233676195144653,16.295907350877737,5.988978606875047,0.15,1.4565336489939684,-0.025429420173168182,1.207809563927418
21.266897439956665,16.295907350877737,5.988978606875047,0.15,1.4604063666873854,-0.020840970799326897,1.207809563927418
21.300219774246216,16.295907350877737,5.988978606875047,0.15,1.4604063666873854,-0.020840970799326897,1.207809563927418
21.33375906944275,16.332015685117508,6.133911267667908,0.15,1.4604063666873854,-0.020840970799326897,1.2451189920442225
21.366941213607788,16.332015685117508,6.133911267667908,0.15,1.4651724345293344,-0.014893285930156708,1.2451189920442225
21.40014910697937,16.34835257225023,6.197329829606673,0.15,1.4651724345293344,-0.014893285930156708,1.262400906215987
21.433382749557495,16.34835257225023,6.197329829606673,0.15,1.4648008187873587,-0.014893285930156708,1.262400906215987
21.46684741973877,16.34835257225023,6.197329829606673,0.15,1.4648008187873587,-0.005937674548476934,1.262400906215987
21.50021982192993,16.386500717167973,6.343217946981861,0.15,1.4648008187873587,0.00048783706733956933,1.3027879196333152
21.533403635025024,16.386500717167973,6.343217946981861,0.15,1.4588480773381292,0.00048783706733956933,1.3027879196333152
21.566713571548462,16.386500717167973,6.343217946981861,0.15,1.4588480773381292,0.007980884052813053,1.3027879196333152
21.600029230117798,16.422047143128854,6.479403162485489,0.15,1.4588480773381292,0.011686488054692745,1.3415969436180066
21.63341999053955,16.422047143128854,6.479403162485489,0.15,1.4581242994667074,0.011686488054692745,1.3415969436180066
21.666712284088135,16.422047143128854,6.479403162485489,0.15,1.4581242994667074,0.015082716010510921,1.3415969436180066
21.700100660324097,16.458146146295785,6.621470456326239,0.15,1.4581242994667074,0.01877353899180889,1.3818902335578513
21.73348641395569,16.458146146295785,6.621470456326239,0.15,1.4583762987480835,0.01877353899180889,1.3818902335578513
21.766622304916382,16.458146146295785,6.621470456326239,0.15,1.4583762987480835,0.02301839552819729,1.3818902335578513
21.80018711090088,16.493019637734584,6.765282101576091,0.15,1.4583762987480835,0.027854593470692635,1.4223122060936146
21.833447694778442,16.493019637734584,6.765282101576091,0.15,1.4554685404377483,0.03277376666665077,1.4223122060936146
21.866803646087646,16.493019637734584,6.765282101576091,0.15,1.4554685404377483,0.03277376666665077,1.4223122060936146
21.90014338493347,16.493019637734584,6.765282101576091,0.15,1.4554685404377483,0.03277376666665077,1.4223122060936146
21.933446884155273,16.493019637734584,6.765282101576091,0.15,1.4554685404377483,0.03277376666665077,1.4223122060936146
21.966654300689697,16.545236651300065,7.006697186820239,0.15,1.4554685404377483,0.054625581949949265,1.4861018865264322
22.000100135803223,16.553200655705357,7.048046110047895,0.15,1.4577666034704293,0.06592574715614319,1.4963310681880775
22.033432245254517,16.553200655705357,7.048046110047895,0.15,1.465096661975133,0.07182389497756958,1.4963310681880775
22.066892862319946,16.553200655705357,7.048046110047895,0.15,1.465096661975133,0.07781127840280533,1.4963310681880775
22.10023331642151,16.57731662505374,7.194418392571012,0.15,1.465096661975133,0.08449522405862808,1.529183790683458
22.133697986602783,16.57731662505374,7.194418392571012,0.15,1.4670778803909166,0.09143097698688507,1.529183790683458
22.16682720184326,16.57731662505374,7.194418392571012,0.15,1.4670778803909166,0.0924622118473053,1.529183790683458
22.200139045715332,16.59394594730485,7.338975434647661,0.15,1.4670778803909166,0.0990641638636589,1.5548963424170898
22.233503341674805,16.59394594730485,7.338975434647661,0.15,1.4730979684047558,0.10610419511795044,1.5548963424170898
22.266911268234253,16.59394594730485,7.338975434647661,0.15,1.4730979684047558,0.10610419511795044,1.5548963424170898
22.300228118896484,16.59394594730485,7.338975434647661,0.15,1.4730979684047558,0.10610419511795044,1.5548963424170898
22.333499670028687,16.59394594730485,7.338975434647661,0.15,1.4730979684047558,0.10610419511795044,1.5548963424170898
22.36648464202881,16.60174991313681,7.605366753364044,0.15,1.4730979684047558,0.13564732670783997,1.5814322688971791
22.40008044242859,16.600648949045837,7.634427470364552,0.15,1.4703234279205486,0.15951672196388245,1.5825024749757695
22.433469533920288,16.600648949045837,7.634427470364552,0.15,1.46241492148763,0.15951672196388245,1.5825024749757695
22.466792821884155,16.600648949045837,7.634427470364552,0.15,1.46241492148763,0.17594923079013824,1.5825024749757695
22.50018310546875,16.58698999355295,7.776924712224447,0.15,1.46241492148763,0.19212143123149872,1.5798213305641562
22.53349804878235,16.58698999355295,7.776924712224447,0.15,1.4494487756206402,0.20000310242176056,1.5798213305641562
22.56680202484131,16.58698999355295,7.776924712224447,0.15,1.4494487756206402,0.1903650462627411,1.5798213305641562
22.600101947784424,16.558561014452096,7.917872487729303,0.15,1.4494487756206402,0.18621061742305756,1.5622913165524361
22.633617401123047,16.558561014452096,7.917872487729303,0.15,1.4367798517367378,0.1936592161655426,1.5622913165524361
22.666773796081543,16.558561014452096,7.917872487729303,0.15,1.4367798517367378,0.20049522817134857,1.5622913165524361
22.700052499771118,16.51454239111294,8.055272945622113,0.15,1.4367798517367378,0.2149219959974289,1.529213010135013
22.73343563079834,16.51454239111294,8.055272945622113,0.15,1.432948950212098,0.2149219959974289,1.529213010135013
22.76668620109558,16.51454239111294,8.055272945622113,0.15,1.432948950212098,0.2149219959974289,1.529213010135013
22.800084829330444,16.453850289079853,8.188265434296655,0.15,1.432948950212098,0.2304678112268448,1.4793447505462496
22.83346962928772,16.453850289079853,8.188265434296655,0.15,1.4349826677958708,0.2304678112268448,1.4793447505462496
22.866706609725952,16.453850289079853,8.188265434296655,0.15,1.4349826677958708,0.2304678112268448,1.4793447505462496
22.900038957595825,16.377836295093427,8.310801198074884,0.15,1.4349826677958708,0.23328088223934174,1.412832284772239
22.933845281600952,16.377836295093427,8.310801198074884,0.15,1.4453834324629249,0.23328088223934174,1.412832284772239
22.967170476913452,16.377836295093427,8.310801198074884,0.15,1.4453834324629249,0.238027423620224,1.412832284772239
23.000179767608643,16.288071887192118,8.419981970563718,0.15,1.4453834324629249,0.21442410349845886,1.3292611103483587
23.033540964126587,16.288071887192118,8.419981970563718,0.15,1.4484137722669532,0.21442410349845886,1.3292611103483587
23.067007303237915,16.288071887192118,8.419981970563718,0.15,1.4484137722669532,0.21442410349845886,1.3292611103483587
23.100173473358154,16.17188515817575,8.527416243575322,0.15,1.4484137722669532,0.2229412943124771,1.2192555391156625
23.133519172668457,16.17188515817575,8.527416243575322,0.15,1.4497754664394586,0.21755477786064148,1.2192555391156625
23.166558027267456,16.17188515817575,8.527416243575322,0.15,1.4497754664394586,0.21952128410339355,1.2192555391156625
23.200194120407104,16.06465782752096,8.603876454392108,0.15,1.4497754664394586,0.21910084784030914,1.1161916784454353
23.233614206314087,16.06465782752096,8.603876454392108,0.15,1.4521470011470068,0.21910084784030914,1.1161916784454353
23.26690149307251,16.06465782752096,8.603876454392108,0.15,1.4521470011470068,0.21910084784030914,1.1161916784454353
23.300130128860474,15.935663151135833,8.674107562398591,0.15,1.4521470011470068,0.2126215696334839,0.9914411511433163
23.333452463150024,15.935663151135833,8.674107562398591,0.15,1.437772527726022,0.21416598558425903,0.9914411511433163
23.36700463294983,15.935663151135833,8.674107562398591,0.15,1.437772527726022,0.21362903714179993,0.9914411511433163
23.400100469589233,15.806342497955374,8.725188148750947,0.15,1.437772527726022,0.18043503165245056,0.8648512378138227
23.433452129364014,15.806342497955374,8.725188148750947,0.15,1.419397030966384,0.1805637925863266,0.8648512378138227
23.466790914535522,15.806342497955374,8.725188148750947,0.15,1.419397030966384,0.1805637925863266,0.8648512378138227
23.500084400177002,15.663943321795847,8.763838107907834,0.15,1.419397030966384,0.17363502085208893,0.7248170587784745
23.53342914581299,15.663943321795847,8.763838107907834,0.15,1.4022168798709393,0.17231415212154388,0.7248170587784745
23.566543102264404,15.663943321795847,8.763838107907834,0.15,1.4022168798709393,0.16304951906204224,0.7248170587784745
23.600117444992065,15.519996504082023,8.787936998511167,0.15,1.4022168798709393,0.16087645292282104,0.5820162813496189
23.63343095779419,15.519996504082023,8.787936998511167,0.15,1.4044376345982543,0.15261441469192505,0.5820162813496189
23.66679859161377,15.519996504082023,8.787936998511167,0.15,1.4044376345982543,0.15261441469192505,0.5820162813496189
23.70009136199951,15.37463588020773,8.79919091369598,0.15,1.4044376345982543,0.1391758769750595,0.4379658815641937
23.73370623588562,15.37463588020773,8.79919091369598,0.15,1.4143903335068593,0.13543027639389038,0.4379658815641937
23.766692399978638,15.37463588020773,8.79919091369598,0.15,1.4143903335068593,0.13543027639389038,0.4379658815641937
23.799866914749146,15.228248909177367,8.798954323911872,0.15,1.4143903335068593,0.10265161097049713,0.2915801331872112
23.833473443984985,15.228248909177367,8.798954323911872,0.15,1.4240642222400919,0.0971861481666565,0.2915801331872112
23.86687445640564,15.228248909177367,8.798954323911872,0.15,1.4240642222400919,0.08902906626462936,0.2915801331872112
23.900171041488647,15.10750924767765,8.791746619991818,0.15,1.4240642222400919,0.07747627794742584,0.1710402457247583
23.933465003967285,15.10750924767765,8.791746619991818,0.15,1.427950975302916,0.07747627794742584,0.1710402457247583
23.96692991256714,15.10750924767765,8.791746619991818,0.15,1.427950975302916,0.07747627794742584,0.1710402457247583
24.001044988632202,14.938523925445512,8.773714967353927,0.15,1.427950975302916,0.07747627794742584,0.024598181623369762
24.033855199813843,14.938523925445512,8.773714967353927,0.15,1.4248373579128906,0.04008203744888306,0.024598181623369762
24.066888570785522,14.938523925445512,8.773714967353927,0.15,1.4248373579128906,0.04008203744888306,0.024598181623369762
24.099915266036987,14.795823063987159,8.75355717766223,0.15,1.4248373579128906,0.017944687977433205,0.1333189463854087
24.133634090423584,14.795823063987159,8.75355717766223,0.15,1.4136921205049389,0.009580176323652267,0.1333189463854087
24.166873693466187,14.795823063987159,8.75355717766223,0.15,1.4136921205049389,-0.0009833144722506404,0.1333189463854087
24.20009756088257,14.681974567961937,8.7365290831548,0.15,1.4136921205049389,-0.011678465642035007,0.2469492932734104
24.233288526535034,14.681974567961937,8.7365290831548,0.15,1.4020506425279682,-0.011678465642035007,0.2469492932734104
24.26682472229004,14.681974567961937,8.7365290831548,0.15,1.4020506425279682,-0.011678465642035007,0.2469492932734104
24.300013780593872,14.512799510234087,8.711935402051974,0.15,1.4020506425279682,-0.011678465642035007,0.41725059688972876
24.333415269851685,14.512799510234087,8.711935402051974,0.15,1.3946702966165887,-0.05157924070954323,0.41725059688972876
24.366817712783813,14.512799510234087,8.711935402051974,0.15,1.3946702966165887,-0.05157924070954323,0.41725059688972876
24.400208950042725,14.512799510234087,8.711935402051974,0.15,1.3946702966165887,-0.05157924070954323,0.41725059688972876
24.433422803878784,14.371089340835537,8.694285655452477,0.15,1.3946702966165887,-0.07078482955694199,0.5599396120394073
24.466813564300537,14.371089340835537,8.694285655452477,0.15,1.3877032342142483,-0.07794692367315292,0.5599396120394073
24.5,14.27106461403488,8.685049542412322,0.15,1.3877032342142483,-0.08232974261045456,0.660389482315376
24.533778429031372,14.27106461403488,8.685049542412322,0.15,1.391407267412399,-0.08624865114688873,0.660389482315376
24.566999912261963,14.27106461403488,8.685049542412322,0.15,1.391407267412399,-0.09023188799619675,0.660389482315376
24.600209951400757,14.133129295508933,8.677801764736355,0.15,1.391407267412399,-0.09535382688045502,0.7984366238045497
24.633697509765625,14.133129295508933,8.677801764736355,0.15,1.3970706059998723,-0.07712716609239578,0.7984366238045497
24.66676640510559,14.133129295508933,8.677801764736355,0.15,1.3970706059998723,-0.07712716609239578,0.7984366238045497
24.700170278549194,14.133129295508933,8.677801764736355,0.15,1.3970706059998723,-0.07712716609239578,0.7984366238045497
24.733585119247437,13.942194161559458,8.678190618871726,0.15,1.3970706059998723,-0.08392659574747086,0.9888132356069037
24.76683759689331,13.942194161559458,8.678190618871726,0.15,1.3972882282971761,-0.08494793623685837,0.9888132356069037
24.800089359283447,13.8513657208518,8.682491666599612,0.15,1.3972882282971761,-0.0834847167134285,1.001348297239904
24.835818767547607,13.8513657208518,8.682491666599612,0.15,1.4069258013956074,-0.08146053552627563,1.001348297239904
24.86667013168335,13.8513657208518,8.682491666599612,0.15,1.4069258013956074,-0.08146053552627563,1.001348297239904
24.900453567504883,13.8513657208518,8.682491666599612,0.15,1.4069258013956074,-0.08146053552627563,1.001348297239904
24.933436393737793,13.657965146019611,8.700485045185276,0.15,1.4069258013956074,-0.07465420663356781,0.8242887740244945
24.966800689697266,13.657965146019611,8.700485045185276,0.15,1.4016759762119613,-0.07126700133085251,0.8242887740244945
25.000184059143066,13.657965146019611,8.700485045185276,0.15,1.4016759762119613,-0.07126700133085251,0.8242887740244945
25.033421277999878,13.517266714512433,8.720728888165258,0.15,1.4016759762119613,-0.06349612772464752,0.6998521308807965
25.06678819656372,13.517266714512433,8.720728888165258,0.15,1.3966932985226115,-0.06349612772464752,0.6998521308807965
25.100148916244507,13.517266714512433,8.720728888165258,0.15,1.3966932985226115,-0.06349612772464752,0.6998521308807965
25.133718729019165,13.375077012193675,8.745464779282544,0.15,1.3966932985226115,-0.022243380546569824,0.5782678133129511
25.16682505607605,13.375077012193675,8.745464779282544,0.15,1.3876016438429901,-0.01578499749302864,0.5782678133129511
25.20019769668579,13.300125682740731,8.759427406351753,0.15,1.3876016438429901,-0.008111871778964996,0.5163110982755222
25.236945867538452,13.300125682740731,8.759427406351753,0.15,1.3809143899318133,-0.0020153385121375322,0.5163110982755222
25.268146514892578,13.300125682740731,8.759427406351753,0.15,1.3809143899318133,0.0052331662736833096,0.5163110982755222
25.301098346710205,13.164797920156081,8.784769130310572,0.15,1.3809143899318133,0.013623079285025597,0.40652519793036307
25.33376169204712,13.164797920156081,8.784769130310572,0.15,1.382081186836782,0.02041717618703842,0.40652519793036307
25.366811990737915,13.164797920156081,8.784769130310572,0.15,1.382081186836782,0.028332073241472244,0.40652519793036307
25.399882078170776,13.023404323216171,8.809885135493516,0.15,1.382081186836782,0.03579911217093468,0.29725119767591746
25.43348503112793,13.023404323216171,8.809885135493516,0.15,1.389316879605015,0.04215850308537483,0.29725119767591746
25.46684980392456,13.023404323216171,8.809885135493516,0.15,1.389316879605015,0.048578668385744095,0.29725119767591746
25.500136375427246,12.888165406882365,8.831007407291839,0.15,1.389316879605015,0.05632080137729645,0.19804539672549867
25.533571004867554,12.888165406882365,8.831007407291839,0.15,1.4070011177367396,0.058549609035253525,0.19804539672549867
25.566624879837036,12.888165406882365,8.831007407291839,0.15,1.4070011177367396,0.06563923507928848,0.19804539672549867
25.600011110305786,12.888165406882365,8.831007407291839,0.15,1.4070011177367396,0.06563923507928848,0.19804539672549867
25.633251905441284,12.669994912525468,8.855964906610188,0.15,1.4070011177367396,0.07604276388883591,0.05603625699151705
25.66669464111328,12.669994912525468,8.855964906610188,0.15,1.4142278258999434,0.08264870196580887,0.05603625699151705
25.7007839679718,12.593726231816653,8.86157980749197,0.15,1.4142278258999434,0.0875994935631752,0.02052716406396891
25.736289262771606,12.593726231816653,8.86157980749197,0.15,1.413432844061989,0.09232494235038757,0.02052716406396891
25.766826152801514,12.593726231816653,8.86157980749197,0.15,1.413432844061989,0.09703508019447327,0.02052716406396891
25.800102710723877,12.593726231816653,8.86157980749197,0.15,1.413432844061989,0.09703508019447327,0.02052716406396891
25.83371090888977,12.593726231816653,8.86157980749197,0.15,1.413432844061989,0.09703508019447327,0.02052716406396891
25.866769313812256,12.38065200224141,8.866010420983027,0.15,1.413432844061989,0.1085573211312294,0.054001412379168105
25.90010952949524,12.324560458720741,8.864244062821292,0.15,1.4090281044697635,0.10032160580158234,0.07163186839245662
25.93370294570923,12.324560458720741,8.864244062821292,0.15,1.4075388230437922,0.10032160580158234,0.07163186839245662
25.966842889785767,12.324560458720741,8.864244062821292,0.15,1.4075388230437922,0.10518869012594223,0.07163186839245662
26.000081062316895,12.184718791381952,8.854132308738901,0.15,1.4075388230437922,0.10595910251140594,0.08167819108045908
26.033689498901367,12.184718791381952,8.854132308738901,0.15,1.4033244182266287,0.10595910251140594,0.08167819108045908
26.06689953804016,12.184718791381952,8.854132308738901,0.15,1.4033244182266287,0.1052844375371933,0.08167819108045908
26.101380586624146,12.01449373720182,8.830782682033098,0.15,1.4033244182266287,0.1052844375371933,0.08151953381786047
26.133897066116333,12.01449373720182,8.830782682033098,0.15,1.4002625004152904,0.10390575975179672,0.08151953381786047
26.167020082473755,12.01449373720182,8.830782682033098,0.15,1.4002625004152904,0.10390575975179672,0.08151953381786047
26.20016312599182,12.01449373720182,8.830782682033098,0.15,1.4002625004152904,0.10390575975179672,0.08151953381786047
26.23383116722107,12.01449373720182,8.830782682033098,0.15,1.4002625004152904,0.10390575975179672,0.08151953381786047
26.266810178756714,11.811615648867237,8.786737894381048,0.15,1.4002625004152904,0.09617699682712555,0.06167614482797853
26.300211668014526,11.767275108500389,8.774726713921824,0.15,1.40234280682491,0.07780175656080246,0.056981402498748196
26.3334903717041,11.767275108500389,8.774726713921824,0.15,1.4041977883202954,0.07554043084383011,0.056981402498748196
26.367037534713745,11.767275108500389,8.774726713921824,0.15,1.4041977883202954,0.07554043084383011,0.056981402498748196
26.40018320083618,11.767275108500389,8.774726713921824,0.15,1.4041977883202954,0.07554043084383011,0.056981402498748196
26.433521270751953,11.767275108500389,8.774726713921824,0.15,1.4041977883202954,0.07554043084383011,0.056981402498748196
26.46912932395935,11.53681999929807,8.701623558681518,0.15,1.4041977883202954,0.05753990635275841,0.027651973331153105
26.500003337860107,11.503875760410924,8.689780268513031,0.15,1.4108910643766728,0.05172169953584671,0.03203408399761303
26.53494381904602,11.503875760410924,8.689780268513031,0.15,1.4248188485093976,0.05172169953584671,0.03203408399761303
26.566686153411865,11.503875760410924,8.689780268513031,0.15,1.4248188485093976,0.041988786309957504,0.03203408399761303
26.600147247314453,11.369801400684699,8.639200223581353,0.15,1.4248188485093976,0.03472557291388512,0.016385357895710544
26.63371729850769,11.369801400684699,8.639200223581353,0.15,1.4301533864815792,0.03472557291388512,0.016385357895710544
26.666675806045532,11.369801400684699,8.639200223581353,0.15,1.4301533864815792,0.022416571155190468,0.016385357895710544
26.70020318031311,11.23674152594718,8.586254139096129,0.15,1.4301533864815792,0.008505173027515411,0.014600217785499412
26.733504056930542,11.23674152594718,8.586254139096129,0.15,1.4319993912944702,0.005683591589331627,0.014600217785499412
26.766660690307617,11.23674152594718,8.586254139096129,0.15,1.4319993912944702,-0.0006079277372919023,0.014600217785499412
26.80019998550415,11.097487495363168,8.529862010451842,0.15,1.4319993912944702,-0.007976720109581947,0.03293626575115076
26.83351492881775,11.097487495363168,8.529862010451842,0.15,1.4286253956945452,-0.013929566368460655,0.03293626575115076
26.86668086051941,11.097487495363168,8.529862010451842,0.15,1.4286253956945452,-0.020837366580963135,0.03293626575115076
26.900204181671143,10.97087127999158,8.479426364271143,0.15,1.4286253956945452,-0.028432613238692284,0.0461877099865014
26.933841228485107,10.97087127999158,8.479426364271143,0.15,1.4305271570310747,-0.028432613238692284,0.0461877099865014
26.967565774917603,10.97087127999158,8.479426364271143,0.15,1.4305271570310747,-0.028432613238692284,0.0461877099865014
27.000263929367065,10.834115360174886,8.427693321138092,0.15,1.4305271570310747,-0.0493033267557621,0.06438571542538424
27.033541440963745,10.834115360174886,8.427693321138092,0.15,1.4349187276777957,-0.05561340972781181,0.06438571542538424
27.066984176635742,10.834115360174886,8.427693321138092,0.15,1.4349187276777957,-0.0626116394996643,0.06438571542538424
27.100194931030273,10.700882331442292,8.381676001339626,0.15,1.4349187276777957,-0.06885033845901489,0.08612187426702375
27.13352060317993,10.700882331442292,8.381676001339626,0.15,1.4337951840838343,-0.06885033845901489,0.08612187426702375
27.167375564575195,10.700882331442292,8.381676001339626,0.15,1.4337951840838343,-0.07828410714864731,0.08612187426702375
27.200173139572144,10.563442733115803,8.340144693687925,0.15,1.4337951840838343,-0.08499520272016525,0.11624617776047685
27.233471155166626,10.563442733115803,8.340144693687925,0.15,1.4412521136081888,-0.08499520272016525,0.11624617776047685
27.26685619354248,10.563442733115803,8.340144693687925,0.15,1.4412521136081888,-0.08499520272016525,0.11624617776047685
27.30011558532715,10.420501114685981,8.304298593407855,0.15,1.4412521136081888,-0.09842181950807571,0.15691523267215715
27.333492517471313,10.420501114685981,8.304298593407855,0.15,1.440739540974421,-0.10229658335447311,0.15691523267215715
27.367928743362427,10.420501114685981,8.304298593407855,0.15,1.440739540974421,-0.10229658335447311,0.15691523267215715
27.40012764930725,10.28129072842963,8.277301876208883,0.15,1.440739540974421,-0.10960275679826736,0.20694646886258314
27.433401823043823,10.28129072842963,8.277301876208883,0.15,1.4412577857550115,-0.10914981365203857,0.20694646886258314
27.46682095527649,10.28129072842963,8.277301876208883,0.15,1.4412577857550115,-0.1128445640206337,0.20694646886258314
27.500104188919067,10.133287118601093,8.257905812372043,0.15,1.4412577857550115,-0.1137668713927269,0.27105266210531576
27.533647775650024,10.133287118601093,8.257905812372043,0.15,1.4480289302647318,-0.1137668713927269,0.27105266210531576
27.56679892539978,10.133287118601093,8.257905812372043,0.15,1.4480289302647318,-0.1137668713927269,0.27105266210531576
27.600095748901367,9.988601631056017,8.248465455485023,0.15,1.4480289302647318,-0.09857471287250519,0.3336647511622939
27.633547067642212,9.988601631056017,8.248465455485023,0.15,1.449014745501528,-0.09857471287250519,0.3336647511622939
27.66682505607605,9.988601631056017,8.248465455485023,0.15,1.449014745501528,-0.09857471287250519,0.3336647511622939
27.700000047683716,9.840983127221158,8.247799442000122,0.15,1.449014745501528,-0.09761206805706024,0.40402081153626374
27.73331332206726,9.840983127221158,8.247799442000122,0.15,1.4463838465644663,-0.09431586414575577,0.40402081153626374
27.766836166381836,9.840983127221158,8.247799442000122,0.15,1.4463838465644663,-0.09431586414575577,0.40402081153626374
27.800151109695435,9.697867648175642,8.254999927359597,0.15,1.4463838465644663,-0.09237392246723175,0.48248742876248285
27.833521366119385,9.697867648175642,8.254999927359597,0.15,1.441459230004501,-0.09237392246723175,0.48248742876248285
27.866901397705078,9.697867648175642,8.254999927359597,0.15,1.441459230004501,-0.09237392246723175,0.48248742876248285
27.900282382965088,9.549572959293211,8.270217296584109,0.15,1.441459230004501,-0.08249716460704803,0.5732683872529909
27.93355441093445,9.549572959293211,8.270217296584109,0.15,1.4392678900143254,-0.08149342983961105,0.5732683872529909
27.966907501220703,9.549572959293211,8.270217296584109,0.15,1.4392678900143254,-0.08149342983961105,0.5732683872529909
28.000146627426147,9.403653248052175,8.291409387783068,0.15,1.4392678900143254,-0.05301200598478317,0.669516374791475
28.03358006477356,9.403653248052175,8.291409387783068,0.15,1.4391396719668457,-0.049461137503385544,0.669516374791475
28.066617250442505,9.403653248052175,8.291409387783068,0.15,1.4391396719668457,-0.049461137503385544,0.669516374791475
28.10029125213623,9.258993608516187,8.316813761629623,0.15,1.4391396719668457,-0.04216820374131203,0.7697964440333673
28.133260250091553,9.258993608516187,8.316813761629623,0.15,1.4445808336478296,-0.03978319838643074,0.7697964440333673
28.167012214660645,9.258993608516187,8.316813761629623,0.15,1.4445808336478296,-0.03978319838643074,0.7697964440333673
28.20010280609131,9.131062014103437,8.342257047677576,0.15,1.4445808336478296,-0.03139204531908035,0.8613753176337785
28.23345375061035,9.131062014103437,8.342257047677576,0.15,1.4559700627589265,-0.027805497869849205,0.8613753176337785
28.266878128051758,9.131062014103437,8.342257047677576,0.15,1.4559700627589265,-0.022028038278222084,0.8613753176337785
28.30009627342224,8.985995742673365,8.373463872222825,0.15,1.4559700627589265,-0.01321004144847393,0.9664162035652865
28.333553075790405,8.985995742673365,8.373463872222825,0.15,1.464176649700815,-0.01321004144847393,0.9664162035652865
28.36687994003296,8.985995742673365,8.373463872222825,0.15,1.464176649700815,-0.01321004144847393,0.9664162035652865
28.39997959136963,8.818928429380673,8.410972725574956,0.15,1.464176649700815,-0.007801777217537165,1.086707496861182
28.433452129364014,8.818928429380673,8.410972725574956,0.15,1.468550617185166,0.009402427822351456,1.086707496861182
28.467105865478516,8.818928429380673,8.410972725574956,0.15,1.468550617185166,0.009402427822351456,1.086707496861182
28.499879360198975,8.673897082448086,8.443515922177465,0.15,1.468550617185166,0.009402427822351456,1.169568178719888
28.53343939781189,8.673897082448086,8.443515922177465,0.15,1.4655909689118127,0.02428184077143669,1.169568178719888
28.56744647026062,8.673897082448086,8.443515922177465,0.15,1.4655909689118127,0.029345978051424026,1.169568178719888
28.601454496383667,8.526325903137643,8.474876448575248,0.15,1.4655909689118127,0.029345978051424026,1.2350534247008755
28.633528470993042,8.526325903137643,8.474876448575248,0.15,1.46376903625713,0.03862619400024414,1.2350534247008755
28.66687822341919,8.526325903137643,8.474876448575248,0.15,1.46376903625713,0.03862619400024414,1.2350534247008755
28.700244188308716,8.526325903137643,8.474876448575248,0.15,1.46376903625713,0.03862619400024414,1.2350534247008755
28.733580827713013,8.3784921147936,8.503010889061564,0.15,1.46376903625713,0.05301995202898979,1.2914596252013117
28.76683259010315,8.3784921147936,8.503010889061564,0.15,1.4644751407280698,0.058041732758283615,1.2914596252013117
28.80009150505066,8.3784921147936,8.503010889061564,0.15,1.4644751407280698,0.058041732758283615,1.2914596252013117
28.833470582962036,8.230756613188445,8.526614561777105,0.15,1.4644751407280698,0.05305483937263489,1.3414364396276823
28.866832494735718,8.230756613188445,8.526614561777105,0.15,1.4386254101297857,0.05305483937263489,1.3414364396276823
28.900099992752075,8.230756613188445,8.526614561777105,0.15,1.4386254101297857,0.05305483937263489,1.3414364396276823
28.93341636657715,8.089016113689013,8.544566335844834,0.15,1.4386254101297857,0.06035962700843811,1.3674861578162678
28.969154357910156,8.089016113689013,8.544566335844834,0.15,1.423417380803505,0.06277868896722794,1.3674861578162678
29.00088620185852,7.984401453080672,8.554808286925285,0.15,1.423417380803505,0.06744090467691422,1.386379823125988
29.03630495071411,7.984401453080672,8.554808286925285,0.15,1.4230651077213938,0.06710270047187805,1.386379823125988
29.066840410232544,7.984401453080672,8.554808286925285,0.15,1.4230651077213938,0.06944011896848679,1.386379823125988
29.10022473335266,7.849602305313803,8.563779337115907,0.15,1.4230651077213938,0.07190830260515213,1.4122818086113555
29.133509874343872,7.849602305313803,8.563779337115907,0.15,1.4258876333011046,0.07471761852502823,1.4122818086113555
29.16684317588806,7.849602305313803,8.563779337115907,0.15,1.4258876333011046,0.07757893204689026,1.4122818086113555
29.200101137161255,7.849602305313803,8.563779337115907,0.15,1.4258876333011046,0.07757893204689026,1.4122818086113555
29.233609199523926,7.648501336733837,8.567348946948682,0.15,1.4258876333011046,0.08600058406591415,1.4539494510178326
29.266759634017944,7.648501336733837,8.567348946948682,0.15,1.4393003530393342,0.09374231845140457,1.4539494510178326
29.29991865158081,7.648501336733837,8.567348946948682,0.15,1.4393003530393342,0.09374231845140457,1.4539494510178326
29.333532571792603,7.50286061141739,8.561616758638804,0.15,1.4393003530393342,0.10261029005050659,1.4869736089950036
29.366774559020996,7.50286061141739,8.561616758638804,0.15,1.4470588808340736,0.10487272590398788,1.4869736089950036
29.400216341018677,7.50286061141739,8.561616758638804,0.15,1.4470588808340736,0.10487272590398788,1.4869736089950036
29.43326687812805,7.354616095655092,8.547265636188643,0.15,1.4470588808340736,0.11092308908700943,1.5219825598426144
29.466812133789062,7.354616095655092,8.547265636188643,0.15,1.4480167613910517,0.11415355652570724,1.5219825598426144
29.500229835510254,7.354616095655092,8.547265636188643,0.15,1.4480167613910517,0.11415355652570724,1.5219825598426144
29.53321361541748,7.209205341350615,8.523818562017688,0.15,1.4480167613910517,0.11686147749423981,1.5568047140337136
29.566785097122192,7.209205341350615,8.523818562017688,0.15,1.4319203556588316,0.12049411982297897,1.5568047140337136
29.600091218948364,7.130733875929193,8.506958441920276,0.15,1.4319203556588316,0.11636420339345932,1.5758298795932855
29.633676290512085,7.130733875929193,8.506958441920276,0.15,1.4124281006234776,0.118738554418087,1.5758298795932855
29.666853427886963,7.130733875929193,8.506958441920276,0.15,1.4124281006234776,0.118738554418087,1.5758298795932855
29.700119495391846,7.130733875929193,8.506958441920276,0.15,1.4124281006234776,0.118738554418087,1.5758298795932855
29.733476638793945,6.931984907755279,8.44996957247962,0.15,1.4124281006234776,0.12068222463130951,1.6217762530915423
29.766856908798218,6.931984907755279,8.44996957247962,0.15,1.3962065680322602,0.11888284236192703,1.6217762530915423
29.799882650375366,6.931984907755279,8.44996957247962,0.15,1.3962065680322602,0.11888284236192703,1.6217762530915423
29.833215475082397,6.799109665745801,8.399809969398426,0.15,1.3962065680322602,0.11888284236192703,1.6515760683132577
29.866758584976196,6.799109665745801,8.399809969398426,0.15,1.4018437799044225,0.11714146286249161,1.6515760683132577
29.90013337135315,6.737405597637558,8.373037905728944,0.15,1.4018437799044225,0.1155751422047615,1.6653201637603214
29.9335618019104,6.737405597637558,8.373037905728944,0.15,1.41513407262219,0.11523736268281937,1.6653201637603214
29.966814279556274,6.737405597637558,8.373037905728944,0.15,1.41513407262219,0.11523736268281937,1.6653201637603214
30.000136375427246,6.737405597637558,8.373037905728944,0.15,1.41513407262219,0.11523736268281937,1.6653201637603214
30.033440589904785,6.737405597637558,8.373037905728944,0.15,1.41513407262219,0.11523736268281937,1.6653201637603214
30.06676697731018,6.737405597637558,8.373037905728944,0.15,1.41513407262219,0.11523736268281937,1.6653201637603214
30.100138187408447,6.737405597637558,8.373037905728944,0.15,1.41513407262219,0.11523736268281937,1.6653201637603214
30.133353233337402,6.422306251775211,8.209138039081441,0.15,0.0,0.11523736268281937,1.7238346666268818
30.166823863983154,6.422306251775211,8.209138039081441,0.15,1.4267777056211268,0.07105205953121185,1.7238346666268818
30.200180053710938,6.359982802743516,8.171388560628275,0.15,1.4267777056211268,0.06449279934167862,1.731735761839894
30.233762502670288,6.359982802743516,8.171388560628275,0.15,1.43285906759305,0.06449279934167862,1.731735761839894
30.266977787017822,6.359982802743516,8.171388560628275,0.15,1.43285906759305,0.05324633792042732,1.731735761839894
30.30013346672058,6.359982802743516,8.171388560628275,0.15,1.43285906759305,0.05324633792042732,1.731735761839894
30.333534479141235,6.359982802743516,8.171388560628275,0.15,1.43285906759305,0.05324633792042732,1.731735761839894
30.36669087409973,6.163483270741486,8.042918490927102,0.15,1.43285906759305,0.03207368403673172,1.7571898675909485
30.400152921676636,6.122165699847756,8.014254250664939,0.15,1.4244997419046639,0.023407863453030586,1.7626015836151774
30.433538675308228,6.122165699847756,8.014254250664939,0.15,1.4167005466918678,0.011519988998770714,1.7626015836151774
30.466761589050293,6.122165699847756,8.014254250664939,0.15,1.4167005466918678,0.003631831845268607,1.7626015836151774
30.500044345855713,6.006160485175709,7.933061765524453,0.15,1.4167005466918678,0.003631831845268607,1.779860765597037
30.53342294692993,6.006160485175709,7.933061765524453,0.15,1.4147541673102484,0.003631831845268607,1.779860765597037
30.5666983127594,6.006160485175709,7.933061765524453,0.15,1.4147541673102484,-0.017422227188944817,1.779860765597037
30.600153923034668,5.892345029442393,7.854027139509926,0.15,1.4147541673102484,-0.024562885984778404,1.8000392833597139
30.633215188980103,5.892345029442393,7.854027139509926,0.15,1.3993978193769339,-0.030387386679649353,1.8000392833597139
30.66677713394165,5.892345029442393,7.854027139509926,0.15,1.3993978193769339,-0.033413831144571304,1.8000392833597139
30.70012617111206,5.892345029442393,7.854027139509926,0.15,1.3993978193769339,-0.033413831144571304,1.8000392833597139
30.73345184326172,5.892345029442393,7.854027139509926,0.15,1.3993978193769339,-0.033413831144571304,1.8000392833597139
30.766475439071655,5.688715197855071,7.718753988549419,0.15,1.3993978193769339,-0.04987887665629387,1.844136499489331
30.80008292198181,5.659651216536968,7.700268459828178,0.15,1.3879926235305775,-0.06952369213104248,1.8510823903934412
30.833451986312866,5.659651216536968,7.700268459828178,0.15,1.396509626974953,-0.06952369213104248,1.8510823903934412
30.866647243499756,5.659651216536968,7.700268459828178,0.15,1.396509626974953,-0.08081160485744476,1.8510823903934412
30.900099515914917,5.539554866473772,7.628206976040728,0.15,1.396509626974953,-0.08555169403553009,1.8581004355115962
30.933623790740967,5.539554866473772,7.628206976040728,0.15,1.4027951483833792,-0.0900215208530426,1.8581004355115962
30.966707229614258,5.539554866473772,7.628206976040728,0.15,1.4027951483833792,-0.09454186260700226,1.8581004355115962
30.999966382980347,5.409079729868843,7.558433209089348,0.15,1.4027951483833792,-0.0984615683555603,1.8532352742386111
31.033372402191162,5.409079729868843,7.558433209089348,0.15,1.4120402887049222,-0.1023993194103241,1.8532352742386111
31.0669424533844,5.409079729868843,7.558433209089348,0.15,1.4120402887049222,-0.10623697191476822,1.8532352742386111
31.100262880325317,5.286676303839367,7.5014412774822725,0.15,1.4120402887049222,-0.1088365763425827,1.8535292914610608
31.13344669342041,5.286676303839367,7.5014412774822725,0.15,1.4179907949396473,-0.10795862227678299,1.8535292914610608
31.166852951049805,5.286676303839367,7.5014412774822725,0.15,1.4179907949396473,-0.11070657521486282,1.8535292914610608
31.200107097625732,5.1552141764305714,7.449366697935487,0.15,1.4179907949396473,-0.1125594899058342,1.860965921902259
31.233469009399414,5.1552141764305714,7.449366697935487,0.15,1.4076990998832652,-0.11506357043981552,1.860965921902259
31.26684546470642,5.1552141764305714,7.449366697935487,0.15,1.4076990998832652,-0.11506357043981552,1.860965921902259
31.300164222717285,5.020149882102635,7.404893576380688,0.15,1.4076990998832652,-0.10012701153755188,1.8611985181493795
31.333667278289795,5.020149882102635,7.404893576380688,0.15,1.3949619909137507,-0.10012701153755188,1.8611985181493795
31.366493940353394,5.020149882102635,7.404893576380688,0.15,1.3949619909137507,-0.10012701153755188,1.8611985181493795
31.400054454803467,4.889559184898247,7.369574119080592,0.15,1.3949619909137507,-0.09222476184368134,1.8699872219377456
31.433468341827393,4.889559184898247,7.369574119080592,0.15,1.3842221693368715,-0.09222476184368134,1.8699872219377456
31.46756339073181,4.889559184898247,7.369574119080592,0.15,1.3842221693368715,-0.09143338352441788,1.8699872219377456
31.500023365020752,4.752157640814505,7.339772967580583,0.15,1.3842221693368715,-0.08671233057975769,1.890834705542273
31.533470392227173,4.752157640814505,7.339772967580583,0.15,1.3778683945071957,-0.08564512431621552,1.890834705542273
31.566924333572388,4.752157640814505,7.339772967580583,0.15,1.3778683945071957,-0.08564512431621552,1.890834705542273
31.600104570388794,4.618616860253092,7.317341993749945,0.15,1.3778683945071957,-0.07997961342334747,1.9206940749140118
31.633516550064087,4.618616860253092,7.317341993749945,0.15,1.383047653661404,-0.07634066790342331,1.9206940749140118
31.666889429092407,4.618616860253092,7.317341993749945,0.15,1.383047653661404,-0.07634066790342331,1.9206940749140118
31.699938774108887,4.476695045000468,7.29967800373542,0.15,1.383047653661404,-0.05480186641216278,1.9615687266067416
31.733572721481323,4.476695045000468,7.29967800373542,0.15,1.3936939393414913,-0.052312806248664856,1.9615687266067416
31.76674723625183,4.476695045000468,7.29967800373542,0.15,1.3936939393414913,-0.04755214601755142,1.9615687266067416
31.800127267837524,4.476695045000468,7.29967800373542,0.15,1.3936939393414913,-0.04755214601755142,1.9615687266067416
31.83363366127014,4.476695045000468,7.29967800373542,0.15,1.3936939393414913,-0.04755214601755142,1.9615687266067416
31.866742610931396,4.476695045000468,7.29967800373542,0.15,1.3936939393414913,-0.04755214601755142,1.9615687266067416
31.90224862098694,4.191024771816008,7.277698570665802,0.15,1.3936939393414913,-0.03212341293692589,2.062752259008532
31.93348526954651,4.191024771816008,7.277698570665802,0.15,1.423243922246119,-0.03212341293692589,2.062752259008532
31.967123985290527,4.191024771816008,7.277698570665802,0.15,1.423243922246119,-0.03212341293692589,2.062752259008532
32.0002760887146,4.050556018093985,7.271858684749695,0.15,1.423243922246119,-0.020345507189631462,2.117312841960094
32.033658027648926,4.050556018093985,7.271858684749695,0.15,1.4285545360161662,-0.020345507189631462,2.117312841960094
32.06684851646423,4.050556018093985,7.271858684749695,0.15,1.4285545360161662,-0.01732732728123665,2.117312841960094
32.10027313232422,3.9127240861231467,7.26783650430427,0.15,1.4285545360161662,-0.00708641717210412,2.1638304301024407
32.13351893424988,3.9127240861231467,7.26783650430427,0.15,1.418672863884101,-0.0026772976852953434,2.1638304301024407
32.16682529449463,3.9127240861231467,7.26783650430427,0.15,1.418672863884101,0.0031989184208214283,2.1638304301024407
32.20016098022461,3.7604258672063198,7.263794412268119,0.15,1.418672863884101,0.010034509934484959,2.1961456590035904
32.23335838317871,3.7604258672063198,7.263794412268119,0.15,1.4166908000652723,0.010034509934484959,2.1961456590035904
32.26687288284302,3.7604258672063198,7.263794412268119,0.15,1.4166908000652723,0.010034509934484959,2.1961456590035904
32.29993748664856,3.6150456191932623,7.2592251006151995,0.15,1.4166908000652723,0.024486443027853966,2.2169494555841553
32.33382749557495,3.6150456191932623,7.2592251006151995,0.15,1.4120575302141798,0.0285459216684103,2.2169494555841553
32.36911869049072,3.6150456191932623,7.2592251006151995,0.15,1.4120575302141798,0.0285459216684103,2.2169494555841553
32.39977502822876,3.470254542625863,7.2527323607187935,0.15,1.4120575302141798,0.03807058185338974,2.2288343423917922
32.43343448638916,3.470254542625863,7.2527323607187935,0.15,1.408466135029585,0.04134420305490494,2.2288343423917922
32.46676564216614,3.470254542625863,7.2527323607187935,0.15,1.408466135029585,0.04134420305490494,2.2288343423917922
32.4997718334198,3.3280449722094665,7.243215891955607,0.15,1.408466135029585,0.048528917133808136,2.232192588407371
32.53379940986633,3.3280449722094665,7.243215891955607,0.15,1.4168606273541973,0.04941900447010994,2.232192588407371
32.56695222854614,3.3280449722094665,7.243215891955607,0.15,1.4168606273541973,0.05152365192770958,2.232192588407371
32.600077629089355,3.203292124849991,7.231713630645071,0.15,1.4168606273541973,0.054336681962013245,2.2288323829196353
32.633464336395264,3.203292124849991,7.231713630645071,0.15,1.432407887409339,0.054336681962013245,2.2288323829196353
32.66683578491211,3.203292124849991,7.231713630645071,0.15,1.432407887409339,0.054336681962013245,2.2288323829196353
32.699885845184326,3.0324380616451228,7.210513069149918,0.15,1.432407887409339,0.056495603173971176,2.2148386894258474
32.73363256454468,3.0324380616451228,7.210513069149918,0.15,1.446403547881086,0.0622372142970562,2.2148386894258474
32.767152547836304,3.0324380616451228,7.210513069149918,0.15,1.446403547881086,0.0622372142970562,2.2148386894258474
32.79984402656555,2.8890186736506234,7.187366149336645,0.15,1.446403547881086,0.0622372142970562,2.195256454267823
32.83372139930725,2.8890186736506234,7.187366149336645,0.15,1.4359258291022858,0.06360668689012527,2.195256454267823
32.86675143241882,2.8890186736506234,7.187366149336645,0.15,1.4359258291022858,0.063376285135746,2.195256454267823
32.90003323554993,2.780424913855813,7.166336708336453,0.15,1.4359258291022858,0.0629388839006424,2.1751130193423824
32.93346619606018,2.780424913855813,7.166336708336453,0.15,1.4372528517109049,0.0629388839006424,2.1751130193423824
32.96677041053772,2.780424913855813,7.166336708336453,0.15,1.4372528517109049,0.0629388839006424,2.1751130193423824
33.000160455703735,2.780424913855813,7.166336708336453,0.15,1.4372528517109049,0.0629388839006424,2.1751130193423824
33.0333411693573,2.6002675105758435,7.124606479564495,0.15,1.4372528517109049,0.04188741743564606,2.13353713338987
33.06677556037903,2.6002675105758435,7.124606479564495,0.15,1.4346518158982673,0.04153909161686897,2.13353713338987
33.10009026527405,2.5026427023156494,7.098797155706499,0.15,1.4346518158982673,0.040974441915750504,2.1075428901454814
33.13617658615112,2.5026427023156494,7.098797155706499,0.15,1.4297525829940625,0.040974441915750504,2.1075428901454814
33.16911864280701,2.5026427023156494,7.098797155706499,0.15,1.4297525829940625,0.040974441915750504,2.1075428901454814
33.200114250183105,2.5026427023156494,7.098797155706499,0.15,1.4297525829940625,0.040974441915750504,2.1075428901454814
33.23333716392517,2.319360505332225,7.0457273016926285,0.15,1.4297525829940625,0.03753003478050232,2.054032782670746
33.266806840896606,2.319360505332225,7.0457273016926285,0.15,1.4237670930341109,0.03621271252632141,2.054032782670746
33.30025315284729,2.2249501638562066,7.016104422811575,0.15,1.4237670930341109,0.03376277536153793,2.024405311689415
33.33401894569397,2.2249501638562066,7.016104422811575,0.15,1.4249233419671616,0.02919146418571472,2.024405311689415
33.366795778274536,2.2249501638562066,7.016104422811575,0.15,1.4249233419671616,0.027257340028882027,2.024405311689415
33.4001145362854,2.2249501638562066,7.016104422811575,0.15,1.4249233419671616,0.027257340028882027,2.024405311689415
33.43343138694763,2.0426972152406666,6.955464544598625,0.15,1.4249233419671616,0.02316245436668396,1.964389199797499
33.466796875,2.0426972152406666,6.955464544598625,0.15,1.43579235294202,0.02107882872223854,1.964389199797499
33.5001802444458,2.0426972152406666,6.955464544598625,0.15,1.43579235294202,0.02107882872223854,1.964389199797499
33.534138679504395,1.9049987453978086,6.9071617541487695,0.15,1.43579235294202,0.016563259065151215,1.9158910284329638
33.5671329498291,1.9049987453978086,6.9071617541487695,0.15,1.4257789397903697,0.016563259065151215,1.9158910284329638
33.60118007659912,1.9049987453978086,6.9071617541487695,0.15,1.4257789397903697,0.016563259065151215,1.9158910284329638
33.633432149887085,1.7664564529620246,6.856988957529249,0.15,1.4257789397903697,0.011526070535182953,1.8664583735091937
33.66681385040283,1.7664564529620246,6.856988957529249,0.15,1.4298420904566949,0.011526070535182953,1.8664583735091937
33.70016860961914,1.7664564529620246,6.856988957529249,0.15,1.4298420904566949,0.011526070535182953,1.8664583735091937
33.73343062400818,1.6287511883512895,6.806026365087868,0.15,1.4298420904566949,0.006859994027763605,1.8167669955342487
33.766849756240845,1.6287511883512895,6.806026365087868,0.15,1.4321683949093613,-0.001997543266043067,1.8167669955342487
33.80010104179382,1.5525932459232004,6.77761720997852,0.15,1.4321683949093613,-0.004061095882207155,1.7896720729623625
33.83369278907776,1.5525932459232004,6.77761720997852,0.15,1.4423842531789322,-0.005484121851623058,1.7896720729623625
33.86685919761658,1.5525932459232004,6.77761720997852,0.15,1.4423842531789322,-0.0070785172283649445,1.7896720729623625
33.90011954307556,1.5525932459232004,6.77761720997852,0.15,1.4423842531789322,-0.0070785172283649445,1.7896720729623625
33.93645477294922,1.3507585147300671,6.703311256260545,0.15,1.4423842531789322,-0.010934374295175076,1.7198270978031738
33.96674132347107,1.3507585147300671,6.703311256260545,0.15,1.438406459815631,-0.012551482766866684,1.7198270978031738
34.00079131126404,1.2817793521186351,6.678366897198063,0.15,1.438406459815631,-0.013735799118876457,1.6967713493155792
34.03349161148071,1.2817793521186351,6.678366897198063,0.15,1.4291283042466494,-0.01477438397705555,1.6967713493155792
34.0668203830719,1.2817793521186351,6.678366897198063,0.15,1.4291283042466494,-0.015358696691691875,1.6967713493155792
34.100138902664185,1.1486603913760052,6.631131258111899,0.15,1.4291283042466494,-0.013452176004648209,1.6527248225816555
34.13399863243103,1.1486603913760052,6.631131258111899,0.15,1.4258380875150634,-0.013926626183092594,1.6527248225816555
34.1668062210083,1.1486603913760052,6.631131258111899,0.15,1.4258380875150634,-0.013926626183092594,1.6527248225816555
34.20005488395691,1.1486603913760052,6.631131258111899,0.15,1.4258380875150634,-0.013926626183092594,1.6527248225816555
34.234365701675415,0.9378134535300756,6.558742087303657,0.15,1.4258380875150634,-0.013926626183092594,1.5817163286763354
34.26685929298401,0.9378134535300756,6.558742087303657,0.15,1.4246891031901765,-0.011205313727259636,1.5817163286763354
34.30010938644409,0.8801633275754788,6.539422840218138,0.15,1.4246891031901765,-0.003754121484234929,1.5615997599118567
34.3334584236145,0.8801633275754788,6.539422840218138,0.15,1.4312571976211594,-0.003754121484234929,1.5615997599118567
34.36717939376831,0.8801633275754788,6.539422840218138,0.15,1.4312571976211594,0.006258634850382805,1.5615997599118567
34.39989495277405,0.7389454755201128,6.492022337067198,0.15,1.4312571976211594,0.006258634850382805,1.510527805720594
34.43527793884277,0.7389454755201128,6.492022337067198,0.15,1.4337181201879894,0.006258634850382805,1.510527805720594
34.466796875,0.7389454755201128,6.492022337067198,0.15,1.4337181201879894,0.0354650504887104,1.510527805720594
34.50046634674072,0.6068827075626231,6.446003149584227,0.15,1.4337181201879894,0.052151549607515335,1.458389565910357
34.53349232673645,0.6068827075626231,6.446003149584227,0.15,1.4456093827043526,0.052151549607515335,1.458389565910357
34.56675577163696,0.6068827075626231,6.446003149584227,0.15,1.4456093827043526,0.07943733781576157,1.458389565910357
34.60010886192322,0.6068827075626231,6.446003149584227,0.15,1.4456093827043526,0.07943733781576157,1.458389565910357
34.633522272109985,0.6068827075626231,6.446003149584227,0.15,1.4456093827043526,0.07943733781576157,1.458389565910357
34.66669034957886,0.38112402093668896,6.355135528094668,0.15,1.4456093827043526,0.1104222759604454,1.3332540049405674
34.70012545585632,0.33669928532912435,6.334712752203556,0.15,1.458318587259515,0.12097102403640747,1.2844323354828209
34.733747720718384,0.33669928532912435,6.334712752203556,0.15,1.4566335803333839,0.13071683049201965,1.2844323354828209
34.76779842376709,0.33669928532912435,6.334712752203556,0.15,1.4566335803333839,0.1403724104166031,1.2844323354828209
34.80087447166443,0.20676127263235256,6.266772786155857,0.15,1.4566335803333839,0.1403724104166031,1.1378062769310175
34.83495545387268,0.20676127263235256,6.266772786155857,0.15,1.4547677192101296,0.1403724104166031,1.1378062769310175
34.866905212402344,0.20676127263235256,6.266772786155857,0.15,1.4547677192101296,0.17595596611499786,1.1378062769310175
34.9001100063324,0.08615687989372757,6.189176539184469,0.15,1.4547677192101296,0.19325321912765503,0.994983711969226
34.933839321136475,0.08615687989372757,6.189176539184469,0.15,1.4549161581995333,0.19325321912765503,0.994983711969226
34.966790437698364,0.08615687989372757,6.189176539184469,0.15,1.4549161581995333,0.19994507730007172,0.994983711969226
35.00019335746765,-0.026850650025339207,6.098050886948208,0.15,1.4549161581995333,0.20487093925476074,0.8523766755508142
35.03357672691345,-0.026850650025339207,6.098050886948208,0.15,1.4521805367826468,0.21089257299900055,0.8523766755508142
35.06685733795166,-0.026850650025339207,6.098050886948208,0.15,1.4521805367826468,0.21577052772045135,0.8523766755508142
35.1002037525177,-0.12866227688816367,5.993616691835601,0.15,1.4521805367826468,0.21797992289066315,0.7132649381924107
35.133631467819214,-0.12866227688816367,5.993616691835601,0.15,1.4487278849645837,0.21370480954647064,0.7132649381924107
35.1678683757782,-0.12866227688816367,5.993616691835601,0.15,1.4487278849645837,0.21880269050598145,0.7132649381924107
35.20003080368042,-0.2186613838999007,5.874166572235866,0.15,1.4487278849645837,0.21880269050598145,0.5769833914478478
35.23363471031189,-0.2186613838999007,5.874166572235866,0.15,1.4461400151080634,0.21880269050598145,0.5769833914478478
35.26677417755127,-0.2186613838999007,5.874166572235866,0.15,1.4461400151080634,0.22135640680789948,0.5769833914478478
35.30010747909546,-0.2889861156992811,5.750169325755929,0.15,1.4461400151080634,0.23216722905635834,0.4532820673605253
35.333433389663696,-0.2889861156992811,5.750169325755929,0.15,1.452092104167617,0.22746533155441284,0.4532820673605253
35.36673879623413,-0.2889861156992811,5.750169325755929,0.15,1.452092104167617,0.23074273765087128,0.4532820673605253
35.40012335777283,-0.34468207263897305,5.611785374561829,0.15,1.452092104167617,0.22785675525665283,0.3298277225179347
35.43336367607117,-0.34468207263897305,5.611785374561829,0.15,1.4542895853103586,0.22785675525665283,0.3298277225179347
35.466798305511475,-0.34468207263897305,5.611785374561829,0.15,1.4542895853103586,0.22785675525665283,0.3298277225179347
35.50015687942505,-0.3792154866911519,5.47810967132738,0.15,1.4542895853103586,0.22549790143966675,0.2190592939327087
35.533716917037964,-0.3792154866911519,5.47810967132738,0.15,1.4617943123502393,0.22549790143966675,0.2190592939327087
35.56645727157593,-0.3792154866911519,5.47810967132738,0.15,1.4617943123502393,0.22549790143966675,0.2190592939327087
35.6001341342926,-0.3977069132324154,5.333738965159551,0.15,1.4617943123502393,0.22155077755451202,0.09543849371560152
35.63355827331543,-0.3977069132324154,5.333738965159551,0.15,1.4513494471756947,0.22155077755451202,0.09543849371560152
35.66681385040283,-0.3977069132324154,5.333738965159551,0.15,1.4513494471756947,0.21619391441345215,0.09543849371560152
35.70010256767273,-0.39790523853270293,5.189099655794038,0.15,1.4513494471756947,0.21629706025123596,0.019523452117762987
35.73372006416321,-0.39790523853270293,5.189099655794038,0.15,1.4481949008930906,0.21629706025123596,0.019523452117762987
35.767000913619995,-0.39790523853270293,5.189099655794038,0.15,1.4481949008930906,0.21629706025123596,0.019523452117762987
35.799936056137085,-0.3801603588976507,5.043973857621154,0.15,1.4481949008930906,0.2094772458076477,0.13284275350665362
35.83344578742981,-0.3801603588976507,5.043973857621154,0.15,1.4481151679691318,0.2094772458076477,0.13284275350665362
35.86680221557617,-0.3801603588976507,5.043973857621154,0.15,1.4481151679691318,0.2094772458076477,0.13284275350665362
35.90018963813782,-0.3467892637261052,4.903885075348094,0.15,1.4481151679691318,0.1763637661933899,0.24345371101134375
35.93334627151489,-0.3467892637261052,4.903885075348094,0.15,1.4437113426233428,0.1763637661933899,0.24345371101134375
35.96680474281311,-0.3467892637261052,4.903885075348094,0.15,1.4437113426233428,0.1763637661933899,0.24345371101134375
36.00011682510376,-0.29927133353393964,4.7675130882428505,0.15,1.4437113426233428,0.16215933859348297,0.35407363832171973
36.0334198474884,-0.29927133353393964,4.7675130882428505,0.15,1.4358922018606246,0.16047176718711853,0.35407363832171973
36.06681227684021,-0.29927133353393964,4.7675130882428505,0.15,1.4358922018606246,0.16047176718711853,0.35407363832171973
36.100109577178955,-0.29927133353393964,4.7675130882428505,0.15,1.4358922018606246,0.15638357400894165,0.35407363832171973
36.13362216949463,-0.29927133353393964,4.7675130882428505,0.15,1.4358922018606246,0.15638357400894165,0.35407363832171973
36.166831970214844,-0.29927133353393964,4.7675130882428505,0.15,1.4358922018606246,0.15638357400894165,0.35407363832171973
36.2001051902771,-0.16808103988591822,4.50546617045402,0.15,1.4358922018606246,0.1285671591758728,0.5686586065611321
36.23347759246826,-0.16808103988591822,4.50546617045402,0.15,1.4422719805275936,0.09992948174476624,0.5686586065611321
36.26678538322449,-0.16808103988591822,4.50546617045402,0.15,1.4422719805275936,0.09206245839595795,0.5686586065611321
36.300095558166504,-0.09148606365051998,4.385569645951365,0.15,1.4422719805275936,0.09206245839595795,0.6129932808224828
36.33350372314453,-0.09148606365051998,4.385569645951365,0.15,1.4540942586539345,0.09206245839595795,0.6129932808224828
36.36686038970947,-0.09148606365051998,4.385569645951365,0.15,1.4540942586539345,0.09206245839595795,0.6129932808224828
36.4001190662384,-0.0026907438768401237,4.260849081460435,0.15,1.4540942586539345,0.058078110218048096,0.5110148959450399
36.43338465690613,-0.0026907438768401237,4.260849081460435,0.15,1.4595469795592753,0.05128132551908493,0.5110148959450399
36.46686410903931,-0.0026907438768401237,4.260849081460435,0.15,1.4595469795592753,0.04198911041021347,0.5110148959450399
36.50023651123047,0.0817778993146275,4.150812761529763,0.15,1.4595469795592753,0.03062937781214714,0.4284124709401993
36.533796310424805,0.0817778993146275,4.150812761529763,0.15,1.4558565717968022,0.03062937781214714,0.4284124709401993
36.56690526008606,0.0817778993146275,4.150812761529763,0.15,1.4558565717968022,0.03062937781214714,0.4284124709401993
36.59977889060974,0.1798803075087528,4.028347798869881,0.15,1.4558565717968022,0.010720735415816307,0.34945820463308225
36.63356280326843,0.1798803075087528,4.028347798869881,0.15,1.4434405731473938,-0.006500227376818657,0.34945820463308225
36.66686177253723,0.1798803075087528,4.028347798869881,0.15,1.4434405731473938,-0.006500227376818657,0.34945820463308225
36.700003147125244,0.2721291565862906,3.9145488383281095,0.15,1.4434405731473938,-0.02130713500082493,0.28992774187611137
36.73343825340271,0.2721291565862906,3.9145488383281095,0.15,1.4328002532481885,-0.025750167667865753,0.28992774187611137
36.766584634780884,0.2721291565862906,3.9145488383281095,0.15,1.4328002532481885,-0.025750167667865753,0.28992774187611137
36.8000864982605,0.3623819368312552,3.800256331721838,0.15,1.4328002532481885,-0.03255590796470642,0.24309387670680144
36.833351612091064,0.3623819368312552,3.800256331721838,0.15,1.4260974496084928,-0.043814126402139664,0.24309387670680144
36.866761445999146,0.3623819368312552,3.800256331721838,0.15,1.4260974496084928,-0.043814126402139664,0.24309387670680144
36.900031328201294,0.44908173168233584,3.685473849173863,0.15,1.4260974496084928,-0.043814126402139664,0.19998794570480635
36.933411836624146,0.44908173168233584,3.685473849173863,0.15,1.414676477398992,-0.05904269963502884,0.19998794570480635
36.966803550720215,0.44908173168233584,3.685473849173863,0.15,1.414676477398992,-0.05957401916384697,0.19998794570480635
36.999913454055786,0.5329699539968686,3.5674286950302583,0.15,1.414676477398992,-0.05957401916384697,0.17556500518264456
37.03349041938782,0.5329699539968686,3.5674286950302583,0.15,1.4122532189864279,-0.05626484751701355,0.17556500518264456
37.066792249679565,0.5329699539968686,3.5674286950302583,0.15,1.4122532189864279,-0.05626484751701355,0.17556500518264456
37.10013389587402,0.5329699539968686,3.5674286950302583,0.15,1.4122532189864279,-0.05626484751701355,0.17556500518264456
37.13353753089905,0.6155002233855857,3.4428908659576316,0.15,1.4122532189864279,-0.05665646493434906,0.1721256086603677
37.166773080825806,0.6155002233855857,3.4428908659576316,0.15,1.4163506436875495,-0.05665646493434906,0.1721256086603677
37.20011043548584,0.6155002233855857,3.4428908659576316,0.15,1.4163506436875495,-0.05665646493434906,0.1721256086603677
37.233503103256226,0.6896520631111589,3.3229164417597126,0.15,1.4163506436875495,-0.05986970663070679,0.18505639385006256
37.26677632331848,0.6896520631111589,3.3229164417597126,0.15,1.4177521495504997,-0.05986970663070679,0.18505639385006256
37.30013728141785,0.6896520631111589,3.3229164417597126,0.15,1.4177521495504997,-0.05986970663070679,0.18505639385006256
37.3337516784668,0.7622809686632299,3.1961925533362177,0.15,1.4177521495504997,-0.06034895032644272,0.2090074152749555
37.36677408218384,0.7622809686632299,3.1961925533362177,0.15,1.4246670186497665,-0.06034895032644272,0.2090074152749555
37.40011024475098,0.7622809686632299,3.1961925533362177,0.15,1.4246670186497665,-0.06034895032644272,0.2090074152749555
37.43345546722412,0.830686106511297,3.0666709457851704,0.15,1.4246670186497665,-0.05903893709182739,0.23962644733474495
37.46680045127869,0.830686106511297,3.0666709457851704,0.15,1.420918621144003,-0.05891437828540802,0.23962644733474495
37.50010418891907,0.8735903797815286,2.9795354834352223,0.15,1.420918621144003,-0.05269424244761467,0.25962169150320197
37.533446311950684,0.8735903797815286,2.9795354834352223,0.15,1.4103611942513843,-0.05269424244761467,0.25962169150320197
37.567054748535156,0.8735903797815286,2.9795354834352223,0.15,1.4103611942513843,-0.05269424244761467,0.25962169150320197
37.60010623931885,0.8735903797815286,2.9795354834352223,0.15,1.4103611942513843,-0.05269424244761467,0.25962169150320197
37.633400678634644,0.9523393700878867,2.80649868776685,0.15,1.4103611942513843,-0.04967869818210602,0.29866915384020754
37.670161485672,0.9523393700878867,2.80649868776685,0.15,1.3991326341652384,-0.04844074696302414,0.29866915384020754
37.700045347213745,0.9523393700878867,2.80649868776685,0.15,1.3991326341652384,-0.04844074696302414,0.29866915384020754
37.73362755775452,1.0064902646233975,2.6764270698479606,0.15,1.3991326341652384,-0.04523681104183197,0.31967425215528905
37.766823530197144,1.0064902646233975,2.6764270698479606,0.15,1.3842983742122976,-0.043627895414829254,0.31967425215528905
37.80001425743103,1.038598322142098,2.594553216009082,0.15,1.3842983742122976,-0.04121391475200653,0.3240744876338713
37.833407402038574,1.038598322142098,2.594553216009082,0.15,1.38799281012749,-0.03995383530855179,0.3240744876338713
37.86674094200134,1.038598322142098,2.594553216009082,0.15,1.38799281012749,-0.03995383530855179,0.3240744876338713
37.900092124938965,1.038598322142098,2.594553216009082,0.15,1.38799281012749,-0.03995383530855179,0.3240744876338713
37.93340539932251,1.1067592114535374,2.40882215466932,0.15,1.38799281012749,-0.030914081260561943,0.3128965207474316
37.96678972244263,1.1067592114535374,2.40882215466932,0.15,1.3909596385609866,-0.028140705078840256,0.3128965207474316
38.00010132789612,1.1067592114535374,2.40882215466932,0.15,1.3909596385609866,-0.028140705078840256,0.3128965207474316
38.033671855926514,1.1526527018814112,2.274582701700451,0.15,1.3909596385609866,-0.022438179701566696,0.27250658277639234
38.06657886505127,1.1526527018814112,2.274582701700451,0.15,1.396863563570589,-0.019358625635504723,0.27250658277639234
38.1000874042511,1.1526527018814112,2.274582701700451,0.15,1.396863563570589,-0.019358625635504723,0.27250658277639234
38.133960247039795,1.1884838005745066,2.165753555152463,0.15,1.396863563570589,-0.01328241266310215,0.21472675231680147
38.16676354408264,1.1884838005745066,2.165753555152463,0.15,1.4056976259059237,-0.01328241266310215,0.21472675231680147
38.20008945465088,1.1884838005745066,2.165753555152463,0.15,1.4056976259059237,-0.01328241266310215,0.21472675231680147
38.23366141319275,1.2417921327175891,2.0000039124623235,0.15,1.4056976259059237,-0.004108996130526066,0.110987238513641
38.2667977809906,1.2417921327175891,2.0000039124623235,0.15,1.4054884056894044,0.003459791885688901,0.110987238513641
38.30010771751404,1.2417921327175891,2.0000039124623235,0.15,1.4054884056894044,0.003459791885688901,0.110987238513641
38.33330225944519,1.2851704736874399,1.8640368030798897,0.15,1.4054884056894044,0.003459791885688901,0.01746356372931327
38.36675047874451,1.2851704736874399,1.8640368030798897,0.15,1.3988932110119363,0.018338369205594063,0.01746356372931327
38.4000940322876,1.2851704736874399,1.8640368030798897,0.15,1.3988932110119363,0.018338369205594063,0.01746356372931327
38.43336009979248,1.3292514806686844,1.7286956028913132,0.15,1.3988932110119363,0.018338369205594063,0.06875855163521215
38.46680021286011,1.3292514806686844,1.7286956028913132,0.15,1.3919864798279618,0.029538944363594055,0.06875855163521215
38.50047302246094,1.3292514806686844,1.7286956028913132,0.15,1.3919864798279618,0.029538944363594055,0.06875855163521215
38.533387422561646,1.3292514806686844,1.7286956028913132,0.15,1.3919864798279618,0.029538944363594055,0.06875855163521215
38.57046985626221,1.3762891796156245,1.5916676897078734,0.15,1.3919864798279618,0.04417533427476883,0.1619300332323099
38.60025763511658,1.3762891796156245,1.5916676897078734,0.15,1.3835141269053288,0.04417533427476883,0.1619300332323099
38.63348746299744,1.3762891796156245,1.5916676897078734,0.15,1.3835141269053288,0.04417533427476883,0.1619300332323099
38.66679883003235,1.4240914814432606,1.4620309968158103,0.15,1.3835141269053288,0.057773903012275696,0.24153438713420983
38.70019245147705,1.4240914814432606,1.4620309968158103,0.15,1.3822963791784757,0.057773903012275696,0.24153438713420983
38.733556032180786,1.4240914814432606,1.4620309968158103,0.15,1.3822963791784757,0.057773903012275696,0.24153438713420983
38.76699090003967,1.4768001974047897,1.3304862553870764,0.15,1.3822963791784757,0.06605906039476395,0.32121670314538253
38.80011343955994,1.4768001974047897,1.3304862553870764,0.15,1.382735551413194,0.06605906039476395,0.32121670314538253
38.83340620994568,1.4768001974047897,1.3304862553870764,0.15,1.382735551413194,0.06605906039476395,0.32121670314538253
38.866687536239624,1.5340829516930679,1.200585473481002,0.15,1.382735551413194,0.07883080095052719,0.3991679379480999
38.900102853775024,1.5340829516930679,1.200585473481002,0.15,1.3882253895980043,0.07883080095052719,0.3991679379480999
38.933759450912476,1.5340829516930679,1.200585473481002,0.15,1.3882253895980043,0.07883080095052719,0.3991679379480999
38.96714448928833,1.5978077206750332,1.070610134596612,0.15,1.3882253895980043,0.09244747459888458,0.4771920060034315
39.000439405441284,1.619446416441308,1.0296918336536411,0.15,1.3944527309048458,0.09574121981859207,0.5012794719829882
39.033668518066406,1.619446416441308,1.0296918336536411,0.15,1.4043421865177097,0.09490349888801575,0.5012794719829882
39.06680107116699,1.619446416441308,1.0296918336536411,0.15,1.4043421865177097,0.09490349888801575,0.5012794719829882
39.100157260894775,1.619446416441308,1.0296918336536411,0.15,1.4043421865177097,0.09490349888801575,0.5012794719829882
39.13350200653076,1.619446416441308,1.0296918336536411,0.15,1.4043421865177097,0.09490349888801575,0.5012794719829882
39.166680097579956,1.7438204904324464,0.822761749525129,0.15,1.4043421865177097,0.12637197971343994,0.4052004147865039
39.200106620788574,1.7438204904324464,0.822761749525129,0.15,1.4065910294368427,0.12637197971343994,0.4052004147865039
39.23344540596008,1.7438204904324464,0.822761749525129,0.15,1.4065910294368427,0.12637197971343994,0.4052004147865039
39.26666021347046,1.8267146145376107,0.7073139477975632,0.15,1.4065910294368427,0.17704762518405914,0.287670635881093
39.29989194869995,1.852091893551653,0.675416508674358,0.15,1.4003507674805098,0.17438368499279022,0.2552990956463794
39.33344626426697,1.852091893551653,0.675416508674358,0.15,1.3985153867059654,0.17438368499279022,0.2552990956463794
39.36684036254883,1.852091893551653,0.675416508674358,0.15,1.3985153867059654,0.18004590272903442,0.2552990956463794
39.400083780288696,1.943923851022728,0.5737794463458853,0.15,1.3985153867059654,0.18129080533981323,0.15309990312567334
39.43329429626465,1.943923851022728,0.5737794463458853,0.15,1.3992100602750233,0.18129080533981323,0.15309990312567334
39.4665093421936,1.943923851022728,0.5737794463458853,0.15,1.3992100602750233,0.17904017865657806,0.15309990312567334
39.500104665756226,2.048831836496697,0.4785467921246899,0.15,1.3992100602750233,0.17918287217617035,0.05917814044566213
39.5335910320282,2.048831836496697,0.4785467921246899,0.15,1.400667743280807,0.17918287217617035,0.05917814044566213
39.566495418548584,2.048831836496697,0.4785467921246899,0.15,1.400667743280807,0.16542933881282806,0.05917814044566213
39.60019087791443,2.161033112327884,0.3948013516083949,0.15,1.400667743280807,0.1610500067472458,0.036788597874455334
39.63362121582031,2.161033112327884,0.3948013516083949,0.15,1.4096249470372766,0.1610500067472458,0.036788597874455334
39.666762590408325,2.161033112327884,0.3948013516083949,0.15,1.4096249470372766,0.1610500067472458,0.036788597874455334
39.70022654533386,2.281487158432398,0.32039214443565045,0.15,1.4096249470372766,0.14743918180465698,0.10880782973163364
39.73362469673157,2.281487158432398,0.32039214443565045,0.15,1.4108212127368494,0.14526139199733734,0.10880782973163364
39.76675796508789,2.281487158432398,0.32039214443565045,0.15,1.4108212127368494,0.14526139199733734,0.10880782973163364
39.80009841918945,2.4080329065724144,0.25583731601370246,0.15,1.4108212127368494,0.13569509983062744,0.17691357059351062
39.83352828025818,2.4080329065724144,0.25583731601370246,0.15,1.4122716438175282,0.13076899945735931,0.17691357059351062
39.86678409576416,2.4080329065724144,0.25583731601370246,0.15,1.4122716438175282,0.1195496991276741,0.17691357059351062
39.90010094642639,2.540845449124368,0.19988530627909282,0.15,1.4122716438175282,0.10793927311897278,0.23331599075087747
39.93347692489624,2.540845449124368,0.19988530627909282,0.15,1.4157592574635258,0.09883005172014236,0.23331599075087747
39.96683406829834,2.540845449124368,0.19988530627909282,0.15,1.4157592574635258,0.09883005172014236,0.23331599075087747
40.000086307525635,2.6710694844289358,0.15375294456462724,0.15,1.4157592574635258,0.08317720890045166,0.281924219549435
40.033629179000854,2.6710694844289358,0.15375294456462724,0.15,1.4232332235174638,0.08317720890045166,0.281924219549435
40.06678009033203,2.6710694844289358,0.15375294456462724,0.15,1.4232332235174638,0.08317720890045166,0.281924219549435
40.10003304481506,2.809307844123963,0.11196400862045866,0.15,1.4232332235174638,0.06432945281267166,0.32479157427197464
40.13350009918213,2.809307844123963,0.11196400862045866,0.15,1.422128084603383,0.06432945281267166,0.32479157427197464
40.166770219802856,2.809307844123963,0.11196400862045866,0.15,1.422128084603383,0.051429323852062225,0.32479157427197464
40.20004343986511,2.809307844123963,0.11196400862045866,0.15,1.422128084603383,0.051429323852062225,0.32479157427197464
40.23352932929993,2.809307844123963,0.11196400862045866,0.15,1.422128084603383,0.051429323852062225,0.32479157427197464
40.26679849624634,2.809307844123963,0.11196400862045866,0.15,1.422128084603383,0.051429323852062225,0.32479157427197464
40.299896001815796,3.089040978913426,0.04280333732711252,0.15,1.422128084603383,0.023887034505605698,0.39631627801489044
40.33348274230957,3.089040978913426,0.04280333732711252,0.15,1.4155902436980021,0.019006362184882164,0.39631627801489044
40.366846561431885,3.089040978913426,0.04280333732711252,0.15,1.4155902436980021,0.011184575967490673,0.39631627801489044
40.40015745162964,3.089040978913426,0.04280333732711252,0.15,1.4155902436980021,0.011184575967490673,0.39631627801489044
40.43352174758911,3.089040978913426,0.04280333732711252,0.15,1.4155902436980021,0.011184575967490673,0.39631627801489044
40.46678137779236,3.089040978913426,0.04280333732711252,0.15,1.4155902436980021,0.011184575967490673,0.39631627801489044
40.50011920928955,3.3676312818152936,-0.017796404061526456,0.15,1.4155902436980021,-0.03227618709206581,0.45856894473980553
40.533875703811646,3.3676312818152936,-0.017796404061526456,0.15,1.4237534012590427,-0.03227618709206581,0.45856894473980553
40.56698966026306,3.3676312818152936,-0.017796404061526456,0.15,1.4237534012590427,-0.03227618709206581,0.45856894473980553
40.59997820854187,3.5106566537481805,-0.05066972556043936,0.15,1.4237534012590427,-0.05345495045185089,0.4919334105971075
40.6334273815155,3.5106566537481805,-0.05066972556043936,0.15,1.4322829929710734,-0.05949969217181206,0.4919334105971075
40.66690969467163,3.5106566537481805,-0.05066972556043936,0.15,1.4322829929710734,-0.05949969217181206,0.4919334105971075
40.70009684562683,3.6476568848031707,-0.08643143513567624,0.15,1.4322829929710734,-0.07160164415836334,0.5283775180965793
40.733439207077026,3.6476568848031707,-0.08643143513567624,0.15,1.4367580724156284,-0.07579020410776138,0.5283775180965793
40.76678800582886,3.6476568848031707,-0.08643143513567624,0.15,1.4367580724156284,-0.08026640117168427,0.5283775180965793
40.80017399787903,3.7810148556077725,-0.1270285311386699,0.15,1.4367580724156284,-0.08746504783630371,0.5692447623630197
40.83344841003418,3.7810148556077725,-0.1270285311386699,0.15,1.4407353320379173,-0.09088446199893951,0.5692447623630197
40.86677861213684,3.7810148556077725,-0.1270285311386699,0.15,1.4407353320379173,-0.09088446199893951,0.5692447623630197
40.899970054626465,3.930958613381824,-0.18119771953526112,0.15,1.4407353320379173,-0.09561711549758911,0.6235302397240644
40.93324160575867,3.930958613381824,-0.18119771953526112,0.15,1.4458504236610321,-0.09692619740962982,0.6235302397240644
40.96665620803833,3.930958613381824,-0.18119771953526112,0.15,1.4458504236610321,-0.09692619740962982,0.6235302397240644
41.000314474105835,4.0659061590321155,-0.23889141851023285,0.15,1.4458504236610321,-0.09644322097301483,0.6812282433763817
41.03346610069275,4.0659061590321155,-0.23889141851023285,0.15,1.4427402414807515,-0.09581854939460754,0.6812282433763817
41.06676363945007,4.0659061590321155,-0.23889141851023285,0.15,1.4427402414807515,-0.09408881515264511,0.6812282433763817
41.10015082359314,4.179023600265856,-0.2942494868044704,0.15,1.4427402414807515,-0.08809630572795868,0.7365636826108116
41.13350176811218,4.179023600265856,-0.2942494868044704,0.15,1.4474678756402326,-0.08498221635818481,0.7365636826108116
41.16683578491211,4.179023600265856,-0.2942494868044704,0.15,1.4474678756402326,-0.08498221635818481,0.7365636826108116
41.200098752975464,4.326711913141994,-0.3756207111619619,0.15,1.4474678756402326,-0.07708418369293213,0.8178443721136557
41.2336483001709,4.326711913141994,-0.3756207111619619,0.15,1.4515730857230005,-0.052489716559648514,0.8178443721136557
41.26681590080261,4.326711913141994,-0.3756207111619619,0.15,1.4515730857230005,-0.044935937970876694,0.8178443721136557
41.30012536048889,4.4290566680365835,-0.43688023514924984,0.15,1.4515730857230005,-0.03585280105471611,0.8790018225908548
41.33366274833679,4.4290566680365835,-0.43688023514924984,0.15,1.450813182980138,-0.02824297919869423,0.8790018225908548
41.366883754730225,4.4290566680365835,-0.43688023514924984,0.15,1.450813182980138,-0.02824297919869423,0.8790018225908548
41.400126218795776,4.4290566680365835,-0.43688023514924984,0.15,1.450813182980138,-0.02824297919869423,0.8790018225908548
41.433496952056885,4.5834006060061645,-0.5324646706829796,0.15,1.450813182980138,0.007079274859279394,0.9743744746463879
41.4668333530426,4.5834006060061645,-0.5324646706829796,0.15,1.451468081356832,0.007079274859279394,0.9743744746463879
41.500164270401,4.5834006060061645,-0.5324646706829796,0.15,1.451468081356832,0.007079274859279394,0.9743744746463879
41.533451080322266,4.710190096832846,-0.6109059881603601,0.15,1.451468081356832,0.047156788408756256,1.051071948942583
41.56682777404785,4.710190096832846,-0.6109059881603601,0.15,1.4530653975435235,0.05840958282351494,1.051071948942583
41.6001296043396,4.710190096832846,-0.6109059881603601,0.15,1.4530653975435235,0.05840958282351494,1.051071948942583
41.63344955444336,4.837290819154386,-0.6857382020011896,0.15,1.4530653975435235,0.08255784213542938,1.123881108809089
41.666584730148315,4.837290819154386,-0.6857382020011896,0.15,1.4556372109631295,0.09422966837882996,1.123881108809089
41.7000949382782,4.837290819154386,-0.6857382020011896,0.15,1.4556372109631295,0.09422966837882996,1.123881108809089
41.73347997665405,4.970178409370584,-0.7556165454610305,0.15,1.4556372109631295,0.11738748848438263,1.1915515701557229
41.76681685447693,4.970178409370584,-0.7556165454610305,0.15,1.4626796310134689,0.11738748848438263,1.1915515701557229
41.80011701583862,4.970178409370584,-0.7556165454610305,0.15,1.4626796310134689,0.11738748848438263,1.1915515701557229
41.833343267440796,5.130480734600754,-0.8258084512531687,0.15,1.4626796310134689,0.11738748848438263,1.2593463242788623
41.870424032211304,5.130480734600754,-0.8258084512531687,0.15,1.4683188038674235,0.1574150025844574,1.2593463242788623
41.89999532699585,5.130480734600754,-0.8258084512531687,0.15,1.4683188038674235,0.1574150025844574,1.2593463242788623
41.93328094482422,5.25238355619982,-0.8679342771288454,0.15,1.4683188038674235,0.173242449760437,1.299953081020395
41.97186279296875,5.25238355619982,-0.8679342771288454,0.15,1.470250306235406,0.1811274141073227,1.299953081020395
42.00005078315735,5.25238355619982,-0.8679342771288454,0.15,1.470250306235406,0.1811274141073227,1.299953081020395
42.0333788394928,5.391914515926683,-0.9023251464237556,0.15,1.470250306235406,0.1939224898815155,1.3325378416859608
42.06695342063904,5.391914515926683,-0.9023251464237556,0.15,1.4659950520380147,0.1876629739999771,1.3325378416859608
42.10011315345764,5.504504745497555,-0.919129007036245,0.15,1.4659950520380147,0.18857739865779877,1.3482265317599162
42.133469343185425,5.504504745497555,-0.919129007036245,0.15,1.4636789016783591,0.18344654142856598,1.3482265317599162
42.16671085357666,5.504504745497555,-0.919129007036245,0.15,1.4636789016783591,0.18344654142856598,1.3482265317599162
42.199947118759155,5.504504745497555,-0.919129007036245,0.15,1.4636789016783591,0.18344654142856598,1.3482265317599162
42.233654499053955,5.689743528391315,-0.9267640488821454,0.15,1.4636789016783591,0.18480312824249268,1.3544675700102098
42.266719818115234,5.689743528391315,-0.9267640488821454,0.15,1.4578944477954794,0.18841266632080078,1.3544675700102098
42.30014157295227,5.689743528391315,-0.9267640488821454,0.15,1.4578944477954794,0.18841266632080078,1.3544675700102098
42.33349895477295,5.84408559946077,-0.9142508082269104,0.15,1.4578944477954794,0.18820981681346893,1.341311425844176
42.36686873435974,5.84408559946077,-0.9142508082269104,0.15,1.4564465038833705,0.18494285643100739,1.341311425844176
42.400195837020874,5.924092459357344,-0.9006942412030139,0.15,1.4564465038833705,0.18366634845733643,1.3274997378714715
42.43351149559021,5.924092459357344,-0.9006942412030139,0.15,1.459898688107335,0.1854628026485443,1.3274997378714715
42.46659970283508,5.924092459357344,-0.9006942412030139,0.15,1.459898688107335,0.17966189980506897,1.3274997378714715
42.50025033950806,6.061989568182784,-0.8658256590531804,0.15,1.459898688107335,0.17973755300045013,1.2927141422118218
42.533499240875244,6.061989568182784,-0.8658256590531804,0.15,1.4671690970581281,0.17973755300045013,1.2927141422118218
42.56699466705322,6.061989568182784,-0.8658256590531804,0.15,1.4671690970581281,0.16906872391700745,1.2927141422118218
42.600180864334106,6.061989568182784,-0.8658256590531804,0.15,1.4671690970581281,0.16906872391700745,1.2927141422118218
42.633270025253296,6.267463569123727,-0.7858366928800812,0.15,1.4671690970581281,0.16906872391700745,1.2135982050118523
42.66696500778198,6.267463569123727,-0.7858366928800812,0.15,1.470400429061215,0.16478390991687775,1.2135982050118523
42.70010805130005,6.267463569123727,-0.7858366928800812,0.15,1.470400429061215,0.16478390991687775,1.2135982050118523
42.73362493515015,6.267463569123727,-0.7858366928800812,0.15,1.470400429061215,0.16478390991687775,1.2135982050118523
42.76678228378296,6.4039972489039965,-0.7123121041402883,0.15,1.470400429061215,0.1560230702161789,1.141104312060034
42.800182580947876,6.458704697724102,-0.6777668440794848,0.15,1.4752283663968413,0.1514664888381958,1.1071116698716215
42.83360004425049,6.458704697724102,-0.6777668440794848,0.15,1.4688388664198995,0.1514664888381958,1.1071116698716215
42.86678624153137,6.458704697724102,-0.6777668440794848,0.15,1.4688388664198995,0.12171831727027893,1.1071116698716215
42.90015482902527,6.577125777544466,-0.59365254697501,0.15,1.4688388664198995,0.11532379686832428,1.024250888876352
42.933974266052246,6.577125777544466,-0.59365254697501,0.15,1.4587248548902414,0.11222966760396957,1.024250888876352
42.96693801879883,6.577125777544466,-0.59365254697501,0.15,1.4587248548902414,0.11222966760396957,1.024250888876352
43.00016450881958,6.577125777544466,-0.59365254697501,0.15,1.4587248548902414,0.11222966760396957,1.024250888876352
43.0334997177124,6.577125777544466,-0.59365254697501,0.15,1.4587248548902414,0.11222966760396957,1.024250888876352
43.06696081161499,6.756689788119633,-0.4420159940575282,0.15,1.4587248548902414,0.08947809785604477,0.874914987068028
43.10023379325867,6.796319999990306,-0.40435587084478775,0.15,1.446398940060068,0.08052770048379898,0.8378234011773069
43.13349914550781,6.796319999990306,-0.40435587084478775,0.15,1.4351414230295447,0.07626228034496307,0.8378234011773069
43.1667754650116,6.796319999990306,-0.40435587084478775,0.15,1.4351414230295447,0.0677725225687027,0.8378234011773069
43.20014238357544,6.796319999990306,-0.40435587084478775,0.15,1.4351414230295447,0.0677725225687027,0.8378234011773069
43.2334840297699,6.796319999990306,-0.40435587084478775,0.15,1.4351414230295447,0.0677725225687027,0.8378234011773069
43.26680278778076,6.961494501602699,-0.23401498151987768,0.15,1.4351414230295447,0.02433650940656662,0.6703349647102934
43.300217628479004,6.997592576241244,-0.19417134560668758,0.15,1.4378869222572022,0.015209502540528774,0.6310990800177365
43.33351159095764,6.997592576241244,-0.19417134560668758,0.15,1.4432558332530074,0.009905370883643627,0.6310990800177365
43.36683750152588,6.997592576241244,-0.19417134560668758,0.15,1.4432558332530074,0.009905370883643627,0.6310990800177365
43.40015482902527,6.997592576241244,-0.19417134560668758,0.15,1.4432558332530074,0.009905370883643627,0.6310990800177365
43.43346977233887,6.997592576241244,-0.19417134560668758,0.15,1.4432558332530074,0.009905370883643627,0.6310990800177365
43.466686964035034,7.161386005136363,-0.01197988593529789,0.15,1.4432558332530074,-0.018785052001476288,0.45221547588841776
43.500099182128906,7.188883800523466,0.018593985701157258,0.15,1.4495538285436111,-0.026424817740917206,0.4224020127213147
43.53343367576599,7.188883800523466,0.018593985701157258,0.15,1.4486632091416147,-0.026424817740917206,0.4224020127213147
43.56669855117798,7.188883800523466,0.018593985701157258,0.15,1.4486632091416147,-0.037739649415016174,0.4224020127213147
43.60017943382263,7.289118888984796,0.12730771347231098,0.15,1.4486632091416147,-0.037739649415016174,0.31597123795732635
43.633543729782104,7.289118888984796,0.12730771347231098,0.15,1.445217830186455,-0.037739649415016174,0.31597123795732635
43.666895389556885,7.289118888984796,0.12730771347231098,0.15,1.445217830186455,-0.05221189558506012,0.31597123795732635
43.700124740600586,7.386654876573334,0.22790435545930157,0.15,1.445217830186455,-0.04972371831536293,0.21796809518789084
43.7340521812439,7.386654876573334,0.22790435545930157,0.15,1.4356984584867263,-0.053011007606983185,0.21796809518789084
43.76675844192505,7.386654876573334,0.22790435545930157,0.15,1.4356984584867263,-0.05676843598484993,0.21796809518789084
43.799933671951294,7.386654876573334,0.22790435545930157,0.15,1.4356984584867263,-0.05676843598484993,0.21796809518789084
43.83351016044617,7.386654876573334,0.22790435545930157,0.15,1.4356984584867263,-0.05676843598484993,0.21796809518789084
43.86904788017273,7.573475266437816,0.40446054084248795,0.15,1.4356984584867263,-0.05879053473472595,0.04860372879782291
43.900084018707275,7.5942184932176415,0.4228141990299588,0.15,1.4180676773490244,-0.0633481815457344,0.028991427345850862
43.933419942855835,7.5942184932176415,0.4228141990299588,0.15,1.4127075496221184,-0.0633481815457344,0.028991427345850862
43.96664118766785,7.5942184932176415,0.4228141990299588,0.15,1.4127075496221184,-0.0633481815457344,0.028991427345850862
44.00005340576172,7.701720243289269,0.5139880256113897,0.15,1.4127075496221184,-0.06561236083507538,0.060813415292399774
44.033422231674194,7.701720243289269,0.5139880256113897,0.15,1.4097124199040005,-0.06561236083507538,0.060813415292399774
44.06655216217041,7.701720243289269,0.5139880256113897,0.15,1.4097124199040005,-0.06561236083507538,0.060813415292399774
44.10030746459961,7.814095516747267,0.6025740580696731,0.15,1.4097124199040005,-0.037825312465429306,0.1467863483901848
44.13352036476135,7.814095516747267,0.6025740580696731,0.15,1.4170527590253656,-0.03759472444653511,0.1467863483901848
44.16685938835144,7.814095516747267,0.6025740580696731,0.15,1.4170527590253656,-0.03707144781947136,0.1467863483901848
44.20013928413391,7.814095516747267,0.6025740580696731,0.15,1.4170527590253656,-0.03707144781947136,0.1467863483901848
44.233638763427734,7.814095516747267,0.6025740580696731,0.15,1.4170527590253656,-0.03707144781947136,0.1467863483901848
44.26684069633484,7.814095516747267,0.6025740580696731,0.15,1.4170527590253656,-0.03707144781947136,0.1467863483901848
44.300044775009155,8.044223603882537,0.7699418167735921,0.15,1.4170527590253656,-0.030305497348308563,0.307229771416637
44.3334276676178,8.044223603882537,0.7699418167735921,0.15,1.4220436671771128,-0.030305497348308563,0.307229771416637
44.366838693618774,8.044223603882537,0.7699418167735921,0.15,1.4220436671771128,-0.030305497348308563,0.307229771416637
44.40003824234009,8.166288419259118,0.8536579005341283,0.15,1.4220436671771128,-0.020657045766711235,0.38750802544292795
44.43356442451477,8.166288419259118,0.8536579005341283,0.15,1.4219841721861695,-0.018599040806293488,0.38750802544292795
44.46679711341858,8.166288419259118,0.8536579005341283,0.15,1.4219841721861695,-0.018599040806293488,0.38750802544292795
44.50018525123596,8.280501128268288,0.9301089777829433,0.15,1.4219841721861695,-0.0038064466789364815,0.46074989222337476
44.53371810913086,8.280501128268288,0.9301089777829433,0.15,1.4210663909717824,-0.0038064466789364815,0.46074989222337476
44.567126512527466,8.280501128268288,0.9301089777829433,0.15,1.4210663909717824,-0.0038064466789364815,0.46074989222337476
44.599907875061035,8.398081948030548,1.0079522641510696,0.15,1.4210663909717824,0.007508118636906147,0.5345107147652615
44.63355040550232,8.398081948030548,1.0079522641510696,0.15,1.4074515619527006,0.008944438770413399,0.5345107147652615
44.66696381568909,8.398081948030548,1.0079522641510696,0.15,1.4074515619527006,0.008944438770413399,0.5345107147652615
44.70011496543884,8.513119836063918,1.084337044189973,0.15,1.4074515619527006,0.01952464133501053,0.6074586278577999
44.733492851257324,8.513119836063918,1.084337044189973,0.15,1.3858193158102985,0.01952464133501053,0.6074586278577999
44.76680874824524,8.513119836063918,1.084337044189973,0.15,1.3858193158102985,0.01952464133501053,0.6074586278577999
44.8000864982605,8.628823028797767,1.1625271380204745,0.15,1.3858193158102985,0.030391234904527664,0.6104763137288359
44.83343815803528,8.628823028797767,1.1625271380204745,0.15,1.3704671432415534,0.03454553708434105,0.6104763137288359
44.86696696281433,8.628823028797767,1.1625271380204745,0.15,1.3704671432415534,0.03929084539413452,0.6104763137288359
44.90012073516846,8.741072821512175,1.2412609312667908,0.15,1.3704671432415534,0.04367370530962944,0.5285670111649493
44.9334921836853,8.741072821512175,1.2412609312667908,0.15,1.3709462799226404,0.04367370530962944,0.5285670111649493
44.96686506271362,8.741072821512175,1.2412609312667908,0.15,1.3709462799226404,0.04367370530962944,0.5285670111649493
44.9997718334198,8.855263542297683,1.3254666438873104,0.15,1.3709462799226404,0.045065779238939285,0.4413052172616008
45.03354477882385,8.855263542297683,1.3254666438873104,0.15,1.3763833668396561,0.05453157797455788,0.4413052172616008
45.0668511390686,8.855263542297683,1.3254666438873104,0.15,1.3763833668396561,0.05453157797455788,0.4413052172616008
45.099847078323364,8.967165906118431,1.413016746655801,0.15,1.3763833668396561,0.06421873718500137,0.35101797031720533
45.13500261306763,8.967165906118431,1.413016746655801,0.15,1.3865550377404612,0.0687011256814003,0.35101797031720533
45.16681241989136,8.967165906118431,1.413016746655801,0.15,1.3865550377404612,0.06955573707818985,0.35101797031720533
45.2001850605011,9.076968736233177,1.5058546031445847,0.15,1.3865550377404612,0.07678908854722977,0.2553372158288653
45.233659505844116,9.076968736233177,1.5058546031445847,0.15,1.3914719529761816,0.07641088962554932,0.2553372158288653
45.266852617263794,9.076968736233177,1.5058546031445847,0.15,1.3914719529761816,0.07986036688089371,0.2553372158288653
45.30015778541565,9.18145750591442,1.6023298752412458,0.15,1.3914719529761816,0.08356894552707672,0.15650127889358317
45.33362889289856,9.18145750591442,1.6023298752412458,0.15,1.4017218042311366,0.07981497049331665,0.15650127889358317
45.36686086654663,9.18145750591442,1.6023298752412458,0.15,1.4017218042311366,0.07981497049331665,0.15650127889358317
45.39993333816528,9.28341808860166,1.7054987840751688,0.15,1.4017218042311366,0.08342527598142624,0.05481504968197574
45.43346381187439,9.28341808860166,1.7054987840751688,0.15,1.3976861838582035,0.08899892121553421,0.05481504968197574
45.46687340736389,9.28341808860166,1.7054987840751688,0.15,1.3976861838582035,0.09178391098976135,0.05481504968197574
45.50020217895508,9.28341808860166,1.7054987840751688,0.15,1.3976861838582035,0.09178391098976135,0.05481504968197574
45.53328776359558,9.379889397899085,1.8132978365440056,0.15,1.3976861838582035,0.09339623898267746,0.05131672400146039
45.56681799888611,9.379889397899085,1.8132978365440056,0.15,1.3940824644467937,0.09339623898267746,0.05131672400146039
45.60012078285217,9.379889397899085,1.8132978365440056,0.15,1.3940824644467937,0.09339623898267746,0.05131672400146039
45.63347792625427,9.467849424003038,1.9225712254908134,0.15,1.3940824644467937,0.0998014584183693,0.15915586214158634
45.66668748855591,9.467849424003038,1.9225712254908134,0.15,1.3959624026379776,0.0998014584183693,0.15915586214158634
45.70017051696777,9.467849424003038,1.9225712254908134,0.15,1.3959624026379776,0.0998014584183693,0.15915586214158634
45.733330488204956,9.55060929916612,2.0376874411809642,0.15,1.3959624026379776,0.10445511341094971,0.2791780400193352
45.76684308052063,9.55060929916612,2.0376874411809642,0.15,1.3938313450705202,0.10445511341094971,0.2791780400193352
45.80016303062439,9.55060929916612,2.0376874411809642,0.15,1.3938313450705202,0.10445511341094971,0.2791780400193352
45.83345007896423,9.627356497473523,2.1579764274010853,0.15,1.3938313450705202,0.09985698014497757,0.4028386081239368
45.86685848236084,9.627356497473523,2.1579764274010853,0.15,1.4015592613311125,0.09985698014497757,0.4028386081239368
45.900126934051514,9.627356497473523,2.1579764274010853,0.15,1.4015592613311125,0.09985698014497757,0.4028386081239368
45.93621277809143,9.6983752984707,2.28430942024137,0.15,1.4015592613311125,0.09671179205179214,0.5330856888661016
45.96712779998779,9.6983752984707,2.28430942024137,0.15,1.412637484607457,0.09671179205179214,0.5330856888661016
46.00039982795715,9.6983752984707,2.28430942024137,0.15,1.412637484607457,0.09671179205179214,0.5330856888661016
46.03353667259216,9.761786579153172,2.4134330349034503,0.15,1.412637484607457,0.09527665376663208,0.6657022602472604
46.06663918495178,9.761786579153172,2.4134330349034503,0.15,1.4152030116628802,0.09455994516611099,0.6657022602472604
46.100154876708984,9.801666136168222,2.504958443663519,0.15,1.4152030116628802,0.09240365028381348,0.7592902550230091
46.13394474983215,9.801666136168222,2.504958443663519,0.15,1.412007004733065,0.09240365028381348,0.7592902550230091
46.167020320892334,9.801666136168222,2.504958443663519,0.15,1.412007004733065,0.09240365028381348,0.7592902550230091
46.20014262199402,9.801666136168222,2.504958443663519,0.15,1.412007004733065,0.09240365028381348,0.7592902550230091
46.233572006225586,9.868829679266058,2.6844796973397314,0.15,1.412007004733065,0.07430992275476456,0.9424508836846924
46.26685833930969,9.868829679266058,2.6844796973397314,0.15,1.4161413615721912,0.07430992275476456,0.9424508836846924
46.30020093917847,9.868829679266058,2.6844796973397314,0.15,1.4161413615721912,0.07430992275476456,0.9424508836846924
46.333698749542236,9.912841513130527,2.8253615021183953,0.15,1.4161413615721912,0.06724163889884949,1.0852923541614383
46.36816596984863,9.912841513130527,2.8253615021183953,0.15,1.4161867229971097,0.06468255817890167,1.0852923541614383
46.40318942070007,9.912841513130527,2.8253615021183953,0.15,1.4161867229971097,0.06468255817890167,1.0852923541614383
46.43337273597717,9.949597824346446,2.9611521473774864,0.15,1.4161867229971097,0.05921534076333046,1.2214308058215868
46.46689009666443,9.949597824346446,2.9611521473774864,0.15,1.4131033225087852,0.05625716969370842,1.2214308058215868
46.50012516975403,9.969521062999444,3.0435154351668245,0.15,1.4131033225087852,0.053067468106746674,1.304291079677039
46.53349566459656,9.969521062999444,3.0435154351668245,0.15,1.4079675217246643,0.05137414485216141,1.304291079677039
46.56680393218994,9.969521062999444,3.0435154351668245,0.15,1.4079675217246643,0.04881131276488304,1.304291079677039
46.600157260894775,9.969521062999444,3.0435154351668245,0.15,1.4079675217246643,0.04881131276488304,1.304291079677039
46.6331946849823,10.011952188519551,3.243990407779099,0.15,1.4079675217246643,0.04182272404432297,1.505234021375283
46.66683220863342,10.011952188519551,3.243990407779099,0.15,1.4057701172383732,0.03956113010644913,1.505234021375283
46.70016956329346,10.011952188519551,3.243990407779099,0.15,1.4057701172383732,0.03956113010644913,1.505234021375283
46.73394250869751,10.037597600268569,3.3865891901219842,0.15,1.4057701172383732,0.035496048629283905,1.6481247369955503
46.766886711120605,10.037597600268569,3.3865891901219842,0.15,1.4073711653133643,0.030071938410401344,1.6481247369955503
46.8000545501709,10.050653841300038,3.4664531858054604,0.15,1.4073711653133643,0.02594180963933468,1.7281259805522629
46.83346509933472,10.050653841300038,3.4664531858054604,0.15,1.4196589081253737,0.023641148582100868,1.7281259805522629
46.8668167591095,10.050653841300038,3.4664531858054604,0.15,1.4196589081253737,0.023641148582100868,1.7281259805522629
46.90016174316406,10.050653841300038,3.4664531858054604,0.15,1.4196589081253737,0.023641148582100868,1.7281259805522629
46.93323516845703,10.050653841300038,3.4664531858054604,0.15,1.4196589081253737,0.020458173006772995,1.7281259805522629
46.96688675880432,10.082276371769687,3.6773683991189388,0.15,1.4196589081253737,0.011538855731487274,1.9395294963194112
47.00013065338135,10.082276371769687,3.6773683991189388,0.15,1.4335723314039206,0.011538855731487274,1.9395294963194112
47.03328585624695,10.082276371769687,3.6773683991189388,0.15,1.4335723314039206,0.011538855731487274,1.9395294963194112
47.066850662231445,10.10251497954656,3.8209470056699693,0.15,1.4335723314039206,-0.004888766910880804,2.0832538621416368
47.10023307800293,10.10251497954656,3.8209470056699693,0.15,1.4409759677830536,-0.004888766910880804,2.0832538621416368
47.1334502696991,10.10251497954656,3.8209470056699693,0.15,1.4409759677830536,-0.004888766910880804,2.0832538621416368
47.17283535003662,10.123024324518118,3.9653065954312026,0.15,1.4409759677830536,-0.011446799151599407,2.227929699384672
47.20100450515747,10.123024324518118,3.9653065954312026,0.15,1.4388571171260949,-0.011446799151599407,2.227929699384672
47.23367428779602,10.123024324518118,3.9653065954312026,0.15,1.4388571171260949,-0.011446799151599407,2.227929699384672
47.26687693595886,10.144363697049116,4.110643647903363,0.15,1.4388571171260949,-0.01835460588335991,2.3734479113435816
47.300166845321655,10.153212810158902,4.168740254308752,0.15,1.4357552783595535,-0.018216729164123535,2.431615187837095
47.333518266677856,10.153212810158902,4.168740254308752,0.15,1.4377149309100419,-0.018216729164123535,2.431615187837095
47.36696910858154,10.153212810158902,4.168740254308752,0.15,1.4377149309100419,-0.020515086129307747,2.431615187837095
47.40015983581543,10.153212810158902,4.168740254308752,0.15,1.4377149309100419,-0.020515086129307747,2.431615187837095
47.433610677719116,10.153212810158902,4.168740254308752,0.15,1.4377149309100419,-0.020515086129307747,2.431615187837095
47.466798305511475,10.19166755108078,4.4029619380500185,0.15,1.4377149309100419,-0.006641725543886423,2.6662771889476793
47.50012493133545,10.200385845995633,4.452910569176038,0.15,1.4306218098099017,-0.006083908956497908,2.6690860833298724
47.533456802368164,10.200385845995633,4.452910569176038,0.15,1.4277146145742874,-0.006083908956497908,2.6690860833298724
47.5667998790741,10.200385845995633,4.452910569176038,0.15,1.4277146145742874,-0.0038676674012094736,2.6690860833298724
47.59992599487305,10.200385845995633,4.452910569176038,0.15,1.4277146145742874,-0.0038676674012094736,2.6690860833298724
47.63363170623779,10.200385845995633,4.452910569176038,0.15,1.4277146145742874,-0.0038676674012094736,2.6690860833298724
47.66680288314819,10.241924601221577,4.687576139497602,0.15,1.4277146145742874,-0.003020604606717825,2.6785100189490008
47.7000036239624,10.250541262456093,4.735776840087767,0.15,1.424809893387973,0.0009793075732886791,2.679989118069956
47.73354697227478,10.250541262456093,4.735776840087767,0.15,1.4205197383882278,0.001210243790410459,2.679989118069956
47.766690254211426,10.250541262456093,4.735776840087767,0.15,1.4205197383882278,0.003045099088922143,2.679989118069956
47.80008506774902,10.27506975013069,4.873721776496564,0.15,1.4205197383882278,0.0035555569920688868,2.6830990674821797
47.833523988723755,10.27506975013069,4.873721776496564,0.15,1.4251116061232487,0.0035555569920688868,2.6830990674821797
47.8668999671936,10.27506975013069,4.873721776496564,0.15,1.4251116061232487,0.012835805304348469,2.6830990674821797
47.900152921676636,10.299518066279093,5.01494784506104,0.15,1.4251116061232487,0.013968096114695072,2.6067494506072237
47.933409214019775,10.299518066279093,5.01494784506104,0.15,1.4334374671056487,0.013968096114695072,2.6067494506072237
47.96702575683594,10.299518066279093,5.01494784506104,0.15,1.4334374671056487,0.014206674881279469,2.6067494506072237
48.0001859664917,10.323099320319587,5.1576508630772455,0.15,1.4334374671056487,0.012700449675321579,2.489657590456276
48.03354620933533,10.323099320319587,5.1576508630772455,0.15,1.440254285799063,0.012700449675321579,2.489657590456276
48.06676769256592,10.323099320319587,5.1576508630772455,0.15,1.440254285799063,0.011079016141593456,2.489657590456276
48.10011339187622,10.346042602949437,5.301446346912947,0.15,1.440254285799063,0.005737878382205963,2.371736881909727
48.133540391922,10.346042602949437,5.301446346912947,0.15,1.4444008817915046,0.0021909093484282494,2.371736881909727
48.16684126853943,10.346042602949437,5.301446346912947,0.15,1.4444008817915046,-0.002072962699458003,2.371736881909727
48.2001473903656,10.346042602949437,5.301446346912947,0.15,1.4444008817915046,-0.002072962699458003,2.371736881909727
48.23349070549011,10.346042602949437,5.301446346912947,0.15,1.4444008817915046,-0.002072962699458003,2.371736881909727
48.2664315700531,10.38734177061905,5.561228818701496,0.15,1.4444008817915046,-0.002072962699458003,2.156470142917228
48.30009174346924,10.391292216026356,5.585849027048932,0.15,1.4467981147713693,-0.01930035650730133,2.1361907076710147
48.33345556259155,10.391292216026356,5.585849027048932,0.15,1.4490092048986716,-0.025590933859348297,2.1361907076710147
48.36687183380127,10.391292216026356,5.585849027048932,0.15,1.4490092048986716,-0.025590933859348297,2.1361907076710147
48.40012049674988,10.415367129052516,5.72735950494757,0.15,1.4490092048986716,-0.039420511573553085,2.0217057579934834
48.43340182304382,10.415367129052516,5.72735950494757,0.15,1.4424766899276573,-0.039420511573553085,2.0217057579934834
48.46692705154419,10.415367129052516,5.72735950494757,0.15,1.4424766899276573,-0.039420511573553085,2.0217057579934834
48.500229835510254,10.442974544399256,5.869031992000169,0.15,1.4424766899276573,-0.06075426563620567,1.910220416237739
48.53380608558655,10.442974544399256,5.869031992000169,0.15,1.4410866624683016,-0.06075426563620567,1.910220416237739
48.56721091270447,10.442974544399256,5.869031992000169,0.15,1.4410866624683016,-0.06075426563620567,1.910220416237739
48.5999391078949,10.476124211820807,6.012409617053053,0.15,1.4410866624683016,-0.0750536322593689,1.8017348033556584
48.63336229324341,10.476124211820807,6.012409617053053,0.15,1.444154470441064,-0.0750536322593689,1.8017348033556584
48.66677284240723,10.476124211820807,6.012409617053053,0.15,1.444154470441064,-0.0750536322593689,1.8017348033556584
48.700145959854126,10.513474971697002,6.148574963984511,0.15,1.444154470441064,-0.08447927236557007,1.703217273398243
48.73351573944092,10.513474971697002,6.148574963984511,0.15,1.4557810961275928,-0.08841494470834732,1.703217273398243
48.766777753829956,10.513474971697002,6.148574963984511,0.15,1.4557810961275928,-0.08841494470834732,1.703217273398243
48.80011558532715,10.56174629127425,6.296117291580753,0.15,1.4557810961275928,-0.09490271657705307,1.6026020379553465
48.83349394798279,10.56174629127425,6.296117291580753,0.15,1.4634089807337223,-0.09490271657705307,1.6026020379553465
48.86685109138489,10.56174629127425,6.296117291580753,0.15,1.4634089807337223,-0.09490271657705307,1.6026020379553465
48.900148153305054,10.613727582711855,6.429901995243899,0.15,1.4634089807337223,-0.10037941485643387,1.5174957091817487
48.93346428871155,10.613727582711855,6.429901995243899,0.15,1.4680715406575542,-0.10111623257398605,1.5174957091817487
48.96684265136719,10.613727582711855,6.429901995243899,0.15,1.4680715406575542,-0.10111623257398605,1.5174957091817487
49.00008463859558,10.675530003758782,6.565855814819998,0.15,1.4680715406575542,-0.0989857017993927,1.437333403782193
49.033462047576904,10.675530003758782,6.565855814819998,0.15,1.4646634275800916,-0.0989857017993927,1.437333403782193
49.06679582595825,10.675530003758782,6.565855814819998,0.15,1.4646634275800916,-0.0989857017993927,1.437333403782193
49.09998345375061,10.745127073181653,6.6980185914150745,0.15,1.4646634275800916,-0.0816684365272522,1.3660479158359244
49.13354158401489,10.745127073181653,6.6980185914150745,0.15,1.4579508053870762,-0.07939928770065308,1.3660479158359244
49.16683554649353,10.745127073181653,6.6980185914150745,0.15,1.4579508053870762,-0.07939928770065308,1.3660479158359244
49.200098276138306,10.818714447818676,6.822284233064171,0.15,1.4579508053870762,-0.07088974118232727,1.304309700366571
49.23348832130432,10.818714447818676,6.822284233064171,0.15,1.454326381656016,-0.06753437221050262,1.304309700366571
49.26683020591736,10.818714447818676,6.822284233064171,0.15,1.454326381656016,-0.06753437221050262,1.304309700366571
49.30005240440369,10.897601182553029,6.944320473771918,0.15,1.454326381656016,-0.05682581290602684,1.244285848608748
49.33364200592041,10.897601182553029,6.944320473771918,0.15,1.4521128319566996,-0.052357688546180725,1.244285848608748
49.36690664291382,10.897601182553029,6.944320473771918,0.15,1.4521128319566996,-0.052357688546180725,1.244285848608748
49.40004539489746,10.983202771569216,7.068014116775952,0.15,1.4521128319566996,-0.039435651153326035,1.1735255730504068
49.43347501754761,10.983202771569216,7.068014116775952,0.15,1.4464155886351078,-0.03439222276210785,1.1735255730504068
49.46690607070923,10.983202771569216,7.068014116775952,0.15,1.4464155886351078,-0.027994511649012566,1.1735255730504068
49.49995684623718,11.069842235709363,7.188885528649054,0.15,1.4464155886351078,-0.0098304133862257,1.1066725063895213
49.533416986465454,11.069842235709363,7.188885528649054,0.15,1.446255868361012,-0.0040896120481193066,1.1066725063895213
49.56703329086304,11.069842235709363,7.188885528649054,0.15,1.446255868361012,-0.0040896120481193066,1.1066725063895213
49.59997510910034,11.156164020481647,7.308297859626134,0.15,1.446255868361012,-0.0040896120481193066,1.0427518199747035
49.63348984718323,11.156164020481647,7.308297859626134,0.15,1.4494155059219527,0.01603344827890396,1.0427518199747035
49.66915535926819,11.156164020481647,7.308297859626134,0.15,1.4494155059219527,0.022605976089835167,1.0427518199747035
49.700045585632324,11.156164020481647,7.308297859626134,0.15,1.4494155059219527,0.022605976089835167,1.0427518199747035
49.73412346839905,11.244457598661565,7.431865752955702,0.15,1.4494155059219527,0.037527501583099365,0.9792622292541008
49.76683044433594,11.244457598661565,7.431865752955702,0.15,1.4521011978487521,0.044498421251773834,0.9792622292541008
49.800267696380615,11.313704578123835,7.532747506540395,0.15,1.4521011978487521,0.05112757906317711,0.9281146444886905
49.83339333534241,11.313704578123835,7.532747506540395,0.15,1.4569856674027855,0.05628824979066849,0.9281146444886905
49.86683654785156,11.313704578123835,7.532747506540395,0.15,1.4569856674027855,0.05628824979066849,0.9281146444886905
49.90014433860779,11.313704578123835,7.532747506540395,0.15,1.4569856674027855,0.05628824979066849,0.9281146444886905
49.93363642692566,11.407077422056227,7.67893882181992,0.15,1.4569856674027855,0.07575739920139313,0.8529494134188219
49.966766357421875,11.407077422056227,7.67893882181992,0.15,1.4587959982490857,0.07575739920139313,0.8529494134188219
50.00010895729065,11.407077422056227,7.67893882181992,0.15,1.4587959982490857,0.07575739920139313,0.8529494134188219
50.03373408317566,11.480904961092278,7.806703857864971,0.15,1.4587959982490857,0.08889476954936981,0.7842575508536895
50.066871881484985,11.480904961092278,7.806703857864971,0.15,1.4312832286536035,0.09249323606491089,0.7842575508536895
50.100245237350464,11.536629650338153,7.914086901678246,0.15,1.4312832286536035,0.09441547095775604,0.7201916804230377
50.13374447822571,11.536629650338153,7.914086901678246,0.15,1.4041683694674796,0.09660566598176956,0.7201916804230377
50.16687345504761,11.536629650338153,7.914086901678246,0.15,1.4041683694674796,0.09660566598176956,0.7201916804230377
50.20016264915466,11.536629650338153,7.914086901678246,0.15,1.4041683694674796,0.09660566598176956,0.7201916804230377
50.23375463485718,11.604822220502149,8.064749545694944,0.15,1.4041683694674796,0.10094098746776581,0.6196819836779298
50.266738176345825,11.604822220502149,8.064749545694944,0.15,1.3885787492192028,0.10204752534627914,0.6196819836779298
50.300164461135864,11.640836194913467,8.156633281738392,0.15,1.3885787492192028,0.07278542965650558,0.5562290338977421
50.33349633216858,11.640836194913467,8.156633281738392,0.15,1.3872083554757273,0.07278542965650558,0.5562290338977421
50.366949796676636,11.640836194913467,8.156633281738392,0.15,1.3872083554757273,0.07278542965650558,0.5562290338977421
50.40010857582092,11.640836194913467,8.156633281738392,0.15,1.3872083554757273,0.07278542965650558,0.5562290338977421
50.43336033821106,11.700888444398622,8.33348047367994,0.15,1.3872083554757273,0.07063683867454529,0.4285133845076283
50.46683216094971,11.700888444398622,8.33348047367994,0.15,1.3968836516948318,0.06781834363937378,0.4285133845076283
50.50008535385132,11.700888444398622,8.33348047367994,0.15,1.3968836516948318,0.06781834363937378,0.4285133845076283
50.53335785865784,11.739993606065838,8.468320003059178,0.15,1.3968836516948318,0.06864794343709946,0.32541425769748134
50.566802740097046,11.739993606065838,8.468320003059178,0.15,1.4071022375668654,0.06864794343709946,0.32541425769748134
50.60009264945984,11.739993606065838,8.468320003059178,0.15,1.4071022375668654,0.06864794343709946,0.32541425769748134
50.63341426849365,11.77545565506886,8.610603542971976,0.15,1.4071022375668654,0.06523885577917099,0.21101431514294308
50.66697669029236,11.77545565506886,8.610603542971976,0.15,1.4197772037296836,0.06371437013149261,0.21101431514294308
50.70014834403992,11.77545565506886,8.610603542971976,0.15,1.4197772037296836,0.06371437013149261,0.21101431514294308
50.73342227935791,11.805537014400722,8.75412904273788,0.15,1.4197772037296836,0.04834390804171562,0.09069786206229367
50.76696252822876,11.805537014400722,8.75412904273788,0.15,1.418323257311685,0.04608471691608429,0.09069786206229367
50.800193786621094,11.805537014400722,8.75412904273788,0.15,1.418323257311685,0.04608471691608429,0.09069786206229367
50.83336567878723,11.830436039071932,8.894456387258058,0.15,1.418323257311685,0.042724382132291794,0.02055544774878061
50.86678862571716,11.830436039071932,8.894456387258058,0.15,1.4087621823243732,0.04089963063597679,0.02055544774878061
50.89996695518494,11.845184530850519,8.988705695559018,0.15,1.4087621823243732,0.04089963063597679,0.09448516657103787
50.933849573135376,11.845184530850519,8.988705695559018,0.15,1.3943913531861487,0.038003817200660706,0.09448516657103787
50.9667854309082,11.845184530850519,8.988705695559018,0.15,1.3943913531861487,0.038003817200660706,0.09448516657103787
50.99992537498474,11.862756876251014,9.11404356855809,0.15,1.3943913531861487,0.038003817200660706,0.20557814135807867
51.033440589904785,11.862756876251014,9.11404356855809,0.15,1.3806151695689053,0.038003817200660706,0.20557814135807867
51.06684756278992,11.862756876251014,9.11404356855809,0.15,1.3806151695689053,0.038003817200660706,0.20557814135807867
51.10021615028381,11.862756876251014,9.11404356855809,0.15,1.3806151695689053,0.038003817200660706,0.20557814135807867
51.13379383087158,11.862756876251014,9.11404356855809,0.15,1.3806151695689053,0.038003817200660706,0.20557814135807867
51.16691493988037,11.887971738624996,9.32111109919514,0.15,1.3806151695689053,0.0037857554852962494,0.3970704803775796
51.20013928413391,11.887971738624996,9.32111109919514,0.15,1.3796588233480984,0.0037857554852962494,0.3970704803775796
51.233484506607056,11.887971738624996,9.32111109919514,0.15,1.3796588233480984,0.0037857554852962494,0.3970704803775796
51.26689386367798,11.903452351805582,9.459464906940871,0.15,1.3796588233480984,-0.007814819924533367,0.5277990222703418
51.30007839202881,11.910479460196521,9.521712808125733,0.15,1.388558686347761,-0.012374389916658401,0.5875361821004748
51.33363056182861,11.910479460196521,9.521712808125733,0.15,1.3985517592193115,-0.012374389916658401,0.5875361821004748
51.366979122161865,11.910479460196521,9.521712808125733,0.15,1.3985517592193115,-0.018608009442687035,0.5875361821004748
51.400156021118164,11.927636934270675,9.665682049820973,0.15,1.3985517592193115,-0.02385435625910759,0.7248555992914207
51.433459758758545,11.927636934270675,9.665682049820973,0.15,1.4201407492886078,-0.02385435625910759,0.7248555992914207
51.466989278793335,11.927636934270675,9.665682049820973,0.15,1.4201407492886078,-0.03387221321463585,0.7248555992914207
51.50008511543274,11.946797996126438,9.808503498076945,0.15,1.4201407492886078,-0.04024361073970795,0.8632037468444766
51.53347992897034,11.946797996126438,9.808503498076945,0.15,1.43337484906221,-0.04024361073970795,0.8632037468444766
51.56689715385437,11.946797996126438,9.808503498076945,0.15,1.43337484906221,-0.04882558062672615,0.8632037468444766
51.600162744522095,11.969772456973008,9.95377694088329,0.15,1.43337484906221,-0.058942005038261414,1.0031566306504298
51.63375186920166,11.969772456973008,9.95377694088329,0.15,1.4324828872605866,-0.058942005038261414,1.0031566306504298
51.66698384284973,11.969772456973008,9.95377694088329,0.15,1.4324828872605866,-0.0660410150885582,1.0031566306504298
51.7001678943634,11.969772456973008,9.95377694088329,0.15,1.4324828872605866,-0.0660410150885582,1.0031566306504298
51.73337912559509,11.969772456973008,9.95377694088329,0.15,1.4324828872605866,-0.0660410150885582,1.0031566306504298
51.76665782928467,12.015040844553088,10.176939520176465,0.15,1.4324828872605866,-0.07723713666200638,1.2206533276113598
51.80021595954895,12.026755235602215,10.225196930921975,0.15,1.422792451866735,-0.09639062732458115,1.2674356637143975
51.83350872993469,12.026755235602215,10.225196930921975,0.15,1.4154227922540452,-0.09639062732458115,1.2674356637143975
51.86683106422424,12.026755235602215,10.225196930921975,0.15,1.4154227922540452,-0.11830931156873703,1.2674356637143975
51.89990210533142,12.026755235602215,10.225196930921975,0.15,1.4154227922540452,-0.11830931156873703,1.2674356637143975
51.9333610534668,12.026755235602215,10.225196930921975,0.15,1.4154227922540452,-0.11830931156873703,1.2674356637143975
51.96648979187012,12.098347691152679,10.45234727408748,0.15,1.4154227922540452,-0.12949374318122864,1.4894860046651475
52.00012969970703,12.114102575843047,10.492407128616396,0.15,1.4088116973944251,-0.14514783024787903,1.5290732919565873
52.033493518829346,12.114102575843047,10.492407128616396,0.15,1.4031055457165396,-0.14514783024787903,1.5290732919565873
52.066630125045776,12.114102575843047,10.492407128616396,0.15,1.4031055457165396,-0.16912271082401276,1.5290732919565873
52.100218296051025,12.114102575843047,10.492407128616396,0.15,1.4031055457165396,-0.16912271082401276,1.5290732919565873
52.13354420661926,12.192133347051387,10.655703648562069,0.15,1.4031055457165396,-0.18935878574848175,1.6910706233777593
52.168928384780884,12.192133347051387,10.655703648562069,0.15,1.4078813530304768,-0.18935878574848175,1.6910706233777593
52.20020914077759,12.192133347051387,10.655703648562069,0.15,1.4078813530304768,-0.18935878574848175,1.6910706233777593
52.23366570472717,12.192133347051387,10.655703648562069,0.15,1.4078813530304768,-0.18935878574848175,1.6910706233777593
52.26683330535889,12.308668796009144,10.830898020947664,0.15,1.4078813530304768,-0.20698268711566925,1.869640887927269
52.30005216598511,12.329088596055138,10.856023301000508,0.15,1.4202660097793367,-0.22837531566619873,1.8960421338470614
52.33341431617737,12.329088596055138,10.856023301000508,0.15,1.4155300637071768,-0.23407024145126343,1.8960421338470614
52.366739988327026,12.329088596055138,10.856023301000508,0.15,1.4155300637071768,-0.22252406179904938,1.8960421338470614
52.400187969207764,12.430056571733095,10.961967285969717,0.15,1.4155300637071768,-0.22519521415233612,2.0090608532184486
52.43351125717163,12.430056571733095,10.961967285969717,0.15,1.416360888189515,-0.23023076355457306,2.0090608532184486
52.46687650680542,12.430056571733095,10.961967285969717,0.15,1.416360888189515,-0.23431003093719482,2.0090608532184486
52.50021433830261,12.537049616295585,11.048519349370947,0.15,1.416360888189515,-0.23728902637958527,2.107580762035582
52.533615827560425,12.537049616295585,11.048519349370947,0.15,1.4147256207248742,-0.23728902637958527,2.107580762035582
52.5669207572937,12.537049616295585,11.048519349370947,0.15,1.4147256207248742,-0.2425769865512848,2.107580762035582
52.60083270072937,12.658979750811351,11.122708163123708,0.15,1.4147256207248742,-0.24380111694335938,2.199635016184001
52.63351893424988,12.658979750811351,11.122708163123708,0.15,1.4118613855773856,-0.24380111694335938,2.199635016184001
52.66679883003235,12.658979750811351,11.122708163123708,0.15,1.4118613855773856,-0.24380111694335938,2.199635016184001
52.7014274597168,12.784948353141486,11.177651153663296,0.15,1.4118613855773856,-0.24380111694335938,2.0711482807042403
52.737160444259644,12.784948353141486,11.177651153663296,0.15,1.404830570199971,-0.24380111694335938,2.0711482807042403
52.76682138442993,12.784948353141486,11.177651153663296,0.15,1.404830570199971,-0.24380111694335938,2.0711482807042403
52.80009627342224,12.784948353141486,11.177651153663296,0.15,1.404830570199971,-0.24380111694335938,2.0711482807042403
52.833489418029785,12.784948353141486,11.177651153663296,0.15,1.404830570199971,-0.24380111694335938,2.0711482807042403
52.86685037612915,12.784948353141486,11.177651153663296,0.15,1.404830570199971,-0.24380111694335938,2.0711482807042403
52.900147438049316,13.064337089362136,11.236078110803078,0.15,1.404830570199971,-0.23768217861652374,1.789136166673353
52.93344497680664,13.064337089362136,11.236078110803078,0.15,1.393167565688528,-0.23932884633541107,1.789136166673353
52.96678352355957,13.064337089362136,11.236078110803078,0.15,1.393167565688528,-0.23932884633541107,1.789136166673353
53.00213003158569,13.198681045897645,11.236891909576757,0.15,1.393167565688528,-0.2307123839855194,1.6549996109073075
53.03327822685242,13.198681045897645,11.236891909576757,0.15,1.3937104808909082,-0.2307123839855194,1.6549996109073075
53.06999111175537,13.198681045897645,11.236891909576757,0.15,1.3937104808909082,-0.2307123839855194,1.6549996109073075
53.10041785240173,13.346926229361049,11.218447329444421,0.15,1.3937104808909082,-0.22542214393615723,1.5078036817623293
53.13342523574829,13.346926229361049,11.218447329444421,0.15,1.401369805731234,-0.2278849482536316,1.5078036817623293
53.16698694229126,13.346926229361049,11.218447329444421,0.15,1.401369805731234,-0.22062671184539795,1.5078036817623293
53.20011305809021,13.346926229361049,11.218447329444421,0.15,1.401369805731234,-0.22062671184539795,1.5078036817623293
53.233630895614624,13.346926229361049,11.218447329444421,0.15,1.401369805731234,-0.22062671184539795,1.5078036817623293
53.266664266586304,13.346926229361049,11.218447329444421,0.15,1.401369805731234,-0.22062671184539795,1.5078036817623293
53.300214529037476,13.611131624590609,11.132765771508684,0.15,1.401369805731234,-0.20360884070396423,1.2479411904921058
53.333603382110596,13.611131624590609,11.132765771508684,0.15,1.4222596408579102,-0.2033110111951828,1.2479411904921058
53.36673092842102,13.611131624590609,11.132765771508684,0.15,1.4222596408579102,-0.2016514390707016,1.2479411904921058
53.40309810638428,13.734999458877049,11.066710932685167,0.15,1.4222596408579102,-0.19805580377578735,1.1271445842956105
53.435110330581665,13.734999458877049,11.066710932685167,0.15,1.4193926763041762,-0.19033260643482208,1.1271445842956105
53.46662402153015,13.734999458877049,11.066710932685167,0.15,1.4193926763041762,-0.19033260643482208,1.1271445842956105
53.50020122528076,13.866538116550993,10.976231849958436,0.15,1.4193926763041762,-0.18382500112056732,0.9991259616535579
53.533597230911255,13.866538116550993,10.976231849958436,0.15,1.417822966905587,-0.17618799209594727,0.9991259616535579
53.56681299209595,13.866538116550993,10.976231849958436,0.15,1.417822966905587,-0.17618799209594727,0.9991259616535579
53.599995851516724,13.965787877653248,10.89183129675119,0.15,1.417822966905587,-0.14744353294372559,0.9026351213431822
53.633662939071655,13.965787877653248,10.89183129675119,0.15,1.4193505084746656,-0.14591960608959198,0.9026351213431822
53.666903495788574,13.965787877653248,10.89183129675119,0.15,1.4193505084746656,-0.13527946174144745,0.9026351213431822
53.70000433921814,14.070399479594926,10.787076941560391,0.15,1.4193505084746656,-0.1275695264339447,0.8005331774763729
53.73429465293884,14.070399479594926,10.787076941560391,0.15,1.4244646448855547,-0.12418496608734131,0.8005331774763729
53.766979455947876,14.070399479594926,10.787076941560391,0.15,1.4244646448855547,-0.12418496608734131,0.8005331774763729
53.80314636230469,14.165397347784547,10.677516472132137,0.15,1.4244646448855547,-0.10867501050233841,0.7072586229976818
53.83375358581543,14.165397347784547,10.677516472132137,0.15,1.4319336185343157,-0.10424058139324188,0.7072586229976818
53.8668909072876,14.165397347784547,10.677516472132137,0.15,1.4319336185343157,-0.0924239531159401,0.7072586229976818
53.90028500556946,14.24142450069198,10.579249491835247,0.15,1.4319336185343157,-0.08166999369859695,0.6327106300891036
53.93344759941101,14.24142450069198,10.579249491835247,0.15,1.426921788951453,-0.07425344735383987,0.6327106300891036
53.9668710231781,14.24142450069198,10.579249491835247,0.15,1.426921788951453,-0.06065233424305916,0.6327106300891036
54.00017285346985,14.24142450069198,10.579249491835247,0.15,1.426921788951453,-0.06065233424305916,0.6327106300891036
54.03345513343811,14.340662347865338,10.440288642022763,0.15,1.426921788951453,-0.040535103529691696,0.5355873833695295
54.066900968551636,14.340662347865338,10.440288642022763,0.15,1.4267376230248179,-0.040535103529691696,0.5355873833695295
54.10021924972534,14.340662347865338,10.440288642022763,0.15,1.4267376230248179,-0.040535103529691696,0.5355873833695295
54.133873462677,14.423479645573266,10.31808535551462,0.15,1.4267376230248179,-0.01590357907116413,0.4536743351601206
54.166882276535034,14.423479645573266,10.31808535551462,0.15,1.4281420608369302,-0.008414734154939651,0.4536743351601206
54.200156927108765,14.484067117511426,10.227005284354345,0.15,1.4281420608369302,9.109758684644476e-05,0.39422666453793365
54.233505964279175,14.484067117511426,10.227005284354345,0.15,1.4322843485823136,9.109758684644476e-05,0.39422666453793365
54.267210245132446,14.484067117511426,10.227005284354345,0.15,1.4322843485823136,9.109758684644476e-05,0.39422666453793365
54.300315618515015,14.484067117511426,10.227005284354345,0.15,1.4322843485823136,9.109758684644476e-05,0.39422666453793365
54.333460092544556,14.583366458552115,10.078324692145094,0.15,1.4322843485823136,0.02483363263309002,0.2968307843073805
54.366849184036255,14.583366458552115,10.078324692145094,0.15,1.4294746567196712,0.03124142624437809,0.2968307843073805
54.40018892288208,14.583366458552115,10.078324692145094,0.15,1.4294746567196712,0.03124142624437809,0.2968307843073805
54.43346571922302,14.669437762456507,9.953090624964013,0.15,1.4294746567196712,0.04344292730093002,0.21219592804646387
54.46679449081421,14.669437762456507,9.953090624964013,0.15,1.4372327811598162,0.037970032542943954,0.21219592804646387
54.50050115585327,14.728673553414119,9.87031754447667,0.15,1.4372327811598162,0.041678525507450104,0.15435096574627663
54.533451795578,14.728673553414119,9.87031754447667,0.15,1.4368895031572622,0.041678525507450104,0.15435096574627663
54.566821813583374,14.728673553414119,9.87031754447667,0.15,1.4368895031572622,0.041678525507450104,0.15435096574627663
54.60008478164673,14.728673553414119,9.87031754447667,0.15,1.4368895031572622,0.041678525507450104,0.15435096574627663
54.63333177566528,14.84199971084498,9.719699418422747,0.15,1.4368895031572622,0.05247056856751442,0.04478673094248849
54.66685152053833,14.84199971084498,9.719699418422747,0.15,1.4432752374901427,0.05247056856751442,0.04478673094248849
54.70046353340149,14.84199971084498,9.719699418422747,0.15,1.4432752374901427,0.05247056856751442,0.04478673094248849
54.733436584472656,14.934391354369627,9.60476035152881,0.15,1.4432752374901427,0.057450879365205765,0.0350494726058112
54.766637325286865,14.934391354369627,9.60476035152881,0.15,1.440638054282704,0.05983421206474304,0.0350494726058112
54.80019450187683,14.997601280149604,9.530338602766836,0.15,1.440638054282704,0.06401380896568298,0.09455761073299554
54.83339595794678,14.997601280149604,9.530338602766836,0.15,1.4445536429081827,0.06739053875207901,0.09455761073299554
54.86683464050293,14.997601280149604,9.530338602766836,0.15,1.4445536429081827,0.06739053875207901,0.09455761073299554
54.90018057823181,14.997601280149604,9.530338602766836,0.15,1.4445536429081827,0.06739053875207901,0.09455761073299554
54.9334819316864,15.131687747374594,9.38395025324221,0.15,1.4445536429081827,0.0701545774936676,0.22227574854990023
54.96693444252014,15.131687747374594,9.38395025324221,0.15,1.4445864934459174,0.07039079070091248,0.22227574854990023
55.000165939331055,15.131687747374594,9.38395025324221,0.15,1.4445864934459174,0.07039079070091248,0.22227574854990023
55.0338773727417,15.236837132564947,9.279342924043457,0.15,1.4445864934459174,0.07045982778072357,0.32253435887345744
55.06676721572876,15.236837132564947,9.279342924043457,0.15,1.454413894737549,0.0702868178486824,0.32253435887345744
55.10008239746094,15.301327126430715,9.219197432813385,0.15,1.454413894737549,0.06932006776332855,0.38429309332813805
55.133380651474,15.301327126430715,9.219197432813385,0.15,1.4670165171486507,0.06861497461795807,0.38429309332813805
55.16688942909241,15.301327126430715,9.219197432813385,0.15,1.4670165171486507,0.06752321869134903,0.38429309332813805
55.20018005371094,15.301327126430715,9.219197432813385,0.15,1.4670165171486507,0.06752321869134903,0.38429309332813805
55.23343324661255,15.462279994700639,9.080658294072494,0.15,1.4670165171486507,0.06752321869134903,0.5387116581111927
55.266841888427734,15.462279994700639,9.080658294072494,0.15,1.4650674733056508,0.05518387258052826,0.5387116581111927
55.30013608932495,15.462279994700639,9.080658294072494,0.15,1.4650674733056508,0.05518387258052826,0.5387116581111927
55.333330392837524,15.579751861952102,8.988222180730366,0.15,1.4650674733056508,0.05518387258052826,0.6516452107620336
55.366843938827515,15.579751861952102,8.988222180730366,0.15,1.4550855655070878,0.051571350544691086,0.6516452107620336
55.40008902549744,15.579751861952102,8.988222180730366,0.15,1.4550855655070878,0.051571350544691086,0.6516452107620336
55.43410897254944,15.699566352138678,8.899818811477013,0.15,1.4550855655070878,0.051571350544691086,0.7670226293650546
55.46683716773987,15.699566352138678,8.899818811477013,0.15,1.4521510908996513,0.04294959828257561,0.7670226293650546
55.50009894371033,15.760219475144039,8.856974709356233,0.15,1.4521510908996513,0.039588212966918945,0.8255133832332711
55.53323030471802,15.760219475144039,8.856974709356233,0.15,1.4518248136635417,0.039588212966918945,0.8255133832332711
55.56688737869263,15.760219475144039,8.856974709356233,0.15,1.4518248136635417,0.03523154556751251,0.8255133832332711
55.60032820701599,15.760219475144039,8.856974709356233,0.15,1.4518248136635417,0.03523154556751251,0.8255133832332711
55.6335186958313,15.760219475144039,8.856974709356233,0.15,1.4518248136635417,0.03523154556751251,0.8255133832332711
55.66684436798096,15.944357677639855,8.732605092441505,0.15,1.4518248136635417,0.02752305381000042,1.0030354453147095
55.70021104812622,15.944357677639855,8.732605092441505,0.15,1.4557968093260638,0.02752305381000042,1.0030354453147095
55.73399877548218,15.944357677639855,8.732605092441505,0.15,1.4557968093260638,0.02752305381000042,1.0030354453147095
55.76684761047363,16.073096390819277,8.649977995094478,0.15,1.4557968093260638,0.01418260671198368,1.1270976313462335
55.8001914024353,16.073096390819277,8.649977995094478,0.15,1.4535361375706572,0.01418260671198368,1.1270976313462335
55.83369779586792,16.184880872724676,8.579906417727914,0.15,1.4535361375706572,0.009680349379777908,1.2350918600595535
55.86675143241882,16.184880872724676,8.579906417727914,0.15,1.4582920872136136,0.0013393783010542393,1.2350918600595535
55.900315046310425,16.184880872724676,8.579906417727914,0.15,1.4582920872136136,0.0013393783010542393,1.2350918600595535
55.93352746963501,16.184880872724676,8.579906417727914,0.15,1.4582920872136136,0.0013393783010542393,1.2350918600595535
55.966827630996704,16.323212917805012,8.49375321958298,0.15,1.4582920872136136,-0.012951129116117954,1.368619589773269
56.00011372566223,16.323212917805012,8.49375321958298,0.15,1.4612072707964165,-0.012951129116117954,1.368619589773269
56.03370189666748,16.323212917805012,8.49375321958298,0.15,1.4612072707964165,-0.012951129116117954,1.368619589773269
56.06650233268738,16.452627523769518,8.41253725513525,0.15,1.4612072707964165,-0.024082789197564125,1.4931925681323654
56.100186586380005,16.49584909789301,8.384992758914368,0.15,1.4592624034341668,-0.031021887436509132,1.5347978098754014
56.13344693183899,16.49584909789301,8.384992758914368,0.15,1.465587602519434,-0.035508494824171066,1.5347978098754014
56.16684556007385,16.49584909789301,8.384992758914368,0.15,1.465587602519434,-0.040312305092811584,1.5347978098754014
56.200162410736084,16.61708043808505,8.305241941637552,0.15,1.465587602519434,-0.040312305092811584,1.6512737030550428
56.233463764190674,16.61708043808505,8.305241941637552,0.15,1.4596902856048102,-0.040312305092811584,1.6512737030550428
56.26918005943298,16.61708043808505,8.305241941637552,0.15,1.4596902856048102,-0.05494794622063637,1.6512737030550428
56.3009774684906,16.61708043808505,8.305241941637552,0.15,1.4596902856048102,-0.05494794622063637,1.6512737030550428
56.33360004425049,16.61708043808505,8.305241941637552,0.15,1.4596902856048102,-0.05494794622063637,1.6512737030550428
56.36653161048889,16.81695090837737,8.162695082115187,0.15,1.4596902856048102,-0.0630115419626236,1.8392909371284036
56.40011215209961,16.851722973016837,8.136158321456763,0.15,1.438027125163354,-0.07122191786766052,1.8717529433600502
56.43344211578369,16.851722973016837,8.136158321456763,0.15,1.4283722645561714,-0.07122191786766052,1.8717529433600502
56.466779947280884,16.851722973016837,8.136158321456763,0.15,1.4283722645561714,-0.07965870201587677,1.8717529433600502
56.500422954559326,16.960679832657195,8.04810272145119,0.15,1.4283722645561714,-0.06333506107330322,1.973395834319162
56.53379964828491,16.960679832657195,8.04810272145119,0.15,1.428837737760913,-0.06371885538101196,1.973395834319162
56.566991567611694,16.960679832657195,8.04810272145119,0.15,1.428837737760913,-0.06836038827896118,1.973395834319162
56.59992694854736,16.960679832657195,8.04810272145119,0.15,1.428837737760913,-0.06836038827896118,1.973395834319162
56.63335990905762,16.960679832657195,8.04810272145119,0.15,1.428837737760913,-0.06836038827896118,1.973395834319162
56.6669921875,17.151298340463452,7.875541907809811,0.15,1.428837737760913,-0.07604879140853882,2.149984362675558
56.70033001899719,17.177119670810956,7.8501980281389265,0.15,1.440073520886002,-0.08633311092853546,2.1736387549227714
56.73405361175537,17.177119670810956,7.8501980281389265,0.15,1.4502309838727867,-0.08633311092853546,2.1736387549227714
56.766613483428955,17.177119670810956,7.8501980281389265,0.15,1.4502309838727867,-0.08633311092853546,2.1736387549227714
56.80082321166992,17.275452724838047,7.747211070288778,0.15,1.4502309838727867,-0.09482698142528534,2.2638143366937613
56.83448100090027,17.275452724838047,7.747211070288778,0.15,1.455395985523215,-0.09283627569675446,2.2638143366937613
56.86691451072693,17.275452724838047,7.747211070288778,0.15,1.455395985523215,-0.095077745616436,2.2638143366937613
56.900126218795776,17.368978240897174,7.637819001811758,0.15,1.455395985523215,-0.10166354477405548,2.34897331721855
56.93347191810608,17.368978240897174,7.637819001811758,0.15,1.452154784771734,-0.10166354477405548,2.34897331721855
56.96745252609253,17.368978240897174,7.637819001811758,0.15,1.452154784771734,-0.10166354477405548,2.34897331721855
57.000093936920166,17.457535339030045,7.521938304545956,0.15,1.452154784771734,-0.09228520840406418,2.429086539253311
57.033448934555054,17.457535339030045,7.521938304545956,0.15,1.4506138587938935,-0.09228520840406418,2.429086539253311
57.066826581954956,17.457535339030045,7.521938304545956,0.15,1.4506138587938935,-0.09228520840406418,2.429086539253311
57.100104570388794,17.53876154450623,7.403258453085441,0.15,1.4506138587938935,-0.09293577820062637,2.5018880024260457
57.13421010971069,17.53876154450623,7.403258453085441,0.15,1.44644227715485,-0.09553197771310806,2.5018880024260457
57.16670227050781,17.53876154450623,7.403258453085441,0.15,1.44644227715485,-0.09553197771310806,2.5018880024260457
57.20028758049011,17.61383199380028,7.279893238291711,0.15,1.44644227715485,-0.10473945736885071,2.568814422113819
57.23351049423218,17.61383199380028,7.279893238291711,0.15,1.4232107550453406,-0.10473945736885071,2.568814422113819
57.26671838760376,17.61383199380028,7.279893238291711,0.15,1.4232107550453406,-0.10473945736885071,2.568814422113819
57.3002142906189,17.679668502187546,7.156651150802004,0.15,1.4232107550453406,-0.1127101331949234,2.6271904814311196
57.333903551101685,17.679668502187546,7.156651150802004,0.15,1.40615231371572,-0.11671894788742065,2.6271904814311196
57.36696147918701,17.679668502187546,7.156651150802004,0.15,1.40615231371572,-0.13387101888656616,2.6271904814311196
57.39994168281555,17.7369405234002,7.030826563265348,0.15,1.40615231371572,-0.12903720140457153,2.677483663675532
57.43354153633118,17.7369405234002,7.030826563265348,0.15,1.398243438173386,-0.12903720140457153,2.677483663675532
57.46688437461853,17.7369405234002,7.030826563265348,0.15,1.398243438173386,-0.12903720140457153,2.677483663675532
57.49994683265686,17.788251390065692,6.891824844222427,0.15,1.398243438173386,-0.13882306218147278,2.7218108285468583
57.53330063819885,17.788251390065692,6.891824844222427,0.15,1.4027946300995033,-0.1436574012041092,2.7218108285468583
57.566847801208496,17.788251390065692,6.891824844222427,0.15,1.4027946300995033,-0.1474863439798355,2.7218108285468583
57.60055470466614,17.82482668058201,6.7628014833866095,0.15,1.4027946300995033,-0.15029115974903107,2.7528742535489688
57.633495569229126,17.82482668058201,6.7628014833866095,0.15,1.4110859166443348,-0.15029115974903107,2.7528742535489688
57.666836977005005,17.82482668058201,6.7628014833866095,0.15,1.4110859166443348,-0.15029115974903107,2.7528742535489688
57.700074672698975,17.853340894717096,6.617540931254961,0.15,1.4110859166443348,-0.15876135230064392,2.7762095398615654
57.73355531692505,17.853340894717096,6.617540931254961,0.15,1.4177866260186076,-0.15398290753364563,2.7762095398615654
57.76677227020264,17.853340894717096,6.617540931254961,0.15,1.4177866260186076,-0.15398290753364563,2.7762095398615654
57.80005383491516,17.868652391903694,6.472911977870726,0.15,1.4177866260186076,-0.15673859417438507,2.7874311423230296
57.83348488807678,17.868652391903694,6.472911977870726,0.15,1.4193196187207329,-0.1646982580423355,2.7874311423230296
57.86677861213684,17.868652391903694,6.472911977870726,0.15,1.4193196187207329,-0.1646982580423355,2.7874311423230296
57.89999175071716,17.87057731026789,6.3305996874977115,0.15,1.4193196187207329,-0.17115016281604767,2.7864287472846216
57.93354105949402,17.87057731026789,6.3305996874977115,0.15,1.412384163032735,-0.17585009336471558,2.7864287472846216
57.966994524002075,17.87057731026789,6.3305996874977115,0.15,1.412384163032735,-0.17585009336471558,2.7864287472846216
57.999977111816406,17.858875592307253,6.187742828646116,0.15,1.412384163032735,-0.18054179847240448,2.7724509831877806
58.033485412597656,17.858875592307253,6.187742828646116,0.15,1.4039741153288912,-0.17632827162742615,2.7724509831877806
58.06663727760315,17.858875592307253,6.187742828646116,0.15,1.4039741153288912,-0.17632827162742615,2.7724509831877806
58.10027813911438,17.858875592307253,6.187742828646116,0.15,1.4039741153288912,-0.17632827162742615,2.7724509831877806
58.1335232257843,17.858875592307253,6.187742828646116,0.15,1.4039741153288912,-0.17632827162742615,2.7724509831877806
58.16695594787598,17.858875592307253,6.187742828646116,0.15,1.4039741153288912,-0.17632827162742615,2.7724509831877806
58.19983506202698,17.792897490501595,5.908509288980915,0.15,1.4039741153288912,-0.1808750033378601,2.7040103229647885
58.23335647583008,17.792897490501595,5.908509288980915,0.15,1.4030694901796337,-0.16419072449207306,2.7040103229647885
58.2670214176178,17.792897490501595,5.908509288980915,0.15,1.4030694901796337,-0.16419072449207306,2.7040103229647885
58.300616979599,17.792897490501595,5.908509288980915,0.15,1.4030694901796337,-0.1623360961675644,2.7040103229647885
58.33350706100464,17.739116628182625,5.774035917784917,0.15,1.4030694901796337,-0.16502247750759125,2.6452571872506345
58.366939306259155,17.739116628182625,5.774035917784917,0.15,1.40143334833068,-0.16502247750759125,2.6452571872506345
58.40020418167114,17.739116628182625,5.774035917784917,0.15,1.40143334833068,-0.16502247750759125,2.6452571872506345
58.43349885940552,17.674466502832676,5.647669028181487,0.15,1.40143334833068,-0.15930677950382233,2.575705803410622
58.466866970062256,17.674466502832676,5.647669028181487,0.15,1.4114030849433787,-0.15930677950382233,2.575705803410622
58.50010538101196,17.674466502832676,5.647669028181487,0.15,1.4114030849433787,-0.15930677950382233,2.575705803410622
58.53336548805237,17.594515243745185,5.521771025230803,0.15,1.4114030849433787,-0.15951740741729736,2.491149216099117
58.56693506240845,17.594515243745185,5.521771025230803,0.15,1.4114654194849514,-0.15951740741729736,2.491149216099117
58.600090980529785,17.594515243745185,5.521771025230803,0.15,1.4114654194849514,-0.15951740741729736,2.491149216099117
58.63371539115906,17.50699554699879,5.408366109379116,0.15,1.4114654194849514,-0.15951740741729736,2.3995655753318994
58.666831254959106,17.50699554699879,5.408366109379116,0.15,1.4147270825920013,-0.15951740741729736,2.3995655753318994
58.70017457008362,17.50699554699879,5.408366109379116,0.15,1.4147270825920013,-0.15951740741729736,2.3995655753318994
58.73352122306824,17.411285147957205,5.303690816655373,0.15,1.4147270825920013,-0.15951740741729736,2.3001506953115523
58.76658749580383,17.411285147957205,5.303690816655373,0.15,1.4116891860700265,-0.15951740741729736,2.3001506953115523
58.80012631416321,17.411285147957205,5.303690816655373,0.15,1.4116891860700265,-0.15951740741729736,2.3001506953115523
58.83351993560791,17.30423559178319,5.202952064047641,0.15,1.4116891860700265,-0.12147117406129837,2.1895657093002185
58.86685085296631,17.30423559178319,5.202952064047641,0.15,1.4104077897344751,-0.11865893006324768,2.1895657093002185
58.9002480506897,17.30423559178319,5.202952064047641,0.15,1.4104077897344751,-0.11865893006324768,2.1895657093002185
58.933844327926636,17.194332890917075,5.1130570741243195,0.15,1.4104077897344751,-0.11019071191549301,2.076560790974152
58.96704459190369,17.194332890917075,5.1130570741243195,0.15,1.4047223873472072,-0.11019071191549301,2.076560790974152
59.000091552734375,17.194332890917075,5.1130570741243195,0.15,1.4047223873472072,-0.11019071191549301,2.076560790974152
59.03352379798889,17.07904666513468,5.030157341430737,0.15,1.4047223873472072,-0.08518605679273605,1.958692181899281
59.06682300567627,17.07904666513468,5.030157341430737,0.15,1.3923450642108932,-0.07754440605640411,1.958692181899281
59.10039567947388,17.07904666513468,5.030157341430737,0.15,1.3923450642108932,-0.07754440605640411,1.958692181899281
59.133477449417114,16.960616759118892,4.953766695714186,0.15,1.3923450642108932,-0.06780674308538437,1.8376272603464947
59.16974329948425,16.960616759118892,4.953766695714186,0.15,1.3874612076135766,-0.06249001994729042,1.8376272603464947
59.200100898742676,16.960616759118892,4.953766695714186,0.15,1.3874612076135766,-0.06249001994729042,1.8376272603464947
59.23352408409119,16.8350660226262,4.879222691007198,0.15,1.3874612076135766,-0.050775837153196335,1.7097470943937243
59.266863107681274,16.8350660226262,4.879222691007198,0.15,1.398225949625714,-0.04520688205957413,1.7097470943937243
59.30011320114136,16.8350660226262,4.879222691007198,0.15,1.398225949625714,-0.04520688205957413,1.7097470943937243
59.33316683769226,16.71048765145941,4.809948719196741,0.15,1.398225949625714,-0.033035509288311005,1.5831267648553953
59.36683368682861,16.71048765145941,4.809948719196741,0.15,1.4104979380355356,-0.026193473488092422,1.5831267648553953
59.40016579627991,16.63640503671688,4.770135253368061,0.15,1.4104979380355356,-0.011063632555305958,1.5076741350032181
59.43340730667114,16.63640503671688,4.770135253368061,0.15,1.4201486387590074,-0.0059371995739638805,1.5076741350032181
59.466811180114746,16.63640503671688,4.770135253368061,0.15,1.4201486387590074,0.0008069765754044056,1.5076741350032181
59.500136852264404,16.63640503671688,4.770135253368061,0.15,1.4201486387590074,0.0008069765754044056,1.5076741350032181
59.53321599960327,16.454168984517803,4.672546679369425,0.15,1.4201486387590074,0.0008069765754044056,1.32239729813446
59.56686043739319,16.454168984517803,4.672546679369425,0.15,1.4209804453612394,0.02218853496015072,1.32239729813446
59.6001033782959,16.385933258856056,4.635579932548181,0.15,1.4209804453612394,0.029897937551140785,1.2531444999422767
59.63348150253296,16.385933258856056,4.635579932548181,0.15,1.4188256864152564,0.029897937551140785,1.2531444999422767
59.66704249382019,16.385933258856056,4.635579932548181,0.15,1.4188256864152564,0.042171139270067215,1.2531444999422767
59.70017695426941,16.385933258856056,4.635579932548181,0.15,1.4188256864152564,0.042171139270067215,1.2531444999422767
59.73375916481018,16.385933258856056,4.635579932548181,0.15,1.4188256864152564,0.042171139270067215,1.2531444999422767
59.76696062088013,16.199790604870593,4.528630308006471,0.15,1.4188256864152564,0.06023545563220978,1.0638670416623757
59.800151348114014,16.199790604870593,4.528630308006471,0.15,1.415086278272585,0.06023545563220978,1.0638670416623757
59.83373975753784,16.199790604870593,4.528630308006471,0.15,1.415086278272585,0.06023545563220978,1.0638670416623757
59.866660356521606,16.079349220611363,4.453343269968136,0.15,1.415086278272585,0.061974719166755676,0.9410607448310461
59.90043592453003,16.079349220611363,4.453343269968136,0.15,1.4125148286817732,0.061974719166755676,0.9410607448310461
59.93343997001648,16.079349220611363,4.453343269968136,0.15,1.4125148286817732,0.061974719166755676,0.9410607448310461
59.96688532829285,15.95493211959289,4.36927830029191,0.15,1.4125148286817732,0.06928734481334686,0.8144644783619517
60.000171184539795,15.95493211959289,4.36927830029191,0.15,1.410936143860043,0.07207800447940826,0.8144644783619517
60.0335693359375,15.95493211959289,4.36927830029191,0.15,1.410936143860043,0.07207800447940826,0.8144644783619517
60.06952714920044,15.83999801988407,4.284928365816407,0.15,1.410936143860043,0.07728087902069092,0.6968239651939913
60.10011959075928,15.83999801988407,4.284928365816407,0.15,1.4173124349631254,0.07728087902069092,0.6968239651939913
60.133604288101196,15.83999801988407,4.284928365816407,0.15,1.4173124349631254,0.07728087902069092,0.6968239651939913
60.1667914390564,15.73136465018608,4.19813702689756,0.15,1.4173124349631254,0.07907108962535858,0.5855720452958849
60.20012092590332,15.68605765078724,4.159648496729015,0.15,1.413539851396648,0.08140303194522858,0.5394875688479613
60.233476400375366,15.68605765078724,4.159648496729015,0.15,1.414322323536732,0.08140303194522858,0.5394875688479613
60.266592264175415,15.68605765078724,4.159648496729015,0.15,1.414322323536732,0.06958978623151779,0.5394875688479613
60.30010104179382,15.580054441353099,4.0642403950669275,0.15,1.414322323536732,0.07005614042282104,0.4301301102656501
60.33369159698486,15.580054441353099,4.0642403950669275,0.15,1.4174156141776406,0.07093225419521332,0.4301301102656501
60.366832971572876,15.580054441353099,4.0642403950669275,0.15,1.4174156141776406,0.07156327366828918,0.4301301102656501
60.40012764930725,15.580054441353099,4.0642403950669275,0.15,1.4174156141776406,0.07156327366828918,0.4301301102656501
60.43350291252136,15.580054441353099,4.0642403950669275,0.15,1.4174156141776406,0.07156327366828918,0.4301301102656501
60.46653938293457,15.412172925698709,3.8963472757496254,0.15,1.4174156141776406,0.07163317501544952,0.2524586018820109
60.50028729438782,15.378087061914165,3.8594100383824848,0.15,1.4236004741579595,0.07117521017789841,0.2152388794670226
60.5337655544281,15.378087061914165,3.8594100383824848,0.15,1.4241746685919738,0.07117521017789841,0.2152388794670226
60.566882848739624,15.378087061914165,3.8594100383824848,0.15,1.4241746685919738,0.07127291709184647,0.2152388794670226
60.59994292259216,15.378087061914165,3.8594100383824848,0.15,1.4241746685919738,0.07127291709184647,0.2152388794670226
60.633262157440186,15.378087061914165,3.8594100383824848,0.15,1.4241746685919738,0.07127291709184647,0.2152388794670226
60.66708588600159,15.222923151465661,3.6770656035250435,0.15,1.4241746685919738,0.06812821328639984,0.038270551815873376
60.70020604133606,15.19567951497504,3.6424667219916813,0.15,1.418418818461876,0.055469684302806854,0.021220984108471428
60.73344326019287,15.19567951497504,3.6424667219916813,0.15,1.4221984505721397,0.05368342250585556,0.021220984108471428
60.76655554771423,15.19567951497504,3.6424667219916813,0.15,1.4221984505721397,0.052463348954916,0.021220984108471428
60.80013155937195,15.11149296239041,3.5313795065731073,0.15,1.4221984505721397,0.05070000886917114,0.06820717915416966
60.83363723754883,15.11149296239041,3.5313795065731073,0.15,1.4199477118917305,0.05070000886917114,0.06820717915416966
60.86721181869507,15.11149296239041,3.5313795065731073,0.15,1.4199477118917305,0.05070000886917114,0.06820717915416966
60.900099992752075,15.029092745481632,3.416432675925495,0.15,1.4199477118917305,0.04645375907421112,0.1564056856152493
60.93344044685364,15.029092745481632,3.416432675925495,0.15,1.4204627733352198,0.0453912727534771,0.1564056856152493
60.966983795166016,15.029092745481632,3.416432675925495,0.15,1.4204627733352198,0.043772563338279724,0.1564056856152493
61.00014281272888,15.029092745481632,3.416432675925495,0.15,1.4204627733352198,0.043772563338279724,0.1564056856152493
61.03351068496704,15.029092745481632,3.416432675925495,0.15,1.4204627733352198,0.043772563338279724,0.1564056856152493
61.06702733039856,14.885718465831319,3.2009500063658143,0.15,1.4204627733352198,0.04113144427537918,0.31810396890236026
61.10003328323364,14.870518242603215,3.1768971301646083,0.15,1.4276648172444462,0.026381786912679672,0.33495818717875864
61.13360548019409,14.870518242603215,3.1768971301646083,0.15,1.429450502206865,0.026381786912679672,0.33495818717875864
61.166988372802734,14.870518242603215,3.1768971301646083,0.15,1.429450502206865,0.026381786912679672,0.33495818717875864
61.200110912323,14.796070246942211,3.057225835978832,0.15,1.429450502206865,0.020445069298148155,0.42259155665377995
61.233516693115234,14.796070246942211,3.057225835978832,0.15,1.4315753817553807,0.020445069298148155,0.42259155665377995
61.26688742637634,14.796070246942211,3.057225835978832,0.15,1.4315753817553807,0.020445069298148155,0.42259155665377995
61.300137758255005,14.721267041417672,2.9343783693305654,0.15,1.4315753817553807,0.014154769480228424,0.512940375929876
61.333996534347534,14.721267041417672,2.9343783693305654,0.15,1.440839539431547,0.014154769480228424,0.512940375929876
61.367085695266724,14.721267041417672,2.9343783693305654,0.15,1.440839539431547,0.014154769480228424,0.512940375929876
61.40014839172363,14.646373701222076,2.80968810622915,0.15,1.440839539431547,0.00741624366492033,0.604166073763875
61.43345093727112,14.646373701222076,2.80968810622915,0.15,1.4441178579542395,0.00741624366492033,0.604166073763875
61.46692085266113,14.646373701222076,2.80968810622915,0.15,1.4441178579542395,0.00741624366492033,0.604166073763875
61.500128507614136,14.572062187588694,2.6849360660226598,0.15,1.4441178579542395,-0.0013852131087332964,0.6603731798130006
61.533445835113525,14.572062187588694,2.6849360660226598,0.15,1.443782470999023,-0.003007899271324277,0.6603731798130006
61.56678628921509,14.572062187588694,2.6849360660226598,0.15,1.443782470999023,-0.00540661346167326,0.6603731798130006
61.60003161430359,14.572062187588694,2.6849360660226598,0.15,1.443782470999023,-0.00540661346167326,0.6603731798130006
61.63364386558533,14.572062187588694,2.6849360660226598,0.15,1.443782470999023,-0.00540661346167326,0.6603731798130006
61.66677451133728,14.572062187588694,2.6849360660226598,0.15,1.443782470999023,-0.00540661346167326,0.6603731798130006
61.70002460479736,14.421946769031322,2.433798317112022,0.15,1.443782470999023,-0.014216677285730839,0.7036601050732063
61.73364448547363,14.421946769031322,2.433798317112022,0.15,1.4374014043253742,-0.01603066921234131,0.7036601050732063
61.76683163642883,14.421946769031322,2.433798317112022,0.15,1.4374014043253742,-0.018257424235343933,0.7036601050732063
61.800089597702026,14.349244735336379,2.314498028785601,0.15,1.4374014043253742,-0.019712192937731743,0.7250389126106748
61.833417892456055,14.349244735336379,2.314498028785601,0.15,1.438853974839364,-0.020752280950546265,0.7250389126106748
61.8667688369751,14.349244735336379,2.314498028785601,0.15,1.438853974839364,-0.021955326199531555,0.7250389126106748
61.90005588531494,14.27117967802229,2.189692152660678,0.15,1.438853974839364,-0.02524019032716751,0.750945400258425
61.93340253829956,14.27117967802229,2.189692152660678,0.15,1.4423434070036756,-0.026079675182700157,0.750945400258425
61.96678280830383,14.27117967802229,2.189692152660678,0.15,1.4423434070036756,-0.026079675182700157,0.750945400258425
62.00000047683716,14.190634876957951,2.0649029270957966,0.15,1.4423434070036756,-0.0286625437438488,0.7795004217129707
62.03351831436157,14.190634876957951,2.0649029270957966,0.15,1.4526807133560604,-0.029552988708019257,0.7795004217129707
62.06678557395935,14.190634876957951,2.0649029270957966,0.15,1.4526807133560604,-0.029552988708019257,0.7795004217129707
62.099979877471924,14.106031104307078,1.9385822315690222,0.15,1.4526807133560604,-0.031427036970853806,0.7425235129435813
62.13518166542053,14.106031104307078,1.9385822315690222,0.15,1.4640690551718412,-0.03204219788312912,0.7425235129435813
62.16686511039734,14.106031104307078,1.9385822315690222,0.15,1.4640690551718412,-0.03271351009607315,0.7425235129435813
62.20014309883118,14.028733633037962,1.8274662404315363,0.15,1.4640690551718412,-0.03385953977704048,0.6458739442970347
62.23350477218628,14.028733633037962,1.8274662404315363,0.15,1.462648851672571,-0.03385953977704048,0.6458739442970347
62.2667236328125,14.028733633037962,1.8274662404315363,0.15,1.462648851672571,-0.03385953977704048,0.6458739442970347
62.30005383491516,13.934944719784369,1.6980715104210267,0.15,1.462648851672571,-0.03538963943719864,0.5258168797667869
62.33333420753479,13.934944719784369,1.6980715104210267,0.15,1.4649972416337387,-0.028176456689834595,0.5258168797667869
62.36688804626465,13.934944719784369,1.6980715104210267,0.15,1.4649972416337387,-0.028459539636969566,0.5258168797667869
62.40010046958923,13.844941853550239,1.5787529372105245,0.15,1.4649972416337387,-0.028459539636969566,0.4161325024966237
62.43358254432678,13.844941853550239,1.5787529372105245,0.15,1.4670800941479394,-0.02806711010634899,0.4161325024966237
62.46690511703491,13.844941853550239,1.5787529372105245,0.15,1.4670800941479394,-0.02778325416147709,0.4161325024966237
62.50003266334534,13.76727306873617,1.4789094239135696,0.15,1.4670800941479394,-0.0267828069627285,0.32813877569325745
62.53346586227417,13.76727306873617,1.4789094239135696,0.15,1.43771766283717,-0.02600173093378544,0.32813877569325745
62.566787004470825,13.76727306873617,1.4789094239135696,0.15,1.43771766283717,-0.02600173093378544,0.32813877569325745
62.60007929801941,13.76727306873617,1.4789094239135696,0.15,1.43771766283717,-0.02600173093378544,0.32813877569325745
62.633503913879395,13.663236993787654,1.3491488881298885,0.15,1.43771766283717,-0.023119095712900162,0.2214251497735896
62.6669545173645,13.663236993787654,1.3491488881298885,0.15,1.4196105589524852,-0.023119095712900162,0.2214251497735896
62.700084924697876,13.663236993787654,1.3491488881298885,0.15,1.4196105589524852,-0.023119095712900162,0.2214251497735896
62.73336982727051,13.571473924987139,1.2379881242056032,0.15,1.4196105589524852,-0.01599990762770176,0.13797820377520728
62.76678991317749,13.571473924987139,1.2379881242056032,0.15,1.4116775307104312,-0.01599990762770176,0.13797820377520728
62.80005216598511,13.571473924987139,1.2379881242056032,0.15,1.4116775307104312,-0.01599990762770176,0.13797820377520728
62.83319306373596,13.476454540953496,1.1253718624512923,0.15,1.4116775307104312,-0.01273726113140583,0.06244863290064775
62.86677002906799,13.476454540953496,1.1253718624512923,0.15,1.4088369038290665,-0.011075383052229881,0.06244863290064775
62.900192975997925,13.476454540953496,1.1253718624512923,0.15,1.4088369038290665,-0.011075383052229881,0.06244863290064775
62.933274269104004,13.38115188189488,1.0140642600187288,0.15,1.4088369038290665,-0.009388006292283535,0.02374176448133141
62.96697497367859,13.38115188189488,1.0140642600187288,0.15,1.4215985542413883,-0.00855096522718668,0.02374176448133141
63.000155448913574,13.311623736052436,0.9335864026618343,0.15,1.4215985542413883,-0.006650997791439295,0.021428928399044474
63.033440828323364,13.311623736052436,0.9335864026618343,0.15,1.4369554515467022,-0.006650997791439295,0.021428928399044474
63.06682324409485,13.311623736052436,0.9335864026618343,0.15,1.4369554515467022,-0.006650997791439295,0.021428928399044474
63.10015797615051,13.311623736052436,0.9335864026618343,0.15,1.4369554515467022,-0.006650997791439295,0.021428928399044474
63.13350701332092,13.189817896273926,0.7937608426247652,0.15,1.4369554515467022,-0.0035117974039167166,0.07497776892988758
63.166677713394165,13.189817896273926,0.7937608426247652,0.15,1.438301472883076,-0.003153442172333598,0.07497776892988758
63.200172901153564,13.123091015040778,0.717605339709905,0.15,1.438301472883076,-0.002751260995864868,0.10259141399185968
63.23348355293274,13.123091015040778,0.717605339709905,0.15,1.4432613170961663,-0.002751260995864868,0.10259141399185968
63.26686978340149,13.123091015040778,0.717605339709905,0.15,1.4432613170961663,-0.002751260995864868,0.10259141399185968
63.300100803375244,13.123091015040778,0.717605339709905,0.15,1.4432613170961663,-0.002751260995864868,0.10259141399185968
63.3332257270813,12.995015420780987,0.5719042263578827,0.15,1.4432613170961663,-0.0017922369297593832,0.1581423387397487
63.366788148880005,12.995015420780987,0.5719042263578827,0.15,1.4331682118878961,-0.0017922369297593832,0.1581423387397487
63.40012216567993,12.995015420780987,0.5719042263578827,0.15,1.4331682118878961,-0.0017922369297593832,0.1581423387397487
63.43322706222534,12.89996382423374,0.4641008616351372,0.15,1.4331682118878961,-0.0008808579295873642,0.21394747962259353
63.466832637786865,12.89996382423374,0.4641008616351372,0.15,1.4106269838603025,-0.00034258951200172305,0.21394747962259353
63.50014877319336,12.89996382423374,0.4641008616351372,0.15,1.4106269838603025,-0.00034258951200172305,0.21394747962259353
63.533193826675415,12.803487313694037,0.3547453051243435,0.15,1.4106269838603025,0.0014299527974799275,0.28394437812086887
63.56722092628479,12.803487313694037,0.3547453051243435,0.15,1.4062962391094962,0.0018130969256162643,0.28394437812086887
63.60005164146423,12.748773944840766,0.29268308209099725,0.15,1.4062962391094962,0.001231666305102408,0.3290610644028446
63.63344764709473,12.748773944840766,0.29268308209099725,0.15,1.4153631000109557,0.00043387123150750995,0.3290610644028446
63.66686201095581,12.748773944840766,0.29268308209099725,0.15,1.4153631000109557,-0.0005414840416051447,0.3290610644028446
63.70018410682678,12.748773944840766,0.29268308209099725,0.15,1.4153631000109557,-0.0005414840416051447,0.3290610644028446
63.7387969493866,12.614137480445127,0.13996784571419213,0.15,1.4153631000109557,-0.0018235535826534033,0.451556402756381
63.76664662361145,12.614137480445127,0.13996784571419213,0.15,1.4189940425583982,-0.0033014279324561357,0.451556402756381
63.8001127243042,12.55961404551468,0.07823831102680077,0.15,1.4189940425583982,-0.004435207229107618,0.5053747182821833
63.83349418640137,12.55961404551468,0.07823831102680077,0.15,1.4299719590196949,-0.004435207229107618,0.5053747182821833
63.8668532371521,12.55961404551468,0.07823831102680077,0.15,1.4299719590196949,-0.007459417916834354,0.5053747182821833
63.90012812614441,12.55961404551468,0.07823831102680077,0.15,1.4299719590196949,-0.007459417916834354,0.5053747182821833
63.933855056762695,12.417289967231074,-0.08133926228205086,0.15,1.4299719590196949,-0.009877459146082401,0.6522943391108814
63.96682596206665,12.417289967231074,-0.08133926228205086,0.15,1.4425118667585104,-0.01389772817492485,0.6522943391108814
64.00010538101196,12.417289967231074,-0.08133926228205086,0.15,1.4425118667585104,-0.01389772817492485,0.6522943391108814
64.03340601921082,12.417289967231074,-0.08133926228205086,0.15,1.4425118667585104,-0.01389772817492485,0.6522943391108814
64.06684827804565,12.318219531555975,-0.19062513972424516,0.15,1.4425118667585104,-0.01867198944091797,0.7566138178221946
64.10018515586853,12.269848842612486,-0.24325022341814628,0.15,1.4502222727314156,-0.02085999771952629,0.805060395422174
64.13345670700073,12.269848842612486,-0.24325022341814628,0.15,1.4430741923494472,-0.02306159771978855,0.805060395422174
64.16815781593323,12.269848842612486,-0.24325022341814628,0.15,1.4430741923494472,-0.0251825712621212,0.805060395422174
64.20192885398865,12.269848842612486,-0.24325022341814628,0.15,1.4430741923494472,-0.0251825712621212,0.805060395422174
64.23373770713806,12.269848842612486,-0.24325022341814628,0.15,1.4430741923494472,-0.0251825712621212,0.805060395422174
64.2668240070343,12.11489163090748,-0.4071846467528234,0.15,1.4430741923494472,-0.03124605491757393,0.9575860227518619
64.30008745193481,12.072099321322417,-0.4511158091852032,0.15,1.4356975083166472,-0.03316159546375275,0.9993058715736137
64.33350324630737,12.072099321322417,-0.4511158091852032,0.15,1.4284733953694737,-0.03316159546375275,0.9993058715736137
64.3667345046997,12.072099321322417,-0.4511158091852032,0.15,1.4284733953694737,-0.036396574229002,0.9993058715736137
64.40016531944275,11.970679967371405,-0.5517940365062759,0.15,1.4284733953694737,-0.046149544417858124,1.0956254065066997
64.43347716331482,11.970679967371405,-0.5517940365062759,0.15,1.4107990000856503,-0.046317268162965775,1.0956254065066997
64.46714997291565,11.970679967371405,-0.5517940365062759,0.15,1.4107990000856503,-0.046317268162965775,1.0956254065066997
64.50021314620972,11.970679967371405,-0.5517940365062759,0.15,1.4107990000856503,-0.046317268162965775,1.0956254065066997
64.53370690345764,11.970679967371405,-0.5517940365062759,0.15,1.4107990000856503,-0.046317268162965775,1.0956254065066997
64.56667494773865,11.805163160288975,-0.70550776131184,0.15,1.4107990000856503,-0.05068089812994003,1.245635908118884
64.60028100013733,11.805163160288975,-0.70550776131184,0.15,1.3954288799055663,-0.05068089812994003,1.245635908118884
64.6337456703186,11.805163160288975,-0.70550776131184,0.15,1.3954288799055663,-0.05068089812994003,1.245635908118884
64.66687273979187,11.697714552869364,-0.798455455279213,0.15,1.3954288799055663,-0.05515775829553604,1.3376618475551287
64.70016050338745,11.65852815055368,-0.8309619418749474,0.15,1.3936380138895954,-0.05890127643942833,1.370150585980446
64.73365259170532,11.65852815055368,-0.8309619418749474,0.15,1.3909884041623106,-0.05890127643942833,1.370150585980446
64.7667875289917,11.65852815055368,-0.8309619418749474,0.15,1.3909884041623106,-0.06099135801196098,1.370150585980446
64.80016779899597,11.549262916787866,-0.9177073732946355,0.15,1.3909884041623106,-0.057563666254282,1.4567765925826408
64.8334527015686,11.549262916787866,-0.9177073732946355,0.15,1.4021779982114313,-0.05976204201579094,1.4567765925826408
64.86685156822205,11.549262916787866,-0.9177073732946355,0.15,1.4021779982114313,-0.06218288838863373,1.4567765925826408
64.900137424469,11.549262916787866,-0.9177073732946355,0.15,1.4021779982114313,-0.06218288838863373,1.4567765925826408
64.93342781066895,11.549262916787866,-0.9177073732946355,0.15,1.4021779982114313,-0.06218288838863373,1.4567765925826408
64.9712302684784,11.351899165147845,-1.0594655738157968,0.15,1.4021779982114313,-0.07186897099018097,1.5984762264363523
65.00015449523926,11.320637826444331,-1.0801467754389003,0.15,1.4129032478141017,-0.08107993751764297,1.619003435047357
65.03346872329712,11.320637826444331,-1.0801467754389003,0.15,1.4053692689123463,-0.08084437996149063,1.619003435047357
65.06667852401733,11.320637826444331,-1.0801467754389003,0.15,1.4053692689123463,-0.08084437996149063,1.619003435047357
65.10005211830139,11.19868244093689,-1.1552112805816583,0.15,1.4053692689123463,-0.09584148973226547,1.6935403674700624
65.13378834724426,11.19868244093689,-1.1552112805816583,0.15,1.3962770343823914,-0.09493163228034973,1.6935403674700624
65.16674089431763,11.19868244093689,-1.1552112805816583,0.15,1.3962770343823914,-0.09975460916757584,1.6935403674700624
65.20009708404541,11.19868244093689,-1.1552112805816583,0.15,1.3962770343823914,-0.09975460916757584,1.6935403674700624
65.23364615440369,11.19868244093689,-1.1552112805816583,0.15,1.3962770343823914,-0.09975460916757584,1.6935403674700624
65.26656985282898,10.980839525329587,-1.267844497489254,0.15,1.3962770343823914,-0.09998876601457596,1.8044015965378426
65.29993104934692,10.952162782490309,-1.2807358208162083,0.15,1.3847329089547575,-0.11302641779184341,1.817041065125763
65.33387351036072,10.952162782490309,-1.2807358208162083,0.15,1.3765681022382292,-0.11106089502573013,1.817041065125763
65.36716413497925,10.952162782490309,-1.2807358208162083,0.15,1.3765681022382292,-0.11106089502573013,1.817041065125763
65.40040183067322,10.821223665741151,-1.3335424699356075,0.15,1.3765681022382292,-0.11662587523460388,1.868337979951249
65.43349480628967,10.821223665741151,-1.3335424699356075,0.15,1.3809884737134894,-0.11662587523460388,1.868337979951249
65.46685910224915,10.821223665741151,-1.3335424699356075,0.15,1.3809884737134894,-0.11662587523460388,1.868337979951249
65.50000238418579,10.69583874669702,-1.3749806627070733,0.15,1.3809884737134894,-0.12376769632101059,1.907925382469281
65.53340911865234,10.69583874669702,-1.3749806627070733,0.15,1.3935913362827246,-0.12659993767738342,1.907925382469281
65.56669855117798,10.69583874669702,-1.3749806627070733,0.15,1.3935913362827246,-0.12659993767738342,1.907925382469281
65.60010600090027,10.558057890198624,-1.4104311223307044,0.15,1.3935913362827246,-0.12713365256786346,1.9411943975787493
65.63347887992859,10.558057890198624,-1.4104311223307044,0.15,1.4039568852777407,-0.10904388129711151,1.9411943975787493
65.66688871383667,10.558057890198624,-1.4104311223307044,0.15,1.4039568852777407,-0.10904388129711151,1.9411943975787493
65.70010042190552,10.41671183856142,-1.4371149623681139,0.15,1.4039568852777407,-0.1062774732708931,1.963588185229418
65.7334566116333,10.41671183856142,-1.4371149623681139,0.15,1.4124207177346704,-0.1062774732708931,1.963588185229418
65.76681208610535,10.41671183856142,-1.4371149623681139,0.15,1.4124207177346704,-0.1062774732708931,1.963588185229418
65.80003356933594,10.277790719961226,-1.4549460162691978,0.15,1.4124207177346704,-0.10322222113609314,1.97646627439346
65.83360481262207,10.277790719961226,-1.4549460162691978,0.15,1.417880554378891,-0.10329964011907578,1.97646627439346
65.86677241325378,10.277790719961226,-1.4549460162691978,0.15,1.417880554378891,-0.10242637991905212,1.97646627439346
65.90016770362854,10.13682640733481,-1.464874972035771,0.15,1.417880554378891,-0.09982659667730331,1.9813756059338907
65.93344640731812,10.13682640733481,-1.464874972035771,0.15,1.4130688213807558,-0.09982659667730331,1.9813756059338907
65.96685719490051,10.13682640733481,-1.464874972035771,0.15,1.4130688213807558,-0.09982659667730331,1.9813756059338907
65.99989223480225,9.993680883097547,-1.4669016191073216,0.15,1.4130688213807558,-0.09152013808488846,1.9783358011557
66.03345656394958,9.993680883097547,-1.4669016191073216,0.15,1.407678032624214,-0.09067189693450928,1.9783358011557
66.0668261051178,9.993680883097547,-1.4669016191073216,0.15,1.407678032624214,-0.09067189693450928,1.9783358011557
66.10012412071228,9.993680883097547,-1.4669016191073216,0.15,1.407678032624214,-0.09067189693450928,1.9783358011557
66.13393259048462,9.993680883097547,-1.4669016191073216,0.15,1.407678032624214,-0.09067189693450928,1.9783358011557
66.16712427139282,9.993680883097547,-1.4669016191073216,0.15,1.407678032624214,-0.09067189693450928,1.9783358011557
66.19990181922913,9.711471773383007,-1.4475544060852836,0.15,1.407678032624214,-0.09903062880039215,1.948829476314842
66.23328614234924,9.711471773383007,-1.4475544060852836,0.15,1.405437330455782,-0.09903062880039215,1.948829476314842
66.26686644554138,9.711471773383007,-1.4475544060852836,0.15,1.405437330455782,-0.09903062880039215,1.948829476314842
66.3001720905304,9.56169648289394,-1.4245425297371324,0.15,1.405437330455782,-0.09903062880039215,1.920666045618453
66.33344101905823,9.56169648289394,-1.4245425297371324,0.15,1.416194006505051,-0.09903062880039215,1.920666045618453
66.36686110496521,9.56169648289394,-1.4245425297371324,0.15,1.416194006505051,-0.09903062880039215,1.920666045618453
66.40019607543945,9.56169648289394,-1.4245425297371324,0.15,1.416194006505051,-0.09903062880039215,1.920666045618453
66.43345832824707,9.56169648289394,-1.4245425297371324,0.15,1.416194006505051,-0.09903062880039215,1.920666045618453
66.46682572364807,9.56169648289394,-1.4245425297371324,0.15,1.416194006505051,-0.10184130817651749,1.920666045618453
66.50010967254639,9.56169648289394,-1.4245425297371324,0.15,1.416194006505051,-0.10184130817651749,1.920666045618453
66.53346490859985,9.56169648289394,-1.4245425297371324,0.15,0.0,-0.10184130817651749,1.920666045618453
66.56684732437134,9.56169648289394,-1.4245425297371324,0.15,0.0,-0.10184130817651749,1.920666045618453
66.6000964641571,9.16741714869497,-1.3172161041013946,0.15,0.0,-0.10184130817651749,1.8009007343351788
66.63348031044006,9.16741714869497,-1.3172161041013946,0.15,1.4079062506580273,-0.10184130817651749,1.8009007343351788
66.66682195663452,9.16741714869497,-1.3172161041013946,0.15,1.4079062506580273,-0.10184130817651749,1.8009007343351788
66.69992208480835,9.16741714869497,-1.3172161041013946,0.15,1.4079062506580273,-0.10184130817651749,1.8009007343351788
66.73330402374268,8.988541807995988,-1.2437628644904952,0.15,1.4079062506580273,-0.10184130817651749,1.7222107432038727
66.76676177978516,8.988541807995988,-1.2437628644904952,0.15,1.4130026047972428,-0.10936552286148071,1.7222107432038727
66.80283665657043,8.988541807995988,-1.2437628644904952,0.15,1.4130026047972428,-0.10936552286148071,1.7222107432038727
66.83368134498596,8.988541807995988,-1.2437628644904952,0.15,1.4130026047972428,-0.10936552286148071,1.7222107432038727
66.86657977104187,8.988541807995988,-1.2437628644904952,0.15,1.4130026047972428,-0.10936552286148071,1.7222107432038727
66.90010142326355,8.785864727042318,-1.139201928166404,0.15,1.4130026047972428,-0.10936552286148071,1.6123464090017101
66.93375372886658,8.785864727042318,-1.139201928166404,0.15,1.407881911669853,-0.10936552286148071,1.6123464090017101
66.96692562103271,8.785864727042318,-1.139201928166404,0.15,1.407881911669853,-0.10936552286148071,1.6123464090017101
67.00022435188293,8.659747397155398,-1.0612723952624914,0.15,1.407881911669853,-0.10936552286148071,1.531224536770054
67.03352808952332,8.659747397155398,-1.0612723952624914,0.15,1.4056973486917836,-0.0762166753411293,1.531224536770054
67.06671953201294,8.659747397155398,-1.0612723952624914,0.15,1.4056973486917836,-0.0762166753411293,1.531224536770054
67.10015726089478,8.659747397155398,-1.0612723952624914,0.15,1.4056973486917836,-0.0762166753411293,1.531224536770054
67.13371419906616,8.659747397155398,-1.0612723952624914,0.15,1.4056973486917836,-0.0762166753411293,1.531224536770054
67.16684412956238,8.659747397155398,-1.0612723952624914,0.15,1.4056973486917836,-0.05773863196372986,1.531224536770054
67.2001371383667,8.659747397155398,-1.0612723952624914,0.15,1.4056973486917836,-0.05773863196372986,1.531224536770054
67.23332786560059,8.659747397155398,-1.0612723952624914,0.15,0.0,-0.042466387152671814,1.531224536770054
67.26685810089111,8.659747397155398,-1.0612723952624914,0.15,0.0,-0.03452036529779434,1.531224536770054
67.30017638206482,8.659747397155398,-1.0612723952624914,0.15,0.0,-0.03452036529779434,1.531224536770054
67.33354115486145,8.659747397155398,-1.0612723952624914,0.15,0.0,-0.03452036529779434,1.531224536770054
67.36687088012695,8.659747397155398,-1.0612723952624914,0.15,0.0,-0.03452036529779434,1.531224536770054
67.40020298957825,8.201070525094712,-0.7359284249205834,0.15,0.0,-0.03019375540316105,1.1960280067855833
67.4334785938263,8.201070525094712,-0.7359284249205834,0.15,1.4117320854563953,-0.03019375540316105,1.1960280067855833
67.46681213378906,8.201070525094712,-0.7359284249205834,0.15,1.4117320854563953,-0.03019375540316105,1.1960280067855833
67.50018692016602,8.201070525094712,-0.7359284249205834,0.15,1.4117320854563953,-0.03019375540316105,1.1960280067855833
67.53347730636597,8.201070525094712,-0.7359284249205834,0.15,1.4117320854563953,-0.03019375540316105,1.1960280067855833
67.5670485496521,8.201070525094712,-0.7359284249205834,0.15,1.4117320854563953,-0.03019375540316105,1.1960280067855833
67.60020899772644,8.201070525094712,-0.7359284249205834,0.15,1.4117320854563953,-0.03019375540316105,1.1960280067855833
67.63359689712524,8.201070525094712,-0.7359284249205834,0.15,0.0,-0.03019375540316105,1.1960280067855833
67.66694617271423,8.201070525094712,-0.7359284249205834,0.15,0.0,-0.03019375540316105,1.1960280067855833
67.70030951499939,7.872645987517655,-0.47320405962699663,0.15,0.0,-0.03019375540316105,0.9275017696482575
67.73388862609863,7.872645987517655,-0.47320405962699663,0.15,1.4120052330626405,-0.03019375540316105,0.9275017696482575
67.76692080497742,7.872645987517655,-0.47320405962699663,0.15,1.4120052330626405,-0.03019375540316105,0.9275017696482575
67.80016732215881,7.872645987517655,-0.47320405962699663,0.15,1.4120052330626405,-0.03019375540316105,0.9275017696482575
67.83351302146912,7.872645987517655,-0.47320405962699663,0.15,1.4120052330626405,-0.03019375540316105,0.9275017696482575
67.86670851707458,7.872645987517655,-0.47320405962699663,0.15,1.4120052330626405,-0.03019375540316105,0.9275017696482575
67.90053248405457,7.872645987517655,-0.47320405962699663,0.15,1.4120052330626405,0.17074458301067352,0.9275017696482575
67.93348217010498,7.872645987517655,-0.47320405962699663,0.15,0.0,0.17074458301067352,0.9275017696482575
67.96685695648193,7.872645987517655,-0.47320405962699663,0.15,0.0,0.17074458301067352,0.9275017696482575
68.00001168251038,7.505389061790169,-0.2521314710855996,0.15,0.0,0.17074458301067352,0.7001543750591929
68.03348350524902,7.505389061790169,-0.2521314710855996,0.15,1.4134515031888677,0.17074458301067352,0.7001543750591929
68.06693196296692,7.505389061790169,-0.2521314710855996,0.15,1.4134515031888677,0.17074458301067352,0.7001543750591929
68.10010552406311,7.505389061790169,-0.2521314710855996,0.15,1.4134515031888677,0.17074458301067352,0.7001543750591929
68.13359069824219,7.505389061790169,-0.2521314710855996,0.15,1.4134515031888677,0.17074458301067352,0.7001543750591929
68.16665410995483,7.505389061790169,-0.2521314710855996,0.15,1.4134515031888677,0.24380111694335938,0.7001543750591929
68.20017051696777,7.505389061790169,-0.2521314710855996,0.15,1.4134515031888677,0.24380111694335938,0.7001543750591929
68.23352313041687,7.505389061790169,-0.2521314710855996,0.15,0.0,0.24380111694335938,0.7001543750591929
68.26689124107361,7.505389061790169,-0.2521314710855996,0.15,0.0,0.24380111694335938,0.7001543750591929
68.300137758255,7.505389061790169,-0.2521314710855996,0.15,0.0,0.24380111694335938,0.7001543750591929
68.3334755897522,7.072620716045754,-0.17777878985033585,0.15,0.0,0.24380111694335938,0.6164119110290972
68.36678338050842,7.072620716045754,-0.17777878985033585,0.15,1.425607684744428,0.24380111694335938,0.6164119110290972
68.4002583026886,7.072620716045754,-0.17777878985033585,0.15,1.425607684744428,0.24380111694335938,0.6164119110290972
68.43344616889954,7.072620716045754,-0.17777878985033585,0.15,1.425607684744428,0.24380111694335938,0.6164119110290972
68.46645832061768,7.072620716045754,-0.17777878985033585,0.15,1.425607684744428,0.24380111694335938,0.6164119110290972
68.50034713745117,6.81415065967453,-0.22248753206475858,0.15,1.425607684744428,0.24380111694335938,0.6564823557538666
68.53385376930237,6.81415065967453,-0.22248753206475858,0.15,1.4317778288006477,0.24380111694335938,0.6564823557538666
68.56685829162598,6.81415065967453,-0.22248753206475858,0.15,1.4317778288006477,0.24380111694335938,0.6564823557538666
68.60019946098328,6.81415065967453,-0.22248753206475858,0.15,1.4317778288006477,0.24380111694335938,0.6564823557538666
68.63360095024109,6.644585710466574,-0.2916550889552208,0.15,1.4317778288006477,0.24380111694335938,0.722970914854407
68.66698503494263,6.644585710466574,-0.2916550889552208,0.15,1.4391037563814382,0.24380111694335938,0.722970914854407
68.70019626617432,6.644585710466574,-0.2916550889552208,0.15,1.4391037563814382,0.24380111694335938,0.722970914854407
68.73352265357971,6.644585710466574,-0.2916550889552208,0.15,1.4391037563814382,0.24380111694335938,0.722970914854407
68.76691889762878,6.644585710466574,-0.2916550889552208,0.15,1.4391037563814382,0.24380111694335938,0.722970914854407
68.80014634132385,6.440276991012885,-0.43017184840396305,0.15,1.4391037563814382,0.24380111694335938,0.8591898051977528
68.83349585533142,6.440276991012885,-0.43017184840396305,0.15,1.4242302267843328,0.24380111694335938,0.8591898051977528
68.86687135696411,6.440276991012885,-0.43017184840396305,0.15,1.4242302267843328,0.24380111694335938,0.8591898051977528
68.90042018890381,6.440276991012885,-0.43017184840396305,0.15,1.4242302267843328,0.24380111694335938,0.8591898051977528
68.93399262428284,6.31024318637543,-0.565841462974667,0.15,1.4242302267843328,0.24380111694335938,0.994062746569924
68.966867685318,6.31024318637543,-0.565841462974667,0.15,1.4202871849167589,0.24380111694335938,0.994062746569924
69.00026679039001,6.31024318637543,-0.565841462974667,0.15,1.4202871849167589,0.24380111694335938,0.994062746569924
69.03348875045776,6.31024318637543,-0.565841462974667,0.15,1.4202871849167589,0.24380111694335938,0.994062746569924
69.06673765182495,6.31024318637543,-0.565841462974667,0.15,1.4202871849167589,0.24380111694335938,0.994062746569924
69.0998318195343,6.17986082398991,-0.7772539300731393,0.15,1.4202871849167589,0.24380111694335938,1.2044613060572975
69.13335037231445,6.17986082398991,-0.7772539300731393,0.15,1.433174054070583,0.24380111694335938,1.2044613060572975
69.16667079925537,6.17986082398991,-0.7772539300731393,0.15,1.433174054070583,0.24380111694335938,1.2044613060572975
69.20215034484863,6.17986082398991,-0.7772539300731393,0.15,1.433174054070583,0.24380111694335938,1.2044613060572975
69.23335814476013,6.117084812955974,-0.9540361848262714,0.15,1.433174054070583,0.24380111694335938,1.381040825203428
69.26687622070312,6.117084812955974,-0.9540361848262714,0.15,1.4421116898522608,0.24380111694335938,1.381040825203428
69.30014562606812,6.117084812955974,-0.9540361848262714,0.15,1.4421116898522608,0.24380111694335938,1.381040825203428
69.33385586738586,6.117084812955974,-0.9540361848262714,0.15,1.4421116898522608,0.24380111694335938,1.381040825203428
69.36702871322632,6.117084812955974,-0.9540361848262714,0.15,1.4421116898522608,0.24380111694335938,1.381040825203428
69.40027976036072,6.085171317743452,-1.1857946727951987,0.15,1.4421116898522608,0.24380111694335938,1.6127170819374428
69.43365693092346,6.085171317743452,-1.1857946727951987,0.15,1.441903786017925,0.24380111694335938,1.6127170819374428
69.46696782112122,6.085171317743452,-1.1857946727951987,0.15,1.441903786017925,0.24380111694335938,1.6127170819374428
69.50029134750366,6.085171317743452,-1.1857946727951987,0.15,1.441903786017925,0.24380111694335938,1.6127170819374428
69.53372359275818,6.085171317743452,-1.1857946727951987,0.15,1.441903786017925,0.24380111694335938,1.6127170819374428
69.5724048614502,6.085171317743452,-1.1857946727951987,0.15,1.441903786017925,0.24380111694335938,1.6127170819374428
69.59991884231567,6.085171317743452,-1.1857946727951987,0.15,1.441903786017925,0.24380111694335938,1.6127170819374428
69.63497829437256,6.085171317743452,-1.1857946727951987,0.15,0.0,0.24380111694335938,1.6127170819374428
69.66688060760498,6.085171317743452,-1.1857946727951987,0.15,0.0,0.24380111694335938,1.6127170819374428
69.69994735717773,6.168265054600015,-1.6165581735002383,0.15,0.0,0.24380111694335938,2.043752669997847
69.73352909088135,6.168265054600015,-1.6165581735002383,0.15,1.4471904937328723,0.24380111694335938,2.043752669997847
69.76694989204407,6.168265054600015,-1.6165581735002383,0.15,1.4471904937328723,0.24380111694335938,2.043752669997847
69.80011320114136,6.168265054600015,-1.6165581735002383,0.15,1.4471904937328723,0.24380111694335938,2.043752669997847
69.8335907459259,6.257150310701099,-1.7811541757538962,0.15,1.4471904937328723,0.24380111694335938,2.2088338753617154
69.86701083183289,6.257150310701099,-1.7811541757538962,0.15,1.4448332325611086,0.24380111694335938,2.2088338753617154
69.90009117126465,6.257150310701099,-1.7811541757538962,0.15,1.4448332325611086,0.24380111694335938,2.2088338753617154
69.93345260620117,6.257150310701099,-1.7811541757538962,0.15,1.4448332325611086,0.24380111694335938,2.2088338753617154
69.96683859825134,6.257150310701099,-1.7811541757538962,0.15,1.4448332325611086,0.24380111694335938,2.2088338753617154
70.00280427932739,6.410244189791695,-1.9644591117800245,0.15,1.4448332325611086,0.23206767439842224,2.393169679817926
70.03382086753845,6.410244189791695,-1.9644591117800245,0.15,1.4469921708311162,0.23206767439842224,2.393169679817926
70.06701946258545,6.410244189791695,-1.9644591117800245,0.15,1.4469921708311162,0.23206767439842224,2.393169679817926
70.09996962547302,6.521216136224309,-2.0582766165314923,0.15,1.4469921708311162,0.2194833606481552,2.4880616389865104
70.13385224342346,6.521216136224309,-2.0582766165314923,0.15,1.4530765996738375,0.21051231026649475,2.4880616389865104
70.16690468788147,6.521216136224309,-2.0582766165314923,0.15,1.4530765996738375,0.1927165538072586,2.4880616389865104
70.1999979019165,6.521216136224309,-2.0582766165314923,0.15,1.4530765996738375,0.1927165538072586,2.4880616389865104
70.23364424705505,6.674147496655928,-2.156595395728737,0.15,1.4530765996738375,0.18306602537631989,2.5881454995418456
70.26670432090759,6.674147496655928,-2.156595395728737,0.15,1.4572944326708575,0.1779378354549408,2.5881454995418456
70.30015134811401,6.674147496655928,-2.156595395728737,0.15,1.4572944326708575,0.1779378354549408,2.5881454995418456
70.33348679542542,6.8052044950450385,-2.220572220364974,0.15,1.4572944326708575,0.16630123555660248,2.6540477595465495
70.36664652824402,6.8052044950450385,-2.220572220364974,0.15,1.451687159714227,0.1617594063282013,2.6540477595465495
70.400155544281,6.8052044950450385,-2.220572220364974,0.15,1.451687159714227,0.1617594063282013,2.6540477595465495
70.43355178833008,6.8052044950450385,-2.220572220364974,0.15,1.451687159714227,0.1617594063282013,2.6540477595465495
70.46669054031372,6.9841118234783925,-2.285140271265828,0.15,1.451687159714227,0.14263443648815155,2.7214660942203963
70.50010204315186,7.044391957224266,-2.301933459999108,0.15,1.4518640773919735,0.13679605722427368,2.7393506514606547
70.53368163108826,7.044391957224266,-2.301933459999108,0.15,1.4455103788774228,0.13488487899303436,2.7393506514606547
70.56673312187195,7.044391957224266,-2.301933459999108,0.15,1.4455103788774228,0.13088147342205048,2.7393506514606547
70.60009288787842,7.190927636401946,-2.3341641370684703,0.15,1.4455103788774228,0.10999081283807755,2.7744549482267766
70.63344430923462,7.190927636401946,-2.3341641370684703,0.15,1.4361205669684658,0.10263033211231232,2.7744549482267766
70.66688323020935,7.190927636401946,-2.3341641370684703,0.15,1.4361205669684658,0.10263033211231232,2.7744549482267766
70.7000982761383,7.3255992439855255,-2.3550803456120892,0.15,1.4361205669684658,0.09021632373332977,2.798278662492369
70.73357725143433,7.3255992439855255,-2.3550803456120892,0.15,1.4234562902965944,0.08721183985471725,2.798278662492369
70.76683378219604,7.3255992439855255,-2.3550803456120892,0.15,1.4234562902965944,0.08192243427038193,2.798278662492369
70.80017375946045,7.479442495162552,-2.3716371040344515,0.15,1.4234562902965944,0.0758693516254425,2.8183366276960418
70.8337562084198,7.479442495162552,-2.3716371040344515,0.15,1.419195733666139,0.06885971128940582,2.8183366276960418
70.86693143844604,7.479442495162552,-2.3716371040344515,0.15,1.419195733666139,0.06476472318172455,2.8183366276960418
70.90050268173218,7.626459999283872,-2.381552055668226,0.15,1.419195733666139,0.05917423591017723,2.8318202448927408
70.93349075317383,7.626459999283872,-2.381552055668226,0.15,1.4252002967703918,0.05802999436855316,2.8318202448927408
70.96682143211365,7.626459999283872,-2.381552055668226,0.15,1.4252002967703918,0.05802999436855316,2.8318202448927408
70.99998807907104,7.751971499991236,-2.3866003403363765,0.15,1.4252002967703918,0.04152552783489227,2.8388173622997557
71.03350019454956,7.751971499991236,-2.3866003403363765,0.15,1.4355941592887236,0.041888222098350525,2.8388173622997557
71.06663799285889,7.751971499991236,-2.3866003403363765,0.15,1.4355941592887236,0.041137851774692535,2.8388173622997557
71.09993267059326,7.751971499991236,-2.3866003403363765,0.15,1.4355941592887236,0.041137851774692535,2.8388173622997557
71.13346552848816,7.918830407433583,-2.3894324697397282,0.15,1.4355941592887236,0.04191972687840462,2.8442378218841338
71.16687941551208,7.918830407433583,-2.3894324697397282,0.15,1.4376647007470447,0.04191972687840462,2.8442378218841338
71.2002785205841,7.918830407433583,-2.3894324697397282,0.15,1.4376647007470447,0.04191972687840462,2.8442378218841338
71.23348379135132,8.067062857819696,-2.388143889974251,0.15,1.4376647007470447,0.046685654670000076,2.845438431789459
71.26663589477539,8.067062857819696,-2.388143889974251,0.15,1.432400256162732,0.05592053383588791,2.845438431789459
71.30009031295776,8.067062857819696,-2.388143889974251,0.15,1.432400256162732,0.05592053383588791,2.845438431789459
71.33352136611938,8.209705482097451,-2.382832526419443,0.15,1.432400256162732,0.060939911752939224,2.8427772153850057
71.36681723594666,8.209705482097451,-2.382832526419443,0.15,1.4172587894594244,0.06376993656158447,2.8427772153850057
71.40012884140015,8.209705482097451,-2.382832526419443,0.15,1.4172587894594244,0.06376993656158447,2.8427772153850057
71.43350076675415,8.356772705675027,-2.3703770226363368,0.15,1.4172587894594244,0.10492393374443054,2.8333076766973098
71.46685338020325,8.356772705675027,-2.3703770226363368,0.15,1.4088980372164532,0.10013828426599503,2.8333076766973098
71.50012063980103,8.356772705675027,-2.3703770226363368,0.15,1.4088980372164532,0.10013828426599503,2.8333076766973098
71.53370118141174,8.493757454276261,-2.3508667613037444,0.15,1.4088980372164532,0.09969644248485565,2.8166500578132685
71.56658840179443,8.493757454276261,-2.3508667613037444,0.15,1.4022250030459704,0.10368011146783829,2.8166500578132685
71.5999927520752,8.597694781720634,-2.330952508782316,0.15,1.4022250030459704,0.10731671750545502,2.7990892890255625
71.63351321220398,8.597694781720634,-2.330952508782316,0.15,1.401496023691943,0.10731671750545502,2.7990892890255625
71.6670310497284,8.597694781720634,-2.330952508782316,0.15,1.401496023691943,0.1260633021593094,2.7990892890255625
71.70061087608337,8.733026123708184,-2.296866401855836,0.15,1.401496023691943,0.1290873885154724,2.768263461965398
71.7338650226593,8.733026123708184,-2.296866401855836,0.15,1.4012232754298533,0.1345699429512024,2.768263461965398
71.76676940917969,8.733026123708184,-2.296866401855836,0.15,1.4012232754298533,0.1345699429512024,2.768263461965398
71.80009913444519,8.867678638525076,-2.2519755150798377,0.15,1.4012232754298533,0.14311812818050385,2.726832920205718
71.83344078063965,8.867678638525076,-2.2519755150798377,0.15,1.405154049673083,0.1322484314441681,2.726832920205718
71.86676025390625,8.867678638525076,-2.2519755150798377,0.15,1.405154049673083,0.13717561960220337,2.726832920205718
71.90015625953674,8.867678638525076,-2.2519755150798377,0.15,1.405154049673083,0.13717561960220337,2.726832920205718
71.93355464935303,9.026965904853379,-2.1828449986451592,0.15,1.405154049673083,0.14611509442329407,2.6620590790149805
71.96689248085022,9.026965904853379,-2.1828449986451592,0.15,1.407974881496578,0.1505582630634308,2.6620590790149805
72.00015258789062,9.026965904853379,-2.1828449986451592,0.15,1.407974881496578,0.1505582630634308,2.6620590790149805
72.03363251686096,9.15148403755098,-2.1147620777856186,0.15,1.407974881496578,0.16011974215507507,2.5975066706493983
72.06690549850464,9.15148403755098,-2.1147620777856186,0.15,1.4113265200658416,0.16481007635593414,2.5975066706493983
72.10010051727295,9.245715787760036,-2.052997056671345,0.15,1.4113265200658416,0.1663745790719986,2.5386386073717606
72.13350534439087,9.245715787760036,-2.052997056671345,0.15,1.4099260815365007,0.1696535050868988,2.5386386073717606
72.16695666313171,9.245715787760036,-2.052997056671345,0.15,1.4099260815365007,0.1696535050868988,2.5386386073717606
72.20012760162354,9.245715787760036,-2.052997056671345,0.15,1.4099260815365007,0.1696535050868988,2.5386386073717606
72.23347282409668,9.394841877267822,-1.9321492423031128,0.15,1.4099260815365007,0.1696535050868988,2.422568665514894
72.26702547073364,9.394841877267822,-1.9321492423031128,0.15,1.4013644197738413,0.1664837747812271,2.422568665514894
72.30010795593262,9.45370406540649,-1.8748295149538765,0.15,1.4013644197738413,0.16777360439300537,2.367131562506097
72.33340120315552,9.45370406540649,-1.8748295149538765,0.15,1.387843091876571,0.16372497379779816,2.367131562506097
72.3668155670166,9.45370406540649,-1.8748295149538765,0.15,1.387843091876571,0.16372497379779816,2.367131562506097
72.40009450912476,9.45370406540649,-1.8748295149538765,0.15,1.387843091876571,0.16372497379779816,2.367131562506097
72.4340193271637,9.45370406540649,-1.8748295149538765,0.15,1.387843091876571,0.16598623991012573,2.367131562506097
72.46681046485901,9.586808777880787,-1.718259458318583,0.15,1.387843091876571,0.17083340883255005,2.215145779021672
72.50010108947754,9.586808777880787,-1.718259458318583,0.15,1.3895315623395783,0.17083340883255005,2.215145779021672
72.53377938270569,9.586808777880787,-1.718259458318583,0.15,1.3895315623395783,0.17083340883255005,2.215145779021672
72.56669497489929,9.664490996473933,-1.6024652037612297,0.15,1.3895315623395783,0.15716339647769928,2.1020102506367295
72.60011959075928,9.664490996473933,-1.6024652037612297,0.15,1.3880182466280468,0.15716339647769928,2.1020102506367295
72.63355660438538,9.664490996473933,-1.6024652037612297,0.15,1.3880182466280468,0.15716339647769928,2.1020102506367295
72.6668004989624,9.733985734667877,-1.4758735916827666,0.15,1.3880182466280468,0.1428644359111786,1.9780154150339542
72.70012927055359,9.733985734667877,-1.4758735916827666,0.15,1.399913527448932,0.1428644359111786,1.9780154150339542
72.73346018791199,9.733985734667877,-1.4758735916827666,0.15,1.399913527448932,0.1428644359111786,1.9780154150339542
72.76676106452942,9.79253702243894,-1.344621186093339,0.15,1.399913527448932,0.13426823914051056,1.848923729423224
72.8001172542572,9.816623951355693,-1.2810137465661924,0.15,1.4074228847304304,0.13057446479797363,1.7861116157143906
72.83319783210754,9.816623951355693,-1.2810137465661924,0.15,1.4097299492009063,0.12965360283851624,1.7861116157143906
72.86681747436523,9.816623951355693,-1.2810137465661924,0.15,1.4097299492009063,0.12965360283851624,1.7861116157143906
72.90011930465698,9.816623951355693,-1.2810137465661924,0.15,1.4097299492009063,0.12965360283851624,1.7861116157143906
72.93344640731812,9.816623951355693,-1.2810137465661924,0.15,1.4097299492009063,0.12965360283851624,1.7861116157143906
72.96672511100769,9.87980969384025,-1.0690166253775373,0.15,1.4097299492009063,0.11123060435056686,1.5766971903163127
73.00010848045349,9.892649208245953,-1.0123881476552297,0.15,1.41117062771756,0.10368029028177261,1.5203979920966655
73.03343892097473,9.892649208245953,-1.0123881476552297,0.15,1.4109209466541714,0.10368029028177261,1.5203979920966655
73.06655073165894,9.892649208245953,-1.0123881476552297,0.15,1.4109209466541714,0.09085214883089066,1.5203979920966655
73.10008525848389,9.918811577411768,-0.8748926643515424,0.15,1.4109209466541714,0.0849052146077156,1.3840371828472828
73.13372826576233,9.918811577411768,-0.8748926643515424,0.15,1.4063726653898678,0.0849052146077156,1.3840371828472828
73.16675090789795,9.918811577411768,-0.8748926643515424,0.15,1.4063726653898678,0.07687028497457504,1.3840371828472828
73.20012950897217,9.918811577411768,-0.8748926643515424,0.15,1.4063726653898678,0.07687028497457504,1.3840371828472828
73.2334840297699,9.918811577411768,-0.8748926643515424,0.15,1.4063726653898678,0.07687028497457504,1.3840371828472828
73.26784110069275,9.949801202358303,-0.6426404941656959,0.15,1.4063726653898678,0.061583660542964935,1.1529314115728782
73.30083656311035,9.949801202358303,-0.6426404941656959,0.15,1.400338600134998,0.061583660542964935,1.1529314115728782
73.33386492729187,9.949801202358303,-0.6426404941656959,0.15,1.400338600134998,0.061583660542964935,1.1529314115728782
73.36696529388428,9.961793864990836,-0.5027552607757102,0.15,1.400338600134998,0.050326038151979446,1.013855234795764
73.40011477470398,9.964832109047734,-0.45768850636731434,0.15,1.395296365715567,0.037412866950035095,0.9688368656473972
73.43348145484924,9.964832109047734,-0.45768850636731434,0.15,1.3955199609138913,0.03257733955979347,0.9688368656473972
73.46692395210266,9.964832109047734,-0.45768850636731434,0.15,1.3955199609138913,0.026891428977251053,0.9688368656473972
73.50018310546875,9.97358071556897,-0.3187641200922693,0.15,1.3955199609138913,0.004189357627183199,0.8301214797814355
73.53348350524902,9.97358071556897,-0.3187641200922693,0.15,1.3946693642659653,-1.163767410616856e-05,0.8301214797814355
73.5667941570282,9.97358071556897,-0.3187641200922693,0.15,1.3946693642659653,-1.163767410616856e-05,0.8301214797814355
73.60012578964233,9.982697805797326,-0.1788910384725601,0.15,1.3946693642659653,-0.012220741249620914,0.6906698110319238
73.63351655006409,9.982697805797326,-0.1788910384725601,0.15,1.3966347095786906,-0.016867486760020256,0.6906698110319238
73.66666460037231,9.982697805797326,-0.1788910384725601,0.15,1.3966347095786906,-0.02275078371167183,0.6906698110319238
73.70016694068909,9.982697805797326,-0.1788910384725601,0.15,1.3966347095786906,-0.02275078371167183,0.6906698110319238
73.73352766036987,9.982697805797326,-0.1788910384725601,0.15,1.3966347095786906,-0.02275078371167183,0.6906698110319238
73.76662564277649,10.003348749540514,0.07083328063793878,0.15,1.3966347095786906,-0.028883785009384155,0.4420547974875679
73.80012631416321,10.006512054617861,0.10256834438490321,0.15,1.4112266891285687,-0.044417671859264374,0.4103430557327972
73.83354568481445,10.006512054617861,0.10256834438490321,0.15,1.4190336562439165,-0.044417671859264374,0.4103430557327972
73.86687302589417,10.006512054617861,0.10256834438490321,0.15,1.4190336562439165,-0.047151703387498856,0.4103430557327972
73.90001225471497,10.023829845242014,0.24730490433928742,0.15,1.4190336562439165,-0.059785738587379456,0.26648245238492474
73.93350529670715,10.023829845242014,0.24730490433928742,0.15,1.417431078807158,-0.059785738587379456,0.26648245238492474
73.96678447723389,10.023829845242014,0.24730490433928742,0.15,1.417431078807158,-0.059785738587379456,0.26648245238492474
74.00011086463928,10.045116026246353,0.384125358996253,0.15,1.417431078807158,-0.06774858385324478,0.13082911411515472
74.03338623046875,10.045116026246353,0.384125358996253,0.15,1.4181501931189162,-0.06774858385324478,0.13082911411515472
74.06672096252441,10.045116026246353,0.384125358996253,0.15,1.4181501931189162,-0.06774858385324478,0.13082911411515472
74.10014367103577,10.072011839936023,0.522411083210935,0.15,1.4181501931189162,-0.07093700021505356,0.020597383612941365
74.13366770744324,10.072011839936023,0.522411083210935,0.15,1.4190216034255358,-0.07251358777284622,0.020597383612941365
74.16709232330322,10.072011839936023,0.522411083210935,0.15,1.4190216034255358,-0.0740089863538742,0.020597383612941365
74.20015239715576,10.072011839936023,0.522411083210935,0.15,1.4190216034255358,-0.0740089863538742,0.020597383612941365
74.23369073867798,10.072011839936023,0.522411083210935,0.15,1.4190216034255358,-0.0740089863538742,0.020597383612941365
74.26688647270203,10.072011839936023,0.522411083210935,0.15,1.4190216034255358,-0.0740089863538742,0.020597383612941365
74.29999208450317,10.14342068559304,0.7986770910881822,0.15,1.4190216034255358,-0.06054062768816948,0.2757870448313101
74.33347654342651,10.14342068559304,0.7986770910881822,0.15,1.425334995823578,-0.05965471267700195,0.2757870448313101
74.3668098449707,10.14342068559304,0.7986770910881822,0.15,1.425334995823578,-0.0575389564037323,0.2757870448313101
74.40016293525696,10.14342068559304,0.7986770910881822,0.15,1.425334995823578,-0.0575389564037323,0.2757870448313101
74.43347001075745,10.14342068559304,0.7986770910881822,0.15,1.425334995823578,-0.0575389564037323,0.2757870448313101
74.46681451797485,10.14342068559304,0.7986770910881822,0.15,1.425334995823578,-0.0575389564037323,0.2757870448313101
74.49986410140991,10.234326462174636,1.0676029880170081,0.15,1.425334995823578,-0.05248244106769562,0.5427280701117262
74.53341913223267,10.234326462174636,1.0676029880170081,0.15,1.4236611785368747,-0.05129312723875046,0.5427280701117262
74.56674218177795,10.234326462174636,1.0676029880170081,0.15,1.4236611785368747,-0.04949108138680458,0.5427280701117262
74.60010266304016,10.28717037186743,1.2034802993635496,0.15,1.4236611785368747,-0.04691624268889427,0.5106194245136958
74.63370394706726,10.28717037186743,1.2034802993635496,0.15,1.431597556326771,-0.04691624268889427,0.5106194245136958
74.66686081886292,10.28717037186743,1.2034802993635496,0.15,1.431597556326771,-0.04691624268889427,0.5106194245136958
74.69999170303345,10.342839903586666,1.3361238868244942,0.15,1.431597556326771,-0.03992173448204994,0.37478163014796695
74.73381280899048,10.342839903586666,1.3361238868244942,0.15,1.4407716667700208,-0.031764332205057144,0.37478163014796695
74.76677870750427,10.342839903586666,1.3361238868244942,0.15,1.4407716667700208,-0.031764332205057144,0.37478163014796695
74.79976773262024,10.403263654845901,1.4718511759111335,0.15,1.4407716667700208,-0.02545212022960186,0.2357414370317982
74.83346104621887,10.403263654845901,1.4718511759111335,0.15,1.440070998020353,-0.02338414452970028,0.2357414370317982
74.86687541007996,10.403263654845901,1.4718511759111335,0.15,1.440070998020353,-0.02055566944181919,0.2357414370317982
74.89983439445496,10.464205512191601,1.6040261606713297,0.15,1.440070998020353,-0.017101412639021873,0.10091161158705458
74.93354892730713,10.464205512191601,1.6040261606713297,0.15,1.4447654134628514,-0.014688248746097088,0.10091161158705458
74.96680855751038,10.464205512191601,1.6040261606713297,0.15,1.4447654134628514,-0.011670660227537155,0.10091161158705458
74.99998641014099,10.526554105169796,1.7368205579587488,0.15,1.4447654134628514,-0.007347540929913521,0.01700624686184504
75.03353142738342,10.526554105169796,1.7368205579587488,0.15,1.4422515880483404,-0.0035231569781899452,0.01700624686184504
75.06683015823364,10.526554105169796,1.7368205579587488,0.15,1.4422515880483404,-0.0035231569781899452,0.01700624686184504
75.10003471374512,10.589251719109052,1.8692887417767121,0.15,1.4422515880483404,-0.0035231569781899452,0.13485032655310383
75.1334240436554,10.589251719109052,1.8692887417767121,0.15,1.4490471043084778,0.009799000807106495,0.13485032655310383
75.16686940193176,10.589251719109052,1.8692887417767121,0.15,1.4490471043084778,0.009799000807106495,0.13485032655310383
75.2003960609436,10.589251719109052,1.8692887417767121,0.15,1.4490471043084778,0.009799000807106495,0.13485032655310383
75.2334463596344,10.654533392388684,2.007902946058627,0.15,1.4490471043084778,0.02037385292351246,0.2734405110365282
75.26681804656982,10.654533392388684,2.007902946058627,0.15,1.4441566043229532,0.02037385292351246,0.2734405110365282
75.30051779747009,10.654533392388684,2.007902946058627,0.15,1.4441566043229532,0.02364622801542282,0.2734405110365282
75.33617687225342,10.714920255685845,2.1393762245815244,0.15,1.4441566043229532,0.030134255066514015,0.40507986848834054
75.36672472953796,10.714920255685845,2.1393762245815244,0.15,1.4489319471977298,0.030134255066514015,0.40507986848834054
75.39999198913574,10.714920255685845,2.1393762245815244,0.15,1.4489319471977298,0.030134255066514015,0.40507986848834054
75.43379163742065,10.774565538707819,2.275023025243659,0.15,1.4489319471977298,0.03884968161582947,0.5408225149279562
75.4668357372284,10.774565538707819,2.275023025243659,0.15,1.4532511517829152,0.041570182889699936,0.5408225149279562
75.50039052963257,10.821485446276233,2.3876458163531704,0.15,1.4532511517829152,0.0447794646024704,0.653036594261279
75.53345441818237,10.821485446276233,2.3876458163531704,0.15,1.4574428019635735,0.0447794646024704,0.653036594261279
75.566814661026,10.821485446276233,2.3876458163531704,0.15,1.4574428019635735,0.0447794646024704,0.653036594261279
75.60032081604004,10.821485446276233,2.3876458163531704,0.15,1.4574428019635735,0.0447794646024704,0.653036594261279
75.63344216346741,10.885627228304623,2.553499279989079,0.15,1.4574428019635735,0.04966694116592407,0.8183329558106098
75.66676044464111,10.885627228304623,2.553499279989079,0.15,1.4675097831577684,0.05109887942671776,0.8183329558106098
75.70012664794922,10.885627228304623,2.553499279989079,0.15,1.4675097831577684,0.05109887942671776,0.8183329558106098
75.73576021194458,10.938625248324813,2.7048441793750713,0.15,1.4675097831577684,0.05434221774339676,0.969279024607529
75.7667031288147,10.938625248324813,2.7048441793750713,0.15,1.4751995067007493,0.05477634817361832,0.969279024607529
75.80011248588562,10.969751720800668,2.802337332856064,0.15,1.4751995067007493,0.05749218538403511,1.0666859567910902
75.833491563797,10.969751720800668,2.802337332856064,0.15,1.4605758361934167,0.05749218538403511,1.0666859567910902
75.86674499511719,10.969751720800668,2.802337332856064,0.15,1.4605758361934167,0.05749218538403511,1.0666859567910902
75.90012812614441,10.969751720800668,2.802337332856064,0.15,1.4605758361934167,0.05749218538403511,1.0666859567910902
75.93325877189636,11.020478759912141,2.9807913786786817,0.15,1.4605758361934167,0.058427389711141586,1.244734583469197
75.96677589416504,11.020478759912141,2.9807913786786817,0.15,1.44441671123222,0.0628257617354393,1.244734583469197
76.00013136863708,11.020478759912141,2.9807913786786817,0.15,1.44441671123222,0.0628257617354393,1.244734583469197
76.03351283073425,11.05520854771834,3.123807644952979,0.15,1.44441671123222,0.06378168612718582,1.3872534547466042
76.06676840782166,11.05520854771834,3.123807644952979,0.15,1.440047328113717,0.06378168612718582,1.3872534547466042
76.10005187988281,11.05520854771834,3.123807644952979,0.15,1.440047328113717,0.06419049948453903,1.3872534547466042
76.13404726982117,11.082197867960245,3.2546086230155065,0.15,1.440047328113717,0.06422837823629379,1.4657265504112011
76.16660714149475,11.082197867960245,3.2546086230155065,0.15,1.441623336342706,0.06415726244449615,1.4657265504112011
76.2001121044159,11.082197867960245,3.2546086230155065,0.15,1.441623336342706,0.06415726244449615,1.4657265504112011
76.23354935646057,11.109437565792021,3.416820787973464,0.15,1.441623336342706,0.0640517845749855,1.507107576610669
76.26681351661682,11.109437565792021,3.416820787973464,0.15,1.4531960269079465,0.06284045428037643,1.507107576610669
76.3000853061676,11.121877383023842,3.5088845607568357,0.15,1.4531960269079465,0.06409168988466263,1.5299194620948864
76.33361649513245,11.121877383023842,3.5088845607568357,0.15,1.452799730317801,0.06354272365570068,1.5299194620948864
76.3668851852417,11.121877383023842,3.5088845607568357,0.15,1.452799730317801,0.06382973492145538,1.5299194620948864
76.40045046806335,11.121877383023842,3.5088845607568357,0.15,1.452799730317801,0.0594467930495739,1.5299194620948864
76.43358516693115,11.142091055707178,3.712327271738694,0.15,1.452799730317801,0.05915558710694313,1.5773657074308705
76.46674823760986,11.142091055707178,3.712327271738694,0.15,1.4622623565507347,0.058458320796489716,1.5773657074308705
76.50004005432129,11.147809083710728,3.7995621495663694,0.15,1.4622623565507347,0.058164067566394806,1.5948979634774678
76.53377079963684,11.147809083710728,3.7995621495663694,0.15,1.4572107107202494,0.057446710765361786,1.5948979634774678
76.5667986869812,11.147809083710728,3.7995621495663694,0.15,1.4572107107202494,0.05730089545249939,1.5948979634774678
76.60009670257568,11.147809083710728,3.7995621495663694,0.15,1.4572107107202494,0.05730089545249939,1.5948979634774678
76.63389945030212,11.154657122976523,4.010763019031568,0.15,1.4572107107202494,0.05621453374624252,1.6399116478988205
76.66684937477112,11.154657122976523,4.010763019031568,0.15,1.4575997483135945,0.0548538938164711,1.6399116478988205
76.70016646385193,11.154657122976523,4.010763019031568,0.15,1.4575997483135945,0.0548538938164711,1.6399116478988205
76.73370552062988,11.154657122976523,4.010763019031568,0.15,1.4575997483135945,0.0548538938164711,1.6399116478988205
76.76684069633484,11.15370358378486,4.160687057119985,0.15,1.4575997483135945,0.05180293321609497,1.6749037990155717
76.80051183700562,11.15370358378486,4.160687057119985,0.15,1.455588961993309,0.05180293321609497,1.6749037990155717
76.83345365524292,11.15370358378486,4.160687057119985,0.15,1.455588961993309,0.05180293321609497,1.6749037990155717
76.86675596237183,11.148915906168373,4.307500919933539,0.15,1.455588961993309,0.03448871895670891,1.71165859117506
76.90003061294556,11.148915906168373,4.307500919933539,0.15,1.4462483414667207,0.03448871895670891,1.71165859117506
76.93369507789612,11.148915906168373,4.307500919933539,0.15,1.4462483414667207,0.03448871895670891,1.71165859117506
76.96674656867981,11.141253616774542,4.452142843369237,0.15,1.4462483414667207,0.0303634125739336,1.749915008573213
77.00021815299988,11.136689561724891,4.520797944525256,0.15,1.423219351804848,0.027876947075128555,1.7685379368101217
77.03358721733093,11.136689561724891,4.520797944525256,0.15,1.4125769784547277,0.026189224794507027,1.7685379368101217
77.06685519218445,11.136689561724891,4.520797944525256,0.15,1.4125769784547277,0.024003934115171432,1.7685379368101217
77.1001296043396,11.136689561724891,4.520797944525256,0.15,1.4125769784547277,0.024003934115171432,1.7685379368101217
77.13349962234497,11.136689561724891,4.520797944525256,0.15,1.4125769784547277,0.024003934115171432,1.7685379368101217
77.16675925254822,11.118865400237981,4.7418189688067445,0.15,1.4125769784547277,0.01703188754618168,1.8295924695501717
77.20011043548584,11.118865400237981,4.7418189688067445,0.15,1.4185337022741908,0.01703188754618168,1.8295924695501717
77.23344802856445,11.118865400237981,4.7418189688067445,0.15,1.4185337022741908,0.01703188754618168,1.8295924695501717
77.26672291755676,11.104893865903358,4.887404776737561,0.15,1.4185337022741908,0.002772565698251128,1.8694018312424903
77.3002872467041,11.09880784703775,4.947716004181609,0.15,1.4280196909283662,0.00040953358984552324,1.8853523771418081
77.33373785018921,11.09880784703775,4.947716004181609,0.15,1.440245391550422,-0.001377398264594376,1.8853523771418081
77.36686587333679,11.09880784703775,4.947716004181609,0.15,1.440245391550422,-0.001377398264594376,1.8853523771418081
77.40010809898376,11.09880784703775,4.947716004181609,0.15,1.440245391550422,-0.001377398264594376,1.8853523771418081
77.43349599838257,11.09880784703775,4.947716004181609,0.15,1.440245391550422,-0.001377398264594376,1.8853523771418081
77.46663761138916,11.075614645799199,5.181170881968334,0.15,1.440245391550422,-0.011034870520234108,1.9146690990871613
77.50010323524475,11.070768879852826,5.23152409875684,0.15,1.4352008906760616,-0.015112265013158321,1.9200901611502244
77.5334894657135,11.070768879852826,5.23152409875684,0.15,1.4299591334135626,-0.015112265013158321,1.9200901611502244
77.5665123462677,11.070768879852826,5.23152409875684,0.15,1.4299591334135626,-0.01926683820784092,1.9200901611502244
77.60004138946533,11.058232004900304,5.372846431217033,0.15,1.4299591334135626,-0.02163589932024479,1.9335415323966194
77.6334822177887,11.058232004900304,5.372846431217033,0.15,1.411888435328709,-0.02163589932024479,1.9335415323966194
77.66669821739197,11.058232004900304,5.372846431217033,0.15,1.411888435328709,-0.026761837303638458,1.9335415323966194
77.7000937461853,11.047807340495533,5.512054015327275,0.15,1.411888435328709,-0.028565574437379837,1.9444720368684856
77.73349571228027,11.047807340495533,5.512054015327275,0.15,1.3960080156733323,-0.030139150097966194,1.9444720368684856
77.76668953895569,11.047807340495533,5.512054015327275,0.15,1.3960080156733323,-0.03181903436779976,1.9444720368684856
77.80017256736755,11.03967813372351,5.6522309813623774,0.15,1.3960080156733323,-0.033146753907203674,1.9535322220367302
77.83344960212708,11.03967813372351,5.6522309813623774,0.15,1.4011546841160827,-0.03323979675769806,1.9535322220367302
77.86674165725708,11.03967813372351,5.6522309813623774,0.15,1.4011546841160827,-0.03450990095734596,1.9535322220367302
77.90017700195312,11.03967813372351,5.6522309813623774,0.15,1.4011546841160827,-0.03450990095734596,1.9535322220367302
77.93342137336731,11.03967813372351,5.6522309813623774,0.15,1.4011546841160827,-0.03450990095734596,1.9535322220367302
77.96658635139465,11.031822621320831,5.901472160426431,0.15,1.4011546841160827,-0.03577001765370369,1.9652672327524416
78.00012874603271,11.03144077739737,5.93360549565495,0.15,1.410906057219346,-0.03617677465081215,1.966604298460448
78.03345894813538,11.03144077739737,5.93360549565495,0.15,1.4139047404774028,-0.03617677465081215,1.966604298460448
78.0666995048523,11.03144077739737,5.93360549565495,0.15,1.4139047404774028,-0.035437099635601044,1.966604298460448
78.10010695457458,11.031553087374569,6.077622563710891,0.15,1.4139047404774028,-0.03709869831800461,1.9708966516179038
78.13398218154907,11.031553087374569,6.077622563710891,0.15,1.4314563624138164,-0.038094084709882736,1.9708966516179038
78.16703701019287,11.031553087374569,6.077622563710891,0.15,1.4314563624138164,-0.03904186561703682,1.9708966516179038
78.20009922981262,11.031553087374569,6.077622563710891,0.15,1.4314563624138164,-0.03904186561703682,1.9708966516179038
78.23345184326172,11.031553087374569,6.077622563710891,0.15,1.4314563624138164,-0.03904186561703682,1.9708966516179038
78.26683807373047,11.031553087374569,6.077622563710891,0.15,1.4314563624138164,-0.03904186561703682,1.9708966516179038
78.30046701431274,11.041174471515717,6.367158003840377,0.15,1.4314563624138164,-0.04368770122528076,1.805961482363162
78.3334755897522,11.041174471515717,6.367158003840377,0.15,1.434587944438957,-0.04411924630403519,1.805961482363162
78.36681962013245,11.041174471515717,6.367158003840377,0.15,1.434587944438957,-0.04438163340091705,1.805961482363162
78.40010285377502,11.041174471515717,6.367158003840377,0.15,1.434587944438957,-0.04438163340091705,1.805961482363162
78.43372797966003,11.041174471515717,6.367158003840377,0.15,1.434587944438957,-0.04438163340091705,1.805961482363162
78.46683287620544,11.041174471515717,6.367158003840377,0.15,1.434587944438957,-0.04438163340091705,1.805961482363162
78.5001106262207,11.064061044118386,6.650107065293671,0.15,1.434587944438957,-0.039386168122291565,1.581935220919357
78.53340673446655,11.064061044118386,6.650107065293671,0.15,1.4292927731879035,-0.03755052387714386,1.581935220919357
78.56675481796265,11.064061044118386,6.650107065293671,0.15,1.4292927731879035,-0.03755052387714386,1.581935220919357
78.60017395019531,11.080246826538142,6.791003718376437,0.15,1.4292927731879035,-0.031661294400691986,1.464227747617059
78.63337993621826,11.080246826538142,6.791003718376437,0.15,1.4117556343729405,-0.031141094863414764,1.464227747617059
78.66678142547607,11.080246826538142,6.791003718376437,0.15,1.4117556343729405,-0.031231718137860298,1.464227747617059
78.70010042190552,11.098483555823835,6.928824327373165,0.15,1.4117556343729405,-0.031206542626023293,1.35015043223931
78.7334451675415,11.098483555823835,6.928824327373165,0.15,1.3912121983116719,-0.031206542626023293,1.35015043223931
78.76655554771423,11.098483555823835,6.928824327373165,0.15,1.3912121983116719,-0.031206542626023293,1.35015043223931
78.80000710487366,11.11968693778182,7.070322029626419,0.15,1.3912121983116719,-0.030526723712682724,1.2349252135251798
78.83344745635986,11.11968693778182,7.070322029626419,0.15,1.388145971496199,-0.03065924346446991,1.2349252135251798
78.86680173873901,11.11968693778182,7.070322029626419,0.15,1.388145971496199,-0.03065924346446991,1.2349252135251798
78.90011477470398,11.143083862967137,7.21016926328518,0.15,1.388145971496199,-0.03019236959517002,1.1224862221846679
78.93352317810059,11.143083862967137,7.21016926328518,0.15,1.3894421258274283,-0.030501624569296837,1.1224862221846679
78.96678876876831,11.143083862967137,7.21016926328518,0.15,1.3894421258274283,-0.030501624569296837,1.1224862221846679
79.0000102519989,11.168647351204108,7.3487670398442875,0.15,1.3894421258274283,-0.030414089560508728,1.0135480611317875
79.03350758552551,11.168647351204108,7.3487670398442875,0.15,1.3954002356526476,-0.0304084662348032,1.0135480611317875
79.06661629676819,11.168647351204108,7.3487670398442875,0.15,1.3954002356526476,-0.0304084662348032,1.0135480611317875
79.10009574890137,11.196281310911361,7.485824821604453,0.15,1.3954002356526476,-0.030366187915205956,0.9084278774138139
79.13338375091553,11.196281310911361,7.485824821604453,0.15,1.4015920026177937,-0.030629877001047134,0.9084278774138139
79.1667833328247,11.196281310911361,7.485824821604453,0.15,1.4015920026177937,-0.030629877001047134,0.9084278774138139
79.20010781288147,11.22651856652173,7.623938478907677,0.15,1.4015920026177937,-0.031038090586662292,0.8049752937802921
79.23340058326721,11.22651856652173,7.623938478907677,0.15,1.3984430629589468,-0.03090541996061802,0.8049752937802921
79.2668673992157,11.22651856652173,7.623938478907677,0.15,1.3984430629589468,-0.03090541996061802,0.8049752937802921
79.29999327659607,11.258514633106955,7.759220627135568,0.15,1.3984430629589468,-0.03090541996061802,0.7062765061193791
79.3334219455719,11.258514633106955,7.759220627135568,0.15,1.3938586012103407,-0.030311187729239464,0.7062765061193791
79.36682415008545,11.258514633106955,7.759220627135568,0.15,1.3938586012103407,-0.030311187729239464,0.7062765061193791
79.39995312690735,11.293242284106814,7.895839013757039,0.15,1.3938586012103407,-0.030311187729239464,0.6090118895409644
79.4335527420044,11.293242284106814,7.895839013757039,0.15,1.3815498671448039,-0.03105892799794674,0.6090118895409644
79.4667899608612,11.293242284106814,7.895839013757039,0.15,1.3815498671448039,-0.03141317889094353,0.6090118895409644
79.50005602836609,11.326024229590155,8.016720323939616,0.15,1.3815498671448039,-0.031112490221858025,0.5243134986799382
79.53351426124573,11.326024229590155,8.016720323939616,0.15,1.3769844743992736,-0.031017346307635307,0.5243134986799382
79.56683802604675,11.326024229590155,8.016720323939616,0.15,1.3769844743992736,-0.030775459483265877,0.5243134986799382
79.60022521018982,11.326024229590155,8.016720323939616,0.15,1.3769844743992736,-0.030775459483265877,0.5243134986799382
79.63392114639282,11.370870124828729,8.171538651976185,0.15,1.3769844743992736,-0.0302936639636755,0.41476579017323273
79.66682410240173,11.370870124828729,8.171538651976185,0.15,1.3799548532950419,-0.0302936639636755,0.41476579017323273
79.70010924339294,11.370870124828729,8.171538651976185,0.15,1.3799548532950419,-0.0302936639636755,0.41476579017323273
79.73361039161682,11.411840481112483,8.30420119335697,0.15,1.3799548532950419,-0.02401808463037014,0.3171652593868752
79.7670156955719,11.411840481112483,8.30420119335697,0.15,1.389937685416373,-0.023623483255505562,0.3171652593868752
79.80010676383972,11.411840481112483,8.30420119335697,0.15,1.389937685416373,-0.023623483255505562,0.3171652593868752
79.8334219455719,11.457387954836776,8.444406617344287,0.15,1.389937685416373,-0.02217952348291874,0.2160128010957545
79.86679410934448,11.457387954836776,8.444406617344287,0.15,1.406488150109892,-0.02217952348291874,0.2160128010957545
79.9006519317627,11.457387954836776,8.444406617344287,0.15,1.406488150109892,-0.02217952348291874,0.2160128010957545
79.93348169326782,11.499606325419725,8.5691598051624,0.15,1.406488150109892,-0.020250167697668076,0.12653874330754208
79.96687316894531,11.499606325419725,8.5691598051624,0.15,1.4218568608075106,-0.020250167697668076,0.12653874330754208
80.00016069412231,11.499606325419725,8.5691598051624,0.15,1.4218568608075106,-0.020250167697668076,0.12653874330754208
80.03346180915833,11.551387512213568,8.716489378561505,0.15,1.4218568608075106,-0.019274288788437843,0.027452406631297045
80.06676936149597,11.551387512213568,8.716489378561505,0.15,1.4180963817420433,-0.0190621055662632,0.027452406631297045
80.10013961791992,11.551387512213568,8.716489378561505,0.15,1.4180963817420433,-0.0190621055662632,0.027452406631297045
80.13372087478638,11.598622598270008,8.846261150376222,0.15,1.4180963817420433,-0.017490293830633163,0.06210237113889969
80.16676616668701,11.598622598270008,8.846261150376222,0.15,1.4214040530770313,-0.01661212183535099,0.06210237113889969
80.20010137557983,11.598622598270008,8.846261150376222,0.15,1.4214040530770313,-0.01661212183535099,0.06210237113889969
80.23337888717651,11.652136878434947,8.9889401720238,0.15,1.4214040530770313,-0.015043215826153755,0.16502792024313911
80.26654291152954,11.652136878434947,8.9889401720238,0.15,1.421527221248308,-0.014181738719344139,0.16502792024313911
80.30009627342224,11.688952931874683,9.084940806400667,0.15,1.421527221248308,-0.013706987723708153,0.2376691295884512
80.33335518836975,11.688952931874683,9.084940806400667,0.15,1.4205912616273921,-0.013605570420622826,0.2376691295884512
80.36691164970398,11.688952931874683,9.084940806400667,0.15,1.4205912616273921,-0.013324919156730175,0.2376691295884512
80.40007996559143,11.688952931874683,9.084940806400667,0.15,1.4205912616273921,-0.013324919156730175,0.2376691295884512
80.43356204032898,11.758956660431071,9.263506727506421,0.15,1.4205912616273921,-0.011963147670030594,0.37932755506195553
80.46683812141418,11.758956660431071,9.263506727506421,0.15,1.4186683223359036,-0.011263160035014153,0.37932755506195553
80.50031232833862,11.758956660431071,9.263506727506421,0.15,1.4186683223359036,-0.011263160035014153,0.37932755506195553
80.53343057632446,11.811907990020366,9.395604237941042,0.15,1.4186683223359036,-0.0089543042704463,0.48848650746140376
80.56676888465881,11.811907990020366,9.395604237941042,0.15,1.4257059286589848,-0.005737529136240482,0.48848650746140376
80.60009503364563,11.811907990020366,9.395604237941042,0.15,1.4257059286589848,-0.005737529136240482,0.48848650746140376
80.63321208953857,11.867222456701443,9.532354932733154,0.15,1.4257059286589848,0.0025159853976219893,0.6066307330905366
80.6669602394104,11.867222456701443,9.532354932733154,0.15,1.4247502102569267,0.005275046918541193,0.6066307330905366
80.70011448860168,11.867222456701443,9.532354932733154,0.15,1.4247502102569267,0.005275046918541193,0.6066307330905366
80.73322296142578,11.921800557589542,9.667794550180801,0.15,1.4247502102569267,0.005275046918541193,0.7279680786061467
80.7668526172638,11.921800557589542,9.667794550180801,0.15,1.4198619603963791,0.009465886279940605,0.7279680786061467
80.80013251304626,11.921800557589542,9.667794550180801,0.15,1.4198619603963791,0.009465886279940605,0.7279680786061467
80.83322668075562,11.974903060199354,9.801163312263858,0.15,1.4198619603963791,0.009465886279940605,0.851333222933955
80.86684131622314,11.974903060199354,9.801163312263858,0.15,1.4228180738860083,0.01212161872535944,0.851333222933955
80.9001407623291,11.974903060199354,9.801163312263858,0.15,1.4228180738860083,0.01212161872535944,0.851333222933955
80.93397974967957,11.974903060199354,9.801163312263858,0.15,1.4228180738860083,0.01327412761747837,0.851333222933955
80.96749210357666,12.02894381219084,9.939489653105186,0.15,1.4228180738860083,0.013588632456958294,0.9828283251730852
81.00016140937805,12.056084287133553,10.010194999432802,0.15,1.4267183071075282,0.014233083464205265,1.0506346578846417
81.03348994255066,12.056084287133553,10.010194999432802,0.15,1.4294264580153613,0.014233083464205265,1.0506346578846417
81.06752228736877,12.056084287133553,10.010194999432802,0.15,1.4294264580153613,0.015355059877038002,1.0506346578846417
81.10016560554504,12.056084287133553,10.010194999432802,0.15,1.4294264580153613,0.015355059877038002,1.0506346578846417
81.13348913192749,12.056084287133553,10.010194999432802,0.15,1.4294264580153613,0.015355059877038002,1.0506346578846417
81.16681623458862,12.131716363210732,10.212617195262546,0.15,1.4294264580153613,0.01738978922367096,1.2489972316625173
81.20012521743774,12.131716363210732,10.212617195262546,0.15,1.4312947810509766,0.01738978922367096,1.2489972316625173
81.23360967636108,12.131716363210732,10.212617195262546,0.15,1.4312947810509766,0.01738978922367096,1.2489972316625173
81.26686835289001,12.180899033819337,10.34912005342628,0.15,1.4312947810509766,0.017527300864458084,1.3845673886485945
81.3002541065216,12.180899033819337,10.34912005342628,0.15,1.4297608979317449,0.017527300864458084,1.3845673886485945
81.33358716964722,12.180899033819337,10.34912005342628,0.15,1.4297608979317449,0.017527300864458084,1.3845673886485945
81.36687803268433,12.229292300705932,10.487726652388961,0.15,1.4297608979317449,0.01731085777282715,1.5234462392716759
81.400221824646,12.250410033804348,10.549649737610558,0.15,1.4347877337266162,0.017594145610928535,1.58593562254716
81.43354487419128,12.250410033804348,10.549649737610558,0.15,1.4417488966157197,0.01831289380788803,1.58593562254716
81.46696400642395,12.250410033804348,10.549649737610558,0.15,1.4417488966157197,0.019142940640449524,1.58593562254716
81.50016903877258,12.250410033804348,10.549649737610558,0.15,1.4417488966157197,0.019142940640449524,1.58593562254716
81.53351163864136,12.250410033804348,10.549649737610558,0.15,1.4417488966157197,0.019142940640449524,1.58593562254716
81.56689739227295,12.323052797049916,10.770587967840601,0.15,1.4417488966157197,0.021485578268766403,1.8103938670114372
81.600172996521,12.323052797049916,10.770587967840601,0.15,1.4483596534491252,0.021485578268766403,1.8103938670114372
81.63341426849365,12.323052797049916,10.770587967840601,0.15,1.4483596534491252,0.021485578268766403,1.8103938670114372
81.66692900657654,12.366837824589409,10.911025417601904,0.15,1.4483596534491252,0.02862563729286194,1.9532701995743544
81.70019221305847,12.366837824589409,10.911025417601904,0.15,1.4457402972727154,0.02862563729286194,1.9532701995743544
81.73362708091736,12.366837824589409,10.911025417601904,0.15,1.4457402972727154,0.02862563729286194,1.9532701995743544
81.7667784690857,12.408632131058248,11.052922293074989,0.15,1.4457402972727154,0.03011418506503105,2.0978131950077605
81.80001592636108,12.422831774049333,11.103472131320887,0.15,1.4455951496557704,0.03401438519358635,2.1493585010785434
81.83352518081665,12.422831774049333,11.103472131320887,0.15,1.451282084344334,0.03401438519358635,2.1493585010785434
81.86651539802551,12.422831774049333,11.103472131320887,0.15,1.451282084344334,0.04325715824961662,2.1493585010785434
81.89996242523193,12.459512058288478,11.243057907957319,0.15,1.451282084344334,0.04768818989396095,2.2916774114492506
81.9334225654602,12.459512058288478,11.243057907957319,0.15,1.4546417210270697,0.052689507603645325,2.2916774114492506
81.96659231185913,12.459512058288478,11.243057907957319,0.15,1.4546417210270697,0.05752825736999512,2.2916774114492506
82.00010347366333,12.492841752165948,11.388414239774356,0.15,1.4546417210270697,0.06253750622272491,2.3502665828605322
82.03364205360413,12.492841752165948,11.388414239774356,0.15,1.4496057969114238,0.06779029220342636,2.3502665828605322
82.06679153442383,12.492841752165948,11.388414239774356,0.15,1.4496057969114238,0.07274025678634644,2.3502665828605322
82.10019302368164,12.518740579695537,11.525908004117264,0.15,1.4496057969114238,0.07716960459947586,2.270133430736851
82.13412475585938,12.518740579695537,11.525908004117264,0.15,1.43769380925878,0.08170168101787567,2.270133430736851
82.16684079170227,12.518740579695537,11.525908004117264,0.15,1.43769380925878,0.08567864447832108,2.270133430736851
82.20012784004211,12.518740579695537,11.525908004117264,0.15,1.43769380925878,0.08567864447832108,2.270133430736851
82.23352885246277,12.518740579695537,11.525908004117264,0.15,1.43769380925878,0.08567864447832108,2.270133430736851
82.26692605018616,12.55036443899905,11.778641721903401,0.15,1.43769380925878,0.08183272182941437,2.0237092432631845
82.29992651939392,12.553123472068089,11.813995922833735,0.15,1.4377149822774238,0.08596363663673401,1.9891534704786957
82.33360195159912,12.553123472068089,11.813995922833735,0.15,1.4399010055234824,0.08596363663673401,1.9891534704786957
82.3668053150177,12.553123472068089,11.813995922833735,0.15,1.4399010055234824,0.08596363663673401,1.9891534704786957
82.40018677711487,12.559890296846625,11.95732791059702,0.15,1.4399010055234824,0.08845431357622147,1.8486750728485768
82.43346214294434,12.559890296846625,11.95732791059702,0.15,1.4420192884242573,0.08845431357622147,1.8486750728485768
82.46695470809937,12.559890296846625,11.95732791059702,0.15,1.4420192884242573,0.08845431357622147,1.8486750728485768
82.5002281665802,12.55949504878975,12.106683612037605,0.15,1.4420192884242573,0.08602584898471832,1.7010268062178404
82.53363943099976,12.55949504878975,12.106683612037605,0.15,1.4484160443919654,0.08602584898471832,1.7010268062178404
82.56683540344238,12.55949504878975,12.106683612037605,0.15,1.4484160443919654,0.08602584898471832,1.7010268062178404
82.60009694099426,12.552663168832353,12.247961456501534,0.15,1.4484160443919654,0.07475940883159637,1.560412033423038
82.63357996940613,12.552663168832353,12.247961456501534,0.15,1.4518587028787222,0.07332669198513031,1.560412033423038
82.66686248779297,12.552663168832353,12.247961456501534,0.15,1.4518587028787222,0.07332669198513031,1.560412033423038
82.7000937461853,12.540062964979182,12.391163848220275,0.15,1.4518587028787222,0.0672229453921318,1.4170851651402951
82.73342847824097,12.540062964979182,12.391163848220275,0.15,1.4567795466782603,0.06446299701929092,1.4170851651402951
82.7700047492981,12.540062964979182,12.391163848220275,0.15,1.4567795466782603,0.06100301444530487,1.4170851651402951
82.80088710784912,12.540062964979182,12.391163848220275,0.15,1.4567795466782603,0.06100301444530487,1.4170851651402951
82.83345580101013,12.540062964979182,12.391163848220275,0.15,1.4567795466782603,0.06100301444530487,1.4170851651402951
82.8668212890625,12.540062964979182,12.391163848220275,0.15,1.4567795466782603,0.06100301444530487,1.4170851651402951
82.90044498443604,12.499376853865837,12.682179269035135,0.15,1.4567795466782603,0.046538855880498886,1.1234054470169585
82.93389081954956,12.499376853865837,12.682179269035135,0.15,1.4624406044723914,0.04472268372774124,1.1234054470169585
82.9669394493103,12.499376853865837,12.682179269035135,0.15,1.4624406044723914,0.04472268372774124,1.1234054470169585
82.99998736381531,12.472732312675033,12.826003435158079,0.15,1.4624406044723914,0.01916615292429924,0.9771376142858337
83.03349709510803,12.472732312675033,12.826003435158079,0.15,1.4613513896252472,0.01792520470917225,0.9771376142858337
83.06660580635071,12.472732312675033,12.826003435158079,0.15,1.4613513896252472,0.016450347378849983,0.9771376142858337
83.10013461112976,12.472732312675033,12.826003435158079,0.15,1.4613513896252472,0.014375442638993263,0.9771376142858337
83.13368368148804,12.472732312675033,12.826003435158079,0.15,1.4613513896252472,0.014375442638993263,0.9771376142858337
83.16676306724548,12.472732312675033,12.826003435158079,0.15,1.4613513896252472,0.014375442638993263,0.9771376142858337
83.20035243034363,12.412974243051183,13.11548777266577,0.15,1.4613513896252472,0.013590010814368725,0.6817143479310847
83.23359560966492,12.412974243051183,13.11548777266577,0.15,1.4348233716194096,0.013029655441641808,0.6817143479310847
83.26677179336548,12.412974243051183,13.11548777266577,0.15,1.4348233716194096,0.01334390975534916,0.6817143479310847
83.29988408088684,12.38300439398061,13.251482150729311,0.15,1.4348233716194096,0.01871497370302677,0.5427052955711295
83.33345222473145,12.38300439398061,13.251482150729311,0.15,1.437009531228128,0.02150481753051281,0.5427052955711295
83.36674642562866,12.38300439398061,13.251482150729311,0.15,1.437009531228128,0.02409706823527813,0.5427052955711295
83.40011072158813,12.349938448510748,13.39294097382846,0.15,1.437009531228128,0.02704988606274128,0.39806235706444115
83.43367552757263,12.349938448510748,13.39294097382846,0.15,1.4432905403031704,0.019062450155615807,0.39806235706444115
83.46678137779236,12.349938448510748,13.39294097382846,0.15,1.4432905403031704,0.022895926609635353,0.39806235706444115
83.49999213218689,12.31405617184189,13.536556022185536,0.15,1.4432905403031704,0.026258377358317375,0.251200802693901
83.53340578079224,12.31405617184189,13.536556022185536,0.15,1.452184960952504,0.031067069619894028,0.251200802693901
83.56682825088501,12.31405617184189,13.536556022185536,0.15,1.452184960952504,0.031067069619894028,0.251200802693901
83.5999321937561,12.275906533618716,13.679200397383157,0.15,1.452184960952504,0.031067069619894028,0.10363343307594237
83.63330912590027,12.275906533618716,13.679200397383157,0.15,1.4556693292856393,0.05277832970023155,0.10363343307594237
83.66678738594055,12.275906533618716,13.679200397383157,0.15,1.4556693292856393,0.05770808458328247,0.10363343307594237
83.70023965835571,12.233821706114338,13.821804844296553,0.15,1.4556693292856393,0.05770808458328247,0.002888090363587748
83.73370575904846,12.233821706114338,13.821804844296553,0.15,1.450392542884,0.059238750487565994,0.002888090363587748
83.76687216758728,12.233821706114338,13.821804844296553,0.15,1.450392542884,0.059238750487565994,0.002888090363587748
83.80012106895447,12.233821706114338,13.821804844296553,0.15,1.450392542884,0.059238750487565994,0.002888090363587748
83.83350014686584,12.18328534833531,13.972259696882162,0.15,1.450392542884,0.06967859715223312,0.1552940681650526
83.86671543121338,12.18328534833531,13.972259696882162,0.15,1.4335061646917957,0.0731632262468338,0.1552940681650526
83.90014863014221,12.142808121496808,14.07954606022825,0.15,1.4335061646917957,0.0731632262468338,0.2660571520001868
83.93347978591919,12.142808121496808,14.07954606022825,0.15,1.424963053391389,0.0731632262468338,0.2660571520001868
83.96678614616394,12.142808121496808,14.07954606022825,0.15,1.424963053391389,0.0793943777680397,0.2660571520001868
84.00012946128845,12.142808121496808,14.07954606022825,0.15,1.424963053391389,0.0793943777680397,0.2660571520001868
84.0332567691803,12.076044291962093,14.23487884543921,0.15,1.424963053391389,0.08502265810966492,0.42954780290475675
84.06681299209595,12.076044291962093,14.23487884543921,0.15,1.4288017028287274,0.09465640783309937,0.42954780290475675
84.10015439987183,12.024509966388186,14.339607774315152,0.15,1.4288017028287274,0.09888223558664322,0.5403978524223337
84.13346910476685,12.024509966388186,14.339607774315152,0.15,1.423392450129618,0.09716829657554626,0.5403978524223337
84.16679191589355,12.024509966388186,14.339607774315152,0.15,1.423392450129618,0.10207333415746689,0.5403978524223337
84.2001256942749,12.024509966388186,14.339607774315152,0.15,1.423392450129618,0.10207333415746689,0.5403978524223337
84.23367404937744,11.939122810859645,14.490206373099813,0.15,1.423392450129618,0.11204183846712112,0.7006782077053231
84.26683568954468,11.939122810859645,14.490206373099813,0.15,1.4257322691120529,0.11741140484809875,0.7006782077053231
84.30005383491516,11.877956764171156,14.583535348281321,0.15,1.4257322691120529,0.12999525666236877,0.799662677242126
84.33342146873474,11.877956764171156,14.583535348281321,0.15,1.4332712622684642,0.13598056137561798,0.799662677242126
84.3667893409729,11.877956764171156,14.583535348281321,0.15,1.4332712622684642,0.13598056137561798,0.799662677242126
84.40013718605042,11.877956764171156,14.583535348281321,0.15,1.4332712622684642,0.13598056137561798,0.799662677242126
84.43372559547424,11.767194538610353,14.726643259585376,0.15,1.4332712622684642,0.15217526257038116,0.9485743715365859
84.46679186820984,11.767194538610353,14.726643259585376,0.15,1.4382051486488703,0.15755592286586761,0.9485743715365859
84.50022864341736,11.767194538610353,14.726643259585376,0.15,1.4382051486488703,0.15755592286586761,0.9485743715365859
84.5338544845581,11.666607608876209,14.83345712541662,0.15,1.4382051486488703,0.16606371104717255,1.0462961603023602
84.56692862510681,11.666607608876209,14.83345712541662,0.15,1.4372824102869155,0.16755156219005585,1.0462961603023602
84.6000828742981,11.666607608876209,14.83345712541662,0.15,1.4372824102869155,0.16755156219005585,1.0462961603023602
84.63344812393188,11.555736432557667,14.930753230340308,0.15,1.4372824102869155,0.168039932847023,1.1331699458750213
84.66681671142578,11.555736432557667,14.930753230340308,0.15,1.4417880665589702,0.16126863658428192,1.1331699458750213
84.70021891593933,11.555736432557667,14.930753230340308,0.15,1.4417880665589702,0.16126863658428192,1.1331699458750213
84.73355293273926,11.433320251985823,15.018339904359776,0.15,1.4417880665589702,0.16785944998264313,1.2099551966893303
84.76685357093811,11.433320251985823,15.018339904359776,0.15,1.4300948069399013,0.1709691882133484,1.2099551966893303
84.80040955543518,11.355934543631006,15.064706440120043,0.15,1.4300948069399013,0.1723715215921402,1.2504816648949129
84.83347225189209,11.355934543631006,15.064706440120043,0.15,1.4069739370880054,0.17574407160282135,1.2504816648949129
84.86680746078491,11.355934543631006,15.064706440120043,0.15,1.4069739370880054,0.17574407160282135,1.2504816648949129
84.89998960494995,11.355934543631006,15.064706440120043,0.15,1.4069739370880054,0.17574407160282135,1.2504816648949129
84.93350648880005,11.182448232521013,15.14682033602605,0.15,1.4069739370880054,0.17783786356449127,1.3239507552394592
84.9667854309082,11.182448232521013,15.14682033602605,0.15,1.3900962712245652,0.17309081554412842,1.3239507552394592
85.0001847743988,11.10107301866022,15.176130200328737,0.15,1.3900962712245652,0.17173095047473907,1.3511698838060708
85.03366589546204,11.10107301866022,15.176130200328737,0.15,1.38711071242495,0.16676385700702667,1.3511698838060708
85.06673288345337,11.10107301866022,15.176130200328737,0.15,1.38711071242495,0.16676385700702667,1.3511698838060708
85.10018992424011,11.10107301866022,15.176130200328737,0.15,1.38711071242495,0.16676385700702667,1.3511698838060708
85.13334584236145,11.10107301866022,15.176130200328737,0.15,1.38711071242495,0.1664576232433319,1.3511698838060708
85.16677641868591,10.907758990582272,15.22574751440718,0.15,1.38711071242495,0.13800276815891266,1.4023622772469513
85.20011258125305,10.907758990582272,15.22574751440718,0.15,1.3907301817970785,0.13800276815891266,1.4023622772469513
85.2334954738617,10.907758990582272,15.22574751440718,0.15,1.3907301817970785,0.13800276815891266,1.4023622772469513
85.26678442955017,10.767420571316784,15.246778304543806,0.15,1.3907301817970785,0.12968575954437256,1.4303951791978062
85.30015802383423,10.767420571316784,15.246778304543806,0.15,1.3978826199821854,0.12968575954437256,1.4303951791978062
85.33370161056519,10.767420571316784,15.246778304543806,0.15,1.3978826199821854,0.12968575954437256,1.4303951791978062
85.36678814888,10.624455934831582,15.25774091298504,0.15,1.3978826199821854,0.1154230609536171,1.453245394679318
85.40004634857178,10.546750016694206,15.259671642954395,0.15,1.405523171289279,0.10984023660421371,1.4635015235332383
85.43372106552124,10.546750016694206,15.259671642954395,0.15,1.4069010981150092,0.10984023660421371,1.4635015235332383
85.46673727035522,10.546750016694206,15.259671642954395,0.15,1.4069010981150092,0.10264461487531662,1.4635015235332383
85.5000262260437,10.410100851033075,15.257747028912142,0.15,1.4069010981150092,0.08346924930810928,1.472041423459578
85.53363156318665,10.410100851033075,15.257747028912142,0.15,1.4037362835564562,0.07798031717538834,1.472041423459578
85.56677842140198,10.410100851033075,15.257747028912142,0.15,1.4037362835564562,0.07324983924627304,1.472041423459578
85.60016179084778,10.410100851033075,15.257747028912142,0.15,1.4037362835564562,0.07324983924627304,1.472041423459578
85.63346409797668,10.410100851033075,15.257747028912142,0.15,1.4037362835564562,0.07324983924627304,1.472041423459578
85.66980719566345,10.19465237760461,15.243969855132868,0.15,1.4037362835564562,0.05418079346418381,1.479277023981289
85.70232558250427,10.131088366709983,15.237769390412534,0.15,1.3933280179801324,0.047045446932315826,1.481352109722095
85.73349928855896,10.131088366709983,15.237769390412534,0.15,1.3813590345407523,0.04202818498015404,1.481352109722095
85.76685166358948,10.131088366709983,15.237769390412534,0.15,1.3813590345407523,0.03571721911430359,1.481352109722095
85.8001356124878,10.131088366709983,15.237769390412534,0.15,1.3813590345407523,0.03571721911430359,1.481352109722095
85.8334732055664,10.131088366709983,15.237769390412534,0.15,1.3813590345407523,0.03571721911430359,1.481352109722095
85.86671733856201,9.913855176521407,15.212501507445582,0.15,1.3813590345407523,0.019650934264063835,1.4939429468186518
85.90014839172363,9.913855176521407,15.212501507445582,0.15,1.3794238981020837,0.019650934264063835,1.4939429468186518
85.9332983493805,9.811218732023818,15.199015373784999,0.15,1.3794238981020837,0.006538050714880228,1.5029715124700715
85.96688175201416,9.811218732023818,15.199015373784999,0.15,1.3812478740175542,0.0011630735825747252,1.5029715124700715
86.00020027160645,9.811218732023818,15.199015373784999,0.15,1.3812478740175542,0.0011630735825747252,1.5029715124700715
86.03374123573303,9.811218732023818,15.199015373784999,0.15,1.3812478740175542,0.0011630735825747252,1.5029715124700715
86.06652569770813,9.632267733538285,15.175440034666835,0.15,1.3812478740175542,-0.00948113389313221,1.5254315530106763
86.09991383552551,9.582939242307983,15.169130297181265,0.15,1.3908633109360915,-0.020255092531442642,1.5330350934080736
86.1337583065033,9.582939242307983,15.169130297181265,0.15,1.4020716689691446,-0.02400548756122589,1.5330350934080736
86.16687822341919,9.582939242307983,15.169130297181265,0.15,1.4020716689691446,-0.02863198332488537,1.5330350934080736
86.20009994506836,9.582939242307983,15.169130297181265,0.15,1.4020716689691446,-0.02863198332488537,1.5330350934080736
86.23372411727905,9.582939242307983,15.169130297181265,0.15,1.4020716689691446,-0.02863198332488537,1.5330350934080736
86.26683139801025,9.346910514159365,15.142577519792656,0.15,1.4020716689691446,-0.02863198332488537,1.5804094394573909
86.30003356933594,9.302102042569347,15.138311127626435,0.15,1.4077830472200672,-0.04410185664892197,1.591222637866116
86.33371901512146,9.302102042569347,15.138311127626435,0.15,1.409168876845013,-0.04376513883471489,1.591222637866116
86.36683940887451,9.302102042569347,15.138311127626435,0.15,1.409168876845013,-0.04376513883471489,1.591222637866116
86.4001214504242,9.302102042569347,15.138311127626435,0.15,1.409168876845013,-0.04376513883471489,1.591222637866116
86.4334888458252,9.302102042569347,15.138311127626435,0.15,1.409168876845013,-0.04376513883471489,1.591222637866116
86.46653985977173,9.058959658056972,15.121678231571195,0.15,1.409168876845013,-0.04796463996171951,1.660693760483906
86.4998471736908,9.020779511749334,15.120091565015965,0.15,1.402281774635829,-0.053839270025491714,1.673133617921368
86.53363847732544,9.020779511749334,15.120091565015965,0.15,1.3943464326250194,-0.05403944104909897,1.673133617921368
86.56659579277039,9.020779511749334,15.120091565015965,0.15,1.3943464326250194,-0.05403944104909897,1.673133617921368
86.60005140304565,8.883259073268915,15.116997888784052,0.15,1.3943464326250194,-0.0561184324324131,1.715832001471289
86.63378477096558,8.883259073268915,15.116997888784052,0.15,1.3878615550574567,-0.0561184324324131,1.715832001471289
86.66689229011536,8.883259073268915,15.116997888784052,0.15,1.3878615550574567,-0.0561184324324131,1.715832001471289
86.70038986206055,8.744815436769231,15.118124962858312,0.15,1.3878615550574567,-0.057843975722789764,1.752637729879859
86.73361158370972,8.744815436769231,15.118124962858312,0.15,1.3878128350991619,-0.057843975722789764,1.752637729879859
86.76682424545288,8.744815436769231,15.118124962858312,0.15,1.3878128350991619,-0.057843975722789764,1.752637729879859
86.79986810684204,8.598935533357055,15.122827400607118,0.15,1.3878128350991619,-0.02986961230635643,1.7920017771736367
86.8336079120636,8.598935533357055,15.122827400607118,0.15,1.3856033969543997,-0.030110111460089684,1.7920017771736367
86.86678862571716,8.598935533357055,15.122827400607118,0.15,1.3856033969543997,-0.030240198597311974,1.7920017771736367
86.9000871181488,8.598935533357055,15.122827400607118,0.15,1.3856033969543997,-0.030240198597311974,1.7920017771736367
86.93363928794861,8.598935533357055,15.122827400607118,0.15,1.3856033969543997,-0.030240198597311974,1.7920017771736367
86.9668025970459,8.598935533357055,15.122827400607118,0.15,1.3856033969543997,-0.030240198597311974,1.7920017771736367
87.0000388622284,8.328425458419712,15.138027472249599,0.15,1.3856033969543997,-0.026574833318591118,1.8582763897861976
87.0337586402893,8.328425458419712,15.138027472249599,0.15,1.3949681065109745,-0.025706462562084198,1.8582763897861976
87.06677913665771,8.328425458419712,15.138027472249599,0.15,1.3949681065109745,-0.024723757058382034,1.8582763897861976
87.1001284122467,8.328425458419712,15.138027472249599,0.15,1.3949681065109745,-0.024723757058382034,1.8582763897861976
87.13355922698975,8.328425458419712,15.138027472249599,0.15,1.3949681065109745,-0.024723757058382034,1.8582763897861976
87.16687202453613,8.328425458419712,15.138027472249599,0.15,1.3949681065109745,-0.024723757058382034,1.8582763897861976
87.1999671459198,8.0433699999784,15.162109446319114,0.15,1.3949681065109745,-0.0192588921636343,1.8962007180841356
87.23362612724304,8.0433699999784,15.162109446319114,0.15,1.4209558292793574,-0.018365301191806793,1.8962007180841356
87.26716089248657,8.0433699999784,15.162109446319114,0.15,1.4209558292793574,-0.018365301191806793,1.8962007180841356
87.29996132850647,7.904804124335005,15.176286021521555,0.15,1.4209558292793574,-0.015086272731423378,1.9035811973387429
87.33512353897095,7.904804124335005,15.176286021521555,0.15,1.4135147788659403,-0.01382698118686676,1.9035811973387429
87.36702227592468,7.904804124335005,15.176286021521555,0.15,1.4135147788659403,-0.012077602557837963,1.9035811973387429
87.4000141620636,7.76318442591354,15.191887667227752,0.15,1.4135147788659403,-0.010069871321320534,1.9107462533746444
87.43346905708313,7.76318442591354,15.191887667227752,0.15,1.411786101516585,-0.010069871321320534,1.9107462533746444
87.46678686141968,7.76318442591354,15.191887667227752,0.15,1.411786101516585,-0.010069871321320534,1.9107462533746444
87.50037693977356,7.626328166610896,15.207672471587783,0.15,1.411786101516585,-0.006858091335743666,1.9178414165666637
87.53329992294312,7.626328166610896,15.207672471587783,0.15,1.4113573783361342,-0.00471543287858367,1.9178414165666637
87.5667724609375,7.626328166610896,15.207672471587783,0.15,1.4113573783361342,-0.00471543287858367,1.9178414165666637
87.6001501083374,7.482978424615512,15.225024476103489,0.15,1.4113573783361342,-0.009800706058740616,1.9256408273668149
87.6334273815155,7.482978424615512,15.225024476103489,0.15,1.422440141864269,-0.008321975357830524,1.9256408273668149
87.66681218147278,7.482978424615512,15.225024476103489,0.15,1.422440141864269,-0.008321975357830524,1.9256408273668149
87.69982242584229,7.335155432558355,15.243698852885746,0.15,1.422440141864269,-0.004524686373770237,1.9339026638490888
87.73369216918945,7.335155432558355,15.243698852885746,0.15,1.4313401645799324,-0.0030053937807679176,1.9339026638490888
87.76685357093811,7.335155432558355,15.243698852885746,0.15,1.4313401645799324,-0.0012002976145595312,1.9339026638490888
87.80000376701355,7.200899847632481,15.260866756464644,0.15,1.4313401645799324,0.0014020181261003017,1.9411157784864543
87.83346843719482,7.200899847632481,15.260866756464644,0.15,1.4267642372790612,0.0014020181261003017,1.9411157784864543
87.86679983139038,7.200899847632481,15.260866756464644,0.15,1.4267642372790612,0.0014020181261003017,1.9411157784864543
87.90005207061768,7.047689589369432,15.280243310433702,0.15,1.4267642372790612,0.0033712752629071474,1.9485976451589295
87.93342089653015,7.047689589369432,15.280243310433702,0.15,1.4295522197083723,0.009300906211137772,1.9485976451589295
87.96677279472351,7.047689589369432,15.280243310433702,0.15,1.4295522197083723,0.009300906211137772,1.9485976451589295
87.99981904029846,7.047689589369432,15.280243310433702,0.15,1.4295522197083723,0.011126761324703693,1.9485976451589295
88.03366017341614,6.904143088505722,15.297793688625715,0.15,1.4295522197083723,0.01899721473455429,1.9539676533665389
88.06680107116699,6.904143088505722,15.297793688625715,0.15,1.4322688889621211,0.01899721473455429,1.9539676533665389
88.10060286521912,6.904143088505722,15.297793688625715,0.15,1.4322688889621211,0.01899721473455429,1.9539676533665389
88.13345003128052,6.7564513730263425,15.314456982485366,0.15,1.4322688889621211,0.024840444326400757,1.9532181999087643
88.16677403450012,6.7564513730263425,15.314456982485366,0.15,1.440821973226817,0.024840444326400757,1.9532181999087643
88.20005583763123,6.631857225600392,15.326889328052228,0.15,1.440821973226817,0.027569128200411797,1.9509479785912218
88.23341464996338,6.631857225600392,15.326889328052228,0.15,1.441067690027923,0.02860739454627037,1.9509479785912218
88.26684141159058,6.631857225600392,15.326889328052228,0.15,1.441067690027923,0.02860739454627037,1.9509479785912218
88.30020070075989,6.631857225600392,15.326889328052228,0.15,1.441067690027923,0.02860739454627037,1.9509479785912218
88.33348608016968,6.4623310497785305,15.340982107578458,0.15,1.441067690027923,0.03268760070204735,1.9456892450143117
88.36677074432373,6.4623310497785305,15.340982107578458,0.15,1.443531296536283,0.03423081710934639,1.9456892450143117
88.40026545524597,6.4623310497785305,15.340982107578458,0.15,1.443531296536283,0.03423081710934639,1.9456892450143117
88.4334511756897,6.315485507492584,15.350295834420045,0.15,1.443531296536283,0.0302292387932539,1.9389335563616363
88.46679472923279,6.315485507492584,15.350295834420045,0.15,1.4407689834247146,0.0302292387932539,1.9389335563616363
88.50010585784912,6.315485507492584,15.350295834420045,0.15,1.4407689834247146,0.0302292387932539,1.9389335563616363
88.5336742401123,6.16748463224021,15.35693392836934,0.15,1.4407689834247146,0.032889097929000854,1.930567378468532
88.56711316108704,6.16748463224021,15.35693392836934,0.15,1.4437110011595982,0.03352159261703491,1.930567378468532
88.60009026527405,6.16748463224021,15.35693392836934,0.15,1.4437110011595982,0.03352159261703491,1.930567378468532
88.63347887992859,6.002506004145297,15.361115192030628,0.15,1.4437110011595982,0.03352159261703491,1.9195580948361686
88.66679859161377,6.002506004145297,15.361115192030628,0.15,1.4465586004230833,0.03632035106420517,1.9195580948361686
88.70020818710327,6.002506004145297,15.361115192030628,0.15,1.4465586004230833,0.03632035106420517,1.9195580948361686
88.7335295677185,5.870138843511578,15.361805360230742,0.15,1.4465586004230833,0.03693482652306557,1.909308821515075
88.7667727470398,5.870138843511578,15.361805360230742,0.15,1.4457703810503317,0.037707678973674774,1.909308821515075
88.8001811504364,5.870138843511578,15.361805360230742,0.15,1.4457703810503317,0.037707678973674774,1.909308821515075
88.8333752155304,5.724209140019258,15.35983991954512,0.15,1.4457703810503317,0.03375907242298126,1.8971645658941356
88.86676812171936,5.724209140019258,15.35983991954512,0.15,1.4464879313388286,0.03375907242298126,1.8971645658941356
88.90010380744934,5.724209140019258,15.35983991954512,0.15,1.4464879313388286,0.03375907242298126,1.8971645658941356
88.93339323997498,5.575938814517241,15.354975039124167,0.15,1.4464879313388286,0.03624306619167328,1.8844822857221262
88.96684670448303,5.575938814517241,15.354975039124167,0.15,1.455162906474439,0.036995720118284225,1.8844822857221262
88.99989891052246,5.575938814517241,15.354975039124167,0.15,1.455162906474439,0.036995720118284225,1.8844822857221262
89.03369545936584,5.575938814517241,15.354975039124167,0.15,1.455162906474439,0.036995720118284225,1.8844822857221262
89.0667200088501,5.405085276168188,15.345535417651067,0.15,1.455162906474439,0.03784764185547829,1.8697146738644288
89.1000440120697,5.3292033060960655,15.339962047895133,0.15,1.4595881197346194,0.03872760757803917,1.8634960149382853
89.13350534439087,5.3292033060960655,15.339962047895133,0.15,1.4610948037783529,0.039581697434186935,1.8634960149382853
89.16688799858093,5.3292033060960655,15.339962047895133,0.15,1.4610948037783529,0.040413014590740204,1.8634960149382853
89.19997072219849,5.3292033060960655,15.339962047895133,0.15,1.4610948037783529,0.040413014590740204,1.8634960149382853
89.23358011245728,5.3292033060960655,15.339962047895133,0.15,1.4610948037783529,0.040413014590740204,1.8634960149382853
89.26666474342346,5.0971855629613865,15.317293644983955,0.15,1.4610948037783529,0.04497534781694412,1.8447374378707868
89.30013585090637,5.0971855629613865,15.317293644983955,0.15,1.4596004117048549,0.04497534781694412,1.8447374378707868
89.33345580101013,4.979742318766637,15.302368305681192,0.15,1.4596004117048549,0.04631628841161728,1.8358341448725979
89.366868019104,4.979742318766637,15.302368305681192,0.15,1.459110667867258,0.046789150685071945,1.8358341448725979
89.40017032623291,4.979742318766637,15.302368305681192,0.15,1.459110667867258,0.046789150685071945,1.8358341448725979
89.43359136581421,4.979742318766637,15.302368305681192,0.15,1.459110667867258,0.046789150685071945,1.8358341448725979
89.46681237220764,4.8310201825994845,15.279776889535727,0.15,1.459110667867258,0.04679686203598976,1.8257231093289903
89.50010514259338,4.8310201825994845,15.279776889535727,0.15,1.4592147118885515,0.04679686203598976,1.8257231093289903
89.53345894813538,4.8310201825994845,15.279776889535727,0.15,1.4592147118885515,0.04679686203598976,1.8257231093289903
89.56698536872864,4.684038412180264,15.25333359009029,0.15,1.4592147118885515,0.04310295358300209,1.8167262469374676
89.60014867782593,4.684038412180264,15.25333359009029,0.15,1.4566147968431886,0.04310295358300209,1.8167262469374676
89.63347458839417,4.684038412180264,15.25333359009029,0.15,1.4566147968431886,0.04310295358300209,1.8167262469374676
89.66676735877991,4.539419163931441,15.223417681308812,0.15,1.4566147968431886,0.04023080691695213,1.809914576262915
89.70011615753174,4.539419163931441,15.223417681308812,0.15,1.462209763303392,0.04023080691695213,1.809914576262915
89.7336916923523,4.539419163931441,15.223417681308812,0.15,1.462209763303392,0.04023080691695213,1.809914576262915
89.76668643951416,4.391977870892447,15.189170588655253,0.15,1.462209763303392,0.03934666886925697,1.805425319381782
89.80011749267578,4.3215132130486005,15.171508883385062,0.15,1.4656646690864383,0.038921456784009933,1.804052660662366
89.83362245559692,4.3215132130486005,15.171508883385062,0.15,1.475712464873122,0.038720160722732544,1.804052660662366
89.86673855781555,4.3215132130486005,15.171508883385062,0.15,1.475712464873122,0.038332484662532806,1.804052660662366
89.90014719963074,4.3215132130486005,15.171508883385062,0.15,1.475712464873122,0.038332484662532806,1.804052660662366
89.93367791175842,4.3215132130486005,15.171508883385062,0.15,1.475712464873122,0.038332484662532806,1.804052660662366
89.96664524078369,4.096403541401553,15.10963350992056,0.15,1.475712464873122,0.03569071739912033,1.8045187647799574
90.00003862380981,4.036112450876112,15.091665411998566,0.15,1.4805240862618385,0.034673627465963364,1.8055350162067683
90.03360176086426,4.036112450876112,15.091665411998566,0.15,1.4669228708117203,0.03407536819577217,1.8055350162067683
90.0667827129364,4.036112450876112,15.091665411998566,0.15,1.4669228708117203,0.03388075903058052,1.8055350162067683
90.1001296043396,4.036112450876112,15.091665411998566,0.15,1.4669228708117203,0.032997015863657,1.8055350162067683
90.13359665870667,3.8725627165992806,15.040194423730412,0.15,1.4669228708117203,0.03237072750926018,1.8039048168168326
90.16676020622253,3.8725627165992806,15.040194423730412,0.15,1.4494648064689442,0.03237072750926018,1.8039048168168326
90.20014142990112,3.8725627165992806,15.040194423730412,0.15,1.4494648064689442,0.03237072750926018,1.8039048168168326
90.23349809646606,3.8725627165992806,15.040194423730412,0.15,1.4494648064689442,0.03237072750926018,1.8039048168168326
90.26663184165955,3.6766641491602394,14.97339098459974,0.15,1.4494648064689442,0.030275505036115646,1.7667010203906253
90.30010390281677,3.625783991090499,14.955138756415645,0.15,1.4406959250821771,0.02901727333664894,1.752826795582778
90.33350801467896,3.625783991090499,14.955138756415645,0.15,1.4453833225126107,0.02901727333664894,1.752826795582778
90.36653566360474,3.625783991090499,14.955138756415645,0.15,1.4453833225126107,0.028169184923171997,1.752826795582778
90.40020155906677,3.4859906985534095,14.903254512903157,0.15,1.4453833225126107,0.027251601219177246,1.6953948296135417
90.43384408950806,3.4859906985534095,14.903254512903157,0.15,1.4485871209036032,0.02663218043744564,1.6953948296135417
90.46989464759827,3.4859906985534095,14.903254512903157,0.15,1.4485871209036032,0.026126006618142128,1.6953948296135417
90.50013327598572,3.4859906985534095,14.903254512903157,0.15,1.4485871209036032,0.026126006618142128,1.6953948296135417
90.53487181663513,3.4859906985534095,14.903254512903157,0.15,1.4485871209036032,0.026126006618142128,1.6953948296135417
90.56683993339539,3.2609856395922394,14.814531780904186,0.15,1.4485871209036032,0.026126006618142128,1.5949160824598083
90.59990763664246,3.219687130296107,14.797606611939209,0.15,1.4509634653471124,0.012152735143899918,1.5760347218199007
90.63347125053406,3.219687130296107,14.797606611939209,0.15,1.4594007156175224,0.010931683704257011,1.5760347218199007
90.66645979881287,3.219687130296107,14.797606611939209,0.15,1.4594007156175224,0.009971479885280132,1.5760347218199007
90.700035572052,3.084232921285239,14.74150469744344,0.15,1.4594007156175224,0.009340501390397549,1.513631635675064
90.73346185684204,3.084232921285239,14.74150469744344,0.15,1.466398936252954,0.008889131247997284,1.513631635675064
90.76685833930969,3.084232921285239,14.74150469744344,0.15,1.466398936252954,0.008370163850486279,1.513631635675064
90.80003523826599,2.949161721092947,14.684774379390522,0.15,1.466398936252954,0.008065956644713879,1.4513413657285636
90.83344149589539,2.949161721092947,14.684774379390522,0.15,1.460033035089468,0.008065956644713879,1.4513413657285636
90.8668966293335,2.949161721092947,14.684774379390522,0.15,1.460033035089468,0.007852739654481411,1.4513413657285636
90.899827003479,2.812427597414037,14.626730599176337,0.15,1.460033035089468,0.005253807175904512,1.38775020143799
90.93370532989502,2.812427597414037,14.626730599176337,0.15,1.4586111872720946,0.004613663535565138,1.38775020143799
90.96682810783386,2.812427597414037,14.626730599176337,0.15,1.4586111872720946,0.004613663535565138,1.38775020143799
90.99999403953552,2.6789720255356473,14.569697570474192,0.15,1.4586111872720946,0.0031808274798095226,1.3258820294270675
91.03344416618347,2.6789720255356473,14.569697570474192,0.15,1.4528931221724868,0.0031808274798095226,1.3258820294270675
91.06676697731018,2.6789720255356473,14.569697570474192,0.15,1.4528931221724868,0.0031808274798095226,1.3258820294270675
91.09994220733643,2.5499780298981967,14.514354233844026,0.15,1.4528931221724868,0.0019165927078574896,1.2657504225666096
91.13336038589478,2.5499780298981967,14.514354233844026,0.15,1.4208890790615694,0.0016007146332412958,1.2657504225666096
91.16677212715149,2.5499780298981967,14.514354233844026,0.15,1.4208890790615694,0.0016007146332412958,1.2657504225666096
91.19990372657776,2.4213591225472624,14.459155367381655,0.15,1.4208890790615694,-0.0015252722660079598,1.2060831786221904
91.23339319229126,2.4213591225472624,14.459155367381655,0.15,1.402357747138137,-0.0028622352983802557,1.2060831786221904
91.26676297187805,2.4213591225472624,14.459155367381655,0.15,1.402357747138137,-0.0028622352983802557,1.2060831786221904
91.29992842674255,2.2931005164270775,14.404358252221241,0.15,1.402357747138137,-0.005639067385345697,1.1441058822592807
91.3334972858429,2.2931005164270775,14.404358252221241,0.15,1.4011752509342417,-0.006120460107922554,1.1441058822592807
91.36675119400024,2.2931005164270775,14.404358252221241,0.15,1.4011752509342417,-0.006120460107922554,1.1441058822592807
91.4000813961029,2.161239661951843,14.348528978392785,0.15,1.4011752509342417,-0.007330558728426695,1.0772917178042103
91.43339133262634,2.161239661951843,14.348528978392785,0.15,1.4061538814183152,-0.007842890918254852,1.0772917178042103
91.46679401397705,2.161239661951843,14.348528978392785,0.15,1.4061538814183152,-0.007842890918254852,1.0772917178042103
91.49997186660767,2.0295818781047643,14.293439705012828,0.15,1.4061538814183152,-0.009028020314872265,1.0110737275622497
91.5334153175354,2.0295818781047643,14.293439705012828,0.15,1.409518506857693,-0.009404613636434078,1.0110737275622497
91.56677579879761,2.0295818781047643,14.293439705012828,0.15,1.409518506857693,-0.009914273396134377,1.0110737275622497
91.600013256073,1.8983688303831943,14.239302090338853,0.15,1.409518506857693,-0.010130967013537884,0.9467728875327712
91.63346481323242,1.8983688303831943,14.239302090338853,0.15,1.419229401210633,-0.010073622688651085,0.9467728875327712
91.66684746742249,1.8983688303831943,14.239302090338853,0.15,1.419229401210633,-0.010053862817585468,0.9467728875327712
91.69997477531433,1.764620033559221,14.18506536109798,0.15,1.419229401210633,-0.011639652773737907,0.8831455855943157
91.73381519317627,1.764620033559221,14.18506536109798,0.15,1.4152559937542377,-0.011670764535665512,0.8831455855943157
91.76691842079163,1.764620033559221,14.18506536109798,0.15,1.4152559937542377,-0.011140855960547924,0.8831455855943157
91.80000519752502,1.6363701943323088,14.133963848491172,0.15,1.4152559937542377,-0.010456334799528122,0.8239252324903373
91.8334755897522,1.6363701943323088,14.133963848491172,0.15,1.4077159871502958,-0.009710338898003101,0.8239252324903373
91.86693406105042,1.6363701943323088,14.133963848491172,0.15,1.4077159871502958,-0.009710338898003101,0.8239252324903373
91.90014839172363,1.5034005110642554,14.081792526280715,0.15,1.4077159871502958,-0.008869185112416744,0.7653128310518269
91.93341493606567,1.5034005110642554,14.081792526280715,0.15,1.3874316139835898,-0.006070693954825401,0.7653128310518269
91.966792345047,1.5034005110642554,14.081792526280715,0.15,1.3874316139835898,-0.004522425122559071,0.7653128310518269
91.99981594085693,1.3771980236763801,14.032786297503918,0.15,1.3874316139835898,-0.0039549320936203,0.7112172563320106
92.03350949287415,1.3771980236763801,14.032786297503918,0.15,1.3683687548005121,-0.0031104900408536196,0.7112172563320106
92.06684517860413,1.3771980236763801,14.032786297503918,0.15,1.3683687548005121,-0.002286782953888178,0.7112172563320106
92.10000205039978,1.251730252216032,13.984258479001133,0.15,1.3683687548005121,-0.0011326391249895096,0.6588583383366741
92.13327193260193,1.251730252216032,13.984258479001133,0.15,1.367341507756378,-0.0010202182456851006,0.6588583383366741
92.16686511039734,1.251730252216032,13.984258479001133,0.15,1.367341507756378,-0.0012097308645024896,0.6588583383366741
92.20012259483337,1.251730252216032,13.984258479001133,0.15,1.367341507756378,-0.0012097308645024896,0.6588583383366741
92.23345828056335,1.251730252216032,13.984258479001133,0.15,1.367341507756378,-0.0012097308645024896,0.6588583383366741
92.26682567596436,1.251730252216032,13.984258479001133,0.15,1.367341507756378,-0.0012097308645024896,0.6588583383366741
92.30009388923645,1.251730252216032,13.984258479001133,0.15,1.367341507756378,-0.0012097308645024896,0.6588583383366741
92.33341407775879,0.9820211373267931,13.880070625109981,0.15,0.0,0.005787192843854427,0.5468938296623168
92.36683988571167,0.9820211373267931,13.880070625109981,0.15,1.384072720352183,0.005787192843854427,0.5468938296623168
92.40011978149414,0.9820211373267931,13.880070625109981,0.15,1.384072720352183,0.005787192843854427,0.5468938296623168
92.43354773521423,0.850713789766526,13.829045994278319,0.15,1.384072720352183,0.011577911674976349,0.4847828370027349
92.46688771247864,0.850713789766526,13.829045994278319,0.15,1.3944785249814446,0.011577911674976349,0.4847828370027349
92.50022554397583,0.850713789766526,13.829045994278319,0.15,1.3944785249814446,0.011577911674976349,0.4847828370027349
92.5337724685669,0.7173913328930234,13.776322605018215,0.15,1.3944785249814446,0.01619993895292282,0.4177049527700611
92.56678342819214,0.7173913328930234,13.776322605018215,0.15,1.410000979551369,0.01872434839606285,0.4177049527700611
92.59995651245117,0.7173913328930234,13.776322605018215,0.15,1.410000979551369,0.01872434839606285,0.4177049527700611
92.63352942466736,0.5811719403973501,13.72087730129305,0.15,1.410000979551369,0.024489345028996468,0.34455109029169023
92.6670868396759,0.5811719403973501,13.72087730129305,0.15,1.4057641354469028,0.024489345028996468,0.34455109029169023
92.70004439353943,0.5811719403973501,13.72087730129305,0.15,1.4057641354469028,0.024489345028996468,0.34455109029169023
92.73323082923889,0.4501668576090063,13.665573520041272,0.15,1.4057641354469028,0.03465784341096878,0.27152231856346976
92.76672196388245,0.4501668576090063,13.665573520041272,0.15,1.3925367817179664,0.03850008547306061,0.27152231856346976
92.80003333091736,0.4501668576090063,13.665573520041272,0.15,1.3925367817179664,0.03850008547306061,0.27152231856346976
92.83344650268555,0.3237012117066205,13.609613223859338,0.15,1.3925367817179664,0.04718304052948952,0.19649318699839752
92.86678576469421,0.3237012117066205,13.609613223859338,0.15,1.3779114102072403,0.05198881775140762,0.19649318699839752
92.90009379386902,0.3237012117066205,13.609613223859338,0.15,1.3779114102072403,0.05198881775140762,0.19649318699839752
92.93317246437073,0.19637339647876959,13.549480777599213,0.15,1.3779114102072403,0.06373852491378784,0.11890281455108784
92.96685290336609,0.19637339647876959,13.549480777599213,0.15,1.3783145594099766,0.06995755434036255,0.11890281455108784
92.9999840259552,0.10308691686244426,13.501986626168245,0.15,1.3783145594099766,0.07570385187864304,0.05538869628779748
93.03350138664246,0.10308691686244426,13.501986626168245,0.15,1.3793510046099697,0.07570385187864304,0.05538869628779748
93.06683421134949,0.10308691686244426,13.501986626168245,0.15,1.3793510046099697,0.07570385187864304,0.05538869628779748
93.10014843940735,0.10308691686244426,13.501986626168245,0.15,1.3793510046099697,0.07570385187864304,0.05538869628779748
93.1332950592041,-0.0544618072484378,13.41275720150722,0.15,1.3793510046099697,0.1023247167468071,0.0398153260468752
93.16911506652832,-0.0544618072484378,13.41275720150722,0.15,1.3927198138279835,0.11699313670396805,0.0398153260468752
93.20012879371643,-0.0544618072484378,13.41275720150722,0.15,1.3927198138279835,0.11699313670396805,0.0398153260468752
93.23341250419617,-0.1754357866799992,13.33357620175183,0.15,1.3927198138279835,0.1332440972328186,0.1447364237420998
93.26674747467041,-0.1754357866799992,13.33357620175183,0.15,1.4196930901608196,0.14182701706886292,0.1447364237420998
93.30004453659058,-0.1754357866799992,13.33357620175183,0.15,1.4196930901608196,0.14182701706886292,0.1447364237420998
93.33379793167114,-0.2914295312001408,13.243425708259393,0.15,1.4196930901608196,0.15900233387947083,0.26071628001466746
93.36686301231384,-0.2914295312001408,13.243425708259393,0.15,1.4326474546147563,0.15214364230632782,0.26071628001466746
93.40012073516846,-0.2914295312001408,13.243425708259393,0.15,1.4326474546147563,0.15214364230632782,0.26071628001466746
93.43344235420227,-0.39831318076880184,13.14382808716446,0.15,1.4326474546147563,0.15214364230632782,0.3799258440194735
93.46688652038574,-0.39831318076880184,13.14382808716446,0.15,1.423539381448238,0.17679756879806519,0.3799258440194735
93.50017476081848,-0.39831318076880184,13.14382808716446,0.15,1.423539381448238,0.17679756879806519,0.3799258440194735
93.53331446647644,-0.4948102689518877,13.035251399671482,0.15,1.423539381448238,0.17679756879806519,0.5018971535441286
93.56670236587524,-0.4948102689518877,13.035251399671482,0.15,1.4175319402008666,0.19493670761585236,0.5018971535441286
93.60003614425659,-0.546191943810286,12.966558076133541,0.15,1.4175319402008666,0.20000359416007996,0.5775025149427261
93.63347554206848,-0.546191943810286,12.966558076133541,0.15,1.4127724993294353,0.20696429908275604,0.5775025149427261
93.66683053970337,-0.546191943810286,12.966558076133541,0.15,1.4127724993294353,0.20696429908275604,0.5775025149427261
93.70012164115906,-0.546191943810286,12.966558076133541,0.15,1.4127724993294353,0.20696429908275604,0.5775025149427261
93.73353433609009,-0.546191943810286,12.966558076133541,0.15,1.4127724993294353,0.20696429908275604,0.5775025149427261
93.76679372787476,-0.6479475561924718,12.789862525737577,0.15,1.4127724993294353,0.20528513193130493,0.7664307924667543
93.80001735687256,-0.6787312762241725,12.717985902948207,0.15,1.407773043069425,0.20710395276546478,0.8418697657439272
93.83350038528442,-0.6787312762241725,12.717985902948207,0.15,1.4062985787590874,0.2124500572681427,0.8418697657439272
93.86685156822205,-0.6787312762241725,12.717985902948207,0.15,1.4062985787590874,0.2124500572681427,0.8418697657439272
93.90016841888428,-0.6787312762241725,12.717985902948207,0.15,1.4062985787590874,0.2124500572681427,0.8418697657439272
93.93356347084045,-0.6787312762241725,12.717985902948207,0.15,1.4062985787590874,0.2124500572681427,0.8418697657439272
93.96679830551147,-0.7370115265573622,12.519668506747184,0.15,1.4062985787590874,0.22487317025661469,1.0461294981943838
94.00002121925354,-0.7491437437923582,12.447353377415334,0.15,1.405825773520177,0.2256336808204651,1.1194437333816571
94.03346490859985,-0.7491437437923582,12.447353377415334,0.15,1.402041768225972,0.22033284604549408,1.1194437333816571
94.0667200088501,-0.7491437437923582,12.447353377415334,0.15,1.402041768225972,0.22033284604549408,1.1194437333816571
94.10012531280518,-0.7491437437923582,12.447353377415334,0.15,1.402041768225972,0.22033284604549408,1.1194437333816571
94.13361978530884,-0.7586750387700728,12.260234451335181,0.15,1.402041768225972,0.22253064811229706,1.2601687733508635
94.16674423217773,-0.7586750387700728,12.260234451335181,0.15,1.4035083002751558,0.22837284207344055,1.2601687733508635
94.19993448257446,-0.7522356130650992,12.166619845442677,0.15,1.4035083002751558,0.1998966932296753,1.2719865410353512
94.2334394454956,-0.7522356130650992,12.166619845442677,0.15,1.4122128625768902,0.20193426311016083,1.2719865410353512
94.26689648628235,-0.7522356130650992,12.166619845442677,0.15,1.4122128625768902,0.20193426311016083,1.2719865410353512
94.30015397071838,-0.7522356130650992,12.166619845442677,0.15,1.4122128625768902,0.20193426311016083,1.2719865410353512
94.33338260650635,-0.7522356130650992,12.166619845442677,0.15,1.4122128625768902,0.20193426311016083,1.2719865410353512
94.36681270599365,-0.7089601242474085,11.947341315781497,0.15,1.4122128625768902,0.19032727181911469,1.3185703714415127
94.40021419525146,-0.7089601242474085,11.947341315781497,0.15,1.4178773195891947,0.18637393414974213,1.3185703714415127
94.43372011184692,-0.7089601242474085,11.947341315781497,0.15,1.4178773195891947,0.18637393414974213,1.3185703714415127
94.46669054031372,-0.661159974668321,11.810943487008375,0.15,1.4178773195891947,0.18219755589962006,1.36476474898996
94.49999332427979,-0.638528398064874,11.758855947940939,0.15,1.4198303134917742,0.1769857257604599,1.386433221017656
94.533447265625,-0.638528398064874,11.758855947940939,0.15,1.4166339796652927,0.1769857257604599,1.386433221017656
94.56647109985352,-0.638528398064874,11.758855947940939,0.15,1.4166339796652927,0.16642199456691742,1.386433221017656
94.60021615028381,-0.5743465342716381,11.632414656108054,0.15,1.4166339796652927,0.14418543875217438,1.4482070412270842
94.63378667831421,-0.5743465342716381,11.632414656108054,0.15,1.4173859378011224,0.14009533822536469,1.4482070412270842
94.66679382324219,-0.5743465342716381,11.632414656108054,0.15,1.4173859378011224,0.13326480984687805,1.4482070412270842
94.70020341873169,-0.5005006739278857,11.51038757164058,0.15,1.4173859378011224,0.12341466546058655,1.5204426232444483
94.73337960243225,-0.5005006739278857,11.51038757164058,0.15,1.4199329652551638,0.11727837473154068,1.5204426232444483
94.76657509803772,-0.5005006739278857,11.51038757164058,0.15,1.4199329652551638,0.10721784830093384,1.5204426232444483
94.80010914802551,-0.5005006739278857,11.51038757164058,0.15,1.4199329652551638,0.10721784830093384,1.5204426232444483
94.8334584236145,-0.5005006739278857,11.51038757164058,0.15,1.4199329652551638,0.10721784830093384,1.5204426232444483
94.86671042442322,-0.35886813815268787,11.313736845531183,0.15,1.4199329652551638,0.0962500125169754,1.6616260497245263
94.90010905265808,-0.33103468179865875,11.278997411957548,0.15,1.4298161117926524,0.06650877743959427,1.6896885715426908
94.93362736701965,-0.33103468179865875,11.278997411957548,0.15,1.431192381525632,0.057901252061128616,1.6896885715426908
94.96679544448853,-0.33103468179865875,11.278997411957548,0.15,1.431192381525632,0.04667827859520912,1.6896885715426908
95.00010657310486,-0.33103468179865875,11.278997411957548,0.15,1.431192381525632,0.04667827859520912,1.6896885715426908
95.03347873687744,-0.33103468179865875,11.278997411957548,0.15,1.431192381525632,0.04667827859520912,1.6896885715426908
95.06710171699524,-0.33103468179865875,11.278997411957548,0.15,1.431192381525632,0.013862361200153828,1.6896885715426908
95.10000491142273,-0.14895423713348438,11.05781363024523,0.15,1.431192381525632,-0.014765840955078602,1.872556740922865
95.1335027217865,-0.14895423713348438,11.05781363024523,0.15,1.4395354402943454,-0.02260841242969036,1.872556740922865
95.16687440872192,-0.14895423713348438,11.05781363024523,0.15,1.4395354402943454,-0.031754519790410995,1.872556740922865
95.1998884677887,-0.05417306645912841,10.940783575905867,0.15,1.4395354402943454,-0.04113050550222397,1.9648207365145745
95.2338354587555,-0.05417306645912841,10.940783575905867,0.15,1.4456977261510808,-0.04805780202150345,1.9648207365145745
95.26683926582336,-0.05417306645912841,10.940783575905867,0.15,1.4456977261510808,-0.056040793657302856,1.9648207365145745
95.30010271072388,-0.05417306645912841,10.940783575905867,0.15,1.4456977261510808,-0.056040793657302856,1.9648207365145745
95.33342790603638,-0.05417306645912841,10.940783575905867,0.15,1.4456977261510808,-0.056040793657302856,1.9648207365145745
95.36678338050842,-0.05417306645912841,10.940783575905867,0.15,1.4456977261510808,-0.056040793657302856,1.9648207365145745
95.40011501312256,0.11364469674558735,10.712691920302396,0.15,1.4456977261510808,-0.07629633694887161,2.1317991212748097
95.43359565734863,0.11364469674558735,10.712691920302396,0.15,1.4493781520892504,-0.05253376066684723,2.1317991212748097
95.46677255630493,0.11364469674558735,10.712691920302396,0.15,1.4493781520892504,-0.054252345114946365,2.1317991212748097
95.5001928806305,0.11364469674558735,10.712691920302396,0.15,1.4493781520892504,-0.054252345114946365,2.1317991212748097
95.53367185592651,0.11364469674558735,10.712691920302396,0.15,1.4493781520892504,-0.054252345114946365,2.1317991212748097
95.56698250770569,0.11364469674558735,10.712691920302396,0.15,1.4493781520892504,-0.054252345114946365,2.1317991212748097
95.60002160072327,0.27163117246229873,10.46459623871705,0.15,1.4493781520892504,-0.055771928280591965,2.29412427603341
95.63651657104492,0.27163117246229873,10.46459623871705,0.15,1.4465348093842003,-0.05517350509762764,2.29412427603341
95.6670913696289,0.27163117246229873,10.46459623871705,0.15,1.4465348093842003,-0.05405544117093086,2.29412427603341
95.70021629333496,0.27163117246229873,10.46459623871705,0.15,1.4465348093842003,-0.05405544117093086,2.29412427603341
95.73390293121338,0.27163117246229873,10.46459623871705,0.15,1.4465348093842003,-0.05405544117093086,2.29412427603341
95.76675295829773,0.27163117246229873,10.46459623871705,0.15,1.4465348093842003,-0.05405544117093086,2.29412427603341
95.79966139793396,0.41221396964045687,10.210856189094413,0.15,1.4465348093842003,-0.04617176204919815,2.443322279631225
95.83356165885925,0.41221396964045687,10.210856189094413,0.15,1.4442073229810948,-0.028740348294377327,2.443322279631225
95.8668041229248,0.41221396964045687,10.210856189094413,0.15,1.4442073229810948,-0.027067869901657104,2.443322279631225
95.90002489089966,0.4772737422476515,10.08288995209274,0.15,1.4442073229810948,-0.02242022193968296,2.5138186909004325
95.9332423210144,0.4772737422476515,10.08288995209274,0.15,1.4567799523059122,-0.020866135135293007,2.5138186909004325
95.96684265136719,0.4772737422476515,10.08288995209274,0.15,1.4567799523059122,-0.01755344867706299,2.5138186909004325
95.99992942810059,0.5451459404882919,9.946093807727168,0.15,1.4567799523059122,-0.011865679174661636,2.5877708117008633
96.0362298488617,0.5451459404882919,9.946093807727168,0.15,1.461916540210665,-0.01020860392600298,2.5877708117008633
96.06686186790466,0.5451459404882919,9.946093807727168,0.15,1.461916540210665,-0.01020860392600298,2.5877708117008633
96.10141110420227,0.6100307779480894,9.813540983716878,0.15,1.461916540210665,0.0008266995428130031,2.6589281779922667
96.13363838195801,0.6100307779480894,9.813540983716878,0.15,1.4681905029682911,0.0029587058816105127,2.6589281779922667
96.16676330566406,0.6100307779480894,9.813540983716878,0.15,1.4681905029682911,0.010023430921137333,2.6589281779922667
96.19975638389587,0.6721173375553203,9.687361525970957,0.15,1.4681905029682911,0.01418663002550602,2.726583307714588
96.2333471775055,0.6721173375553203,9.687361525970957,0.15,1.4710084609432277,0.017735585570335388,2.726583307714588
96.26705312728882,0.6721173375553203,9.687361525970957,0.15,1.4710084609432277,0.017735585570335388,2.726583307714588
96.29978275299072,0.7393367008673307,9.554494213994722,0.15,1.4710084609432277,0.02491191402077675,2.799227355909469
96.33363771438599,0.7393367008673307,9.554494213994722,0.15,1.459528357668569,0.03065522387623787,2.799227355909469
96.36679196357727,0.7393367008673307,9.554494213994722,0.15,1.459528357668569,0.03065522387623787,2.799227355909469
96.39989948272705,0.8078123651069389,9.424352900758585,0.15,1.459528357668569,0.03065522387623787,2.8719622551033166
96.43589472770691,0.8078123651069389,9.424352900758585,0.15,1.4488163383658157,0.04199415072798729,2.8719622551033166
96.46918535232544,0.8078123651069389,9.424352900758585,0.15,1.4488163383658157,0.04556797817349434,2.8719622551033166
96.50076246261597,0.8078123651069389,9.424352900758585,0.15,1.4488163383658157,0.04556797817349434,2.8719622551033166
96.53615379333496,0.8800937042451076,9.2940181746624,0.15,1.4488163383658157,0.05263930931687355,2.946863422471751
96.5669596195221,0.8800937042451076,9.2940181746624,0.15,1.4437870111772733,0.05263930931687355,2.946863422471751
96.60005164146423,0.8800937042451076,9.2940181746624,0.15,1.4437870111772733,0.05263930931687355,2.946863422471751
96.63363599777222,0.955118521503808,9.167331378882801,0.15,1.4437870111772733,0.062341511249542236,3.015393510617014
96.66691446304321,0.955118521503808,9.167331378882801,0.15,1.4467099299853154,0.062341511249542236,3.015393510617014
96.70020461082458,0.955118521503808,9.167331378882801,0.15,1.4467099299853154,0.062341511249542236,3.015393510617014
96.7334930896759,1.0356001774865427,9.041433235956449,0.15,1.4467099299853154,0.0679987370967865,3.083457230137872
96.76682114601135,1.0356001774865427,9.041433235956449,0.15,1.4560453737016201,0.0679987370967865,3.083457230137872
96.80014371871948,1.0356001774865427,9.041433235956449,0.15,1.4560453737016201,0.0679987370967865,3.083457230137872
96.83343744277954,1.1209516903649184,8.918869669895262,0.15,1.4560453737016201,0.07187684625387192,3.1487535380405935
96.86730480194092,1.1209516903649184,8.918869669895262,0.15,1.461725753633059,0.07380364090204239,3.1487535380405935
96.90019750595093,1.1209516903649184,8.918869669895262,0.15,1.461725753633059,0.07380364090204239,3.1487535380405935
96.93342566490173,1.2122218772318392,8.798979383860598,0.15,1.461725753633059,0.07573455572128296,3.2107698931298847
96.96713066101074,1.2122218772318392,8.798979383860598,0.15,1.4676814501884923,0.07650968432426453,3.2107698931298847
97.00004553794861,1.2122218772318392,8.798979383860598,0.15,1.4676814501884923,0.07650968432426453,3.2107698931298847
97.03349685668945,1.3088531861909827,8.683145555682476,0.15,1.4676814501884923,0.07711494714021683,3.2598244116521653
97.0667929649353,1.3088531861909827,8.683145555682476,0.15,1.4645920138230144,0.07711494714021683,3.2598244116521653
97.10009765625,1.3088531861909827,8.683145555682476,0.15,1.4645920138230144,0.07711494714021683,3.2598244116521653
97.13338136672974,1.409844768033197,8.572737257523173,0.15,1.4645920138230144,0.07475252449512482,3.301065283036255
97.16683220863342,1.409844768033197,8.572737257523173,0.15,1.4647410664230294,0.07305528968572617,3.301065283036255
97.1999762058258,1.4903822093139527,8.491258586042356,0.15,1.4647410664230294,0.0706082135438919,3.3347094061755636
97.23346161842346,1.4903822093139527,8.491258586042356,0.15,1.4601848245837845,0.07057803869247437,3.3347094061755636
97.26915073394775,1.4903822093139527,8.491258586042356,0.15,1.4601848245837845,0.07017940282821655,3.3347094061755636
97.29998922348022,1.4903822093139527,8.491258586042356,0.15,1.4601848245837845,0.07017940282821655,3.3347094061755636
97.33590912818909,1.6245794622387533,8.365977570544786,0.15,1.4601848245837845,0.06679365038871765,3.3766730173421657
97.36675357818604,1.6245794622387533,8.365977570544786,0.15,1.4562252979732178,0.06679365038871765,3.3766730173421657
97.40015172958374,1.6245794622387533,8.365977570544786,0.15,1.4562252979732178,0.06679365038871765,3.3766730173421657
97.43380928039551,1.7361251908257527,8.270475902847108,0.15,1.4562252979732178,0.06184113770723343,3.2799830732676036
97.46680760383606,1.7361251908257527,8.270475902847108,0.15,1.4349084435820836,0.0570187084376812,3.2799830732676036
97.5002851486206,1.815286673809153,8.206424215818613,0.15,1.4349084435820836,0.046346038579940796,3.2155188708120206
97.53358435630798,1.815286673809153,8.206424215818613,0.15,1.43031760071414,0.04334111511707306,3.2155188708120206
97.56691837310791,1.815286673809153,8.206424215818613,0.15,1.43031760071414,0.04334111511707306,3.2155188708120206
97.60011458396912,1.815286673809153,8.206424215818613,0.15,1.43031760071414,0.04334111511707306,3.2155188708120206
97.63355040550232,1.9472408140172892,8.104014611840256,0.15,1.43031760071414,0.030025556683540344,3.1127343955643205
97.66682171821594,1.9472408140172892,8.104014611840256,0.15,1.4350874889972352,0.02496202476322651,3.1127343955643205
97.70049023628235,1.9472408140172892,8.104014611840256,0.15,1.4350874889972352,0.02496202476322651,3.1127343955643205
97.73399329185486,2.0669721639032828,8.014268855091903,0.15,1.4350874889972352,0.015160816721618176,3.023095534176026
97.76693034172058,2.0669721639032828,8.014268855091903,0.15,1.4277814368535566,0.009977363981306553,3.023095534176026
97.79981112480164,2.1594296967388744,7.945917879122326,0.15,1.4277814368535566,0.004200278781354427,2.954356558140852
97.83343315124512,2.1594296967388744,7.945917879122326,0.15,1.4343192864710745,0.0020748067181557417,2.954356558140852
97.86680388450623,2.1594296967388744,7.945917879122326,0.15,1.4343192864710745,0.0020748067181557417,2.954356558140852
97.90014052391052,2.2740896095479295,7.860760846306168,0.15,1.4343192864710745,-0.011334389448165894,2.8690249737081253
97.93343043327332,2.2740896095479295,7.860760846306168,0.15,1.4409171112124668,-0.01276273000985384,2.8690249737081253
97.96677041053772,2.2740896095479295,7.860760846306168,0.15,1.4409171112124668,-0.01752961240708828,2.8690249737081253
98.00011134147644,2.2740896095479295,7.860760846306168,0.15,1.4409171112124668,-0.01752961240708828,2.8690249737081253
98.03333258628845,2.4225811468359835,7.747509031018703,0.15,1.4409171112124668,-0.026445956900715828,2.756010999112648
98.06679201126099,2.4225811468359835,7.747509031018703,0.15,1.4159994536252691,-0.033521708101034164,2.756010999112648
98.10026359558105,2.4225811468359835,7.747509031018703,0.15,1.4159994536252691,-0.039560168981552124,2.756010999112648
98.13547086715698,2.5123037485120183,7.676426808137541,0.15,1.4159994536252691,-0.04481825605034828,2.6852449523183206
98.16687488555908,2.5123037485120183,7.676426808137541,0.15,1.3939522342040664,-0.05058756098151207,2.6852449523183206
98.20007848739624,2.5123037485120183,7.676426808137541,0.15,1.3939522342040664,-0.05058756098151207,2.6852449523183206
98.23339486122131,2.5123037485120183,7.676426808137541,0.15,1.3939522342040664,-0.05058756098151207,2.6852449523183206
98.2667555809021,2.6538423107999267,7.557375896262531,0.15,1.3939522342040664,-0.06851550191640854,2.5663814257756687
98.30007910728455,2.7065694413123706,7.510197434742924,0.15,1.3788543816788001,-0.07318727672100067,2.5192311679231674
98.33345007896423,2.7065694413123706,7.510197434742924,0.15,1.3725252855729586,-0.06852315366268158,2.5192311679231674
98.36679553985596,2.7065694413123706,7.510197434742924,0.15,1.3725252855729586,-0.06852315366268158,2.5192311679231674
98.40014982223511,2.7065694413123706,7.510197434742924,0.15,1.3725252855729586,-0.06852315366268158,2.5192311679231674
98.4334487915039,2.7065694413123706,7.510197434742924,0.15,1.3725252855729586,-0.06852315366268158,2.5192311679231674
98.46664762496948,2.8588797689944236,7.362963614575301,0.15,1.3725252855729586,-0.0765703096985817,2.3713336689791418
98.4999783039093,2.905551523646767,7.314137898157511,0.15,1.3801537109642636,-0.0839153453707695,2.32169120089197
98.53338551521301,2.905551523646767,7.314137898157511,0.15,1.397738166589557,-0.08345600962638855,2.32169120089197
98.56682848930359,2.905551523646767,7.314137898157511,0.15,1.397738166589557,-0.08690187335014343,2.32169120089197
98.60022759437561,2.905551523646767,7.314137898157511,0.15,1.397738166589557,-0.08690187335014343,2.32169120089197
98.63350319862366,2.905551523646767,7.314137898157511,0.15,1.397738166589557,-0.08690187335014343,2.32169120089197
98.66652083396912,3.0494399166185127,7.147887723575828,0.15,1.397738166589557,-0.09518169611692429,2.1517615392261025
98.70020937919617,3.0494399166185127,7.147887723575828,0.15,1.4079152962745904,-0.09518169611692429,2.1517615392261025
98.73347115516663,3.0494399166185127,7.147887723575828,0.15,1.4079152962745904,-0.09518169611692429,2.1517615392261025
98.76659488677979,3.1364324972223816,7.0329120132948875,0.15,1.4079152962745904,-0.08292920142412186,2.0335170343746767
98.79985070228577,3.168841287171189,6.98666710225717,0.15,1.4140509461378232,-0.08291395008563995,1.9858313313647353
98.83371138572693,3.168841287171189,6.98666710225717,0.15,1.4141497067362716,-0.08291395008563995,1.9858313313647353
98.86671423912048,3.168841287171189,6.98666710225717,0.15,1.4141497067362716,-0.0844167172908783,1.9858313313647353
98.90002012252808,3.2454857292193164,6.869540204444785,0.15,1.4141497067362716,-0.08314083516597748,1.8647952076148724
98.93341732025146,3.2454857292193164,6.869540204444785,0.15,1.4018325434941417,-0.08332577347755432,1.8647952076148724
98.96683645248413,3.2454857292193164,6.869540204444785,0.15,1.4018325434941417,-0.08255531638860703,1.8647952076148724
99.00015068054199,3.2454857292193164,6.869540204444785,0.15,1.4018325434941417,-0.08255531638860703,1.8647952076148724
99.03348708152771,3.2454857292193164,6.869540204444785,0.15,1.4018325434941417,-0.08255531638860703,1.8647952076148724
99.06682825088501,3.362225004328117,6.665600806693512,0.15,1.4018325434941417,-0.08041597157716751,1.653675171005193
99.09998393058777,3.383362543119238,6.624690989356755,0.15,1.4015093172617221,-0.06837311387062073,1.611276846882126
99.1335129737854,3.383362543119238,6.624690989356755,0.15,1.3973321278397843,-0.06336093693971634,1.611276846882126
99.16683602333069,3.383362543119238,6.624690989356755,0.15,1.3973321278397843,-0.061153069138526917,1.611276846882126
99.19998383522034,3.444260951979978,6.500212194563536,0.15,1.3973321278397843,-0.058461181819438934,1.482389191174037
99.23350715637207,3.444260951979978,6.500212194563536,0.15,1.3898790697067562,-0.058461181819438934,1.482389191174037
99.26676821708679,3.444260951979978,6.500212194563536,0.15,1.3898790697067562,-0.057190246880054474,1.482389191174037
99.30010056495667,3.50188602903965,6.372969990473876,0.15,1.3898790697067562,-0.05135319009423256,1.3503989458819565
99.33324337005615,3.50188602903965,6.372969990473876,0.15,1.3992404798384148,-0.04929116368293762,1.3503989458819565
99.3667824268341,3.50188602903965,6.372969990473876,0.15,1.3992404798384148,-0.04929116368293762,1.3503989458819565
99.40002703666687,3.5569814263373227,6.242581694551434,0.15,1.3992404798384148,-0.04167266562581062,1.2152075321433218
99.43350315093994,3.5569814263373227,6.242581694551434,0.15,1.4136150359437514,-0.03826836124062538,1.2152075321433218
99.46675205230713,3.5569814263373227,6.242581694551434,0.15,1.4136150359437514,-0.03267655149102211,1.2152075321433218
99.4998083114624,3.6104731625724447,6.109018865414143,0.15,1.4136150359437514,-0.026334308087825775,1.0767554536368602
99.53342080116272,3.6104731625724447,6.109018865414143,0.15,1.4110041095606396,-0.02213866077363491,1.0767554536368602
99.56673979759216,3.6104731625724447,6.109018865414143,0.15,1.4110041095606396,-0.017076533287763596,1.0767554536368602
99.6000804901123,3.6104731625724447,6.109018865414143,0.15,1.4110041095606396,-0.017076533287763596,1.0767554536368602
99.63370537757874,3.6104731625724447,6.109018865414143,0.15,1.4110041095606396,-0.017076533287763596,1.0767554536368602
99.6667788028717,3.6104731625724447,6.109018865414143,0.15,1.4110041095606396,-0.017076533287763596,1.0767554536368602
99.69981050491333,3.711359060360424,5.846940613369842,0.15,1.4110041095606396,0.0006580438930541277,0.8046879244704699
99.73348689079285,3.711359060360424,5.846940613369842,0.15,1.414885436271096,0.008066415786743164,0.8046879244704699
99.76716589927673,3.711359060360424,5.846940613369842,0.15,1.414885436271096,0.013378720730543137,0.8046879244704699
99.80028986930847,3.761390901129558,5.71710862032035,0.15,1.414885436271096,0.01972319558262825,0.66942568706664
99.83604049682617,3.761390901129558,5.71710862032035,0.15,1.4059267554870811,0.024736948311328888,0.66942568706664
99.86694431304932,3.761390901129558,5.71710862032035,0.15,1.4059267554870811,0.024736948311328888,0.66942568706664
99.9001076221466,3.8140452389506305,5.586445776210966,0.15,1.4059267554870811,0.036145370453596115,0.5329137256533097
99.9335207939148,3.8140452389506305,5.586445776210966,0.15,1.396750897970916,0.04082176089286804,0.5329137256533097
99.96684384346008,3.8140452389506305,5.586445776210966,0.15,1.396750897970916,0.04082176089286804,0.5329137256533097
100.0000422000885,3.868628047125794,5.459275320623338,0.15,1.396750897970916,0.051154036074876785,0.39960361202099026
100.03356075286865,3.868628047125794,5.459275320623338,0.15,1.391032724215179,0.051959916949272156,0.39960361202099026
100.06676721572876,3.868628047125794,5.459275320623338,0.15,1.391032724215179,0.056663427501916885,0.39960361202099026
100.10000395774841,3.9273668239095327,5.333065284193803,0.15,1.391032724215179,0.0652979239821434,0.2667959373488658
100.13336730003357,3.9273668239095327,5.333065284193803,0.15,1.391809144591353,0.06624599546194077,0.2667959373488658
100.16674709320068,3.9273668239095327,5.333065284193803,0.15,1.391809144591353,0.07178419828414917,0.2667959373488658
100.19997143745422,3.990999834966111,5.209065081293999,0.15,1.391809144591353,0.0766456350684166,0.13478252362269244
100.23342156410217,3.990999834966111,5.209065081293999,0.15,1.3916886124862244,0.08148931711912155,0.13478252362269244
100.26682233810425,3.990999834966111,5.209065081293999,0.15,1.3916886124862244,0.08640922605991364,0.13478252362269244
100.29990744590759,4.06048618275187,5.087626111315962,0.15,1.3916886124862244,0.09073440730571747,0.01782246415777051
100.33342933654785,4.06048618275187,5.087626111315962,0.15,1.3988707281623767,0.09521526098251343,0.01782246415777051
100.36680603027344,4.06048618275187,5.087626111315962,0.15,1.3988707281623767,0.09954269230365753,0.01782246415777051
100.40029382705688,4.14019779850136,4.964098387974113,0.15,1.3988707281623767,0.0994357019662857,0.1268740650227392
100.43351101875305,4.14019779850136,4.964098387974113,0.15,1.4141679574912036,0.0994357019662857,0.1268740650227392
100.46682167053223,4.14019779850136,4.964098387974113,0.15,1.4141679574912036,0.10568881779909134,0.1268740650227392
100.49975180625916,4.223301462291274,4.8503184446401235,0.15,1.4141679574912036,0.10611841082572937,0.25360075617189665
100.53366351127625,4.223301462291274,4.8503184446401235,0.15,1.4248291341460781,0.10766037553548813,0.25360075617189665
100.56682324409485,4.223301462291274,4.8503184446401235,0.15,1.4248291341460781,0.10766037553548813,0.25360075617189665
100.60022974014282,4.316230237305558,4.737886196849072,0.15,1.4248291341460781,0.10766037553548813,0.3819612053264299
100.63344216346741,4.316230237305558,4.737886196849072,0.15,1.424004934920956,0.1066000908613205,0.3819612053264299
100.66682195663452,4.316230237305558,4.737886196849072,0.15,1.424004934920956,0.1066000908613205,0.3819612053264299
100.70027089118958,4.316230237305558,4.737886196849072,0.15,1.424004934920956,0.10194744169712067,0.3819612053264299
100.73341202735901,4.414274950235049,4.632646180807212,0.15,1.424004934920956,0.09323741495609283,0.5063918554490137
100.76676940917969,4.414274950235049,4.632646180807212,0.15,1.4176674975110515,0.0867578312754631,0.5063918554490137
100.79991126060486,4.512148105866111,4.5376701590003785,0.15,1.4176674975110515,0.08186115324497223,0.6224195247304481
100.83354377746582,4.512148105866111,4.5376701590003785,0.15,1.4147955860816785,0.08118639141321182,0.6224195247304481
100.86664986610413,4.512148105866111,4.5376701590003785,0.15,1.4147955860816785,0.07950221002101898,0.6224195247304481
100.90011072158813,4.512148105866111,4.5376701590003785,0.15,1.4147955860816785,0.07950221002101898,0.6224195247304481
100.93353223800659,4.627081731074075,4.435724229482795,0.15,1.4147955860816785,0.07549601793289185,0.7501643242201446
100.96678519248962,4.627081731074075,4.435724229482795,0.15,1.4117474140362523,0.07204420119524002,0.7501643242201446
101.00001335144043,4.627081731074075,4.435724229482795,0.15,1.4117474140362523,0.07204420119524002,0.7501643242201446
101.03354692459106,4.739522179631381,4.344230279141936,0.15,1.4117474140362523,0.06598019599914551,0.8693598184935948
101.06683468818665,4.739522179631381,4.344230279141936,0.15,1.4104572835057667,0.06256060302257538,0.8693598184935948
101.10015916824341,4.739522179631381,4.344230279141936,0.15,1.4104572835057667,0.06256060302257538,0.8693598184935948
101.13353157043457,4.854296040207099,4.257488324241809,0.15,1.4104572835057667,0.0554710328578949,0.9864871113924277
101.16683626174927,4.854296040207099,4.257488324241809,0.15,1.423409482202626,0.05157226324081421,0.9864871113924277
101.20008134841919,4.854296040207099,4.257488324241809,0.15,1.423409482202626,0.05157226324081421,0.9864871113924277
101.23352789878845,4.973564599866042,4.173031443010111,0.15,1.423409482202626,0.03619113191962242,1.1040962051906402
101.26682567596436,4.973564599866042,4.173031443010111,0.15,1.4466465187513504,0.03129291906952858,1.1040962051906402
101.29975843429565,5.076912052409133,4.1030165326550305,0.15,1.4466465187513504,0.024844450876116753,1.203778368390191
101.33392906188965,5.076912052409133,4.1030165326550305,0.15,1.4591134318522547,0.020096998661756516,1.203778368390191
101.36685109138489,5.076912052409133,4.1030165326550305,0.15,1.4591134318522547,0.020096998661756516,1.203778368390191
101.4000952243805,5.076912052409133,4.1030165326550305,0.15,1.4591134318522547,0.020096998661756516,1.203778368390191
101.43342018127441,5.223960234064748,4.0057192707589175,0.15,1.4591134318522547,0.002188549842685461,1.3429715417469195
101.46689772605896,5.223960234064748,4.0057192707589175,0.15,1.4616452505976358,0.002188549842685461,1.3429715417469195
101.5001494884491,5.223960234064748,4.0057192707589175,0.15,1.4616452505976358,0.002188549842685461,1.3429715417469195
101.53329062461853,5.347956165897786,3.924332734044995,0.15,1.4616452505976358,-0.01606946438550949,1.4608124623924958
101.56685423851013,5.347956165897786,3.924332734044995,0.15,1.4526970024885257,-0.02382577769458294,1.4608124623924958
101.60012793540955,5.347956165897786,3.924332734044995,0.15,1.4526970024885257,-0.02382577769458294,1.4608124623924958
101.63340401649475,5.471586175671808,3.841316369963799,0.15,1.4526970024885257,-0.037892814725637436,1.5812618141609585
101.66682171821594,5.471586175671808,3.841316369963799,0.15,1.4497739281450397,-0.040771450847387314,1.5812618141609585
101.7001006603241,5.471586175671808,3.841316369963799,0.15,1.4497739281450397,-0.040771450847387314,1.5812618141609585
101.73337769508362,5.591638870841307,3.7565078792969335,0.15,1.4497739281450397,-0.05220809206366539,1.702787449333423
101.76676106452942,5.591638870841307,3.7565078792969335,0.15,1.4481565254251612,-0.05803748220205307,1.702787449333423
101.80010628700256,5.591638870841307,3.7565078792969335,0.15,1.4481565254251612,-0.05803748220205307,1.702787449333423
101.83469939231873,5.710428989986195,3.6666300490149353,0.15,1.4481565254251612,-0.06770524382591248,1.829519454827328
101.86674308776855,5.710428989986195,3.6666300490149353,0.15,1.43967060724217,-0.07257942110300064,1.829519454827328
101.9000825881958,5.710428989986195,3.6666300490149353,0.15,1.43967060724217,-0.07257942110300064,1.829519454827328
101.93337631225586,5.823427478239002,3.573991637430944,0.15,1.43967060724217,-0.07257942110300064,1.8790070176850335
101.9667809009552,5.823427478239002,3.573991637430944,0.15,1.4399155868465556,-0.0838790014386177,1.8790070176850335
102.00009489059448,5.823427478239002,3.573991637430944,0.15,1.4399155868465556,-0.0838790014386177,1.8790070176850335
102.03347373008728,5.933598164925813,3.4750798708549198,0.15,1.4399155868465556,-0.0838790014386177,1.765398789563559
102.06659746170044,5.933598164925813,3.4750798708549198,0.15,1.4499232978448409,-0.08358709514141083,1.765398789563559
102.10005378723145,5.933598164925813,3.4750798708549198,0.15,1.4499232978448409,-0.08358709514141083,1.765398789563559
102.13353490829468,6.017794023571882,3.392693514960638,0.15,1.4499232978448409,-0.08345214277505875,1.67282431049632
102.16684436798096,6.017794023571882,3.392693514960638,0.15,1.4579095259101322,-0.0849580317735672,1.67282431049632
102.20007157325745,6.017794023571882,3.392693514960638,0.15,1.4579095259101322,-0.0849580317735672,1.67282431049632
102.23361372947693,6.017794023571882,3.392693514960638,0.15,1.4579095259101322,-0.0849580317735672,1.67282431049632
102.26695203781128,6.140490642269707,3.26034981752752,0.15,1.4579095259101322,-0.08669821918010712,1.5271033881747473
102.30017566680908,6.140490642269707,3.26034981752752,0.15,1.4554186677143235,-0.08669821918010712,1.5271033881747473
102.33353924751282,6.140490642269707,3.26034981752752,0.15,1.4554186677143235,-0.08669821918010712,1.5271033881747473
102.3668098449707,6.238050221515015,3.142606107838255,0.15,1.4554186677143235,-0.07842294126749039,1.3998267346650115
102.40010190010071,6.238050221515015,3.142606107838255,0.15,1.4594586325996874,-0.07842294126749039,1.3998267346650115
102.43346858024597,6.238050221515015,3.142606107838255,0.15,1.4594586325996874,-0.07842294126749039,1.3998267346650115
102.46674823760986,6.326053354943241,3.0253404582357284,0.15,1.4594586325996874,-0.06419480592012405,1.2750117204693567
102.5001630783081,6.326053354943241,3.0253404582357284,0.15,1.4628926027522469,-0.06419480592012405,1.2750117204693567
102.53345513343811,6.326053354943241,3.0253404582357284,0.15,1.4628926027522469,-0.06419480592012405,1.2750117204693567
102.56664085388184,6.410675328998025,2.9023646228184723,0.15,1.4628926027522469,-0.05961042270064354,1.1455150231989835
102.59995460510254,6.450999202379552,2.840258974926948,0.15,1.4551447885752808,-0.05664271116256714,1.0802894369310316
102.63338589668274,6.450999202379552,2.840258974926948,0.15,1.4444832573060615,-0.05512254685163498,1.0802894369310316
102.67014122009277,6.450999202379552,2.840258974926948,0.15,1.4444832573060615,-0.052614957094192505,1.0802894369310316
102.70079398155212,6.450999202379552,2.840258974926948,0.15,1.4444832573060615,-0.052614957094192505,1.0802894369310316
102.73388576507568,6.450999202379552,2.840258974926948,0.15,1.4444832573060615,-0.052614957094192505,1.0802894369310316
102.76901698112488,6.566990991634507,2.6495082746784195,0.15,1.4444832573060615,-0.04400351271033287,0.8820040331596689
102.79988384246826,6.598759007412301,2.594023160911554,0.15,1.436461608293727,-0.04009012505412102,0.8250197601702803
102.83355116844177,6.598759007412301,2.594023160911554,0.15,1.430683859199744,-0.0374770425260067,0.8250197601702803
102.86674571037292,6.598759007412301,2.594023160911554,0.15,1.430683859199744,-0.03407745063304901,0.8250197601702803
102.90011858940125,6.598759007412301,2.594023160911554,0.15,1.430683859199744,-0.03407745063304901,0.8250197601702803
102.93369340896606,6.598759007412301,2.594023160911554,0.15,1.430683859199744,-0.03407745063304901,0.8250197601702803
102.96688985824585,6.70804474928588,2.395402105333567,0.15,1.430683859199744,-0.016471773386001587,0.6205192120791035
103.0000970363617,6.736121098271057,2.342746355351016,0.15,1.430542430066324,-0.010060150176286697,0.5667216913487488
103.03357291221619,6.736121098271057,2.342746355351016,0.15,1.4425631619121029,-0.007013050839304924,0.5667216913487488
103.06664395332336,6.736121098271057,2.342746355351016,0.15,1.4425631619121029,-0.0034252626355737448,0.5667216913487488
103.09980177879333,6.804280431552026,2.2146690045891004,0.15,1.4425631619121029,0.0012883541639894247,0.4356202093558834
103.13380146026611,6.804280431552026,2.2146690045891004,0.15,1.4485314526678,0.004616553895175457,0.4356202093558834
103.16675615310669,6.804280431552026,2.2146690045891004,0.15,1.4485314526678,0.008681735023856163,0.4356202093558834
103.19993257522583,6.873105092208075,2.0866493346598074,0.15,1.4485314526678,0.013662540353834629,0.305017539292129
103.23343467712402,6.873105092208075,2.0866493346598074,0.15,1.4545584313294357,0.017209969460964203,0.305017539292129
103.26672744750977,6.873105092208075,2.0866493346598074,0.15,1.4545584313294357,0.02146478183567524,0.305017539292129
103.29984068870544,6.943188227854655,1.959890524290672,0.15,1.4545584313294357,0.028066949918866158,0.17676449223878113
103.33349514007568,6.943188227854655,1.959890524290672,0.15,1.4484943481019337,0.03151560202240944,0.17676449223878113
103.36676716804504,6.943188227854655,1.959890524290672,0.15,1.4484943481019337,0.03558768704533577,0.17676449223878113
103.4001190662384,6.943188227854655,1.959890524290672,0.15,1.4484943481019337,0.03558768704533577,0.17676449223878113
103.43347501754761,6.943188227854655,1.959890524290672,0.15,1.4484943481019337,0.03558768704533577,0.17676449223878113
103.46646046638489,7.06771390542943,1.7480632581326443,0.15,1.4484943481019337,0.03863769397139549,0.031762592574595856
103.50072503089905,7.089627675186133,1.712618184091454,0.15,1.4343208884488765,0.04681465029716492,0.06108479456311565
103.53483438491821,7.089627675186133,1.712618184091454,0.15,1.4166365796752272,0.04829465225338936,0.06108479456311565
103.5667815208435,7.089627675186133,1.712618184091454,0.15,1.4166365796752272,0.051157280802726746,0.06108479456311565
103.5999653339386,7.165782316651889,1.5942564352215902,0.15,1.4166365796752272,0.051809415221214294,0.1833921124572749
103.63348078727722,7.165782316651889,1.5942564352215902,0.15,1.415653726865397,0.05242389440536499,0.1833921124572749
103.66686463356018,7.165782316651889,1.5942564352215902,0.15,1.415653726865397,0.05242389440536499,0.1833921124572749
103.6999135017395,7.245877415199219,1.4766411818249179,0.15,1.415653726865397,0.043063852936029434,0.3058179769563424
103.7335524559021,7.245877415199219,1.4766411818249179,0.15,1.4238372908867223,0.04281188175082207,0.3058179769563424
103.76690196990967,7.245877415199219,1.4766411818249179,0.15,1.4238372908867223,0.04267216846346855,0.3058179769563424
103.80002951622009,7.245877415199219,1.4766411818249179,0.15,1.4238372908867223,0.04267216846346855,0.3058179769563424
103.83340644836426,7.245877415199219,1.4766411818249179,0.15,1.4238372908867223,0.04267216846346855,0.3058179769563424
103.86670160293579,7.245877415199219,1.4766411818249179,0.15,1.4238372908867223,0.04267216846346855,0.3058179769563424
103.89979386329651,7.419282292763026,1.240910257087202,0.15,1.4238372908867223,0.04204520210623741,0.5494310714740361
103.93336629867554,7.419282292763026,1.240910257087202,0.15,1.4507417468009465,0.04129018262028694,0.5494310714740361
103.9668071269989,7.419282292763026,1.240910257087202,0.15,1.4507417468009465,0.04029574990272522,0.5494310714740361
104.00015497207642,7.419282292763026,1.240910257087202,0.15,1.4507417468009465,0.04029574990272522,0.5494310714740361
104.03331422805786,7.536435480573026,1.0938118694810335,0.15,1.4507417468009465,0.03606342524290085,0.6443306448296849
104.06678581237793,7.536435480573026,1.0938118694810335,0.15,1.4583450443811967,0.034171152859926224,0.6443306448296849
104.10009360313416,7.600354785696,1.0167744498664217,0.15,1.4583450443811967,0.03105572797358036,0.5662035298716914
104.13342618942261,7.600354785696,1.0167744498664217,0.15,1.4589975371614416,0.029140818864107132,0.5662035298716914
104.16679191589355,7.600354785696,1.0167744498664217,0.15,1.4589975371614416,0.026935270056128502,0.5662035298716914
104.19986176490784,7.694306857742606,0.9065041582163514,0.15,1.4589975371614416,0.024876069277524948,0.4533803715199813
104.23350811004639,7.694306857742606,0.9065041582163514,0.15,1.4487987461708003,0.023198064416646957,0.4533803715199813
104.2667498588562,7.694306857742606,0.9065041582163514,0.15,1.4487987461708003,0.023198064416646957,0.4533803715199813
104.29986882209778,7.789322269533609,0.79771457143044,0.15,1.4487987461708003,0.018643422052264214,0.342154600391425
104.33342027664185,7.789322269533609,0.79771457143044,0.15,1.4297232481637387,0.017505228519439697,0.342154600391425
104.36684775352478,7.789322269533609,0.79771457143044,0.15,1.4297232481637387,0.017505228519439697,0.342154600391425
104.39999556541443,7.886390358680596,0.6885416217554814,0.15,1.4297232481637387,0.01272653043270111,0.23077326229097914
104.43347311019897,7.886390358680596,0.6885416217554814,0.15,1.426257068797381,0.010994451120495796,0.23077326229097914
104.46678638458252,7.886390358680596,0.6885416217554814,0.15,1.426257068797381,0.010994451120495796,0.23077326229097914
104.49981594085693,7.981218548022295,0.5830705975077438,0.15,1.426257068797381,0.006970688700675964,0.12475790862192655
104.5335545539856,7.981218548022295,0.5830705975077438,0.15,1.436318973417247,-0.003112092614173889,0.12475790862192655
104.5667769908905,7.981218548022295,0.5830705975077438,0.15,1.436318973417247,-0.0045330580323934555,0.12475790862192655
104.60001349449158,8.073967963646819,0.4799091432448984,0.15,1.436318973417247,-0.007171645760536194,0.021049517504158184
104.63341188430786,8.073967963646819,0.4799091432448984,0.15,1.4205896991257623,-0.00850769318640232,0.021049517504158184
104.66696906089783,8.073967963646819,0.4799091432448984,0.15,1.4205896991257623,-0.010130220092833042,0.021049517504158184
104.69992208480835,8.169689736671865,0.37235222268832,0.15,1.4205896991257623,-0.01114877313375473,0.0873045591618983
104.73325181007385,8.169689736671865,0.37235222268832,0.15,1.4272523778831563,-0.012402637861669064,0.0873045591618983
104.76678442955017,8.169689736671865,0.37235222268832,0.15,1.4272523778831563,-0.013024421408772469,0.0873045591618983
104.79976892471313,8.266967335745276,0.2615911768299864,0.15,1.4272523778831563,-0.01200401782989502,0.20007731673027987
104.83358573913574,8.266967335745276,0.2615911768299864,0.15,1.4434956225863746,-0.013187611475586891,0.20007731673027987
104.86684441566467,8.266967335745276,0.2615911768299864,0.15,1.4434956225863746,-0.010204742662608624,0.20007731673027987
104.89976763725281,8.362531222802245,0.15138009153017673,0.15,1.4434956225863746,-0.010204742662608624,0.3125271490373928
104.93344068527222,8.362531222802245,0.15138009153017673,0.15,1.4564351701120255,-0.006000082939863205,0.3125271490373928
104.96680545806885,8.362531222802245,0.15138009153017673,0.15,1.4564351701120255,-0.002509299898520112,0.3125271490373928
105.00016236305237,8.362531222802245,0.15138009153017673,0.15,1.4564351701120255,-0.002509299898520112,0.3125271490373928
105.03361177444458,8.460315380470337,0.037778359346788165,0.15,1.4564351701120255,0.003918964881449938,0.4284385813474674
105.06679701805115,8.460315380470337,0.037778359346788165,0.15,1.4496559708310928,0.003918964881449938,0.4284385813474674
105.10012006759644,8.460315380470337,0.037778359346788165,0.15,1.4496559708310928,0.003918964881449938,0.4284385813474674
105.13330960273743,8.556830439527687,-0.0740060501555828,0.15,1.4496559708310928,0.02370639331638813,0.5421537328707694
105.16679763793945,8.556830439527687,-0.0740060501555828,0.15,1.4534329666352315,0.02963205985724926,0.5421537328707694
105.20010805130005,8.556830439527687,-0.0740060501555828,0.15,1.4534329666352315,0.02963205985724926,0.5421537328707694
105.23372030258179,8.654257842385004,-0.1844274440648616,0.15,1.4534329666352315,0.05026547610759735,0.6546116678104091
105.26677060127258,8.654257842385004,-0.1844274440648616,0.15,1.439646087815889,0.05762288346886635,0.6546116678104091
105.30016946792603,8.654257842385004,-0.1844274440648616,0.15,1.439646087815889,0.05762288346886635,0.6546116678104091
105.3336911201477,8.752991351169877,-0.2904456879897851,0.15,1.439646087815889,0.07304888218641281,0.7629614796423652
105.36672282218933,8.752991351169877,-0.2904456879897851,0.15,1.4065938632061652,0.08121773600578308,0.7629614796423652
105.40002965927124,8.838874300556396,-0.37531774354127784,0.15,1.4065938632061652,0.0980263203382492,0.8501187293529666
105.43336963653564,8.838874300556396,-0.37531774354127784,0.15,1.389599766330584,0.10659892112016678,0.8501187293529666
105.46680355072021,8.838874300556396,-0.37531774354127784,0.15,1.389599766330584,0.11515351384878159,0.8501187293529666
105.50012516975403,8.838874300556396,-0.37531774354127784,0.15,1.389599766330584,0.11515351384878159,0.8501187293529666
105.53684639930725,8.961930622843804,-0.4831480715483641,0.15,1.389599766330584,0.1415623426437378,0.9611335843473029
105.56678605079651,8.961930622843804,-0.4831480715483641,0.15,1.3903309672478215,0.15019026398658752,0.9611335843473029
105.5999641418457,8.961930622843804,-0.4831480715483641,0.15,1.3903309672478215,0.15019026398658752,0.9611335843473029
105.63391900062561,9.076158226695032,-0.5683299710140732,0.15,1.3903309672478215,0.16635440289974213,1.0495845886085964
105.66886162757874,9.076158226695032,-0.5683299710140732,0.15,1.4006652453148223,0.16635440289974213,1.0495845886085964
105.70011019706726,9.076158226695032,-0.5683299710140732,0.15,1.4006652453148223,0.16635440289974213,1.0495845886085964
105.73321890830994,9.199200637600017,-0.6436487376400726,0.15,1.4006652453148223,0.18907330930233002,1.1286727332322875
105.76688981056213,9.199200637600017,-0.6436487376400726,0.15,1.392885661654955,0.19705337285995483,1.1286727332322875
105.80002236366272,9.29563578779508,-0.6910156474292068,0.15,1.392885661654955,0.2038918137550354,1.17897980617997
105.83362483978271,9.29563578779508,-0.6910156474292068,0.15,1.3992811726253382,0.20212677121162415,1.17897980617997
105.86676979064941,9.29563578779508,-0.6910156474292068,0.15,1.3992811726253382,0.209498330950737,1.17897980617997
105.90010333061218,9.29563578779508,-0.6910156474292068,0.15,1.3992811726253382,0.209498330950737,1.17897980617997
105.93365716934204,9.466126261103977,-0.7506069328506932,0.15,1.3992811726253382,0.21573607623577118,1.2440044709978868
105.9665596485138,9.466126261103977,-0.7506069328506932,0.15,1.406191614752708,0.21881456673145294,1.2440044709978868
106.00008606910706,9.466126261103977,-0.7506069328506932,0.15,1.406191614752708,0.21881456673145294,1.2440044709978868
106.03364872932434,9.607431440643257,-0.7786362685790102,0.15,1.406191614752708,0.2221812754869461,1.276859840524205
106.06689429283142,9.607431440643257,-0.7786362685790102,0.15,1.3966291441578653,0.232187882065773,1.276859840524205
106.1001558303833,9.607431440643257,-0.7786362685790102,0.15,1.3966291441578653,0.2336931824684143,1.276859840524205
106.13365054130554,9.748379568672789,-0.7883001181663177,0.15,1.3966291441578653,0.22863157093524933,1.2912966063150502
106.16679573059082,9.748379568672789,-0.7883001181663177,0.15,1.386679902160871,0.23149578273296356,1.2912966063150502
106.20004558563232,9.748379568672789,-0.7883001181663177,0.15,1.386679902160871,0.23149578273296356,1.2912966063150502
106.23347544670105,9.887920376624013,-0.7799596059955919,0.15,1.386679902160871,0.23149578273296356,1.2879309357305893
106.26687693595886,9.887920376624013,-0.7799596059955919,0.15,1.3764886255192563,0.19090156257152557,1.2879309357305893
106.29979205131531,9.97671202720626,-0.7658593714866733,0.15,1.3764886255192563,0.18993961811065674,1.277168088252785
106.33329391479492,9.97671202720626,-0.7658593714866733,0.15,1.3693870192236366,0.1923188865184784,1.277168088252785
106.36659717559814,9.97671202720626,-0.7658593714866733,0.15,1.3693870192236366,0.19282695651054382,1.277168088252785
106.40020251274109,9.97671202720626,-0.7658593714866733,0.15,1.3693870192236366,0.19282695651054382,1.277168088252785
106.43355774879456,9.97671202720626,-0.7658593714866733,0.15,1.3693870192236366,0.19282695651054382,1.277168088252785
106.4667854309082,10.160407250707005,-0.7164244214024348,0.15,1.3693870192236366,0.18515470623970032,1.2342764167972438
106.49992489814758,10.238089402526782,-0.6867686403751236,0.15,1.370461779743454,0.1835235357284546,1.2074096577924724
106.53344440460205,10.238089402526782,-0.6867686403751236,0.15,1.381608409755898,0.18511337041854858,1.2074096577924724
106.56689023971558,10.238089402526782,-0.6867686403751236,0.15,1.381608409755898,0.1771869957447052,1.2074096577924724
106.60009908676147,10.238089402526782,-0.6867686403751236,0.15,1.381608409755898,0.1771869957447052,1.2074096577924724
106.63349723815918,10.238089402526782,-0.6867686403751236,0.15,1.381608409755898,0.1771869957447052,1.2074096577924724
106.66680216789246,10.416328586076926,-0.5975231915604727,0.15,1.381608409755898,0.15416082739830017,1.1246141560936922
106.70009970664978,10.416328586076926,-0.5975231915604727,0.15,1.3890884611806809,0.15416082739830017,1.1246141560936922
106.73347449302673,10.416328586076926,-0.5975231915604727,0.15,1.3890884611806809,0.15416082739830017,1.1246141560936922
106.76655268669128,10.537409416535262,-0.5188888265454192,0.15,1.3890884611806809,0.13871917128562927,1.0494167615337593
106.80010962486267,10.537409416535262,-0.5188888265454192,0.15,1.3979614152607918,0.13871917128562927,1.0494167615337593
106.83352160453796,10.537409416535262,-0.5188888265454192,0.15,1.3979614152607918,0.13871917128562927,1.0494167615337593
106.8664927482605,10.649789105446168,-0.43224494641839767,0.15,1.3979614152607918,0.12586861848831177,0.9648700970959271
106.89980840682983,10.704297419927476,-0.3851914517922676,0.15,1.396571158366414,0.11914947628974915,0.9186451603162328
106.93328595161438,10.704297419927476,-0.3851914517922676,0.15,1.3976441872336125,0.11180886626243591,0.9186451603162328
106.96704292297363,10.704297419927476,-0.3851914517922676,0.15,1.3976441872336125,0.11180886626243591,0.9186451603162328
107.00027060508728,10.704297419927476,-0.3851914517922676,0.15,1.3976441872336125,0.11180886626243591,0.9186451603162328
107.03343534469604,10.704297419927476,-0.3851914517922676,0.15,1.3976441872336125,0.11180886626243591,0.9186451603162328
107.06645226478577,10.857915317037268,-0.23514414822153462,0.15,1.3976441872336125,0.07365007698535919,0.7706113862575905
107.09976053237915,10.900920901991675,-0.18845068852093635,0.15,1.3892771097194254,0.06555742025375366,0.7246504581907968
107.13338351249695,10.900920901991675,-0.18845068852093635,0.15,1.3876285198065,0.06095035374164581,0.7246504581907968
107.16705584526062,10.900920901991675,-0.18845068852093635,0.15,1.3876285198065,0.05215425416827202,0.7246504581907968
107.19978427886963,10.994183774164306,-0.08291472176505359,0.15,1.3876285198065,0.04543730989098549,0.6199259132641719
107.23354482650757,10.994183774164306,-0.08291472176505359,0.15,1.395419649384611,0.04543730989098549,0.6199259132641719
107.26653957366943,10.994183774164306,-0.08291472176505359,0.15,1.395419649384611,0.032023824751377106,0.6199259132641719
107.2998616695404,11.086027569112263,0.025064277783329023,0.15,1.395419649384611,0.023403678089380264,0.5125666949926487
107.33323836326599,11.086027569112263,0.025064277783329023,0.15,1.4015217832427544,0.01787746697664261,0.5125666949926487
107.36686062812805,11.086027569112263,0.025064277783329023,0.15,1.4015217832427544,0.010427595116198063,0.5125666949926487
107.39976930618286,11.176643144729125,0.13278387049595697,0.15,1.4015217832427544,-0.0036637517623603344,0.4053785928703151
107.43352913856506,11.176643144729125,0.13278387049595697,0.15,1.402806149897795,-0.008061700500547886,0.4053785928703151
107.4667706489563,11.176643144729125,0.13278387049595697,0.15,1.402806149897795,-0.013725466094911098,0.4053785928703151
107.50010299682617,11.176643144729125,0.13278387049595697,0.15,1.402806149897795,-0.013725466094911098,0.4053785928703151
107.5335021018982,11.176643144729125,0.13278387049595697,0.15,1.402806149897795,-0.013725466094911098,0.4053785928703151
107.56645917892456,11.326041416165534,0.30681747774950124,0.15,1.402806149897795,-0.02016584388911724,0.23203260028129757
107.59988975524902,11.359440780698938,0.34476907314074645,0.15,1.406672935065251,-0.033615559339523315,0.1952424172569633
107.63345074653625,11.359440780698938,0.34476907314074645,0.15,1.4207131123114383,-0.036823395639657974,0.1952424172569633
107.6666693687439,11.359440780698938,0.34476907314074645,0.15,1.4207131123114383,-0.040662478655576706,0.1952424172569633
107.70024585723877,11.359440780698938,0.34476907314074645,0.15,1.4207131123114383,-0.040662478655576706,0.1952424172569633
107.73376226425171,11.359440780698938,0.34476907314074645,0.15,1.4207131123114383,-0.040662478655576706,0.1952424172569633
107.76715755462646,11.524063063361817,0.5230927776185398,0.15,1.4207131123114383,-0.043335456401109695,0.018605813159084602
107.79993677139282,11.553943590041332,0.5539020769361744,0.15,1.4307393999321114,-0.04969216510653496,0.021453410916224203
107.8333580493927,11.553943590041332,0.5539020769361744,0.15,1.4272942398949147,-0.04661022871732712,0.021453410916224203
107.86680793762207,11.553943590041332,0.5539020769361744,0.15,1.4272942398949147,-0.048018403351306915,0.021453410916224203
107.90023970603943,11.553943590041332,0.5539020769361744,0.15,1.4272942398949147,-0.048018403351306915,0.021453410916224203
107.93346071243286,11.553943590041332,0.5539020769361744,0.15,1.4272942398949147,-0.048018403351306915,0.021453410916224203
107.96682906150818,11.553943590041332,0.5539020769361744,0.15,1.4272942398949147,-0.048018403351306915,0.021453410916224203
107.99972486495972,11.760166576990168,0.7537381083832029,0.15,1.4272942398949147,-0.05063774064183235,0.19394918183283272
108.03325700759888,11.760166576990168,0.7537381083832029,0.15,1.4182040893871444,-0.05133511871099472,0.19394918183283272
108.06678485870361,11.760166576990168,0.7537381083832029,0.15,1.4182040893871444,-0.05133511871099472,0.19394918183283272
108.10014200210571,11.760166576990168,0.7537381083832029,0.15,1.4182040893871444,-0.05133511871099472,0.19394918183283272
108.13343930244446,11.878857526507666,0.8591487916255913,0.15,1.4182040893871444,-0.05350719019770622,0.29685277909605523
108.16682171821594,11.878857526507666,0.8591487916255913,0.15,1.415164968129149,-0.05362518131732941,0.29685277909605523
108.20045733451843,11.878857526507666,0.8591487916255913,0.15,1.415164968129149,-0.05362518131732941,0.29685277909605523
108.2334372997284,11.878857526507666,0.8591487916255913,0.15,1.415164968129149,-0.05362518131732941,0.29685277909605523
108.26684975624084,11.878857526507666,0.8591487916255913,0.15,1.415164968129149,-0.05362518131732941,0.29685277909605523
108.30001878738403,12.087207369792539,1.0282433627682115,0.15,1.415164968129149,-0.05349094420671463,0.4650174535747404
108.33340978622437,12.087207369792539,1.0282433627682115,0.15,1.439502541551194,-0.05350867286324501,0.4650174535747404
108.36677742004395,12.087207369792539,1.0282433627682115,0.15,1.439502541551194,-0.0532938577234745,0.4650174535747404
108.39977765083313,12.201922167190203,1.1134839004121173,0.15,1.439502541551194,-0.05234672129154205,0.549754545157693
108.43618583679199,12.201922167190203,1.1134839004121173,0.15,1.4428946887087308,-0.051723118871450424,0.549754545157693
108.4688892364502,12.201922167190203,1.1134839004121173,0.15,1.4428946887087308,-0.050744879990816116,0.549754545157693
108.50223970413208,12.320535475337278,1.1964981351360162,0.15,1.4428946887087308,-0.04908912628889084,0.6185140077781904
108.53347682952881,12.320535475337278,1.1964981351360162,0.15,1.4410950772433804,-0.04908912628889084,0.6185140077781904
108.57057785987854,12.320535475337278,1.1964981351360162,0.15,1.4410950772433804,-0.04908912628889084,0.6185140077781904
108.59972143173218,12.439861042519924,1.2753513124927613,0.15,1.4410950772433804,-0.043926727026700974,0.6718332276055314
108.63338708877563,12.439861042519924,1.2753513124927613,0.15,1.446069486038467,-0.04213840514421463,0.6718332276055314
108.66683435440063,12.439861042519924,1.2753513124927613,0.15,1.446069486038467,-0.04213840514421463,0.6718332276055314
108.6997652053833,12.563498497944874,1.3537184962440687,0.15,1.446069486038467,-0.021610340103507042,0.7108304691444386
108.73336935043335,12.563498497944874,1.3537184962440687,0.15,1.4494305230422062,-0.010873442515730858,0.7108304691444386
108.76689863204956,12.563498497944874,1.3537184962440687,0.15,1.4494305230422062,-0.010873442515730858,0.7108304691444386
108.79993772506714,12.68701354143438,1.4310117392888273,0.15,1.4494305230422062,0.0013396391877904534,0.729978198578664
108.83348393440247,12.68701354143438,1.4310117392888273,0.15,1.4496857730791306,0.015163632109761238,0.729978198578664
108.86675262451172,12.68701354143438,1.4310117392888273,0.15,1.4496857730791306,0.01827506721019745,0.729978198578664
108.89977407455444,12.807963392834397,1.5078518847966917,0.15,1.4496857730791306,0.02308245748281479,0.7291164496409966
108.93318891525269,12.807963392834397,1.5078518847966917,0.15,1.4485151988551808,0.02430158108472824,0.7291164496409966
108.96715569496155,12.807963392834397,1.5078518847966917,0.15,1.4485151988551808,0.02430158108472824,0.7291164496409966
108.9998791217804,12.932135758573674,1.5891044964702061,0.15,1.4485151988551808,0.02430158108472824,0.7291004556387533
109.0334107875824,12.932135758573674,1.5891044964702061,0.15,1.4528969156917486,0.04125507175922394,0.7291004556387533
109.06683778762817,12.932135758573674,1.5891044964702061,0.15,1.4528969156917486,0.04125507175922394,0.7291004556387533
109.09986019134521,12.932135758573674,1.5891044964702061,0.15,1.4528969156917486,0.04893225431442261,0.7291004556387533
109.1334171295166,13.057040981956582,1.6747172760668254,0.15,1.4528969156917486,0.04893225431442261,0.7401901168322095
109.16685271263123,13.057040981956582,1.6747172760668254,0.15,1.4570549802388735,0.04893225431442261,0.7401901168322095
109.19982433319092,13.057040981956582,1.6747172760668254,0.15,1.4570549802388735,0.060691654682159424,0.7401901168322095
109.23347640037537,13.174350009084524,1.7606987441631334,0.15,1.4570549802388735,0.06944936513900757,0.7655053559025322
109.266765832901,13.174350009084524,1.7606987441631334,0.15,1.461543266623223,0.07397425174713135,0.7655053559025322
109.29978775978088,13.28230507150324,1.8463824743861534,0.15,1.461543266623223,0.07886357605457306,0.8047844696534601
109.33353304862976,13.28230507150324,1.8463824743861534,0.15,1.463016841775291,0.08370015770196915,0.8047844696534601
109.36673021316528,13.28230507150324,1.8463824743861534,0.15,1.463016841775291,0.08866483718156815,0.8047844696534601
109.39993929862976,13.392912258429373,1.943145325107854,0.15,1.463016841775291,0.09295416623353958,0.8641069428198229
109.43365454673767,13.392912258429373,1.943145325107854,0.15,1.4666108489291778,0.09747277945280075,0.8641069428198229
109.46684503555298,13.392912258429373,1.943145325107854,0.15,1.4666108489291778,0.1019221842288971,0.8641069428198229
109.49973845481873,13.498236551984377,2.04586797677607,0.15,1.4666108489291778,0.09577503055334091,0.9366290353928746
109.5333890914917,13.498236551984377,2.04586797677607,0.15,1.4713134549069422,0.09565039724111557,0.9366290353928746
109.56676316261292,13.498236551984377,2.04586797677607,0.15,1.4713134549069422,0.09543488919734955,0.9366290353928746
109.60010504722595,13.498236551984377,2.04586797677607,0.15,1.4713134549069422,0.09543488919734955,0.9366290353928746
109.63342928886414,13.498236551984377,2.04586797677607,0.15,1.4713134549069422,0.09543488919734955,0.9366290353928746
109.66678404808044,13.498236551984377,2.04586797677607,0.15,1.4713134549069422,0.09543488919734955,0.9366290353928746
109.70011830329895,13.498236551984377,2.04586797677607,0.15,1.4713134549069422,0.09543488919734955,0.9366290353928746
109.73331713676453,13.705194079384652,2.288160856911611,0.15,0.0,0.10889466106891632,1.1375934503927658
109.76700615882874,13.705194079384652,2.288160856911611,0.15,1.4496914404110233,0.10892297327518463,1.1375934503927658
109.80016255378723,13.705194079384652,2.288160856911611,0.15,1.4496914404110233,0.10892297327518463,1.1375934503927658
109.83338332176208,13.788478350994431,2.406667840174986,0.15,1.4496914404110233,0.10055460780858994,1.245485851895177
109.86676597595215,13.788478350994431,2.406667840174986,0.15,1.4498208317954169,0.09387174993753433,1.245485851895177
109.89980483055115,13.85197604704093,2.507825340837647,0.15,1.4498208317954169,0.091066874563694,1.2580931140143157
109.93324422836304,13.85197604704093,2.507825340837647,0.15,1.4504511407554017,0.09293419122695923,1.2580931140143157
109.96681809425354,13.85197604704093,2.507825340837647,0.15,1.4504511407554017,0.09293419122695923,1.2580931140143157
110.00018429756165,13.85197604704093,2.507825340837647,0.15,1.4504511407554017,0.09293419122695923,1.2580931140143157
110.03330612182617,13.937744649136606,2.6622872930156065,0.15,1.4504511407554017,0.09430769830942154,1.2388353232097633
110.06660795211792,13.937744649136606,2.6622872930156065,0.15,1.453328371646018,0.09425551444292068,1.2388353232097633
110.09983134269714,13.987744227832566,2.764826280254118,0.15,1.453328371646018,0.093210369348526,1.2339054930051614
110.13367581367493,13.987744227832566,2.764826280254118,0.15,1.4565545073279178,0.09376522898674011,1.2339054930051614
110.16678738594055,13.987744227832566,2.764826280254118,0.15,1.4565545073279178,0.09335266053676605,1.2339054930051614
110.20009279251099,13.987744227832566,2.764826280254118,0.15,1.4565545073279178,0.09335266053676605,1.2339054930051614
110.23322701454163,14.060343765372707,2.9358638387469185,0.15,1.4565545073279178,0.08606346696615219,1.167749280529516
110.26682257652283,14.060343765372707,2.9358638387469185,0.15,1.4625921224514542,0.08064636588096619,1.167749280529516
110.30010986328125,14.097798356151793,3.037321362580851,0.15,1.4625921224514542,0.07706701755523682,1.1183200393673025
110.33346247673035,14.097798356151793,3.037321362580851,0.15,1.4638216481820792,0.07371405512094498,1.1183200393673025
110.36682987213135,14.097798356151793,3.037321362580851,0.15,1.4638216481820792,0.07228177785873413,1.1183200393673025
110.39988374710083,14.142989654699399,3.1750478012137564,0.15,1.4638216481820792,0.07200518995523453,1.0590883728723322
110.43347024917603,14.142989654699399,3.1750478012137564,0.15,1.4630456030617325,0.06844678521156311,1.0590883728723322
110.46682047843933,14.142989654699399,3.1750478012137564,0.15,1.4630456030617325,0.06844678521156311,1.0590883728723322
110.50016045570374,14.142989654699399,3.1750478012137564,0.15,1.4630456030617325,0.06844678521156311,1.0590883728723322
110.53362011909485,14.19594509722409,3.3655390662471447,0.15,1.4630456030617325,0.06635504215955734,0.9897714597198403
110.57013201713562,14.19594509722409,3.3655390662471447,0.15,1.4610851490013113,0.05963394045829773,0.9897714597198403
110.59996843338013,14.19594509722409,3.3655390662471447,0.15,1.4610851490013113,0.05963394045829773,0.9897714597198403
110.6335039138794,14.19594509722409,3.3655390662471447,0.15,1.4610851490013113,0.05963394045829773,0.9897714597198403
110.66679906845093,14.22972586291519,3.51069293078757,0.15,1.4610851490013113,0.05420800670981407,0.9457675771824696
110.70014429092407,14.22972586291519,3.51069293078757,0.15,1.448752074243311,0.05420800670981407,0.9457675771824696
110.73351573944092,14.22972586291519,3.51069293078757,0.15,1.448752074243311,0.05420800670981407,0.9457675771824696
110.76684904098511,14.257960702565684,3.6517760874880323,0.15,1.448752074243311,0.05922548100352287,0.909165548835708
110.80014681816101,14.257960702565684,3.6517760874880323,0.15,1.4314179979695423,0.05922548100352287,0.909165548835708
110.83348894119263,14.257960702565684,3.6517760874880323,0.15,1.4314179979695423,0.05922548100352287,0.909165548835708
110.86682367324829,14.282392747862719,3.795975707208564,0.15,1.4314179979695423,0.04748676344752312,0.8779580243610664
110.90007972717285,14.282392747862719,3.795975707208564,0.15,1.4219740170165556,0.04748676344752312,0.8779580243610664
110.93346834182739,14.282392747862719,3.795975707208564,0.15,1.4219740170165556,0.04748676344752312,0.8779580243610664
110.96678590774536,14.30266169552655,3.9410475815738013,0.15,1.4219740170165556,0.037815872579813004,0.8462878616929552
111.00014901161194,14.30266169552655,3.9410475815738013,0.15,1.424960206201992,0.037815872579813004,0.8462878616929552
111.03354907035828,14.30266169552655,3.9410475815738013,0.15,1.424960206201992,0.037815872579813004,0.8462878616929552
111.06679224967957,14.319310535407167,4.085748722450604,0.15,1.424960206201992,0.025752708315849304,0.8169912758306688
111.10045266151428,14.319310535407167,4.085748722450604,0.15,1.423249135696398,0.021842075511813164,0.8169912758306688
111.13338804244995,14.327637944970125,4.168497753916579,0.15,1.423249135696398,0.019603027030825615,0.8021838554934966
111.16682839393616,14.327637944970125,4.168497753916579,0.15,1.4373177932169587,0.011221013031899929,0.8021838554934966
111.20015621185303,14.327637944970125,4.168497753916579,0.15,1.4373177932169587,0.011221013031899929,0.8021838554934966
111.23349833488464,14.327637944970125,4.168497753916579,0.15,1.4373177932169587,0.011221013031899929,0.8021838554934966
111.26674127578735,14.347546224101734,4.379861970380771,0.15,1.4373177932169587,0.000840341963339597,0.7686504729606491
111.29982495307922,14.354032548305513,4.450443910122124,0.15,1.4447666576545954,-0.004189962055534124,0.7586443367027832
111.3333261013031,14.354032548305513,4.450443910122124,0.15,1.4342743092681436,-0.006784689147025347,0.7586443367027832
111.36683630943298,14.354032548305513,4.450443910122124,0.15,1.4342743092681436,-0.01041392795741558,0.7586443367027832
111.39996552467346,14.36764945304154,4.591275116771202,0.15,1.4342743092681436,-0.015153910964727402,0.7385704136126158
111.43351030349731,14.36764945304154,4.591275116771202,0.15,1.4155563348051026,-0.020176732912659645,0.7385704136126158
111.46678137779236,14.36764945304154,4.591275116771202,0.15,1.4155563348051026,-0.02638258785009384,0.7385704136126158
111.50015139579773,14.36764945304154,4.591275116771202,0.15,1.4155563348051026,-0.02638258785009384,0.7385704136126158
111.53349494934082,14.36764945304154,4.591275116771202,0.15,1.4155563348051026,-0.02638258785009384,0.7385704136126158
111.56705641746521,14.392905593028498,4.8107117970976,0.15,1.4155563348051026,-0.036828503012657166,0.7061392658279645
111.59971785545349,14.400652832354451,4.868619451629803,0.15,1.4024211300221887,-0.038477908819913864,0.6969861587915657
111.63345527648926,14.400652832354451,4.868619451629803,0.15,1.402876826282647,-0.03926875814795494,0.6969861587915657
111.66676616668701,14.400652832354451,4.868619451629803,0.15,1.402876826282647,-0.038462694734334946,0.6969861587915657
111.70004200935364,14.42161683946206,5.010179411731924,0.15,1.402876826282647,-0.034653808921575546,0.6733090450292553
111.73348641395569,14.42161683946206,5.010179411731924,0.15,1.4142777410995115,-0.032294392585754395,0.6733090450292553
111.76693892478943,14.42161683946206,5.010179411731924,0.15,1.4142777410995115,-0.02969161421060562,0.6733090450292553
111.79975509643555,14.444531002888741,5.148661327569311,0.15,1.4142777410995115,-0.026742776855826378,0.6487332801524728
111.83337640762329,14.444531002888741,5.148661327569311,0.15,1.416250345492293,-0.02321816049516201,0.6487332801524728
111.86684012413025,14.444531002888741,5.148661327569311,0.15,1.416250345492293,-0.019452480599284172,0.6487332801524728
111.90012884140015,14.444531002888741,5.148661327569311,0.15,1.416250345492293,-0.019452480599284172,0.6487332801524728
111.93344926834106,14.444531002888741,5.148661327569311,0.15,1.416250345492293,-0.019452480599284172,0.6487332801524728
111.96665573120117,14.487411690738266,5.383861506898276,0.15,1.416250345492293,-0.019452480599284172,0.6036036224405081
112.00017356872559,14.487411690738266,5.383861506898276,0.15,1.432582916204388,0.01125169824808836,0.6036036224405081
112.03342604637146,14.49741430203974,5.436377371541754,0.15,1.432582916204388,0.01770315319299698,0.5933329109185461
112.06694912910461,14.49741430203974,5.436377371541754,0.15,1.4456851118847927,0.024518026039004326,0.5933329109185461
112.09976005554199,14.522129764968657,5.5735279269087314,0.15,1.4456851118847927,0.03226248547434807,0.5684073052133316
112.13368272781372,14.522129764968657,5.5735279269087314,0.15,1.443380215895824,0.039806827902793884,0.5684073052133316
112.16656517982483,14.522129764968657,5.5735279269087314,0.15,1.443380215895824,0.05490448698401451,0.5684073052133316
112.20020890235901,14.522129764968657,5.5735279269087314,0.15,1.443380215895824,0.05490448698401451,0.5684073052133316
112.2334794998169,14.522129764968657,5.5735279269087314,0.15,1.443380215895824,0.05490448698401451,0.5684073052133316
112.26675915718079,14.522129764968657,5.5735279269087314,0.15,1.443380215895824,0.05490448698401451,0.5684073052133316
112.30046916007996,14.56046956615272,5.857452943558549,0.15,1.443380215895824,0.08690215647220612,0.5280747350974018
112.33366107940674,14.56046956615272,5.857452943558549,0.15,1.4314565627353206,0.09489795565605164,0.5280747350974018
112.36679601669312,14.56046956615272,5.857452943558549,0.15,1.4314565627353206,0.09489795565605164,0.5280747350974018
112.39979004859924,14.570114559146086,6.0006630369822265,0.15,1.4314565627353206,0.10252695530653,0.5121617815043596
112.43367075920105,14.570114559146086,6.0006630369822265,0.15,1.4242615442948872,0.10999288409948349,0.5121617815043596
112.46677660942078,14.570114559146086,6.0006630369822265,0.15,1.4242615442948872,0.11730555444955826,0.5121617815043596
112.50011682510376,14.570114559146086,6.0006630369822265,0.15,1.4242615442948872,0.11730555444955826,0.5121617815043596
112.53399991989136,14.570114559146086,6.0006630369822265,0.15,1.4242615442948872,0.11730555444955826,0.5121617815043596
112.56683611869812,14.570114559146086,6.0006630369822265,0.15,1.4242615442948872,0.11730555444955826,0.5121617815043596
112.6003406047821,14.561520405593045,6.28366626309239,0.15,1.4242615442948872,0.14349059760570526,0.5082403807511818
112.63341236114502,14.561520405593045,6.28366626309239,0.15,1.408143031781956,0.14962688088417053,0.5082403807511818
112.66680407524109,14.561520405593045,6.28366626309239,0.15,1.408143031781956,0.15516473352909088,0.5082403807511818
112.69985485076904,14.541308744851495,6.422371404935135,0.15,1.408143031781956,0.15841640532016754,0.5223712193098521
112.73363423347473,14.541308744851495,6.422371404935135,0.15,1.4080873269672827,0.16326583921909332,0.5223712193098521
112.76682591438293,14.541308744851495,6.422371404935135,0.15,1.4080873269672827,0.15944956243038177,0.5223712193098521
112.80010628700256,14.541308744851495,6.422371404935135,0.15,1.4080873269672827,0.15944956243038177,0.5223712193098521
112.83359670639038,14.541308744851495,6.422371404935135,0.15,1.4080873269672827,0.15944956243038177,0.5223712193098521
112.86683869361877,14.541308744851495,6.422371404935135,0.15,1.4080873269672827,0.15944956243038177,0.5223712193098521
112.90056991577148,14.46621107488506,6.69598016236221,0.15,1.4080873269672827,0.14703257381916046,0.5841418258158438
112.93342137336731,14.46621107488506,6.69598016236221,0.15,1.4225992194437547,0.1547948122024536,0.5841418258158438
112.96686291694641,14.46621107488506,6.69598016236221,0.15,1.4225992194437547,0.1547948122024536,0.5841418258158438
113.00007152557373,14.41325191661955,6.824603551658006,0.15,1.4225992194437547,0.1575237512588501,0.6307390434678624
113.03345108032227,14.41325191661955,6.824603551658006,0.15,1.4206352496214367,0.15344075858592987,0.6307390434678624
113.0668408870697,14.41325191661955,6.824603551658006,0.15,1.4206352496214367,0.15488684177398682,0.6307390434678624
113.1001968383789,14.41325191661955,6.824603551658006,0.15,1.4206352496214367,0.15488684177398682,0.6307390434678624
113.13363456726074,14.344620253757844,6.9568510764316,0.15,1.4206352496214367,0.1558370441198349,0.692780423571042
113.16683077812195,14.344620253757844,6.9568510764316,0.15,1.4133290072039164,0.14990036189556122,0.692780423571042
113.19969391822815,14.2745125313934,7.06905355118046,0.15,1.4133290072039164,0.13321027159690857,0.7566956892042809
113.23337864875793,14.2745125313934,7.06905355118046,0.15,1.4006146226083889,0.13420358300209045,0.7566956892042809
113.26679062843323,14.2745125313934,7.06905355118046,0.15,1.4006146226083889,0.12821218371391296,0.7566956892042809
113.29985666275024,14.2745125313934,7.06905355118046,0.15,1.4006146226083889,0.12672768533229828,0.7566956892042809
113.3336455821991,14.190021879386594,7.185275357132456,0.15,1.4006146226083889,0.12753459811210632,0.8347668571736406
113.36697721481323,14.190021879386594,7.185275357132456,0.15,1.3930160744489037,0.12693272531032562,0.8347668571736406
113.39988112449646,14.1033540586821,7.2888052044416725,0.15,1.3930160744489037,0.12399909645318985,0.9157464858655701
113.43353581428528,14.1033540586821,7.2888052044416725,0.15,1.3945356448565207,0.12399909645318985,0.9157464858655701
113.46691489219666,14.1033540586821,7.2888052044416725,0.15,1.3945356448565207,0.12399909645318985,0.9157464858655701
113.50008082389832,14.1033540586821,7.2888052044416725,0.15,1.3945356448565207,0.12399909645318985,0.9157464858655701
113.53344798088074,14.000150432795037,7.396152953341741,0.15,1.3945356448565207,0.1130591481924057,0.9628667005976665
113.56684732437134,14.000150432795037,7.396152953341741,0.15,1.3992961215913338,0.1130591481924057,0.9628667005976665
113.60017156600952,14.000150432795037,7.396152953341741,0.15,1.3992961215913338,0.1130591481924057,0.9628667005976665
113.63344717025757,13.896320628271004,7.490718156298287,0.15,1.3992961215913338,0.10623151063919067,0.8628267862294944
113.6667914390564,13.896320628271004,7.490718156298287,0.15,1.413142005150482,0.10330217331647873,0.8628267862294944
113.70021343231201,13.896320628271004,7.490718156298287,0.15,1.413142005150482,0.10330217331647873,0.8628267862294944
113.73345065116882,13.779065855698827,7.585429372986181,0.15,1.413142005150482,0.09336741268634796,0.7515243391400456
113.76683187484741,13.779065855698827,7.585429372986181,0.15,1.4276860796864286,0.08953436464071274,0.7515243391400456
113.79983806610107,13.676329994816065,7.66027313842981,0.15,1.4276860796864286,0.08427588641643524,0.6546415351181153
113.83341526985168,13.676329994816065,7.66027313842981,0.15,1.435365606492726,0.08146482706069946,0.6546415351181153
113.8668110370636,13.676329994816065,7.66027313842981,0.15,1.435365606492726,0.07709719985723495,0.6546415351181153
113.90012192726135,13.676329994816065,7.66027313842981,0.15,1.435365606492726,0.07709719985723495,0.6546415351181153
113.93339276313782,13.540897589906445,7.749840003013623,0.15,1.435365606492726,0.0675666332244873,0.5284355584723494
113.96673107147217,13.540897589906445,7.749840003013623,0.15,1.4332210995572316,0.0624738484621048,0.5284355584723494
113.99996137619019,13.434713279668347,7.814423166402803,0.15,1.4332210995572316,0.0556098036468029,0.43058209952210535
114.03348207473755,13.434713279668347,7.814423166402803,0.15,1.4282763109625571,0.04431763291358948,0.43058209952210535
114.0667827129364,13.434713279668347,7.814423166402803,0.15,1.4282763109625571,0.04431763291358948,0.43058209952210535
114.10008645057678,13.434713279668347,7.814423166402803,0.15,1.4282763109625571,0.038553349673748016,0.43058209952210535
114.13369750976562,13.296775738447389,7.893592284634706,0.15,1.4282763109625571,0.03021857887506485,0.3015948513090153
114.16682624816895,13.296775738447389,7.893592284634706,0.15,1.4184363725885334,0.025880586355924606,0.3015948513090153
114.20009160041809,13.296775738447389,7.893592284634706,0.15,1.4184363725885334,0.025880586355924606,0.3015948513090153
114.23358511924744,13.162749978494903,7.9673655718638035,0.15,1.4184363725885334,0.01606638729572296,0.17639849134165242
114.26697444915771,13.162749978494903,7.9673655718638035,0.15,1.4075575146015673,0.01606638729572296,0.17639849134165242
114.30017638206482,13.162749978494903,7.9673655718638035,0.15,1.4075575146015673,0.01606638729572296,0.17639849134165242
114.33363103866577,13.036463826427003,8.035402321361811,0.15,1.4075575146015673,4.5955388486618176e-05,0.05980181034262954
114.36678743362427,13.036463826427003,8.035402321361811,0.15,1.4114920844883334,-0.005755946040153503,0.05980181034262954
114.40010952949524,13.036463826427003,8.035402321361811,0.15,1.4114920844883334,-0.005755946040153503,0.05980181034262954
114.43367075920105,12.909456320847259,8.103815697095657,0.15,1.4114920844883334,-0.014637029729783535,0.03682502144258094
114.46667170524597,12.909456320847259,8.103815697095657,0.15,1.4053838747463616,-0.019252628087997437,0.03682502144258094
114.50051093101501,12.815017024239637,8.15569120657114,0.15,1.4053838747463616,-0.02478732168674469,0.10994519775984081
114.53358578681946,12.815017024239637,8.15569120657114,0.15,1.4081702328088643,-0.028705714270472527,0.10994519775984081
114.56668305397034,12.815017024239637,8.15569120657114,0.15,1.4081702328088643,-0.028705714270472527,0.10994519775984081
114.60010361671448,12.815017024239637,8.15569120657114,0.15,1.4081702328088643,-0.028705714270472527,0.10994519775984081
114.63675665855408,12.657021339679865,8.246023574359,0.15,1.4081702328088643,-0.03804356977343559,0.2293298711684674
114.66684937477112,12.657021339679865,8.246023574359,0.15,1.4151348526640408,-0.04415382072329521,0.2293298711684674
114.70019507408142,12.657021339679865,8.246023574359,0.15,1.4151348526640408,-0.04415382072329521,0.2293298711684674
114.73323464393616,12.533764139706536,8.320518467570489,0.15,1.4151348526640408,-0.04415382072329521,0.31113140254524335
114.76695394515991,12.533764139706536,8.320518467570489,0.15,1.4240032951460286,-0.05000567436218262,0.31113140254524335
114.80045366287231,12.450752384688078,8.373251519579869,0.15,1.4240032951460286,-0.05178217589855194,0.3584940724615158
114.83363676071167,12.450752384688078,8.373251519579869,0.15,1.4315414712557186,-0.053217895328998566,0.3584940724615158
114.86673712730408,12.450752384688078,8.373251519579869,0.15,1.4315414712557186,-0.04236776754260063,0.3584940724615158
114.90015292167664,12.450752384688078,8.373251519579869,0.15,1.4315414712557186,-0.04236776754260063,0.3584940724615158
114.93331718444824,12.450752384688078,8.373251519579869,0.15,1.4315414712557186,-0.04236776754260063,0.3584940724615158
114.96680164337158,12.287897402517755,8.482789236777391,0.15,1.4315414712557186,-0.04273640736937523,0.4221181768379122
115.00005388259888,12.287897402517755,8.482789236777391,0.15,1.4304041898418178,-0.04273640736937523,0.4221181768379122
115.03340220451355,12.287897402517755,8.482789236777391,0.15,1.4304041898418178,-0.04273640736937523,0.4221181768379122
115.06689310073853,12.168570085943612,8.568097867083388,0.15,1.4304041898418178,-0.04341678321361542,0.36409026811797707
115.10010480880737,12.099716016957343,8.619366885710166,0.15,1.4296976637816277,-0.04229743033647537,0.30326216503176984
115.13365268707275,12.099716016957343,8.619366885710166,0.15,1.4229399222786647,-0.04114539921283722,0.30326216503176984
115.16680526733398,12.099716016957343,8.619366885710166,0.15,1.4229399222786647,-0.04114539921283722,0.30326216503176984
115.20013523101807,12.099716016957343,8.619366885710166,0.15,1.4229399222786647,-0.04114539921283722,0.30326216503176984
115.23346328735352,12.099716016957343,8.619366885710166,0.15,1.4229399222786647,-0.04114539921283722,0.30326216503176984
115.2666871547699,11.937009484211957,8.746309874974619,0.15,1.4229399222786647,-0.028218591585755348,0.14124230116171396
115.29995107650757,11.874704254710032,8.796903236408081,0.15,1.4263015519580358,-0.02587311714887619,0.075821598520039
115.33352637290955,11.874704254710032,8.796903236408081,0.15,1.4308933581296701,-0.02587311714887619,0.075821598520039
115.36672949790955,11.874704254710032,8.796903236408081,0.15,1.4308933581296701,-0.02159101516008377,0.075821598520039
115.40020513534546,11.874704254710032,8.796903236408081,0.15,1.4308933581296701,-0.02159101516008377,0.075821598520039
115.4334397315979,11.874704254710032,8.796903236408081,0.15,1.4308933581296701,-0.02159101516008377,0.075821598520039
115.46661162376404,11.709580331693767,8.934608876819555,0.15,1.4308933581296701,-0.01319066807627678,0.09019877594587894
115.50314807891846,11.652608705363622,8.98314296420154,0.15,1.4475443873152045,-0.01001607533544302,0.15932295199858065
115.53351402282715,11.652608705363622,8.98314296420154,0.15,1.4609172726980326,-0.007114855106920004,0.15932295199858065
115.56701040267944,11.652608705363622,8.98314296420154,0.15,1.4609172726980326,-0.003798879450187087,0.15932295199858065
115.60003995895386,11.543284022675067,9.076566875758294,0.15,1.4609172726980326,-0.0002794864703901112,0.2894247482309667
115.63337016105652,11.543284022675067,9.076566875758294,0.15,1.4519915002266546,0.0030646321829408407,0.2894247482309667
115.66667795181274,11.543284022675067,9.076566875758294,0.15,1.4519915002266546,0.006767575163394213,0.2894247482309667
115.70007061958313,11.43107548678317,9.172024940558483,0.15,1.4519915002266546,0.008019316010177135,0.42430247206403204
115.73336458206177,11.43107548678317,9.172024940558483,0.15,1.4594073347930485,0.00885168556123972,0.42430247206403204
115.76673769950867,11.43107548678317,9.172024940558483,0.15,1.4594073347930485,0.016400087624788284,0.42430247206403204
115.80004835128784,11.43107548678317,9.172024940558483,0.15,1.4594073347930485,0.016400087624788284,0.42430247206403204
115.83342576026917,11.43107548678317,9.172024940558483,0.15,1.4594073347930485,0.016400087624788284,0.42430247206403204
115.86914324760437,11.251513106394796,9.321103334111198,0.15,1.4594073347930485,0.0259399376809597,0.6379139613053503
115.90017509460449,11.251513106394796,9.321103334111198,0.15,1.4598137629643078,0.03534521162509918,0.6379139613053503
115.93357634544373,11.203118626329175,9.360151611434441,0.15,1.4598137629643078,0.03534521162509918,0.6953324238653317
115.96671152114868,11.203118626329175,9.360151611434441,0.15,1.4514004011418222,0.03965076804161072,0.6953324238653317
116.00012826919556,11.203118626329175,9.360151611434441,0.15,1.4514004011418222,0.047577325254678726,0.6953324238653317
116.03364825248718,11.088759147952032,9.449130010602568,0.15,1.4514004011418222,0.051192112267017365,0.8278356959233947
116.06661534309387,11.088759147952032,9.449130010602568,0.15,1.4356636599190715,0.05467236042022705,0.8278356959233947
116.10055494308472,11.088759147952032,9.449130010602568,0.15,1.4356636599190715,0.05467236042022705,0.8278356959233947
116.1334719657898,10.967105511107194,9.538261069264761,0.15,1.4356636599190715,0.05209629610180855,0.9647700119360262
116.16676378250122,10.967105511107194,9.538261069264761,0.15,1.4272305295706162,0.054770004004240036,0.9647700119360262
116.20020866394043,10.967105511107194,9.538261069264761,0.15,1.4272305295706162,0.05689433962106705,0.9647700119360262
116.23356699943542,10.856653203323933,9.61414695195579,0.15,1.4272305295706162,0.05931205302476883,1.085217594098585
116.26682925224304,10.856653203323933,9.61414695195579,0.15,1.4317697101475721,0.06130871921777725,1.085217594098585
116.30008864402771,10.740309379473306,9.688758992605942,0.15,1.4317697101475721,0.06272689998149872,1.2080596141769162
116.33358430862427,10.740309379473306,9.688758992605942,0.15,1.4303380297582682,0.06444460898637772,1.2080596141769162
116.3668167591095,10.740309379473306,9.688758992605942,0.15,1.4303380297582682,0.06444460898637772,1.2080596141769162
116.39998817443848,10.616093732258289,9.762310463638782,0.15,1.4303380297582682,0.0666184052824974,1.3346105265122252
116.43338418006897,10.616093732258289,9.762310463638782,0.15,1.4399612323284185,0.0658317282795906,1.3346105265122252
116.46676015853882,10.616093732258289,9.762310463638782,0.15,1.4399612323284185,0.0658317282795906,1.3346105265122252
116.49979186058044,10.488401309137947,9.831715166090527,0.15,1.4399612323284185,0.06360320746898651,1.459914854435927
116.53359484672546,10.488401309137947,9.831715166090527,0.15,1.449268328126756,0.06421256810426712,1.459914854435927
116.56678915023804,10.488401309137947,9.831715166090527,0.15,1.449268328126756,0.06441263854503632,1.459914854435927
116.60007929801941,10.488401309137947,9.831715166090527,0.15,1.449268328126756,0.06441263854503632,1.459914854435927
116.63343811035156,10.488401309137947,9.831715166090527,0.15,1.449268328126756,0.06441263854503632,1.459914854435927
116.66679787635803,10.488401309137947,9.831715166090527,0.15,1.449268328126756,0.06441263854503632,1.459914854435927
116.69986844062805,10.255325919896004,9.943607175942276,0.15,1.449268328126756,0.06305047869682312,1.6733188672566217
116.7335832118988,10.22322728153391,9.957596282088991,0.15,1.445645460276617,0.061339132487773895,1.700700853140155
116.7668068408966,10.22322728153391,9.957596282088991,0.15,1.4362353861577806,0.060606881976127625,1.700700853140155
116.80019783973694,10.22322728153391,9.957596282088991,0.15,1.4362353861577806,0.060606881976127625,1.700700853140155
116.83370923995972,10.22322728153391,9.957596282088991,0.15,1.4362353861577806,0.060606881976127625,1.700700853140155
116.86682057380676,10.22322728153391,9.957596282088991,0.15,1.4362353861577806,0.060606881976127625,1.700700853140155
116.9000174999237,9.985438905212531,10.051506859426896,0.15,1.4362353861577806,0.059598375111818314,1.8948738674404797
116.93362736701965,9.95898373699574,10.060931182960116,0.15,1.4228601182298444,0.054218970239162445,1.915724702813494
116.9667649269104,9.95898373699574,10.060931182960116,0.15,1.4146130981906038,0.052128057926893234,1.915724702813494
117.00030136108398,9.828887346393156,10.104757490790497,0.15,1.4146130981906038,0.05214371532201767,2.0158301794219784
117.03357338905334,9.828887346393156,10.104757490790497,0.15,1.4124595098009236,0.053206540644168854,2.0158301794219784
117.0667839050293,9.828887346393156,10.104757490790497,0.15,1.4124595098009236,0.053206540644168854,2.0158301794219784
117.10010409355164,9.692382949565257,10.146327487781601,0.15,1.4124595098009236,0.05536292493343353,2.1177234504956206
117.13985228538513,9.692382949565257,10.146327487781601,0.15,1.420601880098669,0.05747020244598389,2.1177234504956206
117.16728901863098,9.692382949565257,10.146327487781601,0.15,1.420601880098669,0.05747020244598389,2.1177234504956206
117.19977951049805,9.555241458367803,10.183299120976098,0.15,1.420601880098669,0.06106526777148247,2.2168528286199187
117.23339605331421,9.555241458367803,10.183299120976098,0.15,1.426655684379668,0.0635824203491211,2.2168528286199187
117.26677513122559,9.555241458367803,10.183299120976098,0.15,1.426655684379668,0.06587284058332443,2.2168528286199187
117.30032086372375,9.555241458367803,10.183299120976098,0.15,1.426655684379668,0.06729097664356232,2.2168528286199187
117.33366680145264,9.411046250661935,10.216609394737105,0.15,1.426655684379668,0.06981965154409409,2.317215316449333
117.36677265167236,9.411046250661935,10.216609394737105,0.15,1.4424681068251588,0.07231229543685913,2.317215316449333
117.4002194404602,9.27229116056622,10.24289426468374,0.15,1.4424681068251588,0.0741269513964653,2.4100139959808993
117.43350744247437,9.27229116056622,10.24289426468374,0.15,1.450185076788067,0.0724618136882782,2.4100139959808993
117.46684646606445,9.27229116056622,10.24289426468374,0.15,1.450185076788067,0.074803926050663,2.4100139959808993
117.49993515014648,9.27229116056622,10.24289426468374,0.15,1.450185076788067,0.07647022604942322,2.4100139959808993
117.53322958946228,9.125411668107505,10.264294642867736,0.15,1.450185076788067,0.0791848674416542,2.504411921731919
117.5667359828949,9.125411668107505,10.264294642867736,0.15,1.4485060017717344,0.08139337599277496,2.504411921731919
117.59981322288513,9.125411668107505,10.264294642867736,0.15,1.4485060017717344,0.08290059864521027,2.504411921731919
117.63340210914612,8.983556070122555,10.27845700442497,0.15,1.4485060017717344,0.0848231241106987,2.5914831416132347
117.66671180725098,8.983556070122555,10.27845700442497,0.15,1.4379730780509623,0.0848231241106987,2.5914831416132347
117.70014524459839,8.983556070122555,10.27845700442497,0.15,1.4379730780509623,0.0848231241106987,2.5914831416132347
117.73361086845398,8.837799443152912,10.286189950082363,0.15,1.4379730780509623,0.08453309535980225,2.6732208599322282
117.76677060127258,8.837799443152912,10.286189950082363,0.15,1.4376054765619446,0.08656385540962219,2.6732208599322282
117.7998878955841,8.699440077277517,10.28698985851873,0.15,1.4376054765619446,0.08805916458368301,2.7408990433560123
117.8334047794342,8.699440077277517,10.28698985851873,0.15,1.439461041476491,0.09038596600294113,2.7408990433560123
117.86677098274231,8.699440077277517,10.28698985851873,0.15,1.439461041476491,0.09038596600294113,2.7408990433560123
117.90010595321655,8.556320416414119,10.28069087048811,0.15,1.439461041476491,0.09299569576978683,2.8068826929037964
117.93333530426025,8.556320416414119,10.28069087048811,0.15,1.4277699514309599,0.09121889621019363,2.8068826929037964
117.9668562412262,8.556320416414119,10.28069087048811,0.15,1.4277699514309599,0.09244301915168762,2.8068826929037964
118.00020051002502,8.556320416414119,10.28069087048811,0.15,1.4277699514309599,0.09244301915168762,2.8068826929037964
118.03342175483704,8.399708498918105,10.26524732398508,0.15,1.4277699514309599,0.0926218181848526,2.8742653291563967
118.06692242622375,8.399708498918105,10.26524732398508,0.15,1.4301469135958615,0.0905984416604042,2.8742653291563967
118.09984230995178,8.272187174304772,10.246260765419656,0.15,1.4301469135958615,0.08430884033441544,2.9256028557101375
118.13352465629578,8.272187174304772,10.246260765419656,0.15,1.4382378047406201,0.08250529319047928,2.9256028557101375
118.16677737236023,8.272187174304772,10.246260765419656,0.15,1.4382378047406201,0.08250529319047928,2.9256028557101375
118.20010280609131,8.272187174304772,10.246260765419656,0.15,1.4382378047406201,0.08250529319047928,2.9256028557101375
118.23337054252625,8.107581874058651,10.213751920995648,0.15,1.4382378047406201,0.0757686048746109,2.9874333334296628
118.26676988601685,8.107581874058651,10.213751920995648,0.15,1.4468494831578345,0.07439680397510529,2.9874333334296628
118.30010747909546,8.107581874058651,10.213751920995648,0.15,1.4468494831578345,0.07439680397510529,2.9874333334296628
118.33342480659485,7.964792106689772,10.178460490181616,0.15,1.4468494831578345,0.06982561200857162,3.0060955549897805
118.36659812927246,7.964792106689772,10.178460490181616,0.15,1.448359099649499,0.0669235810637474,3.0060955549897805
118.40042114257812,7.964792106689772,10.178460490181616,0.15,1.448359099649499,0.0669235810637474,3.0060955549897805
118.43349552154541,7.824671229647866,10.137764501659944,0.15,1.448359099649499,0.058870505541563034,2.977308647215544
118.46682405471802,7.824671229647866,10.137764501659944,0.15,1.4459132686374503,0.058870505541563034,2.977308647215544
118.5000946521759,7.824671229647866,10.137764501659944,0.15,1.4459132686374503,0.058870505541563034,2.977308647215544
118.53315806388855,7.68239251536172,10.091013094546437,0.15,1.4459132686374503,0.04369227960705757,2.947448711579215
118.56719946861267,7.68239251536172,10.091013094546437,0.15,1.4466093857878792,0.03790277987718582,2.947448711579215
118.60014867782593,7.68239251536172,10.091013094546437,0.15,1.4466093857878792,0.03790277987718582,2.947448711579215
118.63335680961609,7.542711895188782,10.041732875403321,0.15,1.4466093857878792,0.015087848529219627,2.92002029145485
118.66682434082031,7.542711895188782,10.041732875403321,0.15,1.4217050974864547,0.008763288147747517,2.92002029145485
118.7001883983612,7.542711895188782,10.041732875403321,0.15,1.4217050974864547,0.008763288147747517,2.92002029145485
118.73339605331421,7.410445221836275,9.994175986386729,0.15,1.4217050974864547,-0.006752918474376202,2.898575983039661
118.76658606529236,7.410445221836275,9.994175986386729,0.15,1.4039185732713737,-0.014840666204690933,2.898575983039661
118.80019664764404,7.410445221836275,9.994175986386729,0.15,1.4039185732713737,-0.014840666204690933,2.898575983039661
118.83364343643188,7.275573497540265,9.946701077335442,0.15,1.4039185732713737,-0.03230521082878113,2.8825841283964913
118.86684513092041,7.275573497540265,9.946701077335442,0.15,1.395477548323607,-0.041269514709711075,2.8825841283964913
118.9001042842865,7.275573497540265,9.946701077335442,0.15,1.395477548323607,-0.041269514709711075,2.8825841283964913
118.93349695205688,7.139098408717731,9.901456371376966,0.15,1.395477548323607,-0.041269514709711075,2.8748526274394197
118.96676421165466,7.139098408717731,9.901456371376966,0.15,1.4027850920018197,-0.06744342297315598,2.8748526274394197
119.00007057189941,7.139098408717731,9.901456371376966,0.15,1.4027850920018197,-0.06744342297315598,2.8748526274394197
119.0334722995758,7.001452391778979,9.860426921828509,0.15,1.4027850920018197,-0.06744342297315598,2.877574962361051
119.06681728363037,7.001452391778979,9.860426921828509,0.15,1.4017986572099974,-0.09031648188829422,2.877574962361051
119.10012030601501,7.001452391778979,9.860426921828509,0.15,1.4017986572099974,-0.09031648188829422,2.877574962361051
119.13372159004211,7.001452391778979,9.860426921828509,0.15,1.4017986572099974,-0.09655998647212982,2.877574962361051
119.16673302650452,6.859813838757091,9.825267817391154,0.15,1.4017986572099974,-0.1083897054195404,2.892419261493929
119.2002375125885,6.859813838757091,9.825267817391154,0.15,1.4065103346582906,-0.1083897054195404,2.892419261493929
119.23351502418518,6.859813838757091,9.825267817391154,0.15,1.4065103346582906,-0.1083897054195404,2.892419261493929
119.26684308052063,6.719130007060969,9.799084680054452,0.15,1.4065103346582906,-0.1238958016037941,2.9217252683195185
119.30019569396973,6.719130007060969,9.799084680054452,0.15,1.4195342493990204,-0.1238958016037941,2.9217252683195185
119.33347702026367,6.719130007060969,9.799084680054452,0.15,1.4195342493990204,-0.1238958016037941,2.9217252683195185
119.36676359176636,6.575461776084253,9.781823976861522,0.15,1.4195342493990204,-0.11071726679801941,2.964812418979674
119.40040731430054,6.575461776084253,9.781823976861522,0.15,1.4120462728260286,-0.11071726679801941,2.964812418979674
119.43347406387329,6.575461776084253,9.781823976861522,0.15,1.4120462728260286,-0.11071726679801941,2.964812418979674
119.46671986579895,6.433700920958485,9.773846159742266,0.15,1.4120462728260286,-0.10003651678562164,3.0209402235603195
119.50018811225891,6.433700920958485,9.773846159742266,0.15,1.3926733356577152,-0.10003651678562164,3.0209402235603195
119.5334837436676,6.433700920958485,9.773846159742266,0.15,1.3926733356577152,-0.10003651678562164,3.0209402235603195
119.56665110588074,6.293009820692754,9.774123914011458,0.15,1.3926733356577152,-0.0920187309384346,3.0877701268554425
119.59993529319763,6.2165053251703135,9.777387968737333,0.15,1.3752524075453556,-0.08828967809677124,3.1288486072425243
119.63378834724426,6.2165053251703135,9.777387968737333,0.15,1.3700706548899904,-0.08828967809677124,3.1288486072425243
119.66672563552856,6.2165053251703135,9.777387968737333,0.15,1.3700706548899904,-0.08162062615156174,3.1288486072425243
119.70017147064209,6.2165053251703135,9.777387968737333,0.15,1.3700706548899904,-0.08162062615156174,3.1288486072425243
119.73389339447021,6.2165053251703135,9.777387968737333,0.15,1.3700706548899904,-0.08162062615156174,3.1288486072425243
119.76659083366394,6.012773464261793,9.795133361301525,0.15,1.3700706548899904,-0.06999072432518005,3.249601322922018
119.79996514320374,5.944829747221895,9.803776544587551,0.15,1.3660130493217633,-0.06439898163080215,3.2939641475693433
119.83347606658936,5.944829747221895,9.803776544587551,0.15,1.376526173189334,-0.03058832697570324,3.2939641475693433
119.86678910255432,5.944829747221895,9.803776544587551,0.15,1.376526173189334,-0.025057919323444366,3.2939641475693433
119.90012645721436,5.944829747221895,9.803776544587551,0.15,1.376526173189334,-0.025057919323444366,3.2939641475693433
119.93346524238586,5.944829747221895,9.803776544587551,0.15,1.376526173189334,-0.025057919323444366,3.2939641475693433
119.9666633605957,5.73014090716341,9.834620415942029,0.15,1.376526173189334,-0.012734554708003998,3.4399433888535995
119.99992060661316,5.668934056316665,9.843878389176028,0.15,1.3910991965453192,0.0011544923763722181,3.4832673295199306
120.03354597091675,5.668934056316665,9.843878389176028,0.15,1.408342645041581,0.006687927059829235,3.4832673295199306
120.06674313545227,5.668934056316665,9.843878389176028,0.15,1.408342645041581,0.013378920964896679,3.4832673295199306
120.10010266304016,5.668934056316665,9.843878389176028,0.15,1.408342645041581,0.013378920964896679,3.4832673295199306
120.13361811637878,5.513319113599062,9.866320140910325,0.15,1.408342645041581,0.026463676244020462,3.5883230534014867
120.16671180725098,5.513319113599062,9.866320140910325,0.15,1.411032071748635,0.03473633527755737,3.5883230534014867
120.2001314163208,5.513319113599062,9.866320140910325,0.15,1.411032071748635,0.04321396350860596,3.5883230534014867
120.23360276222229,5.385292958928791,9.882487335112211,0.15,1.411032071748635,0.049848929047584534,3.5641952140788162
120.26676177978516,5.385292958928791,9.882487335112211,0.15,1.4089820320892077,0.05675589293241501,3.5641952140788162
120.30011296272278,5.385292958928791,9.882487335112211,0.15,1.4089820320892077,0.05675589293241501,3.5641952140788162
120.33367776870728,5.385292958928791,9.882487335112211,0.15,1.4089820320892077,0.05675589293241501,3.5641952140788162
120.3666627407074,5.158961279734658,9.902077829563723,0.15,1.4089820320892077,0.06419999152421951,3.4809240837792874
120.3997733592987,5.109807618491281,9.904540246347773,0.15,1.4025565618294369,0.08199699223041534,3.465492282717243
120.43418335914612,5.109807618491281,9.904540246347773,0.15,1.389550181001495,0.08284605294466019,3.465492282717243
120.46686124801636,5.109807618491281,9.904540246347773,0.15,1.389550181001495,0.08746108412742615,3.465492282717243
120.50011539459229,5.109807618491281,9.904540246347773,0.15,1.389550181001495,0.08746108412742615,3.465492282717243
120.53392601013184,5.109807618491281,9.904540246347773,0.15,1.389550181001495,0.08746108412742615,3.465492282717243
120.5667028427124,5.109807618491281,9.904540246347773,0.15,1.389550181001495,0.08746108412742615,3.465492282717243
120.60017657279968,4.872913142053572,9.904540530587356,0.15,1.389550181001495,0.10106410831212997,3.4089005670610817
120.63343024253845,4.827604046131585,9.902221663434315,0.15,1.390809146001347,0.10383205115795135,3.4014771092372325
120.66688823699951,4.827604046131585,9.902221663434315,0.15,1.4000310446888171,0.10383205115795135,3.4014771092372325
120.70030975341797,4.827604046131585,9.902221663434315,0.15,1.4000310446888171,0.08086466044187546,3.4014771092372325
120.7333996295929,4.687748962212334,9.890697850005479,0.15,1.4000310446888171,0.08174580335617065,3.3856367037016475
120.76689314842224,4.687748962212334,9.890697850005479,0.15,1.4112517794142971,0.08174580335617065,3.3856367037016475
120.8007140159607,4.548433446561409,9.873030556948766,0.15,1.4112517794142971,0.07962329685688019,3.3796788111004457
120.83326506614685,4.548433446561409,9.873030556948766,0.15,1.4238246405832515,0.07867231220006943,3.3796788111004457
120.86680912971497,4.548433446561409,9.873030556948766,0.15,1.4238246405832515,0.07867231220006943,3.3796788111004457
120.900137424469,4.548433446561409,9.873030556948766,0.15,1.4238246405832515,0.07344411313533783,3.3796788111004457
120.9335572719574,4.404801297635016,9.848552267936938,0.15,1.4238246405832515,0.07173466682434082,3.3841521254200777
120.96682810783386,4.404801297635016,9.848552267936938,0.15,1.4353787830489475,0.0689648985862732,3.3841521254200777
121.00010800361633,4.404801297635016,9.848552267936938,0.15,1.4353787830489475,0.0689648985862732,3.3841521254200777
121.03347754478455,4.404801297635016,9.848552267936938,0.15,1.4353787830489475,0.0689648985862732,3.3841521254200777
121.0668671131134,4.404801297635016,9.848552267936938,0.15,1.4353787830489475,0.0689648985862732,3.3841521254200777
121.10010313987732,4.152641362975881,9.791495929871573,0.15,1.4353787830489475,0.03736505284905434,3.4169177658706147
121.13331174850464,4.124572489066284,9.7841041586993,0.15,1.4379152361792775,0.03482717648148537,3.4223204870797272
121.16678810119629,4.124572489066284,9.7841041586993,0.15,1.4298381377694585,0.03139317035675049,3.4223204870797272
121.20021939277649,4.124572489066284,9.7841041586993,0.15,1.4298381377694585,0.02654237672686577,3.4223204870797272
121.23335194587708,3.9863533362375767,9.746295399178564,0.15,1.4298381377694585,0.023310240358114243,3.452997274264418
121.2666163444519,3.9863533362375767,9.746295399178564,0.15,1.429476682661748,0.01911551132798195,3.452997274264418
121.30015921592712,3.9863533362375767,9.746295399178564,0.15,1.429476682661748,0.01911551132798195,3.452997274264418
121.33404803276062,3.9863533362375767,9.746295399178564,0.15,1.429476682661748,0.01911551132798195,3.452997274264418
121.36671185493469,3.9863533362375767,9.746295399178564,0.15,1.429476682661748,0.01911551132798195,3.452997274264418
121.40027570724487,3.7316006097791607,9.672629072145558,0.15,1.429476682661748,0.010030366480350494,3.522587854764124
121.43336844444275,3.712880024384726,9.667064034299736,0.15,1.4270014196399823,-0.0032408726401627064,3.52825684450404
121.46693253517151,3.712880024384726,9.667064034299736,0.15,1.4229028619856863,-0.0032408726401627064,3.52825684450404
121.50022268295288,3.712880024384726,9.667064034299736,0.15,1.4229028619856863,-0.014208420179784298,3.52825684450404
121.53368258476257,3.5748557511850105,9.626573302727039,0.15,1.4229028619856863,-0.016373345628380775,3.5694265430023857
121.56703329086304,3.5748557511850105,9.626573302727039,0.15,1.4280044716531732,-0.020125389099121094,3.5694265430023857
121.59989094734192,3.5748557511850105,9.626573302727039,0.15,1.4280044716531732,-0.0266971867531538,3.5694265430023857
121.63355445861816,3.437472631370036,9.587964590363185,0.15,1.4280044716531732,-0.029374053701758385,3.6061728628667056
121.66672134399414,3.437472631370036,9.587964590363185,0.15,1.441359828780218,-0.03416542708873749,3.6061728628667056
121.7000105381012,3.437472631370036,9.587964590363185,0.15,1.441359828780218,-0.040505386888980865,3.6061728628667056
121.73358249664307,3.2980270216630796,9.55158693075883,0.15,1.441359828780218,-0.04224717244505882,3.642516729176752
121.76684212684631,3.2980270216630796,9.55158693075883,0.15,1.4348473466132616,-0.046547237783670425,3.642516729176752
121.80026078224182,3.2980270216630796,9.55158693075883,0.15,1.4348473466132616,-0.046547237783670425,3.642516729176752
121.8335907459259,3.1580417528114557,9.518693496258809,0.15,1.4348473466132616,-0.05554415285587311,3.677367257595736
121.86682295799255,3.1580417528114557,9.518693496258809,0.15,1.4367697468312766,-0.060164179652929306,3.677367257595736
121.90013790130615,3.1580417528114557,9.518693496258809,0.15,1.4367697468312766,-0.060164179652929306,3.677367257595736
121.9336211681366,3.0151662901505127,9.489631329275047,0.15,1.4367697468312766,-0.06718701124191284,3.710288950922982
121.96679782867432,3.0151662901505127,9.489631329275047,0.15,1.4388373922526319,-0.0708380788564682,3.710288950922982
122.0001106262207,3.0151662901505127,9.489631329275047,0.15,1.4388373922526319,-0.0708380788564682,3.710288950922982
122.03352427482605,2.869810537391547,9.465689549990126,0.15,1.4388373922526319,-0.07920891046524048,3.739896854857197
122.06752681732178,2.869810537391547,9.465689549990126,0.15,1.4275867337795136,-0.08378912508487701,3.739896854857197
122.10015344619751,2.869810537391547,9.465689549990126,0.15,1.4275867337795136,-0.08810515701770782,3.739896854857197
122.13334369659424,2.729542333432048,9.448971164496294,0.15,1.4275867337795136,-0.08778756111860275,3.7636175615332523
122.16693305969238,2.729542333432048,9.448971164496294,0.15,1.416722858369236,-0.09243396669626236,3.7636175615332523
122.20017266273499,2.729542333432048,9.448971164496294,0.15,1.416722858369236,-0.09243396669626236,3.7636175615332523
122.23351883888245,2.5822099703949313,9.439398643522832,0.15,1.416722858369236,-0.10142026841640472,3.7819590042943
122.2672598361969,2.5822099703949313,9.439398643522832,0.15,1.414166084905552,-0.11249865591526031,3.7819590042943
122.30012440681458,2.5822099703949313,9.439398643522832,0.15,1.414166084905552,-0.07660038769245148,3.7819590042943
122.3332896232605,2.451743042119988,9.437320524572778,0.15,1.414166084905552,-0.07475133240222931,3.7929480877903448
122.36690068244934,2.451743042119988,9.437320524572778,0.15,1.416415600869053,-0.07856451719999313,3.7929480877903448
122.40024089813232,2.451743042119988,9.437320524572778,0.15,1.416415600869053,-0.07856451719999313,3.7929480877903448
122.43343591690063,2.2977491300986186,9.441503313715577,0.15,1.416415600869053,-0.09154240787029266,3.8004089414033717
122.4668219089508,2.2977491300986186,9.441503313715577,0.15,1.416419826399442,-0.0953221246600151,3.8004089414033717
122.49984455108643,2.2977491300986186,9.441503313715577,0.15,1.416419826399442,-0.10616974532604218,3.8004089414033717
122.53341054916382,2.171542821426166,9.45124051308065,0.15,1.416419826399442,-0.11142044514417648,3.8009957206832037
122.56680035591125,2.171542821426166,9.45124051308065,0.15,1.416683581241898,-0.11142044514417648,3.8009957206832037
122.60004949569702,2.171542821426166,9.45124051308065,0.15,1.416683581241898,-0.11142044514417648,3.8009957206832037
122.63314008712769,2.0078027492202057,9.474943739662015,0.15,1.416683581241898,-0.14628155529499054,3.7900079866416636
122.66679501533508,2.0078027492202057,9.474943739662015,0.15,1.426533809098126,-0.16249863803386688,3.7900079866416636
122.7001051902771,2.0078027492202057,9.474943739662015,0.15,1.426533809098126,-0.16249863803386688,3.7900079866416636
122.73356795310974,1.8658523735114365,9.508988983797982,0.15,1.426533809098126,-0.1687292605638504,3.761405785435141
122.76686263084412,1.8658523735114365,9.508988983797982,0.15,1.4277953769048253,-0.17516520619392395,3.761405785435141
122.80009508132935,1.8658523735114365,9.508988983797982,0.15,1.4277953769048253,-0.17516520619392395,3.761405785435141
122.83338928222656,1.726400346501066,9.558668486344198,0.15,1.4277953769048253,-0.208100825548172,3.717527500346375
122.86685180664062,1.726400346501066,9.558668486344198,0.15,1.4322498303816502,-0.2145875245332718,3.717527500346375
122.90015053749084,1.726400346501066,9.558668486344198,0.15,1.4322498303816502,-0.2145875245332718,3.717527500346375
122.9342942237854,1.5962140313090354,9.623777649412082,0.15,1.4322498303816502,-0.22482414543628693,3.6526413579488497
122.96684980392456,1.5962140313090354,9.623777649412082,0.15,1.4356892316481173,-0.23957841098308563,3.6526413579488497
123.0000991821289,1.5962140313090354,9.623777649412082,0.15,1.4356892316481173,-0.24297912418842316,3.6526413579488497
123.03350305557251,1.5020035345883995,9.686045091380803,0.15,1.4356892316481173,-0.24380111694335938,3.555730133845745
123.06687831878662,1.5020035345883995,9.686045091380803,0.15,1.4378322332997377,-0.24380111694335938,3.555730133845745
123.10013723373413,1.5020035345883995,9.686045091380803,0.15,1.4378322332997377,-0.24380111694335938,3.555730133845745
123.13362693786621,1.3672170385972988,9.805661076145084,0.15,1.4378322332997377,-0.24380111694335938,3.415535569415717
123.16681623458862,1.3672170385972988,9.805661076145084,0.15,1.4362716638624853,-0.24380111694335938,3.415535569415717
123.19998717308044,1.3672170385972988,9.805661076145084,0.15,1.4362716638624853,-0.24380111694335938,3.415535569415717
123.23331212997437,1.2988244509483884,9.885774332898931,0.15,1.4362716638624853,-0.24380111694335938,3.3435415486442666
123.26679754257202,1.2988244509483884,9.885774332898931,0.15,1.4406687689565791,-0.24380111694335938,3.3435415486442666
123.30012202262878,1.2988244509483884,9.885774332898931,0.15,1.4406687689565791,-0.24380111694335938,3.3435415486442666
123.33350014686584,1.2988244509483884,9.885774332898931,0.15,1.4406687689565791,-0.24380111694335938,3.3435415486442666
123.36682772636414,1.1962568028110028,10.048497663166549,0.15,1.4406687689565791,-0.24380111694335938,3.23357822863507
123.40011167526245,1.1962568028110028,10.048497663166549,0.15,1.4405038611621783,-0.24380111694335938,3.23357822863507
123.43344855308533,1.1962568028110028,10.048497663166549,0.15,1.4405038611621783,-0.24380111694335938,3.23357822863507
123.46686124801636,1.1398895821698398,10.182227919177912,0.15,1.4405038611621783,-0.23842523992061615,3.1253769868357284
123.50010132789612,1.1398895821698398,10.182227919177912,0.15,1.4455669523694457,-0.23842523992061615,3.1253769868357284
123.5334632396698,1.1398895821698398,10.182227919177912,0.15,1.4455669523694457,-0.23842523992061615,3.1253769868357284
123.56681752204895,1.1016608353005841,10.326092976710738,0.15,1.4455669523694457,-0.2329925298690796,2.9843489889034953
123.60012316703796,1.1016608353005841,10.326092976710738,0.15,1.4464884590544929,-0.2329925298690796,2.9843489889034953
123.63352108001709,1.1016608353005841,10.326092976710738,0.15,1.4464884590544929,-0.2329925298690796,2.9843489889034953
123.66680955886841,1.083403862522143,10.476386803731746,0.15,1.4464884590544929,-0.2267591655254364,2.835729409593761
123.70022416114807,1.083403862522143,10.476386803731746,0.15,1.4555969602687955,-0.2267591655254364,2.835729409593761
123.7336847782135,1.083403862522143,10.476386803731746,0.15,1.4555969602687955,-0.2267591655254364,2.835729409593761
123.76712608337402,1.0855980373562275,10.623046337673738,0.15,1.4555969602687955,-0.219142347574234,2.689313752007718
123.79998421669006,1.0855980373562275,10.623046337673738,0.15,1.4631657442065358,-0.21666455268859863,2.689313752007718
123.83370065689087,1.095476486774297,10.707038510546516,0.15,1.4631657442065358,-0.20972435176372528,2.6048328683188187
123.86680722236633,1.095476486774297,10.707038510546516,0.15,1.4458376436184948,-0.20863816142082214,2.6048328683188187
123.90017557144165,1.095476486774297,10.707038510546516,0.15,1.4458376436184948,-0.20863816142082214,2.6048328683188187
123.93346619606018,1.095476486774297,10.707038510546516,0.15,1.4458376436184948,-0.20863816142082214,2.6048328683188187
123.96692848205566,1.1453973651224283,10.912193660934891,0.15,1.4458376436184948,-0.179525688290596,2.396644328534466
124.0001893043518,1.1453973651224283,10.912193660934891,0.15,1.4338838316293308,-0.1735815852880478,2.396644328534466
124.03381156921387,1.1711991740484524,10.982927232622188,0.15,1.4338838316293308,-0.1715565323829651,2.3244945396855536
124.06682515144348,1.1711991740484524,10.982927232622188,0.15,1.4178260602283657,-0.1667187660932541,2.3244945396855536
124.1001923084259,1.1711991740484524,10.982927232622188,0.15,1.4178260602283657,-0.1667187660932541,2.3244945396855536
124.13352274894714,1.1711991740484524,10.982927232622188,0.15,1.4178260602283657,-0.1667187660932541,2.3244945396855536
124.16685128211975,1.2583860042205195,11.169798711476377,0.15,1.4178260602283657,-0.14515207707881927,2.1322890178502703
124.19989275932312,1.2583860042205195,11.169798711476377,0.15,1.418746090468568,-0.13655218482017517,2.1322890178502703
124.23345041275024,1.2968198994013873,11.237181749811526,0.15,1.418746090468568,-0.1320408135652542,2.0627591050721037
124.26656818389893,1.2968198994013873,11.237181749811526,0.15,1.4269861262326684,-0.12473440915346146,2.0627591050721037
124.30019450187683,1.2968198994013873,11.237181749811526,0.15,1.4269861262326684,-0.11440613120794296,2.0627591050721037
124.33341431617737,1.3744878575355288,11.358031223355116,0.15,1.4269861262326684,-0.10574178397655487,1.9375344502088019
124.36682271957397,1.3744878575355288,11.358031223355116,0.15,1.439627024700704,-0.0971335917711258,1.9375344502088019
124.40011620521545,1.3744878575355288,11.358031223355116,0.15,1.439627024700704,-0.07523983716964722,1.9375344502088019
124.43346691131592,1.4593640639373857,11.47576591343005,0.15,1.439627024700704,-0.06860196590423584,1.8151778379264856
124.46691870689392,1.4593640639373857,11.47576591343005,0.15,1.4464693412741532,-0.05922883003950119,1.8151778379264856
124.50021481513977,1.4593640639373857,11.47576591343005,0.15,1.4464693412741532,-0.047171302139759064,1.8151778379264856
124.53359055519104,1.5477454545238667,11.589840896656662,0.15,1.4464693412741532,-0.03948970139026642,1.6968292190923562
124.56710243225098,1.5477454545238667,11.589840896656662,0.15,1.4423991109798198,-0.0291416235268116,1.6968292190923562
124.60000896453857,1.5477454545238667,11.589840896656662,0.15,1.4423991109798198,-0.017016028985381126,1.6968292190923562
124.6335096359253,1.6377378097511683,11.701772317336507,0.15,1.4423991109798198,-0.009113633073866367,1.5804553144701672
124.66680860519409,1.6377378097511683,11.701772317336507,0.15,1.4434489096844767,0.0009879852877929807,1.5804553144701672
124.70011186599731,1.6377378097511683,11.701772317336507,0.15,1.4434489096844767,0.0009879852877929807,1.5804553144701672
124.733478307724,1.6377378097511683,11.701772317336507,0.15,1.4434489096844767,0.0009879852877929807,1.5804553144701672
124.76682758331299,1.6377378097511683,11.701772317336507,0.15,1.4434489096844767,0.0009879852877929807,1.5804553144701672
124.80008339881897,1.7997527374710525,11.904940307389323,0.15,1.4434489096844767,0.03424439579248428,1.370185687493199
124.83362936973572,1.8183760419685442,11.928816935847601,0.15,1.4481569646606078,0.04178890213370323,1.3456179031702231
124.86683464050293,1.8183760419685442,11.928816935847601,0.15,1.4357685334679187,0.04758170247077942,1.3456179031702231
124.90010929107666,1.8183760419685442,11.928816935847601,0.15,1.4357685334679187,0.04758170247077942,1.3456179031702231
124.93350076675415,1.8183760419685442,11.928816935847601,0.15,1.4357685334679187,0.04758170247077942,1.3456179031702231
124.96686482429504,1.8183760419685442,11.928816935847601,0.15,1.4357685334679187,0.04758170247077942,1.3456179031702231
124.9999611377716,1.9612276545811467,12.121412487187413,0.15,1.4357685334679187,0.06737662851810455,1.1472669915539926
125.03387212753296,1.9851971546081462,12.155673005522388,0.15,1.411536441495195,0.06906770914793015,1.1122017232779242
125.06679701805115,1.9851971546081462,12.155673005522388,0.15,1.3985706154727249,0.07232159376144409,1.1122017232779242
125.10011696815491,1.9851971546081462,12.155673005522388,0.15,1.3985706154727249,0.07232159376144409,1.1122017232779242
125.13349962234497,1.9851971546081462,12.155673005522388,0.15,1.3985706154727249,0.07232159376144409,1.1122017232779242
125.16680574417114,1.9851971546081462,12.155673005522388,0.15,1.3985706154727249,0.07232159376144409,1.1122017232779242
125.20022416114807,2.117673395442897,12.362552905305979,0.15,1.3985706154727249,0.07828597724437714,0.9003563992821823
125.23334884643555,2.1353771039665226,12.39285247931795,0.15,1.4002109362460617,0.07829596847295761,0.8693645791073513
125.26673030853271,2.1353771039665226,12.39285247931795,0.15,1.4158274606455867,0.07815807312726974,0.8693645791073513
125.30005502700806,2.1353771039665226,12.39285247931795,0.15,1.4158274606455867,0.07815807312726974,0.8693645791073513
125.3335964679718,2.1353771039665226,12.39285247931795,0.15,1.4158274606455867,0.07815807312726974,0.8693645791073513
125.36690020561218,2.1353771039665226,12.39285247931795,0.15,1.4158274606455867,0.07815807312726974,0.8693645791073513
125.40036010742188,2.254533712700573,12.619034416938037,0.15,1.4158274606455867,0.07390931248664856,0.6378413556933651
125.4337112903595,2.268197993183625,12.647931168284876,0.15,1.4254592224024274,0.07244724035263062,0.6081920185619091
125.4669086933136,2.268197993183625,12.647931168284876,0.15,1.4267952571662732,0.07052221894264221,0.6081920185619091
125.50014019012451,2.268197993183625,12.647931168284876,0.15,1.4267952571662732,0.06794758886098862,0.6081920185619091
125.53345513343811,2.3260854070494252,12.778176187983714,0.15,1.4267952571662732,0.06665898114442825,0.47328200323641473
125.56681966781616,2.3260854070494252,12.778176187983714,0.15,1.4222940186469917,0.06429408490657806,0.47328200323641473
125.60013508796692,2.3260854070494252,12.778176187983714,0.15,1.4222940186469917,0.06429408490657806,0.47328200323641473
125.63365197181702,2.3260854070494252,12.778176187983714,0.15,1.4222940186469917,0.06429408490657806,0.47328200323641473
125.66685700416565,2.3260854070494252,12.778176187983714,0.15,1.4222940186469917,0.06429408490657806,0.47328200323641473
125.69977641105652,2.42097114988855,13.023780151289722,0.15,1.4222940186469917,0.04435385391116142,0.22050852897168913
125.73345518112183,2.4260730297577537,13.038354648942233,0.15,1.4078012770989603,0.03475615382194519,0.20537009485297408
125.7668206691742,2.4260730297577537,13.038354648942233,0.15,1.3982575202938048,0.03095138445496559,0.20537009485297408
125.80016231536865,2.4260730297577537,13.038354648942233,0.15,1.3982575202938048,0.026676904410123825,0.20537009485297408
125.83433151245117,2.470648435477889,13.169224516718783,0.15,1.3982575202938048,0.023203877732157707,0.07487930442380436
125.8669159412384,2.470648435477889,13.169224516718783,0.15,1.3940477741338038,0.019202031195163727,0.07487930442380436
125.8999571800232,2.470648435477889,13.169224516718783,0.15,1.3940477741338038,0.014545338228344917,0.07487930442380436
125.9334774017334,2.514832647747292,13.303862623628946,0.15,1.3940477741338038,0.010730654932558537,0.05480543565390709
125.96680855751038,2.514832647747292,13.303862623628946,0.15,1.4003556892795683,0.00864021759480238,0.05480543565390709
126.00014686584473,2.514832647747292,13.303862623628946,0.15,1.4003556892795683,0.0011100057745352387,0.05480543565390709
126.03335666656494,2.557779157691286,13.436659127034439,0.15,1.4003556892795683,-0.0046364725567400455,0.18926009491823312
126.06688928604126,2.557779157691286,13.436659127034439,0.15,1.404416601445341,-0.009538286365568638,0.18926009491823312
126.10009169578552,2.557779157691286,13.436659127034439,0.15,1.404416601445341,-0.013742443174123764,0.18926009491823312
126.13374638557434,2.6020814985267804,13.57202478747234,0.15,1.404416601445341,-0.013742443174123764,0.32652265381741397
126.16678380966187,2.6020814985267804,13.57202478747234,0.15,1.4205296496786843,-0.013742443174123764,0.32652265381741397
126.2000060081482,2.6020814985267804,13.57202478747234,0.15,1.4205296496786843,-0.013742443174123764,0.32652265381741397
126.23341846466064,2.649280857611073,13.712054150387987,0.15,1.4205296496786843,-0.03267379850149155,0.46808928067539196
126.2668149471283,2.649280857611073,13.712054150387987,0.15,1.4251200307201373,-0.03267379850149155,0.46808928067539196
126.3002986907959,2.649280857611073,13.712054150387987,0.15,1.4251200307201373,-0.03267379850149155,0.46808928067539196
126.3334448337555,2.6966954195048625,13.845784789463604,0.15,1.4251200307201373,-0.04899859055876732,0.6031423159059629
126.36677813529968,2.6966954195048625,13.845784789463604,0.15,1.4257264548114499,-0.04899859055876732,0.6031423159059629
126.40010404586792,2.6966954195048625,13.845784789463604,0.15,1.4257264548114499,-0.04899859055876732,0.6031423159059629
126.43342423439026,2.7487931346874923,13.981353044250351,0.15,1.4257264548114499,-0.062432911247015,0.740488840418932
126.46678280830383,2.7487931346874923,13.981353044250351,0.15,1.4214722576926002,-0.0670749843120575,0.740488840418932
126.50009059906006,2.7487931346874923,13.981353044250351,0.15,1.4214722576926002,-0.0704319030046463,0.740488840418932
126.53338742256165,2.801921482722188,14.106620193632354,0.15,1.4214722576926002,-0.07390669733285904,0.8676644789667093
126.56672692298889,2.801921482722188,14.106620193632354,0.15,1.4144740693004474,-0.07736936956644058,0.8676644789667093
126.60004901885986,2.801921482722188,14.106620193632354,0.15,1.4144740693004474,-0.07736936956644058,0.8676644789667093
126.63576054573059,2.8665642009246746,14.243019105814037,0.15,1.4144740693004474,-0.0844326764345169,1.0065941576116948
126.66666293144226,2.8665642009246746,14.243019105814037,0.15,1.400807435965564,-0.0844326764345169,1.0065941576116948
126.70010375976562,2.8665642009246746,14.243019105814037,0.15,1.400807435965564,-0.0844326764345169,1.0065941576116948
126.73324275016785,2.9336449362571067,14.368836894063268,0.15,1.400807435965564,-0.09336722642183304,1.1351239333015022
126.76811504364014,2.9336449362571067,14.368836894063268,0.15,1.3948276656994636,-0.0960618108510971,1.1351239333015022
126.80038237571716,2.9336449362571067,14.368836894063268,0.15,1.3948276656994636,-0.09802720695734024,1.1351239333015022
126.8335063457489,2.996491966444732,14.474211342774863,0.15,1.3948276656994636,-0.09665364772081375,1.242900005254431
126.8668885231018,2.996491966444732,14.474211342774863,0.15,1.392866818672783,-0.09665364772081375,1.242900005254431
126.90020155906677,2.996491966444732,14.474211342774863,0.15,1.392866818672783,-0.09665364772081375,1.242900005254431
126.93338179588318,3.0867535118331126,14.608368585723682,0.15,1.392866818672783,-0.09308168292045593,1.3807996283096196
126.96688938140869,3.0867535118331126,14.608368585723682,0.15,1.3907664934640622,-0.09308168292045593,1.3807996283096196
127.00008177757263,3.0867535118331126,14.608368585723682,0.15,1.3907664934640622,-0.09308168292045593,1.3807996283096196
127.03416919708252,3.1732088657107456,14.722738476249571,0.15,1.3907664934640622,-0.08267395198345184,1.4989492612867232
127.06691813468933,3.1732088657107456,14.722738476249571,0.15,1.4012088846930435,-0.08281814306974411,1.4989492612867232
127.10014963150024,3.1732088657107456,14.722738476249571,0.15,1.4012088846930435,-0.08199967443943024,1.4989492612867232
127.13347816467285,3.24603682414942,14.81104212588955,0.15,1.4012088846930435,-0.08301489055156708,1.5905959395741045
127.16671800613403,3.24603682414942,14.81104212588955,0.15,1.414247527503684,-0.08311687409877777,1.5905959395741045
127.20000863075256,3.24603682414942,14.81104212588955,0.15,1.414247527503684,-0.08227819949388504,1.5905959395741045
127.23329138755798,3.341180880946375,14.917182566423767,0.15,1.414247527503684,-0.07928673177957535,1.7014294202766478
127.26694536209106,3.341180880946375,14.917182566423767,0.15,1.4195200637297614,-0.07928673177957535,1.7014294202766478
127.30010342597961,3.341180880946375,14.917182566423767,0.15,1.4195200637297614,-0.07928673177957535,1.7014294202766478
127.33338022232056,3.4671110037930464,15.045306437593837,0.15,1.4195200637297614,-0.0659077912569046,1.8360704944794861
127.36673998832703,3.4671110037930464,15.045306437593837,0.15,1.4165437094619986,-0.06312789767980576,1.8360704944794861
127.40004587173462,3.4671110037930464,15.045306437593837,0.15,1.4165437094619986,-0.06312789767980576,1.8360704944794861
127.43341374397278,3.572345749937606,15.143977594623633,0.15,1.4165437094619986,-0.06312789767980576,1.9406605330624611
127.46681141853333,3.572345749937606,15.143977594623633,0.15,1.410024640162811,-0.06068224459886551,1.9406605330624611
127.50010752677917,3.572345749937606,15.143977594623633,0.15,1.410024640162811,-0.06037607789039612,1.9406605330624611
127.5331962108612,3.6469075097106076,15.209873000914257,0.15,1.410024640162811,-0.061748944222927094,2.0049344101529396
127.5668158531189,3.6469075097106076,15.209873000914257,0.15,1.4070850626747553,-0.06254290044307709,2.0049344101529396
127.60043215751648,3.6469075097106076,15.209873000914257,0.15,1.4070850626747553,-0.06254290044307709,2.0049344101529396
127.63351368904114,3.6469075097106076,15.209873000914257,0.15,1.4070850626747553,-0.06254290044307709,2.0049344101529396
127.66688919067383,3.7918664553359007,15.329345464266577,0.15,1.4070850626747553,-0.06464576721191406,2.1034130419711357
127.70018696784973,3.7918664553359007,15.329345464266577,0.15,1.40900919521754,-0.06464576721191406,2.1034130419711357
127.73360419273376,3.7918664553359007,15.329345464266577,0.15,1.40900919521754,-0.06464576721191406,2.1034130419711357
127.76684427261353,3.9062396496874303,15.416439569034035,0.15,1.40900919521754,-0.05904654413461685,2.154370163843423
127.79994487762451,3.9062396496874303,15.416439569034035,0.15,1.4084766816986956,-0.05904654413461685,2.154370163843423
127.8332908153534,3.9062396496874303,15.416439569034035,0.15,1.4084766816986956,-0.05904654413461685,2.154370163843423
127.86656165122986,4.025291965900885,15.501081025454967,0.15,1.4084766816986956,-0.06501751393079758,2.1997966534166564
127.90018963813782,4.025291965900885,15.501081025454967,0.15,1.4216392496194068,-0.07380451261997223,2.1997966534166564
127.93330955505371,4.099281274301419,15.550430261970964,0.15,1.4216392496194068,-0.07813498377799988,2.2268878624563557
127.96680426597595,4.099281274301419,15.550430261970964,0.15,1.435515784815474,-0.07813498377799988,2.2268878624563557
128.0000991821289,4.099281274301419,15.550430261970964,0.15,1.435515784815474,-0.07813498377799988,2.2268878624563557
128.03346991539001,4.099281274301419,15.550430261970964,0.15,1.435515784815474,-0.07813498377799988,2.2268878624563557
128.06668615341187,4.275421821875136,15.656635193108638,0.15,1.435515784815474,-0.09121625125408173,2.2871539633300735
128.10016226768494,4.275421821875136,15.656635193108638,0.15,1.444709208315877,-0.0938182920217514,2.2871539633300735
128.13351273536682,4.3489173284582785,15.696259815645242,0.15,1.444709208315877,-0.09968922287225723,2.31023838085241
128.166823387146,4.3489173284582785,15.696259815645242,0.15,1.4382146455018225,-0.104901984333992,2.31023838085241
128.2002193927765,4.3489173284582785,15.696259815645242,0.15,1.4382146455018225,-0.104901984333992,2.31023838085241
128.23348927497864,4.3489173284582785,15.696259815645242,0.15,1.4382146455018225,-0.104901984333992,2.31023838085241
128.26683902740479,4.541117963579105,15.784503249486683,0.15,1.4382146455018225,-0.12880393862724304,2.363061009594961
128.30008745193481,4.541117963579105,15.784503249486683,0.15,1.4379842509895926,-0.1336159110069275,2.363061009594961
128.33334922790527,4.61159845020342,15.811187970654677,0.15,1.4379842509895926,-0.1398574560880661,2.3792264271208627
128.36679363250732,4.61159845020342,15.811187970654677,0.15,1.4398697207872004,-0.1453419327735901,2.3792264271208627
128.40014481544495,4.61159845020342,15.811187970654677,0.15,1.4398697207872004,-0.1453419327735901,2.3792264271208627
128.43351864814758,4.61159845020342,15.811187970654677,0.15,1.4398697207872004,-0.1453419327735901,2.3792264271208627
128.4666211605072,4.819827581701826,15.871172185249927,0.15,1.4398697207872004,-0.14923095703125,2.415249403702345
128.50020956993103,4.819827581701826,15.871172185249927,0.15,1.431759612827819,-0.16282039880752563,2.415249403702345
128.53369808197021,4.888432954300292,15.884819953398765,0.15,1.431759612827819,-0.15557874739170074,2.4232411882672196
128.56703305244446,4.888432954300292,15.884819953398765,0.15,1.427034047242556,-0.1512446254491806,2.4232411882672196
128.59991264343262,4.888432954300292,15.884819953398765,0.15,1.427034047242556,-0.1512446254491806,2.4232411882672196
128.63344955444336,4.888432954300292,15.884819953398765,0.15,1.427034047242556,-0.1512446254491806,2.4232411882672196
128.66688585281372,5.111012777441028,15.908857745356887,0.15,1.427034047242556,-0.1512446254491806,2.4354094772619974
128.70008420944214,5.111012777441028,15.908857745356887,0.15,1.4311690949326787,-0.16088128089904785,2.4354094772619974
128.73382997512817,5.173536934490321,15.910196101854943,0.15,1.4311690949326787,-0.15699094533920288,2.4352086469472236
128.7667875289917,5.173536934490321,15.910196101854943,0.15,1.4319955330058205,-0.15975424647331238,2.4352086469472236
128.80022192001343,5.173536934490321,15.910196101854943,0.15,1.4319955330058205,-0.16041138768196106,2.4352086469472236
128.83361339569092,5.315253031049328,15.904096981904358,0.15,1.4319955330058205,-0.1633860170841217,2.4276453932228494
128.86668491363525,5.315253031049328,15.904096981904358,0.15,1.426193926827356,-0.16492976248264313,2.4276453932228494
128.90010690689087,5.315253031049328,15.904096981904358,0.15,1.426193926827356,-0.16492976248264313,2.4276453932228494
128.9336748123169,5.315253031049328,15.904096981904358,0.15,1.426193926827356,-0.16492976248264313,2.4276453932228494
128.96634578704834,5.315253031049328,15.904096981904358,0.15,1.426193926827356,-0.16428010165691376,2.4276453932228494
128.99997353553772,5.548917791363862,15.865395031798172,0.15,1.426193926827356,-0.15402010083198547,2.3932419601398887
129.03341794013977,5.596419660678694,15.852990598428166,0.15,1.4312354820046347,-0.15523792803287506,2.3828760580849697
129.06698393821716,5.596419660678694,15.852990598428166,0.15,1.4338731040083608,-0.1547040045261383,2.3828760580849697
129.1004021167755,5.596419660678694,15.852990598428166,0.15,1.4338731040083608,-0.1547040045261383,2.3828760580849697
129.13350534439087,5.596419660678694,15.852990598428166,0.15,1.4338731040083608,-0.1547040045261383,2.3828760580849697
129.1668243408203,5.596419660678694,15.852990598428166,0.15,1.4338731040083608,-0.1547040045261383,2.3828760580849697
129.20020627975464,5.826107668908276,15.77087040407069,0.15,1.4338731040083608,-0.14469066262245178,2.3140248427460883
129.23416924476624,5.865434032877581,15.752894900587693,0.15,1.4349009880506096,-0.1439511775970459,2.299019710444414
129.26666021347046,5.865434032877581,15.752894900587693,0.15,1.432219126550974,-0.1439511775970459,2.299019710444414
129.30010080337524,5.865434032877581,15.752894900587693,0.15,1.432219126550974,-0.13833747804164886,2.299019710444414
129.33364582061768,5.99209167022226,15.68700869413851,0.15,1.432219126550974,-0.13297954201698303,2.2432496549534227
129.36677479743958,5.99209167022226,15.68700869413851,0.15,1.4309801968427849,-0.13297954201698303,2.2432496549534227
129.40019154548645,5.99209167022226,15.68700869413851,0.15,1.4309801968427849,-0.11289326101541519,2.2432496549534227
129.43329310417175,6.113995216100135,15.612286630853456,0.15,1.4309801968427849,-0.1109798476099968,2.1795759702699393
129.46692848205566,6.113995216100135,15.612286630853456,0.15,1.4281926856466551,-0.10719530284404755,2.1795759702699393
129.50017476081848,6.113995216100135,15.612286630853456,0.15,1.4281926856466551,-0.10719530284404755,2.1795759702699393
129.53326177597046,6.113995216100135,15.612286630853456,0.15,1.4281926856466551,-0.10719530284404755,2.1795759702699393
129.56679677963257,6.113995216100135,15.612286630853456,0.15,1.4281926856466551,-0.10719530284404755,2.1795759702699393
129.5997598171234,6.320102354799737,15.461330418800822,0.15,1.4281926856466551,-0.08828458189964294,2.04984572250499
129.63346886634827,6.344333255189102,15.44140220399498,0.15,1.4298124693015342,-0.08265922963619232,2.032670409421267
129.66681957244873,6.344333255189102,15.44140220399498,0.15,1.4372597587127742,-0.0778084397315979,2.032670409421267
129.70019054412842,6.344333255189102,15.44140220399498,0.15,1.4372597587127742,-0.0721912533044815,2.032670409421267
129.73347282409668,6.452511429578128,15.347701212207616,0.15,1.4372597587127742,-0.06910351663827896,1.9513765082271317
129.76696467399597,6.452511429578128,15.347701212207616,0.15,1.441335207484908,-0.05820149555802345,1.9513765082271317
129.80011367797852,6.452511429578128,15.347701212207616,0.15,1.441335207484908,-0.05102730169892311,1.9513765082271317
129.83342719078064,6.558589354230521,15.249209996717713,0.15,1.441335207484908,-0.04550815373659134,1.8653986344386682
129.8667447566986,6.558589354230521,15.249209996717713,0.15,1.4487885071128113,-0.039653703570365906,1.8653986344386682
129.90001392364502,6.558589354230521,15.249209996717713,0.15,1.4487885071128113,-0.03242664039134979,1.8653986344386682
129.93599438667297,6.662567759273781,15.148007650081206,0.15,1.4487885071128113,-0.027866089716553688,1.776853374034901
129.96679520606995,6.662567759273781,15.148007650081206,0.15,1.4522620172386496,-0.027866089716553688,1.776853374034901
129.99995803833008,6.662567759273781,15.148007650081206,0.15,1.4522620172386496,-0.014835947193205357,1.776853374034901
130.03347373008728,6.764929831740167,15.045685288344458,0.15,1.4522620172386496,-0.0103406747803092,1.6872339143359754
130.0669183731079,6.764929831740167,15.045685288344458,0.15,1.4477564907856844,-0.004463621880859137,1.6872339143359754
130.1001753807068,6.764929831740167,15.045685288344458,0.15,1.4477564907856844,0.0026092338375747204,1.6872339143359754
130.13401198387146,6.764929831740167,15.045685288344458,0.15,1.4477564907856844,0.0026092338375747204,1.6872339143359754
130.16681909561157,6.764929831740167,15.045685288344458,0.15,1.4477564907856844,0.0026092338375747204,1.6872339143359754
130.20001864433289,6.962085044523608,14.847516131906824,0.15,1.4477564907856844,0.0026092338375747204,1.5103850310714955
130.2334418296814,6.97263987493079,14.836941664818738,0.15,1.4473956351890023,0.02839447744190693,1.5006888221273014
130.2668113708496,6.97263987493079,14.836941664818738,0.15,1.4437067870906921,0.03456725552678108,1.5006888221273014
130.30020260810852,6.97263987493079,14.836941664818738,0.15,1.4437067870906921,0.03456725552678108,1.5006888221273014
130.3335325717926,7.073846274762235,14.737507502006471,0.15,1.4437067870906921,0.04653610661625862,1.4095034586957824
130.3667697906494,7.073846274762235,14.737507502006471,0.15,1.4505441866361026,0.05265888199210167,1.4095034586957824
130.4001066684723,7.073846274762235,14.737507502006471,0.15,1.4505441866361026,0.05265888199210167,1.4095034586957824
130.43359756469727,7.185324284757003,14.633605707025858,0.15,1.4505441866361026,0.05967126786708832,1.314449587434491
130.4667956829071,7.185324284757003,14.633605707025858,0.15,1.4380578352887146,0.05967126786708832,1.314449587434491
130.50023245811462,7.185324284757003,14.633605707025858,0.15,1.4380578352887146,0.05967126786708832,1.314449587434491
130.5335168838501,7.288890461260184,14.543403200165267,0.15,1.4380578352887146,0.06757092475891113,1.23222255491343
130.56681990623474,7.288890461260184,14.543403200165267,0.15,1.442273735716083,0.06788443773984909,1.23222255491343
130.60010147094727,7.288890461260184,14.543403200165267,0.15,1.442273735716083,0.06788443773984909,1.23222255491343
130.63371515274048,7.404141827742221,14.450245663902828,0.15,1.442273735716083,0.068343386054039,1.147143589525612
130.66686534881592,7.404141827742221,14.450245663902828,0.15,1.4526214927616063,0.06942634284496307,1.147143589525612
130.70014786720276,7.404141827742221,14.450245663902828,0.15,1.4526214927616063,0.06942634284496307,1.147143589525612
130.7334475517273,7.52426433825869,14.360926708730107,0.15,1.4526214927616063,0.07015395909547806,1.0663766422909564
130.76661562919617,7.52426433825869,14.360926708730107,0.15,1.4514441658213277,0.07015395909547806,1.0663766422909564
130.80083632469177,7.52426433825869,14.360926708730107,0.15,1.4514441658213277,0.07015395909547806,1.0663766422909564
130.8335452079773,7.6483199510173945,14.276471821280545,0.15,1.4514441658213277,0.07015395909547806,0.9898948455396565
130.86671614646912,7.6483199510173945,14.276471821280545,0.15,1.4572944006515594,0.07015395909547806,0.9898948455396565
130.90011072158813,7.6483199510173945,14.276471821280545,0.15,1.4572944006515594,0.07015395909547806,0.9898948455396565
130.93366980552673,7.772742313423956,14.199250352824162,0.15,1.4572944006515594,0.07015395909547806,0.9208089250322954
130.96683168411255,7.772742313423956,14.199250352824162,0.15,1.460619400360296,0.07498908787965775,0.9208089250322954
131.00020718574524,7.772742313423956,14.199250352824162,0.15,1.460619400360296,0.06704862415790558,0.9208089250322954
131.0336947441101,7.8850057270932865,14.135356262472495,0.15,1.460619400360296,0.06747531145811081,0.863087089189062
131.06689357757568,7.8850057270932865,14.135356262472495,0.15,1.436128520242054,0.06762149930000305,0.863087089189062
131.10018968582153,7.8850057270932865,14.135356262472495,0.15,1.436128520242054,0.06762149930000305,0.863087089189062
131.13335919380188,8.028163292948054,14.060944946026833,0.15,1.436128520242054,0.0665101408958435,0.7951899356334604
131.16670441627502,8.028163292948054,14.060944946026833,0.15,1.4119291513004184,0.06650975346565247,0.7951899356334604
131.20018863677979,8.028163292948054,14.060944946026833,0.15,1.4119291513004184,0.06650975346565247,0.7951899356334604
131.23339128494263,8.158942703050434,13.999430811597614,0.15,1.4119291513004184,0.06551750004291534,0.737237367716085
131.26671051979065,8.158942703050434,13.999430811597614,0.15,1.4035873553564222,0.06494192779064178,0.737237367716085
131.3000988960266,8.158942703050434,13.999430811597614,0.15,1.4035873553564222,0.06494192779064178,0.737237367716085
131.33335781097412,8.290485187560613,13.943161130081222,0.15,1.4035873553564222,0.05882555991411209,0.6752498355593582
131.36677765846252,8.290485187560613,13.943161130081222,0.15,1.4038681178167451,0.05456991866230965,0.6752498355593582
131.40008687973022,8.290485187560613,13.943161130081222,0.15,1.4038681178167451,0.05456991866230965,0.6752498355593582
131.4333906173706,8.424018588419159,13.890807567575647,0.15,1.4038681178167451,0.04710722714662552,0.6094548568019271
131.46760392189026,8.424018588419159,13.890807567575647,0.15,1.409049865598902,0.04475333169102669,0.6094548568019271
131.50014758110046,8.424018588419159,13.890807567575647,0.15,1.409049865598902,0.04475333169102669,0.6094548568019271
131.5332372188568,8.566393265381485,13.839206840666064,0.15,1.409049865598902,0.04181326925754547,0.5383460161425611
131.56682801246643,8.566393265381485,13.839206840666064,0.15,1.4256820188701298,0.03762342408299446,0.5383460161425611
131.60009098052979,8.566393265381485,13.839206840666064,0.15,1.4256820188701298,0.03762342408299446,0.5383460161425611
131.636150598526,8.703547026311197,13.793026888211228,0.15,1.4256820188701298,0.035416003316640854,0.46915731081353074
131.66675353050232,8.703547026311197,13.793026888211228,0.15,1.4351364126014161,0.032012224197387695,0.46915731081353074
131.7000813484192,8.703547026311197,13.793026888211228,0.15,1.4351364126014161,0.032012224197387695,0.46915731081353074
131.73397016525269,8.843587634443612,13.748933638747106,0.15,1.4351364126014161,0.032012224197387695,0.3980599462917002
131.76684761047363,8.843587634443612,13.748933638747106,0.15,1.4307715375221988,0.025517940521240234,0.3980599462917002
131.80017137527466,8.843587634443612,13.748933638747106,0.15,1.4307715375221988,0.025517940521240234,0.3980599462917002
131.83367395401,8.843587634443612,13.748933638747106,0.15,1.4307715375221988,0.022392401471734047,0.3980599462917002
131.86682629585266,8.981493197317077,13.707838419609068,0.15,1.4307715375221988,0.012409960851073265,0.3275868829407975
131.90016102790833,8.981493197317077,13.707838419609068,0.15,1.4209909204002709,0.012409960851073265,0.3275868829407975
131.9335012435913,8.981493197317077,13.707838419609068,0.15,1.4209909204002709,0.012409960851073265,0.3275868829407975
131.96682333946228,9.118875654320531,13.668222154070024,0.15,1.4209909204002709,0.0048244246281683445,0.25527647492478206
132.00012350082397,9.118875654320531,13.668222154070024,0.15,1.407300690919707,0.0048244246281683445,0.25527647492478206
132.03356385231018,9.118875654320531,13.668222154070024,0.15,1.407300690919707,0.0048244246281683445,0.25527647492478206
132.06677889823914,9.256671412193215,13.62896005271259,0.15,1.407300690919707,-0.001945340191014111,0.18272693344149532
132.10015416145325,9.256671412193215,13.62896005271259,0.15,1.3944499012003093,-0.001945340191014111,0.18272693344149532
132.13396096229553,9.352932847734573,13.601489739290324,0.15,1.3944499012003093,-0.0072433799505233765,0.1313932991600299
132.16681599617004,9.352932847734573,13.601489739290324,0.15,1.4006974972860982,-0.01000902522355318,0.1313932991600299
132.20016598701477,9.352932847734573,13.601489739290324,0.15,1.4006974972860982,-0.01000902522355318,0.1313932991600299
132.23351669311523,9.352932847734573,13.601489739290324,0.15,1.4006974972860982,-0.01000902522355318,0.1313932991600299
132.2668297290802,9.534398229576803,13.548612287903431,0.15,1.4006974972860982,-0.015555758029222488,0.02699863082058523
132.30016207695007,9.534398229576803,13.548612287903431,0.15,1.4166746427656602,-0.017139334231615067,0.02699863082058523
132.33343315124512,9.614254720894978,13.524704453907418,0.15,1.4166746427656602,-0.01805139146745205,0.01776544808524642
132.3668372631073,9.614254720894978,13.524704453907418,0.15,1.4235776957882358,-0.01805139146745205,0.01776544808524642
132.40012431144714,9.614254720894978,13.524704453907418,0.15,1.4235776957882358,-0.01805139146745205,0.01776544808524642
132.43351793289185,9.614254720894978,13.524704453907418,0.15,1.4235776957882358,-0.01805139146745205,0.01776544808524642
132.4667296409607,9.819837682640946,13.460726877767026,0.15,1.4235776957882358,-0.01989086903631687,0.13612299145145615
132.50005221366882,9.819837682640946,13.460726877767026,0.15,1.4388978850031482,-0.020521169528365135,0.13612299145145615
132.53359293937683,9.890497561336087,13.437882463699111,0.15,1.4388978850031482,-0.020606793463230133,0.17765454350637813
132.5669252872467,9.890497561336087,13.437882463699111,0.15,1.4478441566170257,-0.02081253193318844,0.17765454350637813
132.60008311271667,9.890497561336087,13.437882463699111,0.15,1.4478441566170257,-0.02081253193318844,0.17765454350637813
132.63347816467285,9.890497561336087,13.437882463699111,0.15,1.4478441566170257,-0.02081253193318844,0.17765454350637813
132.66660261154175,10.094413570169179,13.369310528817646,0.15,1.4478441566170257,-0.01792741008102894,0.3000679699448592
132.7001130580902,10.094413570169179,13.369310528817646,0.15,1.4355026466308738,-0.016151750460267067,0.3000679699448592
132.73338913917542,10.16236335225778,13.345625769844018,0.15,1.4355026466308738,-0.01643516682088375,0.3406787976031596
132.76666522026062,10.16236335225778,13.345625769844018,0.15,1.4358524940437036,-0.015601171180605888,0.3406787976031596
132.79988932609558,10.16236335225778,13.345625769844018,0.15,1.4358524940437036,-0.013398769311606884,0.3406787976031596
132.83342695236206,10.297312392898078,13.297678361119152,0.15,1.4358524940437036,-0.013550706207752228,0.4219442476103218
132.86667776107788,10.297312392898078,13.297678361119152,0.15,1.435629538061358,-0.012486940249800682,0.4219442476103218
132.9002161026001,10.297312392898078,13.297678361119152,0.15,1.435629538061358,-0.011152500286698341,0.4219442476103218
132.93347573280334,10.434280204918064,13.247947395902065,0.15,1.435629538061358,-0.00985065195709467,0.5017984736800798
132.96674942970276,10.434280204918064,13.247947395902065,0.15,1.405607985236651,-0.008538705296814442,0.5017984736800798
133.0001151561737,10.434280204918064,13.247947395902065,0.15,1.405607985236651,-0.007505160756409168,0.5017984736800798
133.0334656238556,10.560778313622743,13.201281876281868,0.15,1.405607985236651,-0.006458865012973547,0.57359838721086
133.06704592704773,10.560778313622743,13.201281876281868,0.15,1.3970869905885095,0.0021461446303874254,0.57359838721086
133.10024857521057,10.560778313622743,13.201281876281868,0.15,1.3970869905885095,0.003717832500115037,0.57359838721086
133.13339614868164,10.692597980200325,13.152510578273398,0.15,1.3970869905885095,0.005072725471109152,0.6440855423301957
133.16681241989136,10.692597980200325,13.152510578273398,0.15,1.4063211441071983,0.006430310197174549,0.6440855423301957
133.20017385482788,10.692597980200325,13.152510578273398,0.15,1.4063211441071983,0.006430310197174549,0.6440855423301957
133.23349785804749,10.692597980200325,13.152510578273398,0.15,1.4063211441071983,0.006430310197174549,0.6440855423301957
133.26686429977417,10.692597980200325,13.152510578273398,0.15,1.4063211441071983,0.006430310197174549,0.6440855423301957
133.30005025863647,10.91341862141565,13.071802447823561,0.15,1.4063211441071983,0.009071030654013157,0.7221814614785692
133.33370542526245,10.960124874191107,13.05493354659363,0.15,1.42006720580826,0.009509371593594551,0.7374150083736064
133.36693787574768,10.960124874191107,13.05493354659363,0.15,1.4192635274561427,0.009803232736885548,0.7374150083736064
133.40016770362854,10.960124874191107,13.05493354659363,0.15,1.4192635274561427,0.009546235203742981,0.7374150083736064
133.43351340293884,10.960124874191107,13.05493354659363,0.15,1.4192635274561427,0.009546235203742981,0.7374150083736064
133.46685910224915,10.960124874191107,13.05493354659363,0.15,1.4192635274561427,0.009546235203742981,0.7374150083736064
133.49990940093994,11.185702083153476,12.97481645740745,0.15,1.4192635274561427,0.004037637263536453,0.8077237947678662
133.533677816391,11.229114572585347,12.959632493797532,0.15,1.4255180846335207,0.0039002583362162113,0.8211688535637949
133.5668158531189,11.229114572585347,12.959632493797532,0.15,1.4140972961230576,0.0039002583362162113,0.8211688535637949
133.60016417503357,11.229114572585347,12.959632493797532,0.15,1.4140972961230576,0.0008869163575582206,0.8211688535637949
133.63345432281494,11.360869008034374,12.913639039908958,0.15,1.4140972961230576,0.0006336545920930803,0.8614165258971789
133.66674065589905,11.360869008034374,12.913639039908958,0.15,1.4087256782495872,-0.0008564038434997201,0.8614165258971789
133.70011615753174,11.360869008034374,12.913639039908958,0.15,1.4087256782495872,-0.0008564038434997201,0.8614165258971789
133.73350381851196,11.360869008034374,12.913639039908958,0.15,1.4087256782495872,-0.0008564038434997201,0.8614165258971789
133.7668433189392,11.360869008034374,12.913639039908958,0.15,1.4087256782495872,-0.0008564038434997201,0.8614165258971789
133.79981565475464,11.592010177317313,12.832749592743818,0.15,1.4087256782495872,-0.007117037661373615,0.93771157685738
133.8335201740265,11.623111189870253,12.821814075347564,0.15,1.3897641092205315,-0.00911647453904152,0.9488207905045025
133.86680221557617,11.623111189870253,12.821814075347564,0.15,1.376942175339756,-0.011256956495344639,0.9488207905045025
133.90015625953674,11.623111189870253,12.821814075347564,0.15,1.376942175339756,-0.014711380004882812,0.9488207905045025
133.93346762657166,11.754649772805374,12.774904092721458,0.15,1.376942175339756,-0.017133545130491257,0.9982110679734106
133.9667637348175,11.754649772805374,12.774904092721458,0.15,1.3780977571030741,-0.01973152533173561,0.9982110679734106
134.00017762184143,11.754649772805374,12.774904092721458,0.15,1.3780977571030741,-0.01973152533173561,0.9982110679734106
134.03418445587158,11.754649772805374,12.774904092721458,0.15,1.3780977571030741,-0.01973152533173561,0.9982110679734106
134.06675362586975,11.754649772805374,12.774904092721458,0.15,1.3780977571030741,-0.01973152533173561,0.9982110679734106
134.09997534751892,11.98960057083859,12.687154771372679,0.15,1.3780977571030741,-0.02717878296971321,1.078412932666288
134.13364481925964,12.018544862129696,12.67592496740502,0.15,1.3743103440054285,-0.029828228056430817,1.0895308011514089
134.16692805290222,12.018544862129696,12.67592496740502,0.15,1.3834054315760322,-0.03217187896370888,1.0895308011514089
134.2001736164093,12.018544862129696,12.67592496740502,0.15,1.3834054315760322,-0.03443877026438713,1.0895308011514089
134.23349118232727,12.140067115421488,12.627293752883372,0.15,1.3834054315760322,-0.03657900169491768,1.140665851207263
134.2667908668518,12.140067115421488,12.627293752883372,0.15,1.3904424876333779,-0.038666751235723495,1.140665851207263
134.30009150505066,12.140067115421488,12.627293752883372,0.15,1.3904424876333779,-0.04202527552843094,1.140665851207263
134.33344078063965,12.26980381953526,12.572294093086933,0.15,1.3904424876333779,-0.044271115213632584,1.2033739937111039
134.36653757095337,12.26980381953526,12.572294093086933,0.15,1.4101259107410595,-0.044271115213632584,1.2033739937111039
134.40010595321655,12.26980381953526,12.572294093086933,0.15,1.4101259107410595,-0.04813467711210251,1.2033739937111039
134.43356776237488,12.398155194940356,12.514095673088576,0.15,1.4101259107410595,-0.049669355154037476,1.2746362022251503
134.46688055992126,12.398155194940356,12.514095673088576,0.15,1.4145424316789865,-0.05101543292403221,1.2746362022251503
134.49993896484375,12.398155194940356,12.514095673088576,0.15,1.4145424316789865,-0.05272211506962776,1.2746362022251503
134.53494548797607,12.525410365301708,12.452082754004438,0.15,1.4145424316789865,-0.05298440158367157,1.354576833302981
134.56695866584778,12.525410365301708,12.452082754004438,0.15,1.408757159283293,-0.05298440158367157,1.354576833302981
134.60011267662048,12.525410365301708,12.452082754004438,0.15,1.408757159283293,-0.054426420480012894,1.354576833302981
134.6334044933319,12.65517478508561,12.383945149591984,0.15,1.408757159283293,-0.05505812168121338,1.446263408111527
134.66676306724548,12.65517478508561,12.383945149591984,0.15,1.4001973937641976,-0.055222947150468826,1.446263408111527
134.7001838684082,12.65517478508561,12.383945149591984,0.15,1.4001973937641976,-0.055222947150468826,1.446263408111527
134.73358154296875,12.772075947872496,12.31801955389076,0.15,1.4001973937641976,-0.05448472872376442,1.537527493216182
134.766765832901,12.772075947872496,12.31801955389076,0.15,1.3971709243861818,-0.055134695023298264,1.537527493216182
134.80010771751404,12.772075947872496,12.31801955389076,0.15,1.3971709243861818,-0.055134695023298264,1.537527493216182
134.833575963974,12.895034401663306,12.243753290579386,0.15,1.3971709243861818,-0.05554751306772232,1.642205086195172
134.86684203147888,12.895034401663306,12.243753290579386,0.15,1.3991079198697085,-0.055887751281261444,1.642205086195172
134.90001797676086,12.895034401663306,12.243753290579386,0.15,1.3991079198697085,-0.055810876190662384,1.642205086195172
134.93343782424927,13.011673645264862,12.168350933575216,0.15,1.3991079198697085,-0.056396469473838806,1.7430231761188335
134.96681761741638,13.011673645264862,12.168350933575216,0.15,1.4076920498073835,-0.056396469473838806,1.7430231761188335
135.00018620491028,13.011673645264862,12.168350933575216,0.15,1.4076920498073835,-0.057553522288799286,1.7430231761188335
135.03344130516052,13.125562862726238,12.089681284081685,0.15,1.4076920498073835,-0.058974575251340866,1.6438020628248267
135.06685185432434,13.125562862726238,12.089681284081685,0.15,1.420625428322958,-0.060527559369802475,1.6438020628248267
135.1003701686859,13.125562862726238,12.089681284081685,0.15,1.420625428322958,-0.060527559369802475,1.6438020628248267
135.13372588157654,13.249554363416198,11.997588641275822,0.15,1.420625428322958,-0.06006256118416786,1.5349939263354608
135.16704559326172,13.249554363416198,11.997588641275822,0.15,1.432659452627698,-0.06271412968635559,1.5349939263354608
135.20011734962463,13.249554363416198,11.997588641275822,0.15,1.432659452627698,-0.0648888498544693,1.5349939263354608
135.23341512680054,13.355952220015624,11.912445154691087,0.15,1.432659452627698,-0.0681692585349083,1.4407888340991266
135.26688861846924,13.355952220015624,11.912445154691087,0.15,1.4378585525486356,-0.0681692585349083,1.4407888340991266
135.3000557422638,13.355952220015624,11.912445154691087,0.15,1.4378585525486356,-0.0681692585349083,1.4407888340991266
135.33371996879578,13.467099988279358,11.81623069096833,0.15,1.4378585525486356,-0.07885479927062988,1.341770678330137
135.3668565750122,13.467099988279358,11.81623069096833,0.15,1.4358604299880058,-0.08291944116353989,1.341770678330137
135.40011358261108,13.467099988279358,11.81623069096833,0.15,1.4358604299880058,-0.08641611784696579,1.341770678330137
135.43358516693115,13.566622065467653,11.72201799893972,0.15,1.4358604299880058,-0.08986088633537292,1.2524573421255898
135.46675324440002,13.566622065467653,11.72201799893972,0.15,1.4349425152363466,-0.09260016679763794,1.2524573421255898
135.5000011920929,13.566622065467653,11.72201799893972,0.15,1.4349425152363466,-0.09487131983041763,1.2524573421255898
135.53355836868286,13.673140322168896,11.610193823709235,0.15,1.4349425152363466,-0.09238407015800476,1.156475846385766
135.56702303886414,13.673140322168896,11.610193823709235,0.15,1.445002418598495,-0.09632498770952225,1.156475846385766
135.6000907421112,13.673140322168896,11.610193823709235,0.15,1.445002418598495,-0.09999221563339233,1.156475846385766
135.63359379768372,13.75994441101103,11.508465268490253,0.15,1.445002418598495,-0.10439537465572357,1.0778586490554936
135.66702842712402,13.75994441101103,11.508465268490253,0.15,1.441238947752719,-0.10439537465572357,1.0778586490554936
135.70027589797974,13.75994441101103,11.508465268490253,0.15,1.441238947752719,-0.10439537465572357,1.0778586490554936
135.73330903053284,13.85450985352718,11.383166039472208,0.15,1.441238947752719,-0.11307389289140701,0.991826993059393
135.76693534851074,13.85450985352718,11.383166039472208,0.15,1.4442839129328187,-0.11502576619386673,0.991826993059393
135.80018186569214,13.85450985352718,11.383166039472208,0.15,1.4442839129328187,-0.11528725177049637,0.991826993059393
135.83347415924072,13.928751104680194,11.270419218709446,0.15,1.4442839129328187,-0.11517263948917389,0.9243790453362666
135.8671679496765,13.928751104680194,11.270419218709446,0.15,1.441755591550604,-0.11298336833715439,0.9243790453362666
135.9001796245575,13.928751104680194,11.270419218709446,0.15,1.441755591550604,-0.10817758738994598,0.9243790453362666
135.93347120285034,14.003937184787949,11.139077232243789,0.15,1.441755591550604,-0.10275720059871674,0.8553556513295438
135.96687602996826,14.003937184787949,11.139077232243789,0.15,1.4396065183757214,-0.09952913969755173,0.8553556513295438
136.00016951560974,14.003937184787949,11.139077232243789,0.15,1.4396065183757214,-0.09741350263357162,0.8553556513295438
136.03365302085876,14.064057609948003,11.01843015898364,0.15,1.4396065183757214,-0.09700465947389603,0.8000184964922094
136.06696915626526,14.064057609948003,11.01843015898364,0.15,1.4472324003227939,-0.09700465947389603,0.8000184964922094
136.10045456886292,14.064057609948003,11.01843015898364,0.15,1.4472324003227939,-0.0934479832649231,0.8000184964922094
136.13351559638977,14.121717768564528,10.885877776687204,0.15,1.4472324003227939,-0.09312321245670319,0.7471100943771257
136.16703510284424,14.121717768564528,10.885877776687204,0.15,1.4503322791366757,-0.09202857315540314,0.7471100943771257
136.2002694606781,14.121717768564528,10.885877776687204,0.15,1.4503322791366757,-0.09202857315540314,0.7471100943771257
136.2335650920868,14.121717768564528,10.885877776687204,0.15,1.4503322791366757,-0.09202857315540314,0.7471100943771257
136.2669517993927,14.187644780601518,10.704910863081414,0.15,1.4503322791366757,-0.08428516983985901,0.6846566441657654
136.30026030540466,14.187644780601518,10.704910863081414,0.15,1.4501921026178044,-0.07806413620710373,0.6846566441657654
136.33375549316406,14.216490634791501,10.611631120061435,0.15,1.4501921026178044,-0.07582792639732361,0.6571474401535942
136.36691617965698,14.216490634791501,10.611631120061435,0.15,1.4414875689031252,-0.07216602563858032,0.6571474401535942
136.40022134780884,14.216490634791501,10.611631120061435,0.15,1.4414875689031252,-0.07216602563858032,0.6571474401535942
136.4337329864502,14.216490634791501,10.611631120061435,0.15,1.4414875689031252,-0.07216602563858032,0.6571474401535942
136.46685099601746,14.266855875678488,10.420148608120314,0.15,1.4414875689031252,-0.0741613507270813,0.6091701993338393
136.5002977848053,14.266855875678488,10.420148608120314,0.15,1.437123951897944,-0.08086271584033966,0.6091701993338393
136.53366255760193,14.285985861682537,10.332643151367899,0.15,1.437123951897944,-0.08380763977766037,0.5912413799382423
136.5679407119751,14.285985861682537,10.332643151367899,0.15,1.4336750405851657,-0.08597290515899658,0.5912413799382423
136.60244393348694,14.285985861682537,10.332643151367899,0.15,1.4336750405851657,-0.08597290515899658,0.5912413799382423
136.6340456008911,14.285985861682537,10.332643151367899,0.15,1.4336750405851657,-0.08597290515899658,0.5912413799382423
136.66682481765747,14.319989482594389,10.12967467251845,0.15,1.4336750405851657,-0.0941072329878807,0.5595053180672788
136.7001576423645,14.319989482594389,10.12967467251845,0.15,1.4350795183297278,-0.0962948426604271,0.5595053180672788
136.73365449905396,14.329320475600104,10.049373774319024,0.15,1.4350795183297278,-0.10058125108480453,0.5509390180635725
136.76686453819275,14.329320475600104,10.049373774319024,0.15,1.444425102850201,-0.10396835952997208,0.5509390180635725
136.8002781867981,14.329320475600104,10.049373774319024,0.15,1.444425102850201,-0.10396835952997208,0.5509390180635725
136.83363819122314,14.329320475600104,10.049373774319024,0.15,1.444425102850201,-0.10396835952997208,0.5509390180635725
136.86683320999146,14.34354199094019,9.827525703493865,0.15,1.444425102850201,-0.08065906167030334,0.540396195576443
136.90024185180664,14.34354199094019,9.827525703493865,0.15,1.4558376915809423,-0.08714365214109421,0.540396195576443
136.9335958957672,14.344634812928419,9.758166682321312,0.15,1.4558376915809423,-0.08414264023303986,0.5400258910413598
136.96677494049072,14.344634812928419,9.758166682321312,0.15,1.4611156185944407,-0.0880485326051712,0.5400258910413598
137.0002782344818,14.344634812928419,9.758166682321312,0.15,1.4611156185944407,-0.0880485326051712,0.5400258910413598
137.03363633155823,14.344634812928419,9.758166682321312,0.15,1.4611156185944407,-0.0880485326051712,0.5400258910413598
137.06694960594177,14.33690781265265,9.534342800731409,0.15,1.4611156185944407,-0.09827771037817001,0.5529263597551507
137.1001513004303,14.33690781265265,9.534342800731409,0.15,1.4609189200066568,-0.09816034883260727,0.5529263597551507
137.1334867477417,14.330554198773097,9.461491173573817,0.15,1.4609189200066568,-0.10057883709669113,0.5618946424558487
137.1667652130127,14.330554198773097,9.461491173573817,0.15,1.4630064734344608,-0.10139776766300201,0.5618946424558487
137.20014643669128,14.330554198773097,9.461491173573817,0.15,1.4630064734344608,-0.10139776766300201,0.5618946424558487
137.2335183620453,14.330554198773097,9.461491173573817,0.15,1.4630064734344608,-0.10139776766300201,0.5618946424558487
137.26677703857422,14.29771965439353,9.237729131059835,0.15,1.4630064734344608,-0.10119936615228653,0.6026167241837177
137.30014181137085,14.29771965439353,9.237729131059835,0.15,1.464000404423218,-0.10426239669322968,0.6026167241837177
137.33343529701233,14.285481612826523,9.178203082330207,0.15,1.464000404423218,-0.10118161886930466,0.6174177843457221
137.36686301231384,14.285481612826523,9.178203082330207,0.15,1.4643249194804109,-0.10130114108324051,0.6174177843457221
137.4001076221466,14.285481612826523,9.178203082330207,0.15,1.4643249194804109,-0.10329882055521011,0.6174177843457221
137.4333143234253,14.250479202921769,9.037804097925338,0.15,1.4643249194804109,-0.10053230822086334,0.6598288832448497
137.466810464859,14.250479202921769,9.037804097925338,0.15,1.4395383746357773,-0.09910716116428375,0.6598288832448497
137.50016522407532,14.250479202921769,9.037804097925338,0.15,1.4395383746357773,-0.09910716116428375,0.6598288832448497
137.53349804878235,14.250479202921769,9.037804097925338,0.15,1.4395383746357773,-0.09910716116428375,0.6598288832448497
137.56687760353088,14.250479202921769,9.037804097925338,0.15,1.4395383746357773,-0.09910716116428375,0.6598288832448497
137.60010981559753,14.177003461338682,8.81402594728919,0.15,1.4395383746357773,-0.07622887194156647,0.7458665306866463
137.63364791870117,14.156824898887743,8.761892188721568,0.15,1.4344264842041974,-0.07115255296230316,0.769339754056097
137.6668610572815,14.156824898887743,8.761892188721568,0.15,1.4399675767191193,-0.0645364299416542,0.769339754056097
137.7000949382782,14.156824898887743,8.761892188721568,0.15,1.4399675767191193,-0.0645364299416542,0.769339754056097
137.73355913162231,14.156824898887743,8.761892188721568,0.15,1.4399675767191193,-0.0645364299416542,0.769339754056097
137.7668650150299,14.156824898887743,8.761892188721568,0.15,1.4399675767191193,-0.0645364299416542,0.769339754056097
137.7998707294464,14.06194776621502,8.542214445292126,0.15,1.4399675767191193,-0.025472894310951233,0.8788123724899471
137.83349919319153,14.042914389642098,8.501785041306826,0.15,1.442422758129383,-0.021817920729517937,0.900959164722105
137.86683773994446,14.042914389642098,8.501785041306826,0.15,1.4517942302936182,-0.005141731351613998,0.900959164722105
137.9001624584198,14.042914389642098,8.501785041306826,0.15,1.4517942302936182,-0.005141731351613998,0.900959164722105
137.93348670005798,14.042914389642098,8.501785041306826,0.15,1.4517942302936182,-0.005141731351613998,0.900959164722105
137.96678233146667,14.042914389642098,8.501785041306826,0.15,1.4517942302936182,-0.005141731351613998,0.900959164722105
137.99991250038147,13.934539547052525,8.270698768252165,0.15,1.4517942302936182,0.052338410168886185,0.9831165581544957
138.03339767456055,13.919128519135144,8.237191018472549,0.15,1.461407681530179,0.06215311959385872,0.9621460127345718
138.06680536270142,13.919128519135144,8.237191018472549,0.15,1.446077711287761,0.06657581776380539,0.9621460127345718
138.10014033317566,13.919128519135144,8.237191018472549,0.15,1.446077711287761,0.07923498749732971,0.9621460127345718
138.13356399536133,13.859511118866381,8.09769434516614,0.15,1.446077711287761,0.09065056592226028,0.883036599825439
138.16687035560608,13.859511118866381,8.09769434516614,0.15,1.4276705316547809,0.10281650722026825,0.883036599825439
138.20007467269897,13.859511118866381,8.09769434516614,0.15,1.4276705316547809,0.10281650722026825,0.883036599825439
138.2332465648651,13.81122024960329,7.9649973507753575,0.15,1.4276705316547809,0.1243392825126648,0.8207841623816201
138.26686692237854,13.81122024960329,7.9649973507753575,0.15,1.4095962396449102,0.13507117331027985,0.8207841623816201
138.3000931739807,13.81122024960329,7.9649973507753575,0.15,1.4095962396449102,0.1454242765903473,0.8207841623816201
138.3335165977478,13.77395545581102,7.834932745185367,0.15,1.4095962396449102,0.15539689362049103,0.7696778010938778
138.3668191432953,13.77395545581102,7.834932745185367,0.15,1.3945799756253543,0.16537299752235413,0.7696778010938778
138.4000551700592,13.77395545581102,7.834932745185367,0.15,1.3945799756253543,0.18147581815719604,0.7696778010938778
138.43349289894104,13.748202802866166,7.702716424541996,0.15,1.3945799756253543,0.1800609678030014,0.7301445192580084
138.4668517112732,13.748202802866166,7.702716424541996,0.15,1.3962118450453374,0.16880077123641968,0.7301445192580084
138.5000922679901,13.748202802866166,7.702716424541996,0.15,1.3962118450453374,0.17319051921367645,0.7301445192580084
138.533447265625,13.734671412362045,7.562769889996768,0.15,1.3962118450453374,0.17907264828681946,0.7058574001066872
138.56698179244995,13.734671412362045,7.562769889996768,0.15,1.4061843177259614,0.18402191996574402,0.7058574001066872
138.60028266906738,13.734671412362045,7.562769889996768,0.15,1.4061843177259614,0.1951034963130951,0.7058574001066872
138.6333179473877,13.73580838249906,7.416447032648714,0.15,1.4061843177259614,0.19966593384742737,0.6992002611787874
138.66682958602905,13.73580838249906,7.416447032648714,0.15,1.4234197452725472,0.2108173668384552,0.6992002611787874
138.70027351379395,13.73580838249906,7.416447032648714,0.15,1.4234197452725472,0.2266233116388321,0.6992002611787874
138.73337292671204,13.75328145932374,7.278857380256954,0.15,1.4234197452725472,0.23727655410766602,0.7132302320656011
138.7668628692627,13.75328145932374,7.278857380256954,0.15,1.4280102172109626,0.24380111694335938,0.7132302320656011
138.8001308441162,13.75328145932374,7.278857380256954,0.15,1.4280102172109626,0.24380111694335938,0.7132302320656011
138.83349514007568,13.789697996010247,7.140723190060705,0.15,1.4280102172109626,0.24380111694335938,0.7480406816793862
138.86677742004395,13.789697996010247,7.140723190060705,0.15,1.4279229501870263,0.24380111694335938,0.7480406816793862
138.9001226425171,13.789697996010247,7.140723190060705,0.15,1.4279229501870263,0.24380111694335938,0.7480406816793862
138.9335663318634,13.845409576497735,7.007760691603104,0.15,1.4279229501870263,0.24380111694335938,0.804678052715154
138.96680307388306,13.845409576497735,7.007760691603104,0.15,1.4199571579207095,0.24380111694335938,0.804678052715154
139.00010108947754,13.845409576497735,7.007760691603104,0.15,1.4199571579207095,0.24380111694335938,0.804678052715154
139.03358149528503,13.919841619420845,6.882759590014882,0.15,1.4199571579207095,0.24380111694335938,0.8816498274270046
139.07011795043945,13.919841619420845,6.882759590014882,0.15,1.403820361395826,0.24380111694335938,0.8816498274270046
139.101989030838,13.919841619420845,6.882759590014882,0.15,1.403820361395826,0.24380111694335938,0.8816498274270046
139.13365960121155,14.010872894677037,6.769690664932257,0.15,1.403820361395826,0.24380111694335938,0.9758786069817403
139.16680264472961,14.010872894677037,6.769690664932257,0.15,1.4043263360918636,0.24380111694335938,0.9758786069817403
139.19992446899414,14.010872894677037,6.769690664932257,0.15,1.4043263360918636,0.24380111694335938,0.9758786069817403
139.2331621646881,14.104111517342806,6.681012201417663,0.15,1.4043263360918636,0.24380111694335938,0.9465473601049377
139.26679301261902,14.104111517342806,6.681012201417663,0.15,1.4031954357337435,0.24380111694335938,0.9465473601049377
139.300030708313,14.104111517342806,6.681012201417663,0.15,1.4031954357337435,0.24380111694335938,0.9465473601049377
139.33342456817627,14.21655821584357,6.5989229275992525,0.15,1.4031954357337435,0.24380111694335938,0.8384863015532309
139.3667914867401,14.21655821584357,6.5989229275992525,0.15,1.4004130284379634,0.24380111694335938,0.8384863015532309
139.4001760482788,14.21655821584357,6.5989229275992525,0.15,1.4004130284379634,0.24380111694335938,0.8384863015532309
139.43366861343384,14.348944079378791,6.528229183194251,0.15,1.4004130284379634,0.24380111694335938,0.7093005522457357
139.46659350395203,14.348944079378791,6.528229183194251,0.15,1.4105358130345698,0.24380111694335938,0.7093005522457357
139.50020503997803,14.348944079378791,6.528229183194251,0.15,1.4105358130345698,0.24380111694335938,0.7093005522457357
139.5334017276764,14.473025885320512,6.482411401277753,0.15,1.4105358130345698,0.24380111694335938,0.5875217478003929
139.56691694259644,14.473025885320512,6.482411401277753,0.15,1.4113352856929227,0.24380111694335938,0.5875217478003929
139.60018181800842,14.473025885320512,6.482411401277753,0.15,1.4113352856929227,0.24380111694335938,0.5875217478003929
139.63359594345093,14.619320257474701,6.450141747682329,0.15,1.4113352856929227,0.24380111694335938,0.44292890211700664
139.6667537689209,14.619320257474701,6.450141747682329,0.15,1.4153102372464448,0.24380111694335938,0.44292890211700664
139.7001087665558,14.619320257474701,6.450141747682329,0.15,1.4153102372464448,0.24380111694335938,0.44292890211700664
139.73338675498962,14.763267889399541,6.439379705475235,0.15,1.4153102372464448,0.24380111694335938,0.29976284599889097
139.7668581008911,14.763267889399541,6.439379705475235,0.15,1.4181686197836878,0.24380111694335938,0.29976284599889097
139.80009698867798,14.763267889399541,6.439379705475235,0.15,1.4181686197836878,0.24380111694335938,0.29976284599889097
139.83340334892273,14.91870724828459,6.4503992968757995,0.15,1.4181686197836878,0.24380111694335938,0.1439512851168065
139.86671948432922,14.91870724828459,6.4503992968757995,0.15,1.4091510667088265,0.24380111694335938,0.1439512851168065
139.9001305103302,14.91870724828459,6.4503992968757995,0.15,1.4091510667088265,0.24380111694335938,0.1439512851168065
139.9335060119629,15.03904863449416,6.4755198761422905,0.15,1.4091510667088265,0.24380111694335938,0.025844262908347466
139.96678733825684,15.03904863449416,6.4755198761422905,0.15,1.3980173047068556,0.24380111694335938,0.025844262908347466
140.00010085105896,15.03904863449416,6.4755198761422905,0.15,1.3980173047068556,0.24380111694335938,0.025844262908347466
140.03340244293213,15.162173058052892,6.517460451156861,0.15,1.3980173047068556,0.24380111694335938,0.08318210905690611
140.06682062149048,15.162173058052892,6.517460451156861,0.15,1.3869059071082195,0.24320288002490997,0.08318210905690611
140.1001057624817,15.162173058052892,6.517460451156861,0.15,1.3869059071082195,0.24320288002490997,0.08318210905690611
140.13346004486084,15.298152588416508,6.585272349324624,0.15,1.3869059071082195,0.23896951973438263,0.22167397478888065
140.16677069664001,15.298152588416508,6.585272349324624,0.15,1.3871739764367275,0.23110437393188477,0.22167397478888065
140.19979882240295,15.298152588416508,6.585272349324624,0.15,1.3871739764367275,0.22998355329036713,0.22167397478888065
140.23336005210876,15.402185881314571,6.655079330598015,0.15,1.3871739764367275,0.22383002936840057,0.32876262789835664
140.26669907569885,15.402185881314571,6.655079330598015,0.15,1.3968544295116818,0.22407394647598267,0.32876262789835664
140.30003261566162,15.402185881314571,6.655079330598015,0.15,1.3968544295116818,0.22241944074630737,0.32876262789835664
140.3332290649414,15.509514674929308,6.747412556494199,0.15,1.3968544295116818,0.21618953347206116,0.4390218099051712
140.36668062210083,15.509514674929308,6.747412556494199,0.15,1.3998795517928853,0.21593165397644043,0.4390218099051712
140.40014958381653,15.509514674929308,6.747412556494199,0.15,1.3998795517928853,0.21593165397644043,0.4390218099051712
140.43351078033447,15.509514674929308,6.747412556494199,0.15,1.3998795517928853,0.21593165397644043,0.4390218099051712
140.4667947292328,15.630434930601657,6.8850980013915555,0.15,1.3998795517928853,0.20593827962875366,0.5663462441782349
140.50011348724365,15.630434930601657,6.8850980013915555,0.15,1.4036650003928266,0.20593827962875366,0.5663462441782349
140.5336720943451,15.630434930601657,6.8850980013915555,0.15,1.4036650003928266,0.20593827962875366,0.5663462441782349
140.56686902046204,15.709644222517486,7.004721179260137,0.15,1.4036650003928266,0.19021545350551605,0.6516628254978937
140.60010027885437,15.709644222517486,7.004721179260137,0.15,1.4028934635311872,0.19021545350551605,0.6516628254978937
140.63346028327942,15.709644222517486,7.004721179260137,0.15,1.4028934635311872,0.19021545350551605,0.6516628254978937
140.66686868667603,15.77494199528566,7.132412216633404,0.15,1.4028934635311872,0.17700938880443573,0.7244840061943129
140.7002363204956,15.77494199528566,7.132412216633404,0.15,1.4102159935419731,0.17270320653915405,0.7244840061943129
140.73318123817444,15.809154542129905,7.216051798580432,0.15,1.4102159935419731,0.1655886322259903,0.7637475724204642
140.76683712005615,15.809154542129905,7.216051798580432,0.15,1.4032585448754535,0.1655886322259903,0.7637475724204642
140.8001172542572,15.809154542129905,7.216051798580432,0.15,1.4032585448754535,0.1655886322259903,0.7637475724204642
140.83347082138062,15.809154542129905,7.216051798580432,0.15,1.4032585448754535,0.1655886322259903,0.7637475724204642
140.8667073249817,15.86628260136403,7.404311988162749,0.15,1.4032585448754535,0.15159858763217926,0.8335973701874196
140.9000961780548,15.86628260136403,7.404311988162749,0.15,1.3889327719296907,0.15159858763217926,0.8335973701874196
140.93344354629517,15.86628260136403,7.404311988162749,0.15,1.3889327719296907,0.15159858763217926,0.8335973701874196
140.96668577194214,15.893229861581553,7.543351860870398,0.15,1.3889327719296907,0.12230921536684036,0.8702353008644774
140.9999237060547,15.893229861581553,7.543351860870398,0.15,1.385601411741056,0.12230921536684036,0.8702353008644774
141.03350806236267,15.893229861581553,7.543351860870398,0.15,1.385601411741056,0.12230921536684036,0.8702353008644774
141.06667160987854,15.910032036546209,7.683473213195119,0.15,1.385601411741056,0.10876352339982986,0.8976256753290942
141.1000361442566,15.910032036546209,7.683473213195119,0.15,1.3845041765248858,0.10247855633497238,0.8976256753290942
141.13338923454285,15.91546510272166,7.7583609019032025,0.15,1.3845041765248858,0.10049527138471603,0.9086874855257588
141.16672086715698,15.91546510272166,7.7583609019032025,0.15,1.391116257698278,0.0963151827454567,0.9086874855257588
141.20005178451538,15.91546510272166,7.7583609019032025,0.15,1.391116257698278,0.0963151827454567,0.9086874855257588
141.23343873023987,15.91546510272166,7.7583609019032025,0.15,1.391116257698278,0.0963151827454567,0.9086874855257588
141.2666883468628,15.919152918406125,7.971681086417049,0.15,1.391116257698278,0.09113270789384842,0.9291858100891305
141.30012011528015,15.919152918406125,7.971681086417049,0.15,1.4051484682748825,0.08365912735462189,0.9291858100891305
141.33348202705383,15.91665057566383,8.043929201827153,0.15,1.4051484682748825,0.07698775082826614,0.932425811815451
141.36682724952698,15.91665057566383,8.043929201827153,0.15,1.4171625683122049,0.0758354440331459,0.932425811815451
141.4000961780548,15.91665057566383,8.043929201827153,0.15,1.4171625683122049,0.07275941222906113,0.932425811815451
141.43335390090942,15.907491475204512,8.18232342321366,0.15,1.4171625683122049,0.07315883785486221,0.9344279817061942
141.46685600280762,15.907491475204512,8.18232342321366,0.15,1.4292824163825155,0.07199781388044357,0.9344279817061942
141.50011539459229,15.907491475204512,8.18232342321366,0.15,1.4292824163825155,0.07199781388044357,0.9344279817061942
141.5334870815277,15.907491475204512,8.18232342321366,0.15,1.4292824163825155,0.07199781388044357,0.9344279817061942
141.56671786308289,15.880814685683147,8.408171194191356,0.15,1.4292824163825155,0.07178147882223129,0.9220938895689029
141.60012888908386,15.880814685683147,8.408171194191356,0.15,1.426749572255426,0.07722023129463196,0.9220938895689029
141.6333487033844,15.871502292004353,8.466511487445006,0.15,1.426749572255426,0.0782228335738182,0.916176373930744
141.66660809516907,15.871502292004353,8.466511487445006,0.15,1.4289327071078235,0.07984475791454315,0.916176373930744
141.7001097202301,15.871502292004353,8.466511487445006,0.15,1.4289327071078235,0.07984475791454315,0.916176373930744
141.73341012001038,15.871502292004353,8.466511487445006,0.15,1.4289327071078235,0.07984475791454315,0.916176373930744
141.76693272590637,15.871502292004353,8.466511487445006,0.15,1.4289327071078235,0.07984475791454315,0.916176373930744
141.8000943660736,15.822665365385667,8.697749735916096,0.15,1.4289327071078235,0.09891708940267563,0.8795350706624789
141.83339977264404,15.810248705668757,8.74471297888427,0.15,1.4272328087968142,0.09581795334815979,0.8695809833098651
141.8667871952057,15.810248705668757,8.74471297888427,0.15,1.4210182376359906,0.10950411111116409,0.8695809833098651
141.90010118484497,15.810248705668757,8.74471297888427,0.15,1.4210182376359906,0.10950411111116409,0.8695809833098651
141.93347263336182,15.810248705668757,8.74471297888427,0.15,1.4210182376359906,0.10950411111116409,0.8695809833098651
141.96678686141968,15.810248705668757,8.74471297888427,0.15,1.4210182376359906,0.10950411111116409,0.8695809833098651
142.00013041496277,15.73531484311866,8.9716022016882,0.15,1.4210182376359906,0.1273636370897293,0.806465316000956
142.03360724449158,15.718184678374323,9.014294586191328,0.15,1.4276166356168505,0.13347989320755005,0.7915060113400751
142.06677079200745,15.718184678374323,9.014294586191328,0.15,1.42594070593507,0.12924455106258392,0.7915060113400751
142.10005497932434,15.718184678374323,9.014294586191328,0.15,1.42594070593507,0.14456385374069214,0.7915060113400751
142.13371396064758,15.658369463768988,9.143559258870933,0.15,1.42594070593507,0.14113831520080566,0.7375240723445446
142.16676473617554,15.658369463768988,9.143559258870933,0.15,1.4253833761776413,0.14113831520080566,0.7375240723445446
142.20011186599731,15.658369463768988,9.143559258870933,0.15,1.4253833761776413,0.1352364867925644,0.7375240723445446
142.2333962917328,15.588631629910704,9.267804390654655,0.15,1.4253833761776413,0.1318051666021347,0.6737171719824344
142.2669394016266,15.588631629910704,9.267804390654655,0.14936081946955237,1.4296793034802926,0.12758055329322815,0.6737171719824344
142.30015397071838,15.588631629910704,9.267804390654655,0.14761518093796164,1.4296793034802926,0.12758055329322815,0.6737171719824344
142.33343958854675,15.588631629910704,9.267804390654655,0.14649349144387988,1.4296793034802926,0.12758055329322815,0.6737171719824344
142.36687517166138,15.588631629910704,9.267804390654655,0.145063204057569,1.4296793034802926,0.12758055329322815,0.6737171719824344
142.39981269836426,15.44199590400277,9.477263759453168,0.14331681877075225,1.4296793034802926,0.11176583915948868,0.5356301379750522
142.43335676193237,15.419456459949645,9.505126585100063,0.14219336353028045,1.4374934519535525,0.10865181684494019,0.5146709467847171
142.46657800674438,15.419456459949645,9.505126585100063,0.14076136223330876,1.4399728678898176,0.10481825470924377,0.5146709467847171
142.50013971328735,15.419456459949645,9.505126585100063,0.13899050342712516,1.4399728678898176,0.09998951107263565,0.5146709467847171
142.53333973884583,15.324201324872854,9.614543654707905,0.1378618286456864,1.4399728678898176,0.09702122956514359,0.4233211594444889
142.5668008327484,15.324201324872854,9.614543654707905,0.13756016666209436,1.4347958034701311,0.09702122956514359,0.4233211594444889
142.59982013702393,15.324201324872854,9.614543654707905,0.1357561730111641,1.4347958034701311,0.07949532568454742,0.4233211594444889
142.63341665267944,15.228088754014149,9.714435213874626,0.1345955927237359,1.4347958034701311,0.07650432735681534,0.3306990130366532
142.66680455207825,15.228088754014149,9.714435213874626,0.13312205902483445,1.428921040910854,0.07650432735681534,0.3306990130366532
142.7001302242279,15.228088754014149,9.714435213874626,0.13130987852924356,1.428921040910854,0.06898801028728485,0.3306990130366532
142.73338770866394,15.126108300982267,9.812180986938092,0.1301548857368955,1.428921040910854,0.06661999970674515,0.23201367316569801
142.7667772769928,15.126108300982267,9.812180986938092,0.12867763617597214,1.4209789771303802,0.06374739110469818,0.23201367316569801
142.80000948905945,15.126108300982267,9.812180986938092,0.12688374910384997,1.4209789771303802,0.06079738214612007,0.23201367316569801
142.83346891403198,15.019941295323543,9.906878437438662,0.1257410446402362,1.4209789771303802,0.059004541486501694,0.1294090703274469
142.86683773994446,15.019941295323543,9.906878437438662,0.12428271780471833,1.419865090985528,0.056859057396650314,0.1294090703274469
142.9002583026886,15.019941295323543,9.906878437438662,0.1225063805387098,1.419865090985528,0.0547034814953804,0.1294090703274469
142.93362188339233,14.910225158440939,9.998594635044993,0.12137413869510985,1.419865090985528,0.05340741574764252,0.03216992372842092
142.96709871292114,14.910225158440939,9.998594635044993,0.11993805385251527,1.4240348295477032,0.051885947585105896,0.03216992372842092
142.9999804496765,14.910225158440939,9.998594635044993,0.11933042145496799,1.4240348295477032,0.051885947585105896,0.03216992372842092
143.0333149433136,14.799983673722943,10.085755699560284,0.11817840025792807,1.4240348295477032,0.04278837516903877,0.08217672140456017
143.0671947002411,14.799983673722943,10.085755699560284,0.11673015716752085,1.4045980298153082,0.04141513258218765,0.08217672140456017
143.1008563041687,14.799983673722943,10.085755699560284,0.1149901166190098,1.4045980298153082,0.04009482264518738,0.08217672140456017
143.1335415840149,14.688435397122646,10.169865194588374,0.11388972724411892,1.4045980298153082,0.03932686150074005,0.19036007344593925
143.17216563224792,14.688435397122646,10.169865194588374,0.11249503331874589,1.3919791971671533,0.03847036883234978,0.19036007344593925
143.2010953426361,14.688435397122646,10.169865194588374,0.11090274004306792,1.3919791971671533,0.03748534247279167,0.19036007344593925
143.23331761360168,14.57779013442033,10.249729010373438,0.10971870544576447,1.3919791971671533,0.036857228726148605,0.3006575169173415
143.26680946350098,14.57779013442033,10.249729010373438,0.10867665985588193,1.3780445106695085,0.036375079303979874,0.3006575169173415
143.29991269111633,14.57779013442033,10.249729010373438,0.10739519061037196,1.3780445106695085,0.03601089119911194,0.3006575169173415
143.33337330818176,14.4616377598995,10.330108885625975,0.1066894483296474,1.3780445106695085,0.03582972660660744,0.4155724942333934
143.3668065071106,14.4616377598995,10.330108885625975,0.10600096428624012,1.372790826734354,0.03569959104061127,0.4155724942333934
143.40019845962524,14.4616377598995,10.330108885625975,0.1087090938787427,1.372790826734354,0.04349881783127785,0.4155724942333934
143.4334852695465,14.344299986791128,10.407580486250398,0.10802803567357405,1.372790826734354,0.04328890144824982,0.5319753530120026
143.46677541732788,14.344299986791128,10.407580486250398,0.10733429901440653,1.3645094693123,0.04312038794159889,0.5319753530120026
143.50010538101196,14.344299986791128,10.407580486250398,0.10683776671980302,1.3645094693123,0.04312038794159889,0.5319753530120026
143.53336715698242,14.228819736619323,10.480016188272685,0.0,1.3645094693123,0.0,0.6466165056478304
143.56680345535278,14.228819736619323,10.480016188272685,0.0,1.3632806256665215,0.0,0.6466165056478304
143.60015273094177,14.228819736619323,10.480016188272685,0.0,1.3632806256665215,0.0,0.6466165056478304
143.63347816467285,14.111511091424473,10.551745831990615,0.0,1.3632806256665215,0.0,0.7630554630605125
143.66682982444763,14.111511091424473,10.551745831990615,0.0,1.3821819494255574,0.0,0.7630554630605125
143.7003242969513,14.111511091424473,10.551745831990615,0.0,1.3821819494255574,0.0,0.7630554630605125
143.73344326019287,13.993833824769432,10.623700873299342,0.0,1.3821819494255574,0.0,0.8796004615601863
143.76671695709229,13.993833824769432,10.623700873299342,0.0,1.3717981552221552,0.0,0.8796004615601863
143.80002069473267,13.993833824769432,10.623700873299342,0.0,1.3717981552221552,0.0,0.8796004615601863
143.83366894721985,13.87567668736284,10.695949336784942,0.0,1.3717981552221552,0.0,0.9967451586479853
143.86681938171387,13.87567668736284,10.695949336784942,0.0,1.351784915059371,0.0,0.9967451586479853
143.90018773078918,13.87567668736284,10.695949336784942,0.0,1.351784915059371,0.0,0.9967451586479853
143.93344140052795,13.775757051526528,10.757046282087305,0.0,1.351784915059371,0.0,1.0954320340805055
143.96679306030273,13.775757051526528,10.757046282087305,0.0,1.1490171778004652,0.0,1.0954320340805055
143.9999978542328,13.775757051526528,10.757046282087305,0.0,1.1490171778004652,0.0,1.0954320340805055
144.03340983390808,13.700738992055687,10.802916888378224,0.0,1.1490171778004652,0.0,1.1695640572393642
144.0668661594391,13.700738992055687,10.802916888378224,0.0,0.9766646011303955,0.0,1.1695640572393642
144.10019874572754,13.700738992055687,10.802916888378224,0.0,0.9766646011303955,0.0,1.1695640572393642
144.13347339630127,13.627146629403708,10.84791573688269,-0.0,0.9766646011303955,0.0,1.242214570329419
144.16680550575256,13.627146629403708,10.84791573688269,-0.0,0.830164910960836,0.0,1.242214570329419
144.19992566108704,13.627146629403708,10.84791573688269,-0.0,0.830164910960836,0.0,1.242214570329419
144.23316526412964,13.557143987109404,10.890719611931658,-0.0,0.830164910960836,0.0,1.3109558173957636
144.2667977809906,13.557143987109404,10.890719611931658,-0.0,0.7056401743167108,0.0,1.3109558173957636
144.2998948097229,13.557143987109404,10.890719611931658,-0.0,0.7056401743167108,0.0,1.3109558173957636
144.33337593078613,13.504990173474553,10.922609627065201,-0.0,0.7056401743167108,0.0,1.3621885215606282
144.36677503585815,13.504990173474553,10.922609627065201,-0.0,0.5997941481692041,0.0,1.3621885215606282
144.4002137184143,13.504990173474553,10.922609627065201,-0.0,0.5997941481692041,0.0,1.3621885215606282
144.43320393562317,13.460173125029096,10.950013497531375,-0.0,0.5997941481692041,0.0,1.4059405810527954
144.46688556671143,13.460173125029096,10.950013497531375,-0.0,0.5098250259438234,0.0,1.4059405810527954
144.5002727508545,13.460173125029096,10.950013497531375,-0.0,0.5098250259438234,0.0,1.4059405810527954
144.53335738182068,13.422688308702567,10.97293399512529,-0.0,0.5098250259438234,0.0,1.4426387091303658
144.56669998168945,13.422688308702567,10.97293399512529,-0.0,0.4333512720522498,0.0,1.4426387091303658
144.59988832473755,13.422688308702567,10.97293399512529,-0.0,0.4333512720522498,0.0,1.4426387091303658
144.63340830802917,13.422688308702567,10.97293399512529,-0.0,0.4333512720522498,0.0,1.4426387091303658
144.66663789749146,13.390269973737816,10.992756537727224,-0.0,0.4333512720522498,0.0,1.4742676042759593
144.70017266273499,13.390269973737816,10.992756537727224,-0.0,0.3683485812444124,0.0,1.4742676042759593
144.73349237442017,13.390269973737816,10.992756537727224,-0.0,0.3683485812444124,0.0,1.4742676042759593
144.76701951026917,13.363156453223647,11.009335393984491,-0.0,0.3683485812444124,0.0,1.5009093283834998
144.8001093864441,13.363156453223647,11.009335393984491,-0.0,0.3130962940577506,0.0,1.5009093283834998
144.83357334136963,13.347311270137116,11.019024103077964,-0.0,0.3130962940577506,0.0,1.5162488701318793
144.86683011054993,13.347311270137116,11.019024103077964,-0.0,0.266131849949088,0.0,1.5162488701318793
144.90046334266663,13.347311270137116,11.019024103077964,-0.0,0.266131849949088,0.0,1.5162488701318793
144.93349528312683,13.347311270137116,11.019024103077964,-0.0,0.266131849949088,0.0,1.5162488701318793
144.9668402671814,13.321243891578689,11.034963284487405,-0.0,0.266131849949088,0.0,1.5416391503388336
145.00013327598572,13.321243891578689,11.034963284487405,-0.0,0.22621207245672476,0.0,1.5416391503388336
145.03345656394958,13.321243891578689,11.034963284487405,-0.0,0.22621207245672476,0.0,1.5416391503388336
145.0668079853058,13.303963610443109,11.045529499851517,-0.0,0.22621207245672476,0.0,1.5585727478750209
145.10014629364014,13.303963610443109,11.045529499851517,-0.0,0.19228026158821604,0.0,1.5585727478750209
145.1334993839264,13.303963610443109,11.045529499851517,-0.0,0.19228026158821604,0.0,1.5585727478750209
145.16689658164978,13.289659573012083,11.054275858714934,-0.0,0.19228026158821604,0.0,1.5725813392654908
145.20017290115356,13.289659573012083,11.054275858714934,-0.0,0.16343822234998362,0.0,1.5725813392654908
145.2335946559906,13.289659573012083,11.054275858714934,-0.0,0.16343822234998362,0.0,1.5725813392654908
145.2670292854309,13.277876833179644,11.061480542809598,-0.0,0.16343822234998362,0.0,1.5839708238664025
145.30012345314026,13.277876833179644,11.061480542809598,-0.0,0.13892248899748608,0.0,1.5839708238664025
145.33377766609192,13.277876833179644,11.061480542809598,-0.0,0.13892248899748608,0.0,1.5839708238664025
145.36685013771057,13.267544853363857,11.067798143953626,-0.0,0.13892248899748608,0.0,1.5939894700390531
145.40015649795532,13.267544853363857,11.067798143953626,-0.0,0.11808411564786317,0.0,1.5939894700390531
145.43349814414978,13.262529798075466,11.070864653915141,-0.0,0.11808411564786317,0.0,1.5988628726416971
145.4667866230011,13.262529798075466,11.070864653915141,-0.0,0.1003714983006837,0.0,1.5988628726416971
145.50014686584473,13.262529798075466,11.070864653915141,-0.0,0.1003714983006837,0.0,1.5988628726416971
145.53342986106873,13.262529798075466,11.070864653915141,-0.0,0.1003714983006837,0.0,1.5988628726416971
145.56699180603027,13.251775445347125,11.077440519558628,-0.0,0.1003714983006837,0.0,1.609336097749762
145.60009694099426,13.251775445347125,11.077440519558628,-0.0,0.08531577355558115,0.0,1.609336097749762
145.6335506439209,13.251775445347125,11.077440519558628,-0.0,0.08531577355558115,0.0,1.609336097749762
145.6669328212738,13.245528462847659,11.081260304777821,-0.0,0.08531577355558115,0.0,1.6154337657775657
145.70010709762573,13.245528462847659,11.081260304777821,-0.0,0.07251840752224396,0.0,1.6154337657775657
145.73330974578857,13.245528462847659,11.081260304777821,-0.0,0.07251840752224396,0.0,1.6154337657775657
145.76667881011963,13.240144437928537,11.084552425222787,-0.0,0.07251840752224396,0.0,1.6206972382350526
145.80017828941345,13.240144437928537,11.084552425222787,-0.0,0.06164064639390737,0.0,1.6206972382350526
